CLTV,Referred a Friend,Number of Referrals,Tenure in Months,Offer,Phone Service,Avg Monthly Long Distance Charges,Multiple Lines,Internet Service,Internet Type,Avg Monthly GB Download,Online Security,Online Backup,Device Protection Plan,Premium Tech Support,Streaming TV,Streaming Movies,Streaming Music,Unlimited Data,Contract,Paperless Billing,Payment Method,Monthly Charge,Total Charges,Total Refunds,Total Extra Data Charges,Total Long Distance Charges,Total Revenue,Gender,Age,Under 30,Senior Citizen,Married,Dependents,Number of Dependents,num_services,charge_per_service,is_new_customer,is_autopay,NPS
4039,No,0,63,Offer B,Yes,40.34,No,Yes,Fiber Optic,8,No,No,Yes,Yes,Yes,No,No,Yes,One Year,Yes,Credit Card,90.05,5817.0,0.0,0,2541.42,8358.42,Female,41,No,No,No,No,0,5,15.008333333333333,0,0,Detractor
4903,No,0,53,Offer B,Yes,27.56,Yes,Yes,Cable,26,Yes,No,No,Yes,No,Yes,Yes,Yes,Month-to-Month,No,Bank Withdrawal,71.85,3827.9,0.0,0,1460.6799999999998,5288.58,Male,61,No,No,Yes,Yes,3,7,8.98125,0,1,Passive
4881,No,0,25,,Yes,24.91,No,Yes,Fiber Optic,18,No,No,No,No,No,No,No,No,Month-to-Month,No,Credit Card,70.95,1767.35,0.0,20,622.75,2410.1,Male,52,No,No,No,No,0,1,35.475,0,0,Detractor
3204,No,0,1,Offer E,Yes,26.53,No,Yes,DSL,30,No,No,No,No,No,No,No,Yes,Month-to-Month,No,Credit Card,44.4,44.4,0.0,0,26.53,70.93,Female,58,No,No,No,No,0,2,14.8,1,0,Detractor
3091,No,0,40,,Yes,22.89,No,No,No internet,0,No,No,No,No,No,No,No,No,Two Year,Yes,Bank Withdrawal,20.6,827.3,0.0,0,915.6,1742.9,Female,42,No,No,No,No,0,1,10.3,0,1,Detractor
6351,No,0,65,,Yes,33.11,Yes,Yes,Fiber Optic,10,Yes,No,Yes,Yes,Yes,Yes,Yes,Yes,One Year,Yes,Credit Card,110.0,7138.65,0.0,0,2152.15,9290.8,Male,61,No,No,No,No,0,9,11.0,0,0,Passive
3817,Yes,8,47,Offer B,Yes,39.52,Yes,Yes,Fiber Optic,30,No,Yes,No,No,No,No,No,Yes,One Year,Yes,Bank Withdrawal,78.9,3650.35,0.0,0,1857.44,5507.79,Male,32,No,No,Yes,No,0,4,15.78,0,1,Promoter
4190,Yes,6,25,Offer C,No,0.0,No,Yes,DSL,48,Yes,Yes,Yes,No,Yes,Yes,Yes,Yes,Month-to-Month,Yes,Credit Card,58.6,1502.65,4.48,0,0.0,1498.17,Female,27,Yes,No,Yes,No,0,7,7.325,0,0,Detractor
2118,No,0,15,,No,0.0,No,Yes,DSL,23,No,Yes,No,No,No,Yes,Yes,Yes,Two Year,Yes,Credit Card,38.8,603.0,0.0,0,0.0,603.0,Female,49,No,No,No,No,0,4,7.76,0,0,Passive
3846,Yes,1,32,,Yes,12.35,No,No,No internet,0,No,No,No,No,No,No,No,No,Month-to-Month,No,Bank Withdrawal,19.4,641.15,0.0,0,395.2,1036.35,Female,57,No,No,Yes,No,0,1,9.7,0,1,Passive
2031,No,0,22,Offer D,Yes,19.72,Yes,Yes,Fiber Optic,5,No,No,No,No,No,No,No,Yes,One Year,Yes,Credit Card,76.0,1783.6,0.0,0,433.84,2217.44,Female,64,No,No,No,No,0,3,19.0,0,0,Passive
6469,No,0,53,,Yes,16.74,No,Yes,Fiber Optic,15,No,Yes,No,No,No,No,No,Yes,Month-to-Month,Yes,Credit Card,73.8,4003.85,0.0,0,887.2199999999999,4891.07,Female,75,No,Yes,No,No,0,3,18.45,0,0,Detractor
5636,No,0,1,,Yes,15.91,No,No,No internet,0,No,No,No,No,No,No,No,No,Month-to-Month,No,Bank Withdrawal,20.55,20.55,0.0,0,15.91,36.46,Male,53,No,No,No,No,0,1,10.275,1,1,Detractor
2868,No,0,12,,Yes,41.78,No,No,No internet,0,No,No,No,No,No,No,No,No,One Year,No,Credit Card,19.3,228.75,0.0,0,501.36,730.11,Female,58,No,No,No,No,0,1,9.65,1,0,Promoter
3074,No,0,10,,Yes,43.26,Yes,Yes,Fiber Optic,21,No,Yes,Yes,No,No,Yes,Yes,Yes,Month-to-Month,Yes,Bank Withdrawal,94.85,953.45,0.0,0,432.6,1386.05,Female,34,No,No,No,No,0,7,11.85625,1,1,Detractor
5308,No,0,71,,Yes,22.22,No,No,No internet,0,No,No,No,No,No,No,No,No,Two Year,Yes,Credit Card,19.9,1355.1,42.18,0,1577.62,2890.54,Male,49,No,No,No,No,0,1,9.95,0,0,Detractor
4934,No,0,64,Offer B,Yes,14.39,Yes,Yes,DSL,7,No,Yes,Yes,Yes,Yes,Yes,Yes,Yes,Two Year,No,Credit Card,86.55,5632.55,0.0,0,920.96,6553.51,Male,35,No,No,No,No,0,9,8.655,0,0,Passive
4497,No,0,12,Offer D,Yes,23.2,No,No,No internet,0,No,No,No,No,No,No,No,No,Month-to-Month,No,Credit Card,20.4,266.6,0.0,0,278.4,545.0,Female,53,No,No,No,No,0,1,10.2,1,0,Passive
6161,No,0,68,,Yes,32.99,No,No,No internet,0,No,No,No,No,No,No,No,No,Two Year,No,Credit Card,19.6,1441.65,0.0,0,2243.32,3684.97,Female,37,No,No,No,No,0,1,9.8,0,0,Passive
2358,Yes,10,43,Offer B,Yes,7.63,No,Yes,Fiber Optic,20,Yes,Yes,Yes,No,No,No,No,Yes,Month-to-Month,Yes,Credit Card,86.1,3551.65,0.0,0,328.09,3879.74,Male,48,No,No,Yes,No,0,5,14.35,0,0,Detractor
5037,Yes,1,67,Offer A,Yes,3.2,Yes,Yes,DSL,23,No,Yes,Yes,Yes,Yes,Yes,Yes,Yes,Two Year,No,Bank Withdrawal,86.15,5883.85,0.0,0,214.4,6098.25,Female,41,No,No,Yes,No,0,9,8.615,0,1,Promoter
2040,Yes,1,43,,Yes,4.59,Yes,Yes,Fiber Optic,5,No,Yes,No,Yes,Yes,No,No,Yes,One Year,Yes,Bank Withdrawal,94.3,3953.15,0.0,0,197.37,4150.52,Male,71,No,Yes,Yes,No,0,6,13.471428571428572,0,1,Detractor
5990,No,0,67,,No,0.0,No,Yes,DSL,11,No,No,Yes,Yes,Yes,Yes,Yes,Yes,Month-to-Month,Yes,Credit Card,53.4,3579.15,0.0,0,0.0,3579.15,Female,61,No,No,No,No,0,6,7.628571428571428,0,0,Promoter
5574,Yes,9,71,Offer A,Yes,18.99,Yes,No,No internet,0,No,No,No,No,No,No,No,No,Two Year,No,Credit Card,23.9,1626.4,0.0,0,1348.29,2974.69,Male,39,No,No,Yes,Yes,1,2,7.966666666666666,0,0,Passive
2378,No,0,19,Offer D,Yes,14.48,Yes,No,No internet,0,No,No,No,No,No,No,No,No,Month-to-Month,Yes,Credit Card,24.1,439.2,0.0,0,275.12,714.3199999999999,Male,62,No,No,No,Yes,2,2,8.033333333333333,0,0,Passive
2176,No,0,1,Offer E,Yes,26.06,No,Yes,Fiber Optic,3,No,No,Yes,No,No,No,No,Yes,Month-to-Month,No,Bank Withdrawal,75.3,75.3,0.0,0,26.06,101.36,Female,53,No,No,No,No,0,3,18.825,1,1,Detractor
4000,Yes,4,61,Offer B,Yes,41.57,No,Yes,Fiber Optic,21,No,Yes,No,Yes,Yes,Yes,Yes,Yes,One Year,Yes,Bank Withdrawal,98.45,6145.2,0.0,0,2535.77,8680.97,Male,41,No,No,Yes,Yes,1,7,12.30625,0,1,Detractor
3056,No,0,27,,Yes,1.31,No,Yes,Cable,53,No,Yes,No,Yes,No,No,No,Yes,Month-to-Month,Yes,Mailed Check,56.15,1439.35,0.0,0,35.370000000000005,1474.7199999999998,Female,29,Yes,No,No,No,0,4,11.23,0,0,Detractor
4104,No,0,39,Offer C,Yes,36.93,Yes,Yes,Fiber Optic,12,No,Yes,No,No,No,No,No,Yes,One Year,No,Credit Card,81.4,3213.75,0.0,0,1440.27,4654.02,Male,54,No,No,No,No,0,4,16.28,0,0,Passive
5909,No,0,20,Offer D,Yes,29.12,No,No,No internet,0,No,No,No,No,No,No,No,No,Month-to-Month,Yes,Credit Card,19.6,356.15,0.0,0,582.4,938.55,Male,46,No,No,No,No,0,1,9.8,0,0,Passive
5800,No,0,6,,Yes,2.6,No,Yes,Fiber Optic,22,No,No,No,No,Yes,Yes,Yes,Yes,Month-to-Month,No,Bank Withdrawal,89.3,577.6,0.0,0,15.6,593.2,Female,43,No,No,No,No,0,5,14.883333333333333,1,1,Detractor
3190,No,0,17,,Yes,33.68,No,Yes,DSL,14,Yes,Yes,No,No,No,No,No,Yes,Month-to-Month,Yes,Credit Card,55.5,934.15,0.0,0,572.56,1506.71,Male,64,No,No,No,No,0,4,11.1,0,0,Passive
4666,Yes,7,70,,Yes,12.07,Yes,Yes,DSL,17,Yes,Yes,Yes,Yes,Yes,Yes,Yes,Yes,Two Year,No,Credit Card,90.05,6333.4,0.0,0,844.9,7178.299999999999,Male,65,No,Yes,Yes,No,0,10,8.186363636363636,0,0,Detractor
4073,Yes,5,63,,Yes,10.07,Yes,Yes,Cable,20,No,No,Yes,Yes,Yes,Yes,Yes,Yes,Two Year,No,Credit Card,79.8,5034.05,0.0,0,634.41,5668.46,Male,51,No,No,Yes,No,0,8,8.866666666666667,0,0,Passive
4297,No,0,50,Offer B,Yes,47.16,Yes,No,No internet,0,No,No,No,No,No,No,No,No,Two Year,No,Bank Withdrawal,24.9,1195.25,0.0,0,2358.0,3553.25,Male,64,No,No,No,No,0,2,8.299999999999999,0,1,Passive
5501,No,0,55,,Yes,35.38,Yes,Yes,Cable,13,Yes,Yes,No,Yes,No,No,No,No,One Year,Yes,Credit Card,66.05,3462.1,44.53,150,1945.9,5513.469999999999,Female,41,No,No,Yes,No,0,5,11.008333333333333,0,0,Passive
2843,No,0,1,,Yes,22.03,No,Yes,Fiber Optic,26,No,No,No,No,No,No,No,Yes,Month-to-Month,Yes,Bank Withdrawal,69.35,69.35,0.0,0,22.03,91.38,Male,57,No,No,No,No,0,2,23.116666666666664,1,1,Detractor
5973,Yes,1,1,,Yes,35.15,No,Yes,Fiber Optic,14,No,No,Yes,No,No,No,No,No,Month-to-Month,No,Bank Withdrawal,76.2,76.2,0.0,50,35.15,161.35,Male,53,No,No,Yes,No,0,2,25.4,1,1,Detractor
4525,No,0,10,,Yes,39.85,Yes,Yes,Fiber Optic,21,No,No,No,No,No,No,No,Yes,Month-to-Month,Yes,Mailed Check,75.75,777.3,0.0,0,398.5,1175.8,Female,37,No,No,No,No,0,3,18.9375,1,0,Promoter
5530,Yes,10,28,,Yes,33.57,Yes,Yes,Fiber Optic,52,No,Yes,Yes,No,Yes,No,No,Yes,Month-to-Month,No,Credit Card,96.6,2684.35,0.0,0,939.96,3624.31,Male,25,Yes,No,Yes,No,0,6,13.8,0,0,Promoter
5394,No,0,47,Offer B,Yes,43.2,No,No,No internet,0,No,No,No,No,No,No,No,No,One Year,No,Bank Withdrawal,19.9,942.95,0.0,0,2030.4,2973.3500000000004,Male,26,Yes,No,Yes,No,0,1,9.95,0,1,Promoter
3052,Yes,9,42,,Yes,33.63,Yes,No,No internet,0,No,No,No,No,No,No,No,No,Two Year,No,Bank Withdrawal,25.25,1108.2,0.0,0,1412.46,2520.66,Female,55,No,No,Yes,No,0,2,8.416666666666666,0,1,Passive
4333,Yes,1,33,,Yes,27.78,Yes,Yes,Fiber Optic,8,No,No,No,No,Yes,Yes,No,Yes,Month-to-Month,Yes,Bank Withdrawal,94.5,3105.55,0.0,0,916.74,4022.29,Male,72,No,Yes,Yes,No,0,5,15.75,0,1,Detractor
4566,No,0,2,,No,0.0,No,Yes,DSL,48,No,No,No,No,Yes,Yes,Yes,No,Month-to-Month,Yes,Bank Withdrawal,45.25,85.5,0.0,10,0.0,95.5,Female,28,Yes,No,No,No,0,3,11.3125,1,1,Detractor
5823,No,0,26,Offer C,Yes,45.7,No,No,No internet,0,No,No,No,No,No,No,No,No,One Year,No,Credit Card,19.8,457.3,0.0,0,1188.2,1645.5,Male,63,No,No,No,No,0,1,9.9,0,0,Detractor
4027,No,0,34,Offer C,Yes,43.17,No,Yes,DSL,8,Yes,Yes,No,No,No,No,No,Yes,One Year,No,Credit Card,55.0,1885.15,0.0,0,1467.78,3352.9300000000003,Female,31,No,No,No,No,0,4,11.0,0,0,Passive
2881,Yes,1,14,,Yes,45.6,No,Yes,Cable,19,Yes,Yes,No,No,Yes,No,No,Yes,Month-to-Month,Yes,Bank Withdrawal,65.45,937.6,0.0,0,638.4,1576.0,Male,42,No,No,Yes,Yes,1,5,10.908333333333331,0,1,Detractor
2928,No,0,1,,Yes,28.25,Yes,Yes,Cable,9,No,No,No,No,No,No,No,Yes,Month-to-Month,Yes,Bank Withdrawal,50.45,50.45,0.0,0,28.25,78.7,Male,37,No,No,No,No,0,3,12.6125,1,1,Detractor
2950,Yes,7,25,Offer C,Yes,11.6,Yes,Yes,DSL,10,No,No,Yes,No,No,No,No,Yes,Month-to-Month,No,Credit Card,55.55,1405.3,0.0,0,290.0,1695.3,Male,49,No,No,Yes,No,0,4,11.11,0,0,Promoter
3617,Yes,2,35,,Yes,23.85,Yes,Yes,Fiber Optic,10,No,No,No,Yes,Yes,No,No,No,Month-to-Month,Yes,Credit Card,91.5,3236.35,40.79,90,834.75,4120.31,Male,64,No,No,Yes,No,0,4,18.3,0,0,Passive
6490,No,0,58,Offer B,Yes,2.38,Yes,No,No internet,0,No,No,No,No,No,No,No,No,Two Year,Yes,Credit Card,24.45,1513.6,0.0,0,138.04,1651.64,Male,42,No,No,No,No,0,2,8.15,0,0,Passive
4104,No,0,60,Offer B,Yes,49.96,Yes,Yes,DSL,85,Yes,No,Yes,Yes,Yes,Yes,Yes,Yes,Two Year,Yes,Bank Withdrawal,84.95,4984.85,0.0,0,2997.6,7982.450000000001,Male,28,Yes,No,No,Yes,1,9,8.495000000000001,0,1,Detractor
2054,No,0,13,,Yes,34.18,No,Yes,Fiber Optic,19,No,No,No,No,Yes,No,No,Yes,Month-to-Month,Yes,Credit Card,81.9,1028.9,0.0,0,444.34,1473.24,Female,47,No,No,No,No,0,3,20.475,0,0,Detractor
4260,No,0,67,,Yes,4.72,No,No,No internet,0,No,No,No,No,No,No,No,No,Two Year,Yes,Credit Card,19.8,1311.3,0.0,0,316.24,1627.54,Male,31,No,No,No,No,0,1,9.9,0,0,Detractor
2907,No,0,8,,Yes,20.9,No,Yes,DSL,6,No,No,No,Yes,No,No,No,Yes,Month-to-Month,No,Bank Withdrawal,49.4,408.25,0.0,0,167.2,575.45,Female,52,No,No,No,No,0,3,12.35,1,1,Passive
4650,Yes,1,42,,Yes,13.95,Yes,No,No internet,0,No,No,No,No,No,No,No,No,Two Year,No,Bank Withdrawal,22.95,1014.25,0.0,0,585.9,1600.15,Female,47,No,No,Yes,Yes,3,2,7.649999999999999,0,1,Promoter
4050,No,0,37,,No,0.0,No,Yes,DSL,69,Yes,Yes,No,Yes,No,No,Yes,No,Two Year,Yes,Credit Card,40.55,1390.85,0.0,50,0.0,1440.85,Male,26,Yes,No,No,No,0,4,8.11,0,0,Detractor
3877,Yes,4,41,,Yes,13.58,Yes,Yes,DSL,51,No,Yes,Yes,No,Yes,No,No,Yes,One Year,No,Bank Withdrawal,68.5,2839.95,38.37,0,556.78,3358.36,Male,28,Yes,No,Yes,No,0,6,9.785714285714286,0,1,Passive
5172,No,0,62,,Yes,23.18,No,Yes,DSL,18,Yes,No,No,Yes,No,Yes,Yes,Yes,Two Year,Yes,Credit Card,65.1,3846.75,0.0,0,1437.16,5283.91,Female,45,No,No,No,No,0,6,9.3,0,0,Detractor
5306,No,0,72,,Yes,22.77,No,No,No internet,0,No,No,No,No,No,No,No,No,Two Year,Yes,Bank Withdrawal,21.15,1419.4,19.31,0,1639.44,3039.53,Female,30,No,No,No,No,0,1,10.575,0,1,Promoter
5254,No,0,13,,Yes,49.9,No,Yes,DSL,30,No,Yes,No,No,Yes,No,No,Yes,Month-to-Month,Yes,Bank Withdrawal,59.9,788.35,0.0,0,648.6999999999999,1437.05,Male,76,No,Yes,No,No,0,4,11.98,0,1,Promoter
4075,Yes,1,11,,Yes,15.73,No,No,No internet,0,No,No,No,No,No,No,No,No,Month-to-Month,No,Bank Withdrawal,20.95,267.35,18.17,0,173.03,422.21,Male,33,No,No,Yes,Yes,2,1,10.475,1,1,Detractor
3019,Yes,1,3,Offer E,Yes,32.31,Yes,Yes,Fiber Optic,27,No,No,No,No,Yes,Yes,No,Yes,Month-to-Month,Yes,Bank Withdrawal,94.6,279.55,0.0,0,96.93,376.48,Male,70,No,Yes,Yes,No,0,5,15.766666666666666,1,1,Detractor
5905,Yes,5,62,Offer B,Yes,44.95,No,Yes,Fiber Optic,5,Yes,No,Yes,Yes,Yes,Yes,Yes,Yes,One Year,Yes,Bank Withdrawal,104.3,6613.65,0.0,0,2786.9,9400.55,Female,37,No,No,Yes,No,0,8,11.588888888888889,0,1,Passive
5172,No,0,2,,Yes,8.32,No,Yes,Fiber Optic,16,No,No,No,No,Yes,No,No,Yes,Month-to-Month,Yes,Bank Withdrawal,79.75,164.5,0.0,0,16.64,181.14,Female,44,No,No,No,No,0,3,19.9375,1,1,Detractor
5146,No,0,22,,Yes,1.74,No,Yes,DSL,85,No,Yes,Yes,No,Yes,No,No,Yes,One Year,No,Bank Withdrawal,65.25,1441.8,0.0,0,38.28,1480.08,Female,22,Yes,No,No,No,0,5,10.875,0,1,Promoter
6205,Yes,7,65,,Yes,19.99,No,Yes,DSL,26,Yes,No,Yes,No,No,No,No,Yes,Month-to-Month,Yes,Credit Card,55.15,3673.15,0.0,0,1299.35,4972.5,Female,63,No,No,Yes,No,0,4,11.03,0,0,Detractor
4129,Yes,2,25,,Yes,10.49,No,No,No internet,0,No,No,No,No,No,No,No,No,One Year,Yes,Bank Withdrawal,20.2,507.9,0.0,0,262.25,770.15,Female,21,Yes,No,Yes,No,0,1,10.1,0,1,Detractor
2237,No,0,8,,Yes,42.78,No,Yes,DSL,27,Yes,No,No,Yes,No,No,No,Yes,One Year,No,Bank Withdrawal,54.25,447.75,0.0,0,342.24,789.99,Female,37,No,No,No,No,0,4,10.85,1,1,Detractor
5509,Yes,4,52,,No,0.0,No,Yes,DSL,8,Yes,No,Yes,No,No,No,No,Yes,One Year,No,Credit Card,35.45,1958.95,0.0,0,0.0,1958.95,Female,58,No,No,Yes,No,0,3,8.8625,0,0,Passive
3973,Yes,2,7,Offer E,Yes,35.26,No,No,No internet,0,No,No,No,No,No,No,No,No,Two Year,No,Credit Card,19.85,144.15,0.0,0,246.82,390.97,Female,38,No,No,Yes,Yes,1,1,9.925,1,0,Detractor
5184,Yes,1,68,,Yes,27.59,No,Yes,DSL,27,Yes,Yes,No,Yes,Yes,Yes,Yes,Yes,Two Year,No,Bank Withdrawal,82.85,5776.45,0.0,0,1876.12,7652.57,Male,52,No,No,Yes,Yes,1,8,9.205555555555556,0,1,Passive
5266,Yes,2,59,,Yes,48.07,Yes,Yes,Fiber Optic,53,No,Yes,No,Yes,No,Yes,Yes,Yes,Month-to-Month,Yes,Bank Withdrawal,96.65,5580.8,0.0,0,2836.13,8416.93,Female,35,No,No,Yes,Yes,5,7,12.08125,0,1,Detractor
6060,Yes,6,67,,Yes,40.96,Yes,Yes,Fiber Optic,47,No,Yes,Yes,Yes,Yes,Yes,Yes,Yes,Two Year,Yes,Bank Withdrawal,111.2,7530.8,0.0,0,2744.32,10275.12,Male,19,Yes,No,Yes,Yes,1,9,11.12,0,1,Passive
4614,No,0,43,,Yes,21.64,No,Yes,DSL,13,No,Yes,No,No,No,Yes,Yes,Yes,Two Year,Yes,Bank Withdrawal,60.0,2548.55,0.0,0,930.52,3479.07,Male,64,No,No,No,No,0,5,10.0,0,1,Promoter
5643,Yes,2,31,,Yes,39.34,No,Yes,DSL,41,Yes,No,Yes,Yes,Yes,Yes,Yes,Yes,One Year,Yes,Mailed Check,81.15,2545.75,0.0,0,1219.5400000000002,3765.29,Female,26,Yes,No,Yes,No,0,8,9.016666666666667,0,0,Passive
3962,No,0,25,,Yes,1.22,No,Yes,DSL,10,No,Yes,No,Yes,No,Yes,Yes,Yes,Month-to-Month,Yes,Bank Withdrawal,65.8,1679.65,29.29,0,30.5,1680.86,Female,33,No,No,No,No,0,6,9.4,0,1,Promoter
5362,No,0,31,,Yes,39.36,Yes,Yes,Fiber Optic,4,No,Yes,No,No,Yes,Yes,No,Yes,Month-to-Month,Yes,Bank Withdrawal,99.95,3186.65,0.0,0,1220.16,4406.81,Female,74,No,Yes,No,No,0,6,14.278571428571428,0,1,Detractor
5136,Yes,3,53,Offer B,Yes,37.14,Yes,Yes,Cable,4,Yes,Yes,Yes,No,No,Yes,Yes,Yes,One Year,No,Bank Withdrawal,74.1,3833.95,0.0,0,1968.42,5802.37,Female,41,No,No,Yes,No,0,8,8.233333333333333,0,1,Passive
3349,No,0,1,,Yes,45.5,No,Yes,Fiber Optic,12,No,No,No,No,No,No,No,Yes,Month-to-Month,Yes,Bank Withdrawal,69.9,69.9,0.0,0,45.5,115.4,Male,56,No,No,No,No,0,2,23.3,1,1,Detractor
2494,No,0,37,Offer C,No,0.0,No,Yes,DSL,29,No,Yes,Yes,No,No,No,No,Yes,Two Year,No,Bank Withdrawal,36.65,1315.0,0.0,0,0.0,1315.0,Male,75,No,Yes,No,No,0,3,9.1625,0,1,Promoter
5937,No,0,45,Offer B,Yes,37.39,No,Yes,DSL,30,Yes,No,Yes,Yes,Yes,Yes,Yes,Yes,Two Year,No,Bank Withdrawal,81.65,3618.7,0.0,0,1682.55,5301.25,Female,57,No,No,No,No,0,8,9.072222222222225,0,1,Detractor
5238,Yes,4,59,Offer B,Yes,16.39,Yes,Yes,Fiber Optic,14,Yes,Yes,No,No,Yes,No,No,Yes,Month-to-Month,Yes,Bank Withdrawal,94.75,5597.65,0.0,0,967.01,6564.66,Female,60,No,No,Yes,No,0,6,13.535714285714286,0,1,Detractor
3787,No,0,5,,Yes,39.13,Yes,Yes,Fiber Optic,20,No,Yes,Yes,No,No,Yes,Yes,Yes,Month-to-Month,No,Bank Withdrawal,96.55,500.1,0.0,0,195.65,695.75,Male,40,No,No,No,No,0,7,12.06875,1,1,Detractor
2504,Yes,1,14,Offer D,Yes,7.62,No,Yes,Fiber Optic,3,No,Yes,No,Yes,No,Yes,Yes,No,Month-to-Month,Yes,Credit Card,89.65,1208.35,0.0,120,106.68,1435.03,Female,57,No,No,Yes,No,0,5,14.941666666666668,0,0,Detractor
3055,No,0,29,,Yes,49.92,Yes,Yes,Fiber Optic,23,No,Yes,Yes,Yes,No,Yes,Yes,No,One Year,No,Credit Card,100.55,2830.45,0.0,100,1447.68,4378.13,Male,46,No,No,No,No,0,7,12.56875,0,0,Promoter
4151,Yes,1,61,,Yes,32.96,Yes,Yes,DSL,41,No,No,Yes,Yes,Yes,Yes,Yes,Yes,Two Year,Yes,Bank Withdrawal,81.0,4976.15,0.0,0,2010.56,6986.709999999999,Male,27,Yes,No,Yes,Yes,3,8,9.0,0,1,Passive
5398,No,0,45,Offer B,Yes,25.4,No,No,No internet,0,No,No,No,No,No,No,No,No,One Year,Yes,Bank Withdrawal,20.4,930.45,0.0,0,1143.0,2073.45,Male,49,No,No,No,No,0,1,10.2,0,1,Detractor
4958,No,0,20,Offer D,Yes,31.02,No,No,No internet,0,No,No,No,No,No,No,No,No,Month-to-Month,No,Credit Card,19.4,415.4,0.0,0,620.4,1035.8,Male,20,Yes,No,No,No,0,1,9.7,0,0,Detractor
5781,No,0,23,,Yes,14.45,Yes,Yes,Fiber Optic,19,No,Yes,No,No,Yes,Yes,Yes,Yes,Month-to-Month,Yes,Credit Card,98.7,2249.1,0.0,0,332.35,2581.45,Female,40,No,No,No,No,0,7,12.3375,0,0,Promoter
5987,Yes,3,69,,No,0.0,No,Yes,DSL,11,Yes,No,Yes,Yes,No,No,No,Yes,Two Year,No,Credit Card,39.1,2779.5,0.0,0,0.0,2779.5,Male,52,No,No,Yes,Yes,1,4,7.82,0,0,Detractor
5433,No,0,16,,Yes,24.79,No,No,No internet,0,No,No,No,No,No,No,No,No,Month-to-Month,No,Credit Card,19.75,294.9,0.0,0,396.64,691.54,Male,48,No,No,No,No,0,1,9.875,0,0,Promoter
5790,No,0,12,,Yes,30.79,No,Yes,DSL,4,No,No,No,No,No,No,No,Yes,Month-to-Month,No,Bank Withdrawal,45.9,505.95,0.0,0,369.48,875.4300000000001,Female,39,No,No,Yes,No,0,2,15.3,1,1,Detractor
5590,Yes,7,72,Offer A,Yes,5.27,No,Yes,DSL,9,Yes,Yes,Yes,Yes,Yes,No,No,No,Two Year,No,Bank Withdrawal,74.4,5360.75,0.0,140,379.44,5880.19,Male,69,No,Yes,Yes,No,0,6,10.62857142857143,0,1,Passive
4513,No,0,7,,Yes,40.32,Yes,Yes,Fiber Optic,18,Yes,No,No,No,No,No,No,Yes,Month-to-Month,Yes,Credit Card,79.65,604.7,0.0,0,282.24,886.94,Female,61,No,No,No,No,0,4,15.93,1,0,Detractor
4722,No,0,72,,Yes,45.75,No,No,No internet,0,No,No,No,No,No,No,No,No,Two Year,No,Bank Withdrawal,19.3,1414.8,0.0,0,3294.0,4708.8,Male,57,No,No,No,No,0,1,9.65,0,1,Passive
5054,Yes,2,71,,Yes,22.33,Yes,Yes,Cable,71,Yes,Yes,Yes,Yes,Yes,Yes,Yes,Yes,Two Year,No,Bank Withdrawal,90.1,6310.9,0.0,0,1585.4299999999998,7896.33,Female,30,No,No,Yes,No,0,10,8.19090909090909,0,1,Detractor
3306,No,0,18,,Yes,12.5,Yes,Yes,DSL,5,No,No,Yes,Yes,Yes,Yes,Yes,Yes,One Year,Yes,Credit Card,82.0,1425.45,0.0,0,225.0,1650.45,Male,36,No,No,No,No,0,8,9.11111111111111,0,0,Detractor
5764,Yes,1,40,Offer B,Yes,2.03,Yes,Yes,Fiber Optic,19,No,No,Yes,Yes,No,No,No,Yes,Month-to-Month,Yes,Bank Withdrawal,84.85,3303.05,0.0,0,81.19999999999999,3384.25,Female,64,No,No,Yes,No,0,5,14.141666666666666,0,1,Detractor
5688,Yes,1,63,,Yes,40.65,No,Yes,DSL,29,Yes,Yes,Yes,Yes,Yes,Yes,Yes,Yes,One Year,Yes,Bank Withdrawal,84.0,5329.55,0.0,0,2560.95,7890.5,Male,65,No,Yes,Yes,No,0,9,8.4,0,1,Detractor
2414,No,0,2,Offer E,Yes,38.51,Yes,Yes,Fiber Optic,25,No,No,No,No,Yes,Yes,Yes,Yes,Month-to-Month,Yes,Bank Withdrawal,95.15,196.9,0.0,0,77.02,273.92,Female,32,No,No,No,No,0,6,13.592857142857143,1,1,Detractor
4487,No,0,57,,Yes,36.14,No,Yes,Cable,48,No,Yes,Yes,Yes,Yes,No,Yes,Yes,Two Year,No,Mailed Check,69.75,3894.4,0.0,0,2059.98,5954.38,Female,21,Yes,No,No,No,0,7,8.71875,0,0,Detractor
5537,No,0,1,,Yes,8.23,No,No,No internet,0,No,No,No,No,No,No,No,No,Month-to-Month,No,Credit Card,19.55,19.55,0.0,0,8.23,27.78,Female,30,No,No,No,No,0,1,9.775,1,0,Passive
2400,No,0,27,,Yes,17.3,No,No,No internet,0,No,No,No,No,No,No,No,No,One Year,No,Credit Card,20.05,552.9,0.0,0,467.1,1020.0,Male,26,Yes,No,No,Yes,3,1,10.025,0,0,Detractor
5379,Yes,5,23,,Yes,3.67,No,Yes,DSL,69,Yes,No,No,No,No,Yes,Yes,No,Month-to-Month,Yes,Bank Withdrawal,59.95,1406.0,26.55,140,84.41,1603.86,Male,25,Yes,No,Yes,No,0,4,11.99,0,1,Passive
6418,Yes,2,68,,Yes,40.55,No,Yes,DSL,20,No,Yes,Yes,Yes,No,No,No,Yes,One Year,Yes,Bank Withdrawal,60.65,3975.9,0.0,0,2757.4,6733.299999999999,Female,78,No,Yes,Yes,No,0,5,10.108333333333333,0,1,Promoter
2407,No,0,22,,Yes,5.09,Yes,Yes,Fiber Optic,23,No,No,No,No,No,No,No,No,Month-to-Month,Yes,Bank Withdrawal,74.4,1692.6,0.0,0,111.98,1804.58,Female,79,No,Yes,No,No,0,2,24.8,0,1,Detractor
5794,Yes,9,72,Offer A,Yes,9.6,Yes,Yes,Fiber Optic,25,Yes,Yes,No,Yes,No,No,No,Yes,Two Year,Yes,Bank Withdrawal,90.35,6563.4,0.0,0,691.1999999999999,7254.599999999999,Female,41,No,No,Yes,No,0,6,12.907142857142857,0,1,Detractor
3800,Yes,6,29,Offer C,Yes,27.72,No,No,No internet,0,No,No,No,No,No,No,No,No,One Year,No,Bank Withdrawal,20.0,540.05,0.0,0,803.88,1343.9299999999998,Female,23,Yes,No,Yes,No,0,1,10.0,0,1,Promoter
2100,No,0,7,,Yes,15.54,No,No,No internet,0,No,No,No,No,No,No,No,No,Month-to-Month,No,Credit Card,20.65,155.9,0.0,0,108.78,264.68,Female,55,No,No,No,No,0,1,10.325,1,0,Promoter
5974,No,0,62,Offer B,Yes,38.33,No,Yes,Cable,30,Yes,Yes,No,No,Yes,Yes,Yes,Yes,One Year,Yes,Credit Card,74.3,4698.05,0.0,0,2376.46,7074.51,Male,56,No,No,No,No,0,7,9.2875,0,0,Passive
5206,Yes,6,8,,Yes,17.2,No,No,No internet,0,No,No,No,No,No,No,No,No,Two Year,No,Bank Withdrawal,19.5,159.35,0.0,0,137.6,296.95,Female,48,No,No,Yes,Yes,3,1,9.75,1,1,Passive
5669,Yes,1,70,Offer A,Yes,1.63,No,Yes,DSL,41,Yes,Yes,Yes,Yes,No,No,No,Yes,Two Year,No,Credit Card,64.95,4523.25,42.89,0,114.1,4594.46,Male,24,Yes,No,Yes,No,0,6,9.278571428571428,0,0,Detractor
5165,Yes,5,38,,Yes,15.78,Yes,Yes,Fiber Optic,30,No,No,No,No,No,No,No,Yes,Month-to-Month,Yes,Bank Withdrawal,74.95,2869.85,0.0,0,599.64,3469.49,Female,66,No,Yes,Yes,No,0,3,18.7375,0,1,Detractor
6044,Yes,7,72,,Yes,2.75,Yes,Yes,DSL,19,Yes,Yes,Yes,Yes,Yes,Yes,Yes,Yes,Two Year,Yes,Credit Card,89.4,6376.55,0.0,0,198.0,6574.55,Male,45,No,No,Yes,Yes,2,10,8.127272727272727,0,0,Detractor
3891,Yes,1,4,,No,0.0,No,Yes,DSL,29,No,No,No,No,No,No,No,Yes,Month-to-Month,Yes,Bank Withdrawal,25.15,99.95,0.0,0,0.0,99.95,Female,55,No,No,Yes,No,0,1,12.575,1,1,Passive
4208,No,0,7,,Yes,39.59,No,No,No internet,0,No,No,No,No,No,No,No,No,One Year,No,Credit Card,20.25,129.15,0.0,0,277.13,406.28,Female,41,No,No,No,No,0,1,10.125,1,0,Promoter
5134,No,0,47,,Yes,8.85,No,No,No internet,0,No,No,No,No,No,No,No,No,Two Year,No,Credit Card,20.25,1029.8,0.0,0,415.95,1445.75,Female,50,No,No,No,No,0,1,10.125,0,0,Detractor
4590,No,0,1,,Yes,7.76,No,No,No internet,0,No,No,No,No,No,No,No,No,Month-to-Month,Yes,Credit Card,19.9,19.9,0.0,0,7.76,27.66,Male,36,No,No,No,No,0,1,9.95,1,0,Detractor
5203,Yes,1,30,,Yes,21.14,No,No,No internet,0,No,No,No,No,No,No,No,No,One Year,No,Bank Withdrawal,19.55,608.5,0.0,0,634.2,1242.7,Female,57,No,No,Yes,No,0,1,9.775,0,1,Detractor
5479,No,0,22,,Yes,6.0,No,Yes,Fiber Optic,8,Yes,No,No,Yes,No,Yes,Yes,Yes,Month-to-Month,Yes,Bank Withdrawal,89.05,1886.25,0.0,0,132.0,2018.25,Female,40,No,No,No,No,0,6,12.721428571428572,0,1,Detractor
5461,No,0,26,,Yes,37.59,Yes,Yes,Fiber Optic,8,Yes,Yes,No,No,Yes,No,No,Yes,Month-to-Month,Yes,Credit Card,92.4,2349.8,0.0,0,977.34,3327.1400000000003,Male,34,No,No,No,No,0,6,13.2,0,0,Detractor
3667,No,0,24,,Yes,35.56,No,Yes,Fiber Optic,3,Yes,No,No,No,Yes,Yes,Yes,Yes,Month-to-Month,Yes,Bank Withdrawal,94.6,2283.15,0.0,0,853.44,3136.59,Female,37,No,No,No,No,0,6,13.514285714285714,0,1,Detractor
4745,Yes,7,51,Offer B,Yes,35.0,Yes,Yes,Fiber Optic,8,Yes,Yes,No,No,No,Yes,Yes,Yes,One Year,Yes,Credit Card,96.4,4911.05,0.0,0,1785.0,6696.05,Male,63,No,No,Yes,No,0,7,12.05,0,0,Detractor
3318,Yes,4,35,,Yes,2.12,Yes,Yes,Fiber Optic,3,No,No,Yes,No,Yes,Yes,No,Yes,One Year,Yes,Bank Withdrawal,100.8,3437.5,0.0,0,74.2,3511.7,Male,73,No,Yes,Yes,No,0,6,14.4,0,1,Promoter
3516,Yes,3,14,,Yes,22.14,Yes,Yes,DSL,11,No,No,No,Yes,Yes,No,No,Yes,Month-to-Month,Yes,Credit Card,66.6,979.5,0.0,0,309.96000000000004,1289.46,Male,48,No,No,Yes,No,0,5,11.1,0,0,Detractor
2139,No,0,1,Offer E,Yes,18.37,No,Yes,Fiber Optic,13,No,No,No,No,Yes,No,No,Yes,Month-to-Month,No,Bank Withdrawal,78.45,78.45,0.0,0,18.37,96.82,Female,65,No,Yes,No,No,0,3,19.6125,1,1,Detractor
4833,Yes,9,67,Offer A,Yes,3.28,Yes,No,No internet,0,No,No,No,No,No,No,No,No,Two Year,No,Credit Card,24.85,1583.5,0.0,0,219.76,1803.26,Male,19,Yes,No,Yes,No,0,2,8.283333333333333,0,0,Passive
4937,Yes,8,56,Offer B,Yes,40.86,Yes,Yes,Fiber Optic,27,Yes,Yes,Yes,Yes,Yes,Yes,Yes,Yes,Two Year,No,Credit Card,115.85,6567.9,0.0,0,2288.16,8856.06,Male,42,No,No,Yes,Yes,3,10,10.53181818181818,0,0,Detractor
3735,No,0,7,,Yes,26.09,No,Yes,Fiber Optic,2,No,No,No,No,Yes,No,No,Yes,Month-to-Month,Yes,Bank Withdrawal,79.0,522.95,0.0,0,182.63,705.58,Female,63,No,No,No,No,0,3,19.75,1,1,Detractor
4798,Yes,6,54,,Yes,8.53,Yes,Yes,Cable,73,Yes,No,No,Yes,No,No,No,Yes,Two Year,No,Bank Withdrawal,60.0,3273.95,0.0,0,460.62,3734.57,Female,22,Yes,No,Yes,Yes,3,5,10.0,0,1,Detractor
4928,No,0,60,Offer B,No,0.0,No,Yes,DSL,73,Yes,No,Yes,No,No,Yes,Yes,Yes,One Year,Yes,Bank Withdrawal,44.45,2773.9,0.0,0,0.0,2773.9,Female,29,Yes,No,No,No,0,5,7.408333333333334,0,1,Passive
4941,Yes,8,71,,Yes,11.13,No,No,No internet,0,No,No,No,No,No,No,No,No,Two Year,No,Bank Withdrawal,20.5,1500.95,0.0,0,790.23,2291.1800000000003,Female,60,No,No,Yes,Yes,1,1,10.25,0,1,Passive
4148,No,0,1,Offer E,Yes,23.7,No,Yes,Fiber Optic,25,No,No,No,Yes,No,No,No,Yes,Month-to-Month,No,Bank Withdrawal,74.0,74.0,0.0,0,23.7,97.7,Male,34,No,No,No,No,0,3,18.5,1,1,Passive
3039,Yes,1,2,,Yes,28.86,No,Yes,Fiber Optic,26,No,Yes,Yes,No,No,No,No,Yes,Month-to-Month,No,Bank Withdrawal,79.7,165.0,0.0,0,57.72,222.72,Female,25,Yes,No,Yes,No,0,4,15.94,1,1,Detractor
4207,No,0,1,Offer E,Yes,6.54,No,Yes,Cable,52,Yes,No,No,No,No,No,No,Yes,Month-to-Month,Yes,Credit Card,48.6,48.6,0.0,0,6.54,55.14,Female,22,Yes,No,No,No,0,3,12.15,1,0,Detractor
5171,No,0,5,Offer E,Yes,17.13,No,Yes,Fiber Optic,9,No,No,No,No,No,No,No,Yes,Two Year,Yes,Credit Card,71.45,371.6,0.0,0,85.64999999999999,457.25,Male,78,No,Yes,No,No,0,2,23.816666666666663,1,0,Passive
4858,No,0,7,,Yes,48.16,No,Yes,DSL,85,No,No,No,No,Yes,Yes,Yes,Yes,Month-to-Month,Yes,Bank Withdrawal,66.85,458.1,0.0,0,337.12,795.22,Female,30,No,No,No,No,0,5,11.141666666666666,1,1,Passive
4468,No,0,28,Offer C,Yes,44.11,No,Yes,Cable,15,Yes,Yes,No,No,No,No,No,No,Month-to-Month,No,Bank Withdrawal,56.05,1522.65,0.0,110,1235.08,2867.73,Female,51,No,No,No,No,0,3,14.0125,0,1,Detractor
3399,No,0,10,,Yes,17.98,Yes,Yes,Fiber Optic,26,No,No,No,No,No,No,No,Yes,Month-to-Month,No,Bank Withdrawal,75.05,786.3,0.0,0,179.8,966.1,Male,22,Yes,No,No,No,0,3,18.7625,1,1,Passive
5897,No,0,23,,Yes,28.8,Yes,Yes,Cable,13,No,No,No,No,No,No,No,Yes,Month-to-Month,Yes,Bank Withdrawal,74.95,1710.45,0.0,0,662.4,2372.85,Male,48,No,No,No,No,0,3,18.7375,0,1,Detractor
4668,No,0,42,,Yes,34.76,No,Yes,Cable,20,No,No,Yes,Yes,No,Yes,Yes,Yes,Two Year,No,Credit Card,66.5,2762.75,0.0,0,1459.9199999999998,4222.67,Female,33,No,No,No,No,0,6,9.5,0,0,Promoter
3314,No,0,15,Offer D,Yes,6.22,Yes,Yes,Fiber Optic,4,Yes,No,Yes,No,No,No,No,Yes,Month-to-Month,Yes,Credit Card,84.35,1302.65,0.0,0,93.3,1395.95,Female,44,No,No,No,No,0,5,14.058333333333332,0,0,Detractor
6412,Yes,9,72,Offer A,No,0.0,No,Yes,DSL,51,Yes,Yes,Yes,Yes,Yes,Yes,Yes,No,Two Year,Yes,Credit Card,65.25,4478.85,0.0,80,0.0,4558.85,Male,24,Yes,No,Yes,Yes,3,7,8.15625,0,0,Passive
4014,Yes,10,34,,Yes,13.97,Yes,Yes,Fiber Optic,48,No,Yes,No,No,No,Yes,Yes,Yes,Month-to-Month,No,Credit Card,88.85,3000.25,0.0,0,474.98,3475.23,Male,28,Yes,No,Yes,No,0,6,12.69285714285714,0,0,Detractor
5527,No,0,1,Offer E,Yes,26.22,No,Yes,Cable,22,Yes,No,Yes,No,No,No,No,Yes,Month-to-Month,Yes,Bank Withdrawal,55.8,55.8,0.0,0,26.22,82.02,Female,66,No,Yes,No,No,0,4,11.16,1,1,Detractor
5121,No,0,9,Offer E,Yes,29.87,No,Yes,Fiber Optic,5,No,No,No,No,No,No,No,Yes,Month-to-Month,No,Bank Withdrawal,69.05,651.5,0.0,0,268.83,920.33,Female,63,No,No,No,No,0,2,23.016666666666666,1,1,Detractor
2007,No,0,1,Offer E,Yes,46.17,No,Yes,Fiber Optic,30,No,No,No,No,No,No,No,Yes,Month-to-Month,Yes,Bank Withdrawal,70.1,70.1,0.0,0,46.17,116.27,Female,58,No,No,No,No,0,2,23.366666666666664,1,1,Detractor
4113,Yes,2,36,,Yes,8.0,No,Yes,Cable,19,Yes,Yes,No,No,No,No,No,Yes,One Year,No,Credit Card,53.65,1939.35,0.0,0,288.0,2227.35,Male,40,No,No,Yes,Yes,1,4,10.73,0,0,Passive
5831,No,0,6,Offer E,Yes,29.41,No,Yes,Fiber Optic,30,Yes,No,No,No,Yes,No,No,Yes,Month-to-Month,Yes,Bank Withdrawal,85.15,503.6,0.0,0,176.46,680.0600000000001,Male,73,No,Yes,No,No,0,4,17.03,1,1,Detractor
5982,No,0,49,,Yes,47.72,No,Yes,Fiber Optic,21,No,Yes,Yes,No,No,Yes,No,Yes,One Year,Yes,Bank Withdrawal,89.85,4287.2,0.0,0,2338.28,6625.48,Female,70,No,Yes,No,No,0,5,14.975,0,1,Passive
2483,No,0,1,,Yes,13.13,No,Yes,Fiber Optic,57,No,No,No,No,Yes,No,No,Yes,Month-to-Month,Yes,Bank Withdrawal,79.35,79.35,0.0,0,13.13,92.48,Female,32,No,No,No,Yes,3,3,19.8375,1,1,Detractor
6228,Yes,1,55,,Yes,12.21,Yes,No,No internet,0,No,No,No,No,No,No,No,No,Two Year,No,Bank Withdrawal,25.7,1443.65,0.0,0,671.5500000000001,2115.2000000000003,Male,54,No,No,Yes,No,0,2,8.566666666666666,0,1,Passive
3897,Yes,10,34,,No,0.0,No,Yes,DSL,29,No,No,No,Yes,Yes,No,No,Yes,Two Year,Yes,Bank Withdrawal,40.55,1325.85,0.0,0,0.0,1325.85,Male,31,No,No,Yes,Yes,1,3,10.1375,0,1,Promoter
4958,No,0,15,,Yes,12.08,Yes,Yes,Fiber Optic,5,No,Yes,No,No,No,No,No,Yes,Month-to-Month,Yes,Bank Withdrawal,80.2,1217.25,0.0,0,181.2,1398.45,Male,75,No,Yes,No,No,0,4,16.04,0,1,Detractor
5854,No,0,1,Offer E,Yes,28.18,No,No,No internet,0,No,No,No,No,No,No,No,No,Month-to-Month,Yes,Credit Card,20.25,20.25,0.0,0,28.18,48.43,Female,42,No,No,No,No,0,1,10.125,1,0,Passive
5225,Yes,8,2,Offer E,Yes,15.5,No,Yes,DSL,12,No,No,No,No,No,No,No,Yes,Month-to-Month,Yes,Bank Withdrawal,45.0,89.75,0.0,0,31.0,120.75,Female,38,No,No,Yes,No,0,2,15.0,1,1,Passive
4132,Yes,4,51,,No,0.0,No,Yes,DSL,76,No,No,Yes,Yes,Yes,Yes,Yes,Yes,One Year,Yes,Bank Withdrawal,56.15,2898.95,0.0,0,0.0,2898.95,Female,42,No,No,Yes,Yes,3,6,8.02142857142857,0,1,Promoter
5125,No,0,64,Offer B,Yes,19.2,Yes,Yes,Fiber Optic,18,Yes,Yes,No,No,Yes,Yes,Yes,Yes,Month-to-Month,Yes,Bank Withdrawal,103.5,6548.65,0.0,0,1228.8,7777.45,Male,78,No,Yes,No,No,0,8,11.5,0,1,Detractor
5669,Yes,8,65,Offer B,Yes,1.58,Yes,Yes,Fiber Optic,27,No,No,Yes,Yes,Yes,Yes,No,Yes,One Year,Yes,Bank Withdrawal,103.9,6767.1,0.0,0,102.7,6869.8,Female,76,No,Yes,Yes,Yes,3,7,12.9875,0,1,Detractor
6319,Yes,10,71,Offer A,Yes,37.69,No,Yes,Fiber Optic,8,No,Yes,Yes,Yes,Yes,Yes,Yes,Yes,Two Year,Yes,Bank Withdrawal,105.25,7291.75,0.0,0,2675.99,9967.74,Male,54,No,No,Yes,No,0,8,11.694444444444445,0,1,Promoter
4848,Yes,1,32,Offer C,Yes,49.21,Yes,Yes,Fiber Optic,19,No,Yes,No,No,Yes,Yes,No,Yes,One Year,Yes,Bank Withdrawal,100.4,3217.65,0.0,0,1574.72,4792.37,Female,77,No,Yes,Yes,Yes,2,6,14.342857142857143,0,1,Detractor
5494,No,0,14,Offer D,Yes,47.72,Yes,Yes,Fiber Optic,22,Yes,No,No,Yes,No,No,No,Yes,Month-to-Month,Yes,Mailed Check,86.0,1164.05,0.0,0,668.0799999999999,1832.13,Female,53,No,No,No,Yes,1,5,14.333333333333334,0,0,Detractor
4902,No,0,1,Offer E,Yes,35.09,No,Yes,Fiber Optic,17,No,No,Yes,No,No,No,No,No,Month-to-Month,Yes,Bank Withdrawal,75.3,75.3,0.0,20,35.09,130.39,Female,80,No,Yes,No,No,0,2,25.1,1,1,Detractor
5029,No,0,23,,Yes,48.21,No,Yes,Fiber Optic,23,No,Yes,No,No,Yes,Yes,Yes,Yes,Month-to-Month,No,Credit Card,95.3,2192.9,0.0,0,1108.83,3301.73,Male,53,No,No,No,No,0,6,13.614285714285714,0,0,Detractor
4093,No,0,6,Offer E,Yes,29.52,No,Yes,Fiber Optic,28,Yes,Yes,No,No,No,No,No,Yes,Month-to-Month,Yes,Bank Withdrawal,78.95,494.95,0.0,0,177.12,672.0699999999999,Male,55,No,No,No,No,0,4,15.79,1,1,Detractor
4041,Yes,7,17,,Yes,17.91,Yes,Yes,Fiber Optic,9,No,No,Yes,No,Yes,No,No,Yes,Month-to-Month,No,Bank Withdrawal,88.25,1460.65,0.0,0,304.47,1765.12,Female,31,No,No,Yes,No,0,5,14.708333333333334,0,1,Detractor
5092,Yes,5,72,Offer A,No,0.0,No,Yes,DSL,30,Yes,Yes,Yes,Yes,Yes,Yes,Yes,Yes,Two Year,Yes,Credit Card,65.2,4784.45,0.0,0,0.0,4784.45,Female,56,No,No,Yes,No,0,8,7.2444444444444445,0,0,Detractor
5461,Yes,7,51,,Yes,16.85,Yes,No,No internet,0,No,No,No,No,No,No,No,No,Two Year,Yes,Credit Card,24.95,1222.25,0.0,0,859.35,2081.6,Male,46,No,No,Yes,Yes,2,2,8.316666666666666,0,0,Passive
2436,Yes,1,46,Offer B,Yes,5.36,Yes,Yes,Fiber Optic,22,No,No,Yes,No,Yes,Yes,No,Yes,Month-to-Month,Yes,Bank Withdrawal,101.0,4680.05,0.0,0,246.56,4926.610000000001,Male,80,No,Yes,Yes,No,0,6,14.428571428571429,0,1,Detractor
3127,No,0,23,,Yes,48.88,Yes,Yes,DSL,12,Yes,No,Yes,No,Yes,Yes,Yes,Yes,One Year,Yes,Bank Withdrawal,78.55,1843.05,19.63,0,1124.24,2947.66,Female,43,No,No,No,No,0,8,8.727777777777778,0,1,Detractor
5723,Yes,9,72,,Yes,33.39,Yes,Yes,Fiber Optic,52,Yes,Yes,Yes,No,Yes,Yes,Yes,No,Two Year,No,Credit Card,109.55,7887.25,0.0,120,2404.08,10411.33,Female,27,Yes,No,Yes,Yes,3,8,12.172222222222222,0,0,Passive
5423,Yes,7,69,Offer A,Yes,8.39,No,No,No internet,0,No,No,No,No,No,No,No,No,Two Year,No,Credit Card,19.8,1436.95,0.0,0,578.9100000000001,2015.86,Female,29,Yes,No,Yes,Yes,2,1,9.9,0,0,Promoter
6144,Yes,5,72,Offer A,Yes,15.23,Yes,Yes,Fiber Optic,2,Yes,Yes,Yes,No,Yes,Yes,No,Yes,Two Year,Yes,Bank Withdrawal,112.4,8046.85,0.0,0,1096.56,9143.41,Female,80,No,Yes,Yes,No,0,8,12.488888888888887,0,1,Detractor
2989,No,0,23,,Yes,48.63,Yes,Yes,Cable,11,Yes,No,No,No,No,No,No,Yes,Month-to-Month,No,Bank Withdrawal,54.4,1249.25,0.0,0,1118.49,2367.74,Female,40,No,No,No,No,0,4,10.88,0,1,Detractor
4495,Yes,1,72,Offer A,Yes,45.93,Yes,Yes,Fiber Optic,30,Yes,Yes,Yes,Yes,No,Yes,Yes,Yes,Two Year,No,Credit Card,103.95,7517.7,0.0,0,3306.96,10824.66,Male,26,Yes,No,Yes,Yes,2,9,10.395,0,0,Detractor
5460,No,0,1,Offer E,Yes,23.06,No,Yes,Fiber Optic,52,No,No,No,No,Yes,Yes,Yes,Yes,Month-to-Month,Yes,Bank Withdrawal,90.75,90.75,0.0,0,23.06,113.81,Male,26,Yes,No,Yes,No,0,5,15.125,1,1,Detractor
5622,No,0,41,,No,0.0,No,Yes,Cable,8,No,No,Yes,No,Yes,Yes,Yes,No,One Year,Yes,Bank Withdrawal,51.35,2075.1,0.0,80,0.0,2155.1,Male,50,No,No,No,No,0,4,10.27,0,1,Promoter
5101,Yes,2,13,,Yes,37.86,No,Yes,Fiber Optic,19,No,No,No,No,No,No,No,No,Month-to-Month,Yes,Bank Withdrawal,70.15,916.75,0.0,90,492.18,1498.93,Female,77,No,Yes,Yes,No,0,1,35.075,0,1,Detractor
4517,Yes,3,1,Offer E,No,0.0,No,Yes,DSL,21,No,No,No,No,No,No,No,Yes,Month-to-Month,Yes,Bank Withdrawal,23.45,23.45,0.0,0,0.0,23.45,Male,55,No,No,Yes,No,0,1,11.725,1,1,Detractor
6316,Yes,1,70,Offer A,Yes,29.72,Yes,Yes,DSL,12,Yes,No,No,No,No,Yes,Yes,Yes,One Year,No,Bank Withdrawal,65.2,4543.15,0.0,0,2080.4,6623.549999999999,Female,50,No,No,Yes,No,0,6,9.314285714285717,0,1,Detractor
4207,No,0,4,Offer E,No,0.0,No,Yes,DSL,48,No,No,Yes,No,No,No,Yes,Yes,Month-to-Month,Yes,Bank Withdrawal,29.65,118.5,0.0,0,0.0,118.5,Male,27,Yes,No,No,No,0,3,7.4125,1,1,Detractor
5421,Yes,9,71,Offer A,No,0.0,No,Yes,DSL,19,Yes,Yes,Yes,Yes,No,No,No,Yes,Two Year,No,Credit Card,46.35,3353.4,18.64,0,0.0,3334.76,Male,74,No,Yes,Yes,No,0,5,7.725,0,0,Passive
4511,No,0,70,Offer A,Yes,14.63,Yes,Yes,Fiber Optic,30,Yes,Yes,Yes,Yes,Yes,Yes,Yes,Yes,Two Year,Yes,Bank Withdrawal,114.95,7711.25,0.0,0,1024.1,8735.35,Male,51,No,No,No,No,0,10,10.45,0,1,Detractor
4558,Yes,6,29,,Yes,6.73,Yes,Yes,DSL,27,No,Yes,Yes,No,Yes,Yes,Yes,Yes,Month-to-Month,No,Credit Card,80.1,2211.8,0.0,0,195.17,2406.9700000000003,Male,60,No,No,Yes,Yes,2,8,8.899999999999999,0,0,Passive
4933,No,0,38,,Yes,20.14,Yes,Yes,DSL,13,Yes,Yes,Yes,No,No,No,No,Yes,Month-to-Month,Yes,Bank Withdrawal,66.15,2522.4,0.0,0,765.32,3287.7200000000003,Female,39,No,No,No,No,0,6,9.45,0,1,Passive
5527,No,0,12,Offer D,Yes,49.0,No,Yes,Fiber Optic,23,No,No,Yes,No,Yes,Yes,Yes,Yes,One Year,No,Bank Withdrawal,95.7,1184.0,0.0,0,588.0,1772.0,Male,57,No,No,No,No,0,6,13.671428571428573,1,1,Promoter
3249,No,0,29,,Yes,44.33,No,Yes,Fiber Optic,7,No,No,No,No,Yes,No,No,Yes,Month-to-Month,Yes,Bank Withdrawal,78.9,2384.15,0.0,0,1285.57,3669.72,Female,37,No,No,No,No,0,3,19.725,0,1,Detractor
4687,Yes,1,39,,Yes,33.25,Yes,Yes,Fiber Optic,26,No,Yes,Yes,No,Yes,Yes,Yes,Yes,Month-to-Month,Yes,Bank Withdrawal,105.65,4284.8,0.0,0,1296.75,5581.55,Male,65,No,Yes,Yes,No,0,8,11.738888888888887,0,1,Detractor
5717,No,0,15,Offer D,Yes,44.07,Yes,Yes,Fiber Optic,19,No,No,No,No,No,No,No,Yes,Month-to-Month,Yes,Mailed Check,74.45,1145.7,0.0,0,661.05,1806.75,Female,70,No,Yes,No,Yes,2,3,18.6125,0,0,Detractor
5973,Yes,1,5,,No,0.0,No,Yes,DSL,59,No,Yes,No,No,No,No,No,Yes,Month-to-Month,Yes,Bank Withdrawal,30.5,167.2,0.0,0,0.0,167.2,Female,22,Yes,No,Yes,Yes,1,2,10.166666666666666,1,1,Detractor
3394,No,0,1,,Yes,23.2,No,Yes,Fiber Optic,21,No,No,No,No,No,Yes,Yes,Yes,Month-to-Month,No,Bank Withdrawal,79.9,79.9,0.0,0,23.2,103.1,Male,62,No,No,No,Yes,3,4,15.98,1,1,Detractor
3520,No,0,9,,Yes,29.7,Yes,Yes,Fiber Optic,17,No,No,No,No,No,Yes,Yes,Yes,Month-to-Month,Yes,Bank Withdrawal,83.3,803.3,0.0,0,267.3,1070.6,Female,46,No,No,No,No,0,5,13.883333333333333,1,1,Detractor
4655,No,0,2,,Yes,24.9,No,Yes,DSL,11,No,No,No,No,No,No,No,No,Month-to-Month,No,Mailed Check,44.65,74.9,0.0,10,49.8,134.7,Male,46,No,No,No,No,0,1,22.325,1,0,Detractor
5289,Yes,1,10,Offer D,Yes,42.0,No,Yes,DSL,14,No,Yes,Yes,No,No,Yes,Yes,Yes,One Year,Yes,Credit Card,65.9,660.05,0.0,0,420.0,1080.05,Female,32,No,No,Yes,Yes,2,6,9.414285714285716,1,0,Passive
4952,Yes,1,59,Offer B,Yes,46.1,Yes,Yes,Fiber Optic,57,Yes,Yes,No,Yes,Yes,Yes,Yes,Yes,Two Year,Yes,Credit Card,111.1,6555.2,0.0,0,2719.9,9275.1,Male,40,No,No,Yes,Yes,3,9,11.11,0,0,Passive
4439,No,0,17,,Yes,5.49,Yes,Yes,DSL,14,No,No,Yes,Yes,Yes,No,No,Yes,Month-to-Month,Yes,Credit Card,69.0,1108.0,33.67,0,93.33,1167.66,Female,53,No,No,No,No,0,6,9.857142857142858,0,0,Promoter
5987,No,0,37,Offer C,Yes,30.17,No,No,No internet,0,No,No,No,No,No,No,No,No,One Year,Yes,Bank Withdrawal,19.8,695.05,0.0,0,1116.29,1811.34,Female,62,No,No,No,No,0,1,9.9,0,1,Promoter
4319,No,0,1,Offer E,Yes,17.23,No,Yes,Fiber Optic,52,No,Yes,No,Yes,Yes,No,Yes,Yes,Month-to-Month,No,Bank Withdrawal,91.7,91.7,0.0,0,17.23,108.93,Female,20,Yes,No,No,No,0,6,13.1,1,1,Detractor
6009,Yes,9,72,,Yes,33.37,Yes,Yes,Fiber Optic,16,Yes,Yes,Yes,Yes,Yes,Yes,Yes,Yes,Two Year,No,Credit Card,117.5,8670.1,47.55,0,2402.64,11025.19,Female,58,No,No,Yes,Yes,1,10,10.681818181818182,0,0,Passive
5650,Yes,3,70,,Yes,33.24,Yes,Yes,DSL,51,Yes,Yes,Yes,Yes,Yes,Yes,Yes,Yes,Two Year,Yes,Bank Withdrawal,89.0,6293.2,0.0,0,2326.8,8620.0,Female,30,No,No,Yes,Yes,1,10,8.090909090909092,0,1,Detractor
3438,No,0,1,Offer E,Yes,39.78,No,Yes,Cable,12,No,No,Yes,No,No,No,No,Yes,Month-to-Month,Yes,Mailed Check,50.15,50.15,0.0,0,39.78,89.93,Male,68,No,Yes,No,No,0,3,12.5375,1,0,Detractor
3880,No,0,11,Offer D,Yes,24.57,Yes,Yes,Cable,10,No,No,No,No,No,Yes,Yes,No,Month-to-Month,Yes,Credit Card,58.95,601.6,0.0,70,270.27,941.87,Female,52,No,No,No,No,0,4,11.79,1,0,Passive
2102,Yes,1,5,Offer E,Yes,40.05,Yes,No,No internet,0,No,No,No,No,No,No,No,No,Month-to-Month,Yes,Bank Withdrawal,25.9,135.0,0.0,0,200.25,335.25,Male,34,No,No,Yes,Yes,1,2,8.633333333333333,1,1,Detractor
4590,Yes,5,17,Offer D,No,0.0,No,Yes,DSL,27,No,No,Yes,Yes,Yes,Yes,Yes,Yes,One Year,No,Bank Withdrawal,54.6,934.8,47.73,0,0.0,887.0699999999999,Male,29,Yes,No,Yes,No,0,6,7.8,0,1,Passive
4041,No,0,12,Offer D,Yes,34.73,Yes,Yes,Fiber Optic,6,No,Yes,No,No,No,Yes,Yes,No,Month-to-Month,Yes,Bank Withdrawal,89.15,1057.55,0.0,70,416.76,1544.31,Female,52,No,No,No,No,0,5,14.858333333333334,1,1,Promoter
4800,Yes,1,13,Offer D,Yes,41.22,Yes,Yes,Cable,82,No,No,Yes,No,Yes,Yes,Yes,Yes,One Year,Yes,Credit Card,75.3,989.45,0.0,0,535.86,1525.31,Male,20,Yes,No,Yes,No,0,7,9.4125,0,0,Detractor
5625,No,0,53,Offer B,Yes,24.17,No,No,No internet,0,No,No,No,No,No,No,No,No,Two Year,No,Credit Card,19.5,1050.5,0.0,0,1281.01,2331.51,Male,29,Yes,No,No,No,0,1,9.75,0,0,Promoter
3854,Yes,3,38,,Yes,24.16,No,No,No internet,0,No,No,No,No,No,No,No,No,Month-to-Month,No,Bank Withdrawal,19.6,717.3,0.0,0,918.08,1635.38,Male,40,No,No,Yes,Yes,2,1,9.8,0,1,Detractor
4076,Yes,1,23,Offer D,Yes,18.91,No,No,No internet,0,No,No,No,No,No,No,No,No,Two Year,No,Credit Card,20.9,454.0,0.0,0,434.93,888.9300000000001,Male,32,No,No,Yes,Yes,1,1,10.45,0,0,Detractor
4436,Yes,2,61,,Yes,42.31,No,Yes,DSL,59,Yes,Yes,Yes,Yes,No,No,No,Yes,Two Year,Yes,Bank Withdrawal,68.05,4158.25,0.0,0,2580.9100000000003,6739.16,Male,23,Yes,No,Yes,Yes,2,6,9.721428571428572,0,1,Passive
4175,Yes,4,69,Offer A,No,0.0,No,Yes,Cable,56,No,Yes,Yes,No,Yes,Yes,Yes,Yes,Two Year,Yes,Credit Card,54.95,3772.5,0.0,0,0.0,3772.5,Female,60,No,No,Yes,Yes,3,6,7.85,0,0,Passive
2069,No,0,2,Offer E,Yes,31.74,Yes,Yes,DSL,25,No,Yes,No,No,No,No,No,Yes,Month-to-Month,Yes,Credit Card,56.55,118.25,0.0,0,63.48,181.73,Female,68,No,Yes,No,No,0,4,11.31,1,0,Passive
5548,Yes,1,50,Offer B,Yes,17.58,Yes,Yes,Fiber Optic,47,Yes,Yes,No,No,No,Yes,Yes,Yes,Month-to-Month,Yes,Credit Card,94.4,4914.9,0.0,0,878.9999999999999,5793.9,Male,27,Yes,No,Yes,No,0,7,11.8,0,0,Passive
4033,No,0,4,Offer E,Yes,36.4,No,Yes,Fiber Optic,29,Yes,No,No,No,No,No,No,Yes,One Year,No,Bank Withdrawal,75.35,273.4,0.0,0,145.6,419.0,Male,66,No,Yes,No,No,0,3,18.8375,1,1,Detractor
2879,No,0,8,,Yes,14.32,No,No,No internet,0,No,No,No,No,No,No,No,No,Month-to-Month,No,Credit Card,19.2,156.85,0.0,0,114.56,271.41,Female,42,No,No,No,No,0,1,9.6,1,0,Detractor
2045,No,0,14,,Yes,36.73,No,Yes,Cable,52,Yes,Yes,Yes,Yes,No,Yes,Yes,Yes,Two Year,No,Bank Withdrawal,76.1,1054.8,0.0,0,514.2199999999999,1569.02,Male,24,Yes,No,No,Yes,3,8,8.455555555555556,0,1,Detractor
3448,No,0,14,Offer D,No,0.0,No,Yes,Cable,12,No,Yes,No,No,No,No,No,Yes,Month-to-Month,Yes,Mailed Check,31.1,419.7,0.0,0,0.0,419.7,Male,63,No,No,No,No,0,2,10.366666666666667,0,0,Promoter
4414,No,0,7,,No,0.0,No,Yes,DSL,19,No,Yes,No,No,No,Yes,Yes,Yes,Month-to-Month,Yes,Credit Card,40.1,293.3,0.0,0,0.0,293.3,Female,36,No,No,No,No,0,4,8.02,1,0,Detractor
3463,No,0,7,,No,0.0,No,Yes,DSL,14,Yes,No,Yes,No,No,No,No,Yes,One Year,No,Credit Card,35.3,264.8,0.0,0,0.0,264.8,Male,47,No,No,No,No,0,3,8.825,1,0,Passive
4931,No,0,18,Offer D,Yes,8.95,No,No,No internet,0,No,No,No,No,No,No,No,No,One Year,No,Bank Withdrawal,20.15,390.85,0.0,0,161.1,551.95,Female,39,No,No,No,No,0,1,10.075,0,1,Detractor
5912,No,0,58,,Yes,40.16,No,Yes,DSL,20,Yes,Yes,No,No,Yes,No,No,No,Month-to-Month,Yes,Credit Card,65.25,3791.6,0.0,110,2329.28,6230.879999999999,Female,47,No,No,Yes,No,0,4,13.05,0,0,Detractor
5106,No,0,57,Offer B,Yes,12.19,Yes,Yes,Fiber Optic,16,Yes,No,No,No,Yes,Yes,Yes,Yes,Month-to-Month,Yes,Bank Withdrawal,99.65,5497.05,0.0,0,694.8299999999999,6191.88,Female,32,No,No,Yes,No,0,7,12.45625,0,1,Passive
4066,Yes,1,71,Offer A,Yes,48.01,Yes,No,No internet,0,No,No,No,No,No,No,No,No,Two Year,No,Bank Withdrawal,25.0,1753.0,0.0,0,3408.71,5161.71,Female,61,No,No,Yes,No,0,2,8.333333333333334,0,1,Passive
5225,Yes,4,65,,Yes,48.53,Yes,Yes,Fiber Optic,9,No,Yes,Yes,No,Yes,Yes,No,Yes,Two Year,Yes,Bank Withdrawal,108.8,7082.45,21.52,0,3154.4500000000003,10215.38,Female,69,No,Yes,Yes,No,0,7,13.6,0,1,Promoter
4810,No,0,2,Offer E,No,0.0,No,Yes,Cable,73,No,No,No,No,No,No,Yes,Yes,Month-to-Month,Yes,Bank Withdrawal,25.05,56.35,0.0,0,0.0,56.35,Male,22,Yes,No,No,No,0,2,8.35,1,1,Detractor
5012,Yes,5,56,Offer B,Yes,13.94,Yes,Yes,Fiber Optic,11,Yes,No,Yes,Yes,Yes,Yes,Yes,Yes,Month-to-Month,Yes,Credit Card,109.6,5953.0,0.0,0,780.64,6733.64,Female,36,No,No,Yes,Yes,2,9,10.96,0,0,Detractor
2764,No,0,20,Offer D,Yes,3.94,No,Yes,DSL,18,No,Yes,No,No,No,No,No,Yes,Month-to-Month,Yes,Credit Card,51.8,1023.85,0.0,0,78.8,1102.65,Male,45,No,No,No,No,0,3,12.95,0,0,Passive
2454,No,0,5,,Yes,12.6,No,Yes,Fiber Optic,58,No,No,No,No,No,No,No,Yes,Month-to-Month,Yes,Bank Withdrawal,69.7,316.9,0.0,0,63.0,379.9,Male,56,No,No,No,Yes,3,2,23.23333333333333,1,1,Detractor
5980,No,0,11,Offer D,Yes,11.59,No,Yes,Fiber Optic,29,No,Yes,No,No,Yes,Yes,No,No,Month-to-Month,Yes,Bank Withdrawal,95.0,1120.3,0.0,120,127.49,1367.79,Female,78,No,Yes,No,Yes,1,4,19.0,1,1,Detractor
4429,Yes,1,57,,Yes,36.66,Yes,Yes,Fiber Optic,9,No,Yes,No,No,No,Yes,No,Yes,One Year,Yes,Bank Withdrawal,89.85,4925.35,0.0,0,2089.62,7014.97,Male,79,No,Yes,Yes,No,0,5,14.975,0,1,Promoter
5628,Yes,8,64,Offer B,Yes,19.98,No,No,No internet,0,No,No,No,No,No,No,No,No,Two Year,No,Credit Card,19.45,1208.6,0.0,0,1278.72,2487.32,Female,41,No,No,Yes,No,0,1,9.725,0,0,Detractor
4119,No,0,8,,Yes,1.95,No,No,No internet,0,No,No,No,No,No,No,No,No,Month-to-Month,No,Bank Withdrawal,19.45,159.2,0.0,0,15.6,174.79999999999998,Male,28,Yes,No,No,Yes,3,1,9.725,1,1,Promoter
4186,Yes,5,66,,Yes,32.04,Yes,Yes,DSL,19,No,No,Yes,No,Yes,No,No,Yes,Two Year,Yes,Bank Withdrawal,63.3,4189.7,40.62,0,2114.64,6263.719999999999,Male,34,No,No,Yes,No,0,5,10.55,0,1,Promoter
4281,Yes,1,66,,Yes,48.87,Yes,Yes,Fiber Optic,13,No,Yes,Yes,Yes,Yes,Yes,No,Yes,One Year,Yes,Bank Withdrawal,110.85,7491.75,0.0,0,3225.42,10717.17,Male,66,No,Yes,Yes,No,0,8,12.316666666666666,0,1,Detractor
4621,Yes,3,55,,Yes,23.45,Yes,Yes,Fiber Optic,53,No,Yes,No,No,No,No,No,Yes,Month-to-Month,Yes,Credit Card,77.75,4266.4,0.0,0,1289.75,5556.15,Female,20,Yes,No,Yes,No,0,4,15.55,0,0,Detractor
5940,Yes,10,42,,Yes,45.75,No,No,No internet,0,No,No,No,No,No,No,No,No,Two Year,No,Bank Withdrawal,20.25,835.5,0.0,0,1921.5,2757.0,Male,49,No,No,Yes,No,0,1,10.125,0,1,Promoter
3101,Yes,5,11,,Yes,26.88,Yes,Yes,Fiber Optic,19,Yes,No,No,Yes,Yes,No,No,Yes,Month-to-Month,Yes,Credit Card,96.2,1222.05,0.0,0,295.68,1517.73,Female,60,No,No,Yes,No,0,6,13.742857142857144,1,0,Detractor
2814,No,0,1,,Yes,14.02,Yes,Yes,Fiber Optic,2,No,No,No,No,No,No,No,Yes,Month-to-Month,Yes,Bank Withdrawal,74.35,74.35,0.0,0,14.02,88.36999999999999,Male,32,No,No,No,No,0,3,18.5875,1,1,Detractor
5907,Yes,8,70,,Yes,30.33,Yes,No,No internet,0,No,No,No,No,No,No,No,No,Two Year,No,Bank Withdrawal,24.7,1685.9,0.0,0,2123.1,3809.0,Female,43,No,No,Yes,Yes,2,2,8.233333333333333,0,1,Passive
3114,No,0,32,,Yes,16.94,No,No,No internet,0,No,No,No,No,No,No,No,No,Two Year,No,Credit Card,20.5,696.8,0.0,0,542.08,1238.88,Male,38,No,No,No,Yes,2,1,10.25,0,0,Passive
3631,No,0,1,,Yes,24.66,Yes,Yes,DSL,26,No,No,No,No,No,No,No,Yes,Month-to-Month,No,Credit Card,50.75,50.75,0.0,0,24.66,75.41,Male,19,Yes,No,No,No,0,3,12.6875,1,0,Passive
3269,No,0,13,Offer D,Yes,7.22,Yes,Yes,Fiber Optic,28,Yes,No,No,No,Yes,Yes,No,Yes,Month-to-Month,Yes,Bank Withdrawal,100.8,1308.1,0.0,0,93.86,1401.9599999999998,Female,69,No,Yes,No,No,0,6,14.4,0,1,Detractor
4806,No,0,13,,Yes,3.84,No,Yes,Fiber Optic,4,No,Yes,Yes,No,No,No,No,Yes,Month-to-Month,Yes,Bank Withdrawal,81.15,952.3,0.0,0,49.92,1002.22,Female,37,No,No,No,No,0,4,16.23,0,1,Detractor
2411,No,0,10,,Yes,4.42,No,No,No internet,0,No,No,No,No,No,No,No,No,Month-to-Month,No,Credit Card,20.0,198.7,0.0,0,44.2,242.9,Male,56,No,No,No,No,0,1,10.0,1,0,Promoter
2405,No,0,11,,Yes,9.52,No,Yes,Fiber Optic,4,No,Yes,Yes,Yes,No,Yes,Yes,Yes,Month-to-Month,Yes,Bank Withdrawal,94.2,999.9,0.0,0,104.72,1104.62,Female,54,No,No,No,No,0,7,11.775,1,1,Detractor
5270,No,0,10,,Yes,2.84,No,No,No internet,0,No,No,No,No,No,No,No,No,One Year,Yes,Credit Card,19.8,198.25,0.0,0,28.4,226.65,Female,57,No,No,No,No,0,1,9.9,1,0,Detractor
4680,No,0,13,,Yes,6.18,No,Yes,Cable,59,No,No,No,No,No,No,No,No,Month-to-Month,No,Bank Withdrawal,44.8,559.2,37.49,90,80.34,692.0500000000001,Male,25,Yes,No,Yes,Yes,3,1,22.4,0,1,Detractor
5261,Yes,1,70,,Yes,38.63,No,No,No internet,0,No,No,No,No,No,No,No,No,Two Year,Yes,Credit Card,19.2,1401.4,0.0,0,2704.1000000000004,4105.5,Female,38,No,No,Yes,Yes,3,1,9.6,0,0,Detractor
3347,Yes,4,37,,Yes,6.99,No,Yes,Fiber Optic,22,No,No,Yes,Yes,No,Yes,Yes,No,Month-to-Month,Yes,Bank Withdrawal,90.35,3419.3,0.0,150,258.63,3827.93,Male,56,No,No,Yes,No,0,5,15.058333333333332,0,1,Detractor
4838,No,0,70,Offer A,Yes,10.21,Yes,Yes,Fiber Optic,52,Yes,Yes,Yes,Yes,Yes,Yes,Yes,Yes,One Year,No,Credit Card,115.55,8127.6,0.0,0,714.7,8842.300000000001,Female,30,No,No,No,No,0,10,10.504545454545454,0,0,Detractor
5421,No,0,1,Offer E,Yes,15.73,No,No,No internet,0,No,No,No,No,No,No,No,No,Month-to-Month,No,Mailed Check,20.9,20.9,0.0,0,15.73,36.63,Female,21,Yes,No,No,No,0,1,10.45,1,0,Detractor
2656,Yes,1,8,,Yes,29.0,Yes,Yes,Fiber Optic,30,No,No,No,No,No,Yes,Yes,Yes,Month-to-Month,Yes,Bank Withdrawal,84.9,764.95,0.0,0,232.0,996.95,Female,58,No,No,Yes,No,0,5,14.15,1,1,Detractor
4147,No,0,24,Offer C,Yes,42.66,Yes,No,No internet,0,No,No,No,No,No,No,No,No,One Year,No,Bank Withdrawal,24.6,605.25,0.0,0,1023.84,1629.09,Female,58,No,No,No,No,0,2,8.200000000000001,0,1,Promoter
4803,Yes,1,56,,Yes,33.81,Yes,Yes,Cable,29,No,No,Yes,No,Yes,Yes,No,No,Month-to-Month,Yes,Bank Withdrawal,100.65,5688.05,0.0,130,1893.36,7711.41,Female,68,No,Yes,Yes,No,0,5,16.775000000000002,0,1,Detractor
5014,No,0,22,,Yes,46.11,Yes,Yes,Fiber Optic,27,No,No,No,Yes,Yes,No,No,Yes,Month-to-Month,Yes,Bank Withdrawal,90.5,1910.6,0.0,0,1014.42,2925.02,Male,71,No,Yes,No,No,0,5,15.083333333333334,0,1,Detractor
4260,No,0,60,,Yes,38.88,No,Yes,DSL,2,No,Yes,Yes,Yes,Yes,No,No,Yes,One Year,Yes,Credit Card,70.15,4224.7,0.0,0,2332.8,6557.5,Female,49,No,No,No,No,0,6,10.021428571428572,0,0,Detractor
4780,Yes,1,29,,Yes,33.62,No,Yes,Fiber Optic,13,No,No,No,No,Yes,Yes,Yes,Yes,Month-to-Month,Yes,Credit Card,87.8,2621.75,0.0,0,974.98,3596.73,Female,32,No,No,Yes,Yes,2,5,14.633333333333333,0,0,Passive
4446,No,0,35,Offer C,Yes,49.61,No,Yes,Fiber Optic,26,Yes,No,No,Yes,No,Yes,Yes,Yes,One Year,Yes,Bank Withdrawal,89.2,3251.3,0.0,0,1736.35,4987.65,Male,60,No,No,No,No,0,6,12.742857142857144,0,1,Passive
5983,No,0,30,,Yes,4.04,Yes,Yes,Fiber Optic,14,Yes,No,No,No,No,Yes,No,Yes,Two Year,Yes,Credit Card,90.5,2595.85,0.0,0,121.2,2717.05,Male,69,No,Yes,No,No,0,5,15.083333333333334,0,0,Detractor
4270,No,0,1,,Yes,10.84,No,No,No internet,0,No,No,No,No,No,No,No,No,Month-to-Month,No,Credit Card,20.3,20.3,0.0,0,10.84,31.14,Male,29,Yes,No,No,No,0,1,10.15,1,0,Passive
3111,No,0,20,,Yes,21.49,No,Yes,Fiber Optic,4,No,No,No,No,Yes,No,No,Yes,One Year,No,Bank Withdrawal,80.7,1614.2,0.0,0,429.8,2044.0,Female,71,No,Yes,No,No,0,3,20.175,0,1,Promoter
6466,Yes,4,70,Offer A,Yes,38.58,Yes,Yes,DSL,25,No,Yes,Yes,Yes,Yes,No,No,No,Two Year,No,Bank Withdrawal,72.95,5265.55,0.0,60,2700.6,8026.15,Male,50,No,No,Yes,No,0,6,10.421428571428573,0,1,Passive
5450,Yes,1,6,,Yes,29.41,No,Yes,DSL,29,No,No,No,No,No,No,No,Yes,Month-to-Month,No,Credit Card,45.5,285.2,0.0,0,176.46,461.66,Female,41,No,No,Yes,Yes,1,2,15.166666666666666,1,0,Passive
2930,No,0,3,,Yes,30.25,Yes,Yes,Fiber Optic,28,No,No,No,No,No,No,No,Yes,Month-to-Month,Yes,Bank Withdrawal,76.05,231.8,0.0,0,90.75,322.55,Male,71,No,Yes,No,No,0,3,19.0125,1,1,Detractor
5416,Yes,1,67,,Yes,23.13,Yes,Yes,Fiber Optic,24,Yes,Yes,Yes,No,Yes,Yes,Yes,Yes,One Year,No,Credit Card,109.9,7332.4,0.0,0,1549.71,8882.11,Male,36,No,No,Yes,No,0,9,10.99,0,0,Passive
5213,No,0,64,Offer B,Yes,36.54,Yes,Yes,Fiber Optic,14,Yes,No,Yes,Yes,No,Yes,Yes,Yes,Two Year,No,Credit Card,99.25,6549.45,0.0,0,2338.56,8888.01,Male,38,No,No,No,No,0,8,11.02777777777778,0,0,Passive
5263,Yes,1,37,Offer C,Yes,43.01,No,Yes,Fiber Optic,51,No,No,No,No,Yes,Yes,Yes,Yes,One Year,No,Credit Card,91.2,3247.55,0.0,0,1591.37,4838.92,Male,23,Yes,No,Yes,Yes,3,5,15.2,0,0,Promoter
3801,No,0,37,,Yes,42.41,Yes,Yes,DSL,4,Yes,Yes,Yes,Yes,Yes,No,No,No,Month-to-Month,Yes,Credit Card,78.9,2976.95,0.0,30,1569.1699999999998,4576.12,Female,43,No,No,No,No,0,7,9.8625,0,0,Passive
5646,Yes,1,54,,Yes,41.93,No,No,No internet,0,No,No,No,No,No,No,No,No,Two Year,Yes,Bank Withdrawal,20.35,1092.35,0.0,0,2264.22,3356.57,Female,48,No,No,Yes,Yes,4,1,10.175,0,1,Detractor
4770,No,0,52,Offer B,Yes,31.31,No,Yes,Fiber Optic,12,Yes,No,Yes,No,Yes,No,No,Yes,One Year,No,Bank Withdrawal,91.25,4738.3,0.0,0,1628.12,6366.42,Male,43,No,No,No,No,0,5,15.208333333333334,0,1,Detractor
3445,No,0,39,Offer C,No,0.0,No,Yes,DSL,73,Yes,Yes,No,Yes,No,No,No,Yes,One Year,No,Bank Withdrawal,41.15,1700.9,0.0,0,0.0,1700.9,Female,19,Yes,No,No,No,0,4,8.23,0,1,Passive
2839,No,0,41,Offer B,Yes,15.48,No,No,No internet,0,No,No,No,No,No,No,No,No,Month-to-Month,No,Bank Withdrawal,20.45,775.6,0.0,0,634.6800000000001,1410.2800000000002,Female,52,No,No,No,No,0,1,10.225,0,1,Promoter
5263,No,0,5,,Yes,24.61,No,No,No internet,0,No,No,No,No,No,No,No,No,Month-to-Month,Yes,Credit Card,20.5,104.3,0.0,0,123.05,227.35,Female,44,No,No,No,No,0,1,10.25,1,0,Detractor
3075,No,0,1,Offer E,Yes,13.85,No,No,No internet,0,No,No,No,No,No,No,No,No,Month-to-Month,Yes,Bank Withdrawal,19.65,19.65,0.0,0,13.85,33.5,Male,40,No,No,No,No,0,1,9.825,1,1,Detractor
5846,No,0,5,,Yes,10.99,No,Yes,DSL,29,No,No,No,No,No,No,No,Yes,Month-to-Month,Yes,Credit Card,44.05,202.15,0.0,0,54.95,257.1,Female,46,No,No,No,No,0,2,14.683333333333332,1,0,Promoter
3997,No,0,34,Offer C,Yes,5.39,Yes,Yes,Cable,52,No,No,Yes,No,Yes,Yes,Yes,Yes,One Year,No,Bank Withdrawal,77.2,2753.8,0.0,0,183.26,2937.0600000000004,Male,23,Yes,No,Yes,Yes,1,7,9.65,0,1,Promoter
5079,Yes,9,72,,Yes,8.48,Yes,No,No internet,0,No,No,No,No,No,No,No,No,Two Year,Yes,Credit Card,25.7,1937.4,0.0,0,610.5600000000001,2547.96,Female,70,No,Yes,Yes,No,0,2,8.566666666666666,0,0,Detractor
2907,No,0,38,,Yes,22.23,No,No,No internet,0,No,No,No,No,No,No,No,No,One Year,No,Credit Card,20.1,730.1,0.0,0,844.74,1574.84,Male,38,No,No,No,No,0,1,10.05,0,0,Detractor
5250,No,0,27,,Yes,35.77,No,No,No internet,0,No,No,No,No,No,No,No,No,Two Year,Yes,Bank Withdrawal,20.25,538.2,0.0,0,965.79,1503.9900000000002,Female,62,No,No,No,No,0,1,10.125,0,1,Detractor
5832,Yes,7,72,Offer A,Yes,18.15,Yes,Yes,Fiber Optic,16,No,Yes,Yes,No,Yes,Yes,Yes,No,One Year,Yes,Credit Card,105.75,7629.85,0.0,80,1306.8,9016.65,Female,70,No,Yes,Yes,No,0,7,13.21875,0,0,Promoter
5935,Yes,8,69,Offer A,Yes,33.37,Yes,Yes,Fiber Optic,24,Yes,Yes,Yes,Yes,No,Yes,Yes,Yes,One Year,Yes,Credit Card,107.2,7317.1,0.0,0,2302.53,9619.63,Male,51,No,No,Yes,No,0,9,10.72,0,0,Passive
5210,No,0,68,,Yes,18.53,No,Yes,Fiber Optic,21,No,Yes,Yes,No,No,No,No,No,One Year,No,Credit Card,79.6,5461.45,3.26,10,1260.04,6728.23,Male,50,No,No,No,No,0,3,19.9,0,0,Passive
2157,No,0,38,,Yes,36.18,No,Yes,Fiber Optic,48,Yes,Yes,Yes,No,No,No,Yes,Yes,Month-to-Month,Yes,Credit Card,83.9,3233.6,0.0,0,1374.84,4608.44,Female,26,Yes,No,No,No,0,6,11.985714285714286,0,0,Detractor
4028,No,0,13,Offer D,Yes,35.4,No,Yes,Fiber Optic,18,No,No,Yes,No,Yes,No,No,Yes,Month-to-Month,Yes,Bank Withdrawal,83.2,1060.6,0.0,0,460.2,1520.8,Male,42,No,No,No,No,0,4,16.64,0,1,Detractor
5549,No,0,41,Offer B,Yes,45.22,No,Yes,Fiber Optic,15,No,Yes,No,Yes,Yes,No,No,Yes,One Year,Yes,Bank Withdrawal,89.55,3729.75,0.0,0,1854.02,5583.77,Male,62,No,No,No,No,0,5,14.925,0,1,Detractor
4773,Yes,1,20,,Yes,16.49,No,Yes,Fiber Optic,8,No,No,No,No,No,No,No,Yes,Month-to-Month,Yes,Bank Withdrawal,70.45,1470.95,0.0,0,329.79999999999995,1800.75,Male,47,No,No,Yes,No,0,2,23.48333333333333,0,1,Detractor
5328,Yes,3,20,,Yes,27.56,Yes,Yes,Fiber Optic,3,No,Yes,No,Yes,Yes,Yes,No,Yes,One Year,No,Bank Withdrawal,107.05,2172.05,0.0,0,551.1999999999999,2723.25,Male,68,No,Yes,Yes,No,0,7,13.38125,0,1,Detractor
6307,Yes,1,62,Offer B,Yes,4.7,Yes,Yes,Cable,28,Yes,Yes,No,Yes,Yes,Yes,Yes,Yes,Two Year,Yes,Bank Withdrawal,84.95,5150.55,4.68,0,291.40000000000003,5437.27,Female,46,No,No,Yes,No,0,9,8.495000000000001,0,1,Passive
3154,No,0,1,,Yes,5.93,No,Yes,Fiber Optic,19,No,No,No,No,Yes,No,No,No,Month-to-Month,Yes,Bank Withdrawal,80.55,80.55,0.0,60,5.93,146.48000000000002,Male,49,No,No,No,No,0,2,26.85,1,1,Passive
5258,No,0,1,Offer E,Yes,28.7,No,Yes,Fiber Optic,69,No,No,No,No,No,No,No,Yes,Month-to-Month,Yes,Bank Withdrawal,69.65,69.65,0.0,0,28.7,98.35,Male,30,No,No,No,No,0,2,23.21666666666667,1,1,Detractor
4424,No,0,37,Offer C,Yes,38.06,Yes,Yes,Fiber Optic,19,No,No,Yes,No,Yes,Yes,No,Yes,Month-to-Month,Yes,Bank Withdrawal,101.1,3744.05,0.0,0,1408.22,5152.27,Male,73,No,Yes,No,No,0,6,14.44285714285714,0,1,Detractor
2347,Yes,1,30,,Yes,11.38,No,No,No internet,0,No,No,No,No,No,No,No,No,Two Year,No,Credit Card,19.05,637.55,0.0,0,341.40000000000003,978.95,Male,64,No,No,Yes,No,0,1,9.525,0,0,Passive
5518,No,0,15,,No,0.0,No,Yes,DSL,29,No,No,No,Yes,No,No,No,No,Month-to-Month,Yes,Bank Withdrawal,29.7,438.25,0.0,90,0.0,528.25,Male,56,No,No,No,No,0,1,14.85,0,1,Detractor
3843,No,0,2,,Yes,19.52,No,Yes,Cable,16,No,No,No,No,No,No,No,Yes,Month-to-Month,No,Credit Card,45.85,81.0,0.0,0,39.04,120.04,Male,34,No,No,No,No,0,2,15.283333333333331,1,0,Detractor
5795,Yes,3,68,,Yes,31.4,No,Yes,Fiber Optic,19,Yes,Yes,Yes,No,Yes,Yes,Yes,Yes,Two Year,Yes,Bank Withdrawal,105.25,7173.15,0.0,0,2135.2,9308.35,Male,41,No,No,Yes,Yes,2,8,11.694444444444445,0,1,Detractor
4554,No,0,4,Offer E,Yes,7.39,Yes,Yes,Fiber Optic,4,No,Yes,No,Yes,No,Yes,Yes,Yes,Month-to-Month,Yes,Bank Withdrawal,93.5,362.2,0.0,0,29.56,391.76,Female,47,No,No,No,No,0,7,11.6875,1,1,Detractor
5203,No,0,2,Offer E,Yes,43.96,Yes,Yes,Fiber Optic,14,No,No,Yes,No,No,No,No,Yes,Month-to-Month,Yes,Bank Withdrawal,78.55,149.55,0.0,0,87.92,237.47000000000003,Female,69,No,Yes,No,No,0,4,15.71,1,1,Detractor
5569,No,0,2,Offer E,Yes,20.99,Yes,Yes,Fiber Optic,22,No,No,No,No,Yes,Yes,Yes,Yes,Month-to-Month,Yes,Bank Withdrawal,94.0,181.7,0.0,0,41.98,223.68,Male,65,No,Yes,No,No,0,6,13.428571428571429,1,1,Detractor
2687,Yes,1,31,,Yes,30.07,No,No,No internet,0,No,No,No,No,No,No,No,No,Month-to-Month,Yes,Credit Card,19.55,658.95,0.0,0,932.17,1591.12,Female,45,No,No,Yes,No,0,1,9.775,0,0,Detractor
2722,Yes,6,32,,Yes,36.65,No,Yes,Fiber Optic,69,Yes,Yes,No,No,No,Yes,Yes,Yes,One Year,Yes,Bank Withdrawal,90.8,3023.85,0.0,0,1172.8,4196.65,Male,29,Yes,No,Yes,Yes,3,6,12.971428571428572,0,1,Detractor
4297,Yes,1,69,,Yes,18.41,Yes,Yes,Fiber Optic,17,No,Yes,Yes,Yes,Yes,Yes,No,Yes,Two Year,Yes,Bank Withdrawal,109.95,7634.25,0.0,0,1270.29,8904.54,Male,71,No,Yes,Yes,No,0,8,12.216666666666669,0,1,Promoter
4480,No,0,1,Offer E,Yes,49.51,No,No,No internet,0,No,No,No,No,No,No,No,No,Month-to-Month,No,Credit Card,18.9,18.9,0.0,0,49.51,68.41,Male,24,Yes,No,No,No,0,1,9.45,1,0,Passive
4594,Yes,1,72,Offer A,Yes,25.82,Yes,Yes,Fiber Optic,59,Yes,Yes,No,No,Yes,Yes,Yes,Yes,One Year,Yes,Bank Withdrawal,104.15,7303.05,0.0,0,1859.04,9162.09,Female,25,Yes,No,Yes,No,0,8,11.572222222222225,0,1,Detractor
4376,Yes,8,61,,Yes,42.11,No,No,No internet,0,No,No,No,No,No,No,No,No,One Year,No,Credit Card,19.1,1143.8,0.0,0,2568.71,3712.51,Female,21,Yes,No,Yes,Yes,1,1,9.55,0,0,Passive
5057,Yes,9,62,,Yes,36.54,Yes,Yes,DSL,41,No,No,No,No,Yes,Yes,Yes,Yes,Month-to-Month,Yes,Credit Card,70.45,4300.45,0.0,0,2265.48,6565.93,Female,25,Yes,No,Yes,Yes,3,6,10.064285714285717,0,0,Promoter
4273,No,0,63,,Yes,13.14,No,Yes,Fiber Optic,17,Yes,Yes,Yes,Yes,Yes,Yes,Yes,Yes,Two Year,No,Credit Card,109.2,7049.75,0.0,0,827.82,7877.57,Male,36,No,No,No,No,0,9,10.92,0,0,Passive
2068,Yes,1,26,Offer C,Yes,25.63,Yes,Yes,DSL,19,Yes,Yes,Yes,Yes,Yes,Yes,Yes,Yes,One Year,Yes,Credit Card,90.1,2312.55,47.79,0,666.38,2931.1400000000003,Female,46,No,No,Yes,No,0,10,8.19090909090909,0,0,Detractor
5868,Yes,1,62,,Yes,45.76,Yes,Yes,Fiber Optic,12,No,Yes,Yes,No,No,Yes,No,No,Two Year,Yes,Credit Card,96.1,6019.35,0.0,150,2837.12,9006.470000000001,Female,67,No,Yes,Yes,Yes,2,5,16.016666666666666,0,0,Passive
6035,No,0,67,Offer A,Yes,49.74,No,Yes,Cable,41,Yes,No,Yes,No,No,Yes,Yes,No,Two Year,No,Bank Withdrawal,65.55,4361.55,0.0,40,3332.58,7734.13,Male,29,Yes,No,No,No,0,5,10.925,0,1,Passive
5563,Yes,1,70,Offer A,Yes,17.17,Yes,Yes,Fiber Optic,20,Yes,Yes,Yes,Yes,Yes,Yes,Yes,No,One Year,No,Credit Card,115.65,7968.85,0.0,10,1201.9,9180.75,Male,51,No,No,Yes,No,0,9,11.565,0,0,Detractor
5586,No,0,2,,Yes,5.85,No,Yes,Fiber Optic,19,No,No,No,No,Yes,No,No,No,Month-to-Month,Yes,Bank Withdrawal,80.65,144.15,0.0,20,11.7,175.85,Female,32,No,No,No,Yes,2,2,26.883333333333336,1,1,Detractor
4710,No,0,1,,Yes,12.0,No,No,No internet,0,No,No,No,No,No,No,No,No,Month-to-Month,No,Bank Withdrawal,20.05,20.05,0.0,0,12.0,32.05,Male,57,No,No,No,No,0,1,10.025,1,1,Detractor
3139,No,0,17,,Yes,21.14,Yes,Yes,Fiber Optic,5,No,No,Yes,Yes,No,Yes,Yes,Yes,Month-to-Month,Yes,Bank Withdrawal,95.65,1640.0,0.0,0,359.38,1999.38,Male,58,No,No,No,No,0,7,11.95625,0,1,Passive
2810,No,0,1,,Yes,18.81,No,No,No internet,0,No,No,No,No,No,No,No,No,Month-to-Month,No,Credit Card,21.1,21.1,0.0,0,18.81,39.91,Male,31,No,No,No,No,0,1,10.55,1,0,Promoter
5345,No,0,1,,Yes,28.64,No,Yes,Fiber Optic,5,No,No,No,No,No,No,No,Yes,Month-to-Month,Yes,Bank Withdrawal,71.0,71.0,0.0,0,28.64,99.64,Female,80,No,Yes,No,No,0,2,23.666666666666668,1,1,Detractor
5119,Yes,6,46,,Yes,2.0,Yes,Yes,Fiber Optic,48,No,Yes,Yes,Yes,Yes,Yes,Yes,Yes,Two Year,Yes,Credit Card,108.9,4854.3,0.0,0,92.0,4946.3,Female,29,Yes,No,Yes,No,0,9,10.89,0,0,Promoter
5897,Yes,8,72,,Yes,47.6,Yes,No,No internet,0,No,No,No,No,No,No,No,No,Two Year,No,Credit Card,24.25,1784.5,49.76,0,3427.2000000000003,5161.9400000000005,Female,42,No,No,Yes,Yes,3,2,8.083333333333334,0,0,Passive
5445,No,0,30,Offer C,Yes,47.06,No,Yes,Cable,24,Yes,No,Yes,No,No,No,No,Yes,Two Year,Yes,Mailed Check,55.65,1653.85,0.0,0,1411.8000000000002,3065.65,Male,35,No,No,No,No,0,4,11.13,0,0,Detractor
4223,Yes,3,20,,Yes,28.79,Yes,Yes,Fiber Optic,16,No,Yes,Yes,No,Yes,Yes,Yes,Yes,Month-to-Month,Yes,Bank Withdrawal,105.85,2239.65,0.0,0,575.8,2815.45,Female,57,No,No,Yes,No,0,8,11.761111111111113,0,1,Detractor
4147,Yes,8,72,,No,0.0,No,Yes,Cable,15,Yes,No,Yes,Yes,Yes,Yes,Yes,Yes,Two Year,No,Bank Withdrawal,60.95,4549.05,0.0,0,0.0,4549.05,Male,38,No,No,Yes,No,0,7,7.61875,0,1,Passive
5238,Yes,1,31,,Yes,3.12,Yes,Yes,DSL,6,No,No,Yes,Yes,Yes,Yes,Yes,Yes,One Year,Yes,Credit Card,79.3,2484.0,0.0,0,96.72,2580.72,Male,47,No,No,Yes,No,0,8,8.81111111111111,0,0,Promoter
3370,No,0,43,,Yes,49.64,Yes,Yes,Fiber Optic,27,No,Yes,No,No,Yes,Yes,Yes,Yes,Month-to-Month,Yes,Bank Withdrawal,101.4,4528.0,0.0,0,2134.52,6662.52,Male,39,No,No,No,No,0,7,12.675,0,1,Detractor
2421,No,0,31,,Yes,38.78,Yes,Yes,Fiber Optic,59,No,No,No,No,No,No,No,Yes,Month-to-Month,Yes,Bank Withdrawal,76.05,2227.8,0.0,0,1202.18,3429.9800000000005,Female,30,No,No,No,No,0,3,19.0125,0,1,Promoter
2787,No,0,3,,Yes,2.78,No,No,No internet,0,No,No,No,No,No,No,No,No,One Year,Yes,Credit Card,19.45,69.25,0.0,0,8.34,77.59,Male,33,No,No,No,No,0,1,9.725,1,0,Passive
5090,No,0,5,Offer E,Yes,1.49,Yes,Yes,Fiber Optic,51,No,Yes,No,No,Yes,No,Yes,Yes,Month-to-Month,Yes,Bank Withdrawal,90.8,455.5,0.0,0,7.45,462.95,Female,25,Yes,No,No,No,0,6,12.971428571428572,1,1,Detractor
3458,No,0,1,,Yes,29.41,No,Yes,Fiber Optic,59,No,No,No,No,Yes,No,Yes,No,Month-to-Month,No,Bank Withdrawal,78.05,78.05,0.0,10,29.41,117.46,Female,20,Yes,No,No,No,0,3,19.5125,1,1,Detractor
3001,No,0,1,,No,0.0,No,Yes,DSL,57,No,No,No,No,No,No,No,Yes,Month-to-Month,No,Bank Withdrawal,24.75,24.75,0.0,0,0.0,24.75,Male,56,No,No,No,Yes,3,1,12.375,1,1,Detractor
4061,No,0,10,,Yes,49.58,No,Yes,DSL,17,No,No,No,No,No,No,No,Yes,Month-to-Month,Yes,Credit Card,44.85,435.4,0.0,0,495.8,931.2,Male,34,No,No,No,No,0,2,14.95,1,0,Detractor
5835,Yes,9,71,Offer A,Yes,37.57,Yes,Yes,DSL,85,Yes,Yes,Yes,Yes,Yes,Yes,Yes,No,Two Year,No,Bank Withdrawal,89.9,6342.7,0.0,150,2667.47,9160.17,Female,22,Yes,No,Yes,Yes,1,9,8.99,0,1,Promoter
2032,No,0,3,,Yes,26.86,No,Yes,Fiber Optic,5,No,No,No,No,Yes,No,No,No,Month-to-Month,Yes,Bank Withdrawal,80.5,232.35,0.0,0,80.58,312.93,Female,48,No,No,No,No,0,2,26.83333333333333,1,1,Promoter
5680,No,0,56,,Yes,37.99,Yes,Yes,Fiber Optic,24,Yes,No,No,Yes,Yes,Yes,Yes,Yes,Month-to-Month,Yes,Credit Card,105.35,5794.45,0.0,0,2127.44,7921.889999999999,Male,31,No,No,No,No,0,8,11.705555555555556,0,0,Detractor
6442,Yes,3,60,,Yes,27.68,Yes,Yes,Fiber Optic,26,No,No,Yes,No,Yes,Yes,No,Yes,One Year,Yes,Credit Card,100.5,6029.0,0.0,0,1660.8,7689.8,Female,74,No,Yes,Yes,No,0,6,14.357142857142858,0,0,Promoter
4864,Yes,8,68,,No,0.0,No,Yes,DSL,15,No,Yes,Yes,Yes,Yes,Yes,Yes,Yes,Two Year,No,Credit Card,60.3,4109.0,0.0,0,0.0,4109.0,Female,44,No,No,Yes,No,0,7,7.5375,0,0,Passive
6358,Yes,1,65,Offer B,Yes,19.84,Yes,Yes,Fiber Optic,2,No,Yes,No,No,No,Yes,Yes,No,Month-to-Month,Yes,Bank Withdrawal,90.65,5931.0,0.0,110,1289.6,7330.6,Male,52,No,No,Yes,No,0,5,15.108333333333334,0,1,Promoter
5825,No,0,1,Offer E,Yes,23.04,No,Yes,Cable,82,No,No,No,No,No,No,No,Yes,Month-to-Month,Yes,Credit Card,44.55,44.55,0.0,0,23.04,67.59,Female,27,Yes,No,No,No,0,2,14.85,1,0,Promoter
5392,No,0,28,Offer C,Yes,44.28,No,Yes,Fiber Optic,5,Yes,No,No,No,No,No,No,Yes,Month-to-Month,Yes,Bank Withdrawal,74.9,2068.55,0.0,0,1239.84,3308.3900000000003,Male,60,No,No,No,No,0,3,18.725,0,1,Detractor
4232,No,0,26,,Yes,47.63,Yes,Yes,Fiber Optic,26,Yes,Yes,No,No,No,Yes,No,No,Month-to-Month,Yes,Bank Withdrawal,95.0,2497.2,0.0,60,1238.38,3795.58,Female,74,No,Yes,No,No,0,5,15.833333333333334,0,1,Detractor
5116,Yes,2,7,,Yes,3.19,Yes,Yes,Cable,26,Yes,Yes,No,Yes,No,No,No,Yes,Two Year,No,Bank Withdrawal,64.2,475.0,0.0,0,22.33,497.33,Male,68,No,Yes,Yes,No,0,6,9.171428571428573,1,1,Passive
5409,No,0,20,Offer D,Yes,10.97,No,No,No internet,0,No,No,No,No,No,No,No,No,Month-to-Month,Yes,Bank Withdrawal,19.5,413.0,0.0,0,219.4,632.4,Female,23,Yes,No,No,No,0,1,9.75,0,1,Detractor
3682,No,0,35,Offer C,Yes,39.11,Yes,Yes,DSL,23,Yes,Yes,No,No,No,No,No,Yes,Month-to-Month,Yes,Credit Card,59.45,2136.9,0.0,0,1368.85,3505.75,Female,42,No,No,Yes,Yes,3,5,9.908333333333331,0,0,Detractor
5626,Yes,6,67,,Yes,8.82,No,No,No internet,0,No,No,No,No,No,No,No,No,Two Year,Yes,Credit Card,20.8,1411.9,0.0,0,590.94,2002.84,Male,48,No,No,Yes,Yes,2,1,10.4,0,0,Passive
4618,No,0,5,,Yes,18.69,No,Yes,DSL,28,No,No,Yes,No,No,No,No,Yes,Month-to-Month,No,Bank Withdrawal,50.35,237.25,0.0,0,93.45,330.7,Male,73,No,Yes,No,No,0,3,12.5875,1,1,Detractor
2943,Yes,1,1,,Yes,39.79,No,Yes,Fiber Optic,7,No,No,No,No,Yes,No,No,Yes,Month-to-Month,Yes,Mailed Check,80.05,80.05,0.0,0,39.79,119.84,Female,53,No,No,Yes,No,0,3,20.0125,1,0,Detractor
5514,No,0,56,,Yes,5.19,Yes,Yes,Fiber Optic,16,No,No,Yes,No,Yes,Yes,No,No,Two Year,Yes,Bank Withdrawal,101.05,5594.0,0.0,10,290.64000000000004,5894.64,Male,76,No,Yes,No,No,0,5,16.841666666666665,0,1,Detractor
2876,No,0,13,,No,0.0,No,Yes,DSL,28,No,Yes,No,No,No,No,No,Yes,Month-to-Month,No,Bank Withdrawal,29.15,357.15,0.0,0,0.0,357.15,Female,33,No,No,No,No,0,2,9.716666666666669,0,1,Passive
5089,Yes,4,65,,Yes,41.2,Yes,Yes,Fiber Optic,10,Yes,No,Yes,No,Yes,Yes,Yes,Yes,Month-to-Month,Yes,Bank Withdrawal,104.25,6812.95,0.0,0,2678.0,9490.95,Male,48,No,No,Yes,No,0,8,11.583333333333334,0,1,Detractor
5359,Yes,3,11,Offer D,Yes,2.52,No,No,No internet,0,No,No,No,No,No,No,No,No,Two Year,No,Credit Card,20.9,202.3,0.0,0,27.72,230.02,Female,32,No,No,Yes,Yes,1,1,10.45,1,0,Promoter
5544,No,0,60,Offer B,No,0.0,No,Yes,DSL,25,Yes,Yes,Yes,No,No,No,No,Yes,Two Year,No,Bank Withdrawal,39.6,2424.5,38.46,0,0.0,2386.04,Male,38,No,No,No,No,0,4,7.92,0,1,Detractor
5457,Yes,9,51,,Yes,27.23,Yes,Yes,Fiber Optic,75,Yes,Yes,No,No,No,Yes,Yes,Yes,Month-to-Month,Yes,Bank Withdrawal,93.8,4539.35,0.0,0,1388.73,5928.08,Female,41,No,No,Yes,Yes,3,7,11.725,0,1,Detractor
4312,Yes,9,64,,Yes,49.39,Yes,No,No internet,0,No,No,No,No,No,No,No,No,Two Year,No,Credit Card,25.55,1714.95,0.0,0,3160.96,4875.91,Female,40,No,No,Yes,No,0,2,8.516666666666667,0,0,Passive
6022,Yes,7,72,,Yes,34.95,Yes,Yes,Fiber Optic,48,No,Yes,No,No,Yes,Yes,Yes,Yes,Two Year,Yes,Bank Withdrawal,99.4,7285.7,0.0,0,2516.4,9802.1,Male,21,Yes,No,Yes,No,0,7,12.425,0,1,Promoter
4216,Yes,3,69,Offer A,Yes,38.52,Yes,Yes,Fiber Optic,27,Yes,Yes,Yes,Yes,Yes,Yes,Yes,Yes,Two Year,Yes,Bank Withdrawal,116.0,8182.85,0.0,0,2657.88,10840.73,Female,55,No,No,Yes,No,0,10,10.545454545454543,0,1,Detractor
4865,No,0,52,Offer B,No,0.0,No,Yes,DSL,19,Yes,No,No,No,Yes,Yes,Yes,Yes,Two Year,Yes,Credit Card,48.8,2555.05,0.0,0,0.0,2555.05,Male,69,No,Yes,No,No,0,5,8.133333333333333,0,0,Detractor
4995,Yes,4,49,Offer B,Yes,33.93,No,Yes,Fiber Optic,27,No,No,Yes,Yes,Yes,Yes,Yes,Yes,One Year,Yes,Credit Card,99.25,4920.8,0.0,0,1662.57,6583.37,Male,23,Yes,No,Yes,No,0,7,12.40625,0,0,Detractor
4994,Yes,7,27,Offer C,Yes,25.26,Yes,Yes,Fiber Optic,23,No,No,No,No,No,No,No,Yes,Month-to-Month,Yes,Bank Withdrawal,75.75,1929.0,0.0,0,682.0200000000001,2611.02,Male,60,No,No,Yes,Yes,3,3,18.9375,0,1,Detractor
5687,Yes,1,2,,Yes,46.23,No,Yes,Fiber Optic,21,No,No,No,No,No,No,No,Yes,Month-to-Month,No,Bank Withdrawal,70.4,147.15,0.0,0,92.46,239.61,Female,47,No,No,Yes,No,0,2,23.46666666666667,1,1,Detractor
5085,No,0,52,Offer B,Yes,34.0,Yes,Yes,DSL,3,Yes,No,Yes,No,No,No,No,Yes,Two Year,No,Bank Withdrawal,59.85,3103.25,19.16,0,1768.0,4852.09,Female,78,No,Yes,No,No,0,5,9.975,0,1,Detractor
4995,No,0,47,,Yes,48.03,No,Yes,Fiber Optic,69,Yes,No,No,No,No,No,No,Yes,Month-to-Month,No,Credit Card,75.45,3545.1,0.0,0,2257.41,5802.51,Female,19,Yes,No,No,No,0,3,18.8625,0,0,Passive
4326,Yes,6,7,Offer E,Yes,5.17,No,Yes,Cable,51,Yes,No,No,No,Yes,Yes,Yes,Yes,Month-to-Month,No,Credit Card,69.7,516.15,0.0,0,36.19,552.3399999999999,Male,63,No,No,Yes,Yes,3,6,9.957142857142856,1,0,Detractor
2075,No,0,14,Offer D,Yes,16.32,Yes,Yes,Fiber Optic,11,No,No,No,No,No,No,No,Yes,Month-to-Month,Yes,Bank Withdrawal,74.95,1036.75,39.29,0,228.48,1225.94,Male,67,No,Yes,No,No,0,3,18.7375,0,1,Detractor
3790,No,0,2,,Yes,37.43,No,Yes,Fiber Optic,18,No,No,Yes,No,Yes,Yes,Yes,Yes,Month-to-Month,Yes,Bank Withdrawal,95.85,197.7,0.0,0,74.86,272.56,Male,63,No,No,No,No,0,6,13.69285714285714,1,1,Detractor
5347,No,0,13,Offer D,Yes,5.43,No,Yes,Fiber Optic,26,No,No,No,No,Yes,Yes,Yes,No,Month-to-Month,Yes,Bank Withdrawal,91.1,1135.7,0.0,80,70.59,1286.29,Male,54,No,No,No,No,0,4,18.22,0,1,Detractor
4949,Yes,1,72,,Yes,22.78,No,No,No internet,0,No,No,No,No,No,No,No,No,Two Year,No,Bank Withdrawal,20.35,1354.4,0.0,0,1640.16,2994.5600000000004,Male,24,Yes,No,Yes,Yes,1,1,10.175,0,1,Detractor
4176,Yes,1,9,Offer E,Yes,22.0,Yes,Yes,Fiber Optic,7,Yes,Yes,Yes,No,No,No,No,Yes,Month-to-Month,No,Bank Withdrawal,91.75,865.8,0.0,0,198.0,1063.8,Female,58,No,No,Yes,No,0,6,13.107142857142858,1,1,Detractor
5658,No,0,37,,No,0.0,No,Yes,DSL,25,No,No,No,No,Yes,No,No,No,Two Year,No,Credit Card,35.8,1316.9,0.0,100,0.0,1416.9,Male,51,No,No,No,No,0,1,17.9,0,0,Detractor
3327,Yes,1,16,,Yes,45.9,No,Yes,Fiber Optic,5,No,No,No,No,No,No,No,Yes,Month-to-Month,Yes,Bank Withdrawal,71.8,1167.8,0.0,0,734.4,1902.2,Male,78,No,Yes,Yes,No,0,2,23.933333333333334,0,1,Detractor
3866,No,0,20,,Yes,27.11,Yes,Yes,DSL,27,No,No,No,No,No,Yes,No,Yes,Month-to-Month,Yes,Credit Card,61.6,1174.35,0.0,0,542.2,1716.55,Female,67,No,Yes,No,No,0,4,12.32,0,0,Detractor
4254,No,0,1,,Yes,14.26,No,Yes,Fiber Optic,46,No,No,No,No,Yes,Yes,Yes,Yes,Month-to-Month,Yes,Bank Withdrawal,88.35,88.35,0.0,0,14.26,102.61,Male,23,Yes,No,No,No,0,5,14.725,1,1,Detractor
4652,Yes,9,66,Offer A,No,0.0,No,Yes,Cable,23,No,No,No,Yes,Yes,Yes,Yes,No,Two Year,No,Bank Withdrawal,50.55,3364.55,0.0,110,0.0,3474.55,Male,33,No,No,Yes,Yes,4,4,10.11,0,1,Passive
2227,No,0,4,,Yes,29.4,No,Yes,Fiber Optic,17,No,No,No,No,No,No,No,Yes,Month-to-Month,Yes,Bank Withdrawal,70.15,268.35,21.69,0,117.6,364.26,Female,39,No,No,No,Yes,2,2,23.383333333333336,1,1,Detractor
5397,No,0,45,,Yes,4.14,No,Yes,Fiber Optic,20,Yes,Yes,No,Yes,No,No,No,No,Month-to-Month,Yes,Bank Withdrawal,85.7,3778.1,0.0,50,186.3,4014.4,Female,80,No,Yes,No,No,0,4,17.14,0,1,Passive
3810,No,0,16,Offer D,Yes,9.43,No,Yes,Fiber Optic,9,No,No,No,Yes,Yes,Yes,Yes,Yes,Month-to-Month,Yes,Bank Withdrawal,94.45,1511.2,0.0,0,150.88,1662.08,Female,68,No,Yes,No,No,0,6,13.492857142857144,0,1,Detractor
5240,No,0,49,Offer B,Yes,6.26,No,No,No internet,0,No,No,No,No,No,No,No,No,Two Year,Yes,Credit Card,19.9,1022.6,0.0,0,306.74,1329.34,Male,19,Yes,No,No,No,0,1,9.95,0,0,Detractor
5819,No,0,14,Offer D,Yes,23.0,No,Yes,Fiber Optic,17,No,No,No,No,No,No,No,Yes,Month-to-Month,No,Bank Withdrawal,70.2,1046.5,0.0,0,322.0,1368.5,Female,60,No,No,Yes,Yes,2,2,23.4,0,1,Passive
2400,Yes,1,1,Offer E,Yes,28.28,No,No,No internet,0,No,No,No,No,No,No,No,No,Month-to-Month,Yes,Credit Card,19.0,19.0,0.0,0,28.28,47.28,Female,62,No,No,Yes,Yes,1,1,9.5,1,0,Passive
4419,No,0,35,,Yes,49.13,Yes,No,No internet,0,No,No,No,No,No,No,No,No,One Year,No,Bank Withdrawal,26.2,954.9,0.0,0,1719.5500000000002,2674.4500000000003,Male,40,No,No,No,No,0,2,8.733333333333333,0,1,Detractor
3461,No,0,41,,Yes,41.21,Yes,No,No internet,0,No,No,No,No,No,No,No,No,Month-to-Month,Yes,Bank Withdrawal,25.25,996.45,0.0,0,1689.61,2686.0600000000004,Male,23,Yes,No,No,No,0,2,8.416666666666666,0,1,Passive
5189,No,0,34,Offer C,Yes,34.41,Yes,Yes,DSL,4,Yes,Yes,No,Yes,No,No,No,Yes,One Year,Yes,Mailed Check,64.4,2088.75,0.0,0,1169.9399999999998,3258.69,Female,53,No,No,No,No,0,6,9.2,0,0,Detractor
5503,No,0,30,,Yes,42.49,Yes,Yes,Fiber Optic,73,Yes,No,No,Yes,Yes,Yes,Yes,No,Month-to-Month,No,Bank Withdrawal,106.4,3211.9,0.0,60,1274.7,4546.6,Female,22,Yes,No,No,No,0,7,13.3,0,1,Passive
5521,No,0,57,Offer B,Yes,28.44,No,Yes,DSL,24,No,No,Yes,Yes,No,No,No,Yes,One Year,Yes,Bank Withdrawal,53.5,3035.8,0.0,0,1621.0800000000002,4656.88,Male,78,No,Yes,No,No,0,4,10.7,0,1,Passive
4965,Yes,6,72,,Yes,23.27,Yes,Yes,Fiber Optic,3,Yes,Yes,Yes,Yes,Yes,Yes,Yes,Yes,Two Year,Yes,Credit Card,114.1,8086.4,0.0,0,1675.44,9761.84,Male,64,No,No,Yes,No,0,10,10.372727272727271,0,0,Detractor
4423,Yes,1,43,,Yes,13.84,Yes,Yes,Cable,18,No,No,Yes,Yes,Yes,Yes,No,No,One Year,Yes,Bank Withdrawal,107.55,4533.9,0.0,140,595.12,5269.02,Female,80,No,Yes,Yes,No,0,6,15.364285714285714,0,1,Detractor
3650,No,0,17,Offer D,Yes,41.78,No,Yes,Fiber Optic,16,No,No,No,No,No,No,No,Yes,Month-to-Month,No,Bank Withdrawal,70.5,1165.6,0.0,0,710.26,1875.86,Female,53,No,No,No,No,0,2,23.5,0,1,Detractor
3102,Yes,7,35,,Yes,20.79,No,Yes,DSL,69,No,Yes,No,Yes,No,No,No,Yes,Month-to-Month,No,Bank Withdrawal,56.85,1861.1,0.0,0,727.65,2588.75,Female,20,Yes,No,Yes,No,0,4,11.37,0,1,Passive
6366,Yes,9,49,Offer B,Yes,16.6,Yes,Yes,DSL,14,No,Yes,No,Yes,Yes,Yes,Yes,Yes,Two Year,No,Bank Withdrawal,79.3,3902.45,0.0,0,813.4000000000001,4715.85,Female,47,No,No,Yes,Yes,1,8,8.81111111111111,0,1,Promoter
4745,No,0,1,Offer E,Yes,9.44,No,No,No internet,0,No,No,No,No,No,No,No,No,Month-to-Month,Yes,Bank Withdrawal,19.25,19.25,0.0,0,9.44,28.69,Female,34,No,No,No,No,0,1,9.625,1,1,Detractor
3555,Yes,2,33,,Yes,31.59,Yes,Yes,Cable,18,No,No,Yes,Yes,Yes,Yes,Yes,No,One Year,Yes,Bank Withdrawal,79.15,2531.4,0.0,20,1042.47,3593.87,Female,47,No,No,Yes,Yes,2,7,9.89375,0,1,Promoter
5607,No,0,1,,Yes,10.2,No,No,No internet,0,No,No,No,No,No,No,No,No,Month-to-Month,Yes,Credit Card,19.55,19.55,0.0,0,10.2,29.75,Female,44,No,No,No,No,0,1,9.775,1,0,Promoter
4191,No,0,26,,Yes,37.0,No,Yes,Fiber Optic,76,No,No,Yes,Yes,Yes,Yes,Yes,Yes,Month-to-Month,Yes,Bank Withdrawal,98.65,2537.0,0.0,0,962.0,3499.0,Male,26,Yes,No,No,No,0,7,12.33125,0,1,Detractor
2295,No,0,1,Offer E,Yes,5.55,No,Yes,DSL,13,No,No,No,No,No,No,No,Yes,Month-to-Month,Yes,Mailed Check,45.7,45.7,0.0,0,5.55,51.25,Male,57,No,No,No,No,0,2,15.233333333333334,1,0,Detractor
4110,No,0,6,Offer E,Yes,17.18,No,Yes,DSL,22,Yes,Yes,No,No,No,No,No,Yes,Month-to-Month,No,Bank Withdrawal,56.25,389.1,0.0,0,103.08,492.18,Female,44,No,No,No,No,0,4,11.25,1,1,Detractor
4183,No,0,61,,Yes,41.23,Yes,Yes,Fiber Optic,28,No,No,Yes,Yes,Yes,Yes,Yes,Yes,Two Year,Yes,Bank Withdrawal,106.6,6428.4,0.0,0,2515.03,8943.43,Female,39,No,No,No,No,0,8,11.844444444444443,0,1,Detractor
5418,No,0,1,Offer E,Yes,11.25,No,No,No internet,0,No,No,No,No,No,No,No,No,Month-to-Month,No,Credit Card,20.2,20.2,0.0,0,11.25,31.45,Male,45,No,No,No,No,0,1,10.1,1,0,Detractor
5471,Yes,9,15,Offer D,Yes,49.36,No,No,No internet,0,No,No,No,No,No,No,No,No,One Year,Yes,Credit Card,19.5,239.75,0.0,0,740.4,980.15,Male,35,No,No,Yes,Yes,3,1,9.75,0,0,Passive
2715,No,0,35,,Yes,3.04,No,Yes,DSL,18,No,No,Yes,Yes,Yes,Yes,No,Yes,One Year,Yes,Bank Withdrawal,73.0,2471.25,0.0,0,106.4,2577.65,Male,79,No,Yes,No,No,0,6,10.428571428571429,0,1,Passive
4734,Yes,2,24,Offer C,Yes,3.0,Yes,Yes,Fiber Optic,15,No,Yes,Yes,No,Yes,Yes,Yes,Yes,Month-to-Month,Yes,Bank Withdrawal,104.65,2542.45,0.0,0,72.0,2614.45,Male,51,No,No,Yes,No,0,8,11.627777777777778,0,1,Detractor
5233,No,0,51,,Yes,9.85,Yes,Yes,Cable,3,Yes,No,No,Yes,No,No,No,Yes,One Year,No,Credit Card,59.9,3043.6,0.0,0,502.35,3545.95,Male,59,No,No,No,No,0,5,9.983333333333333,0,0,Detractor
5899,Yes,2,70,,Yes,9.4,Yes,Yes,Fiber Optic,17,No,Yes,Yes,Yes,Yes,Yes,Yes,No,One Year,Yes,Bank Withdrawal,107.9,7475.85,0.0,20,658.0,8153.85,Female,65,No,Yes,Yes,Yes,2,8,11.988888888888887,0,1,Detractor
6365,Yes,7,53,Offer B,Yes,3.78,Yes,Yes,Fiber Optic,27,No,Yes,Yes,No,Yes,Yes,Yes,Yes,One Year,Yes,Bank Withdrawal,105.25,5576.3,0.0,0,200.34,5776.64,Male,40,No,No,Yes,Yes,1,8,11.694444444444445,0,1,Detractor
4580,No,0,4,,Yes,24.09,No,Yes,Fiber Optic,17,No,Yes,No,No,No,No,No,Yes,Month-to-Month,Yes,Bank Withdrawal,76.65,333.6,0.0,0,96.36,429.96,Female,36,No,No,No,No,0,3,19.1625,1,1,Detractor
4522,Yes,7,34,Offer C,Yes,49.58,No,Yes,Cable,16,Yes,Yes,Yes,No,No,No,No,Yes,One Year,Yes,Mailed Check,60.8,2042.05,0.0,0,1685.72,3727.77,Female,34,No,No,Yes,Yes,1,5,10.133333333333333,0,0,Passive
5679,No,0,56,,Yes,46.67,Yes,Yes,Fiber Optic,18,Yes,Yes,No,No,No,Yes,Yes,Yes,Two Year,Yes,Bank Withdrawal,96.85,5219.65,0.0,0,2613.52,7833.17,Female,69,No,Yes,No,No,0,7,12.10625,0,1,Detractor
5741,No,0,6,Offer E,Yes,18.65,No,Yes,Fiber Optic,18,No,No,No,No,No,No,No,Yes,Month-to-Month,Yes,Bank Withdrawal,69.1,435.0,0.0,0,111.9,546.9,Male,59,No,No,No,No,0,2,23.03333333333333,1,1,Passive
5857,Yes,1,18,,Yes,25.27,Yes,Yes,Fiber Optic,15,No,No,No,Yes,Yes,Yes,No,Yes,Month-to-Month,No,Bank Withdrawal,99.75,1836.25,0.0,0,454.86,2291.11,Female,68,No,Yes,Yes,No,0,6,14.25,0,1,Detractor
4649,No,0,21,,Yes,49.05,Yes,Yes,Fiber Optic,9,No,No,No,No,No,Yes,Yes,Yes,Month-to-Month,Yes,Bank Withdrawal,84.1,1737.45,0.0,0,1030.05,2767.5,Male,46,No,No,No,No,0,5,14.016666666666666,0,1,Passive
3118,No,0,33,Offer C,Yes,42.29,No,Yes,Fiber Optic,13,No,Yes,No,Yes,No,No,No,Yes,One Year,Yes,Bank Withdrawal,79.95,2684.85,0.0,0,1395.57,4080.42,Female,64,No,No,No,No,0,4,15.99,0,1,Detractor
4505,Yes,4,36,,Yes,19.24,Yes,Yes,Fiber Optic,18,Yes,Yes,Yes,Yes,No,Yes,Yes,No,Two Year,Yes,Credit Card,106.05,3834.4,0.0,50,692.64,4577.04,Female,54,No,No,Yes,No,0,8,11.783333333333331,0,0,Detractor
4304,Yes,1,14,,Yes,9.13,Yes,Yes,Fiber Optic,12,No,No,No,Yes,Yes,No,No,Yes,Month-to-Month,Yes,Bank Withdrawal,91.65,1301.0,0.0,0,127.82,1428.82,Female,61,No,No,Yes,Yes,1,5,15.275,0,1,Detractor
5817,Yes,1,32,,Yes,45.26,No,No,No internet,0,No,No,No,No,No,No,No,No,One Year,No,Credit Card,19.3,593.2,0.0,0,1448.32,2041.52,Female,42,No,No,Yes,No,0,1,9.65,0,0,Promoter
5756,No,0,33,Offer C,Yes,3.15,Yes,No,No internet,0,No,No,No,No,No,No,No,No,One Year,Yes,Bank Withdrawal,24.9,847.8,0.0,0,103.95,951.75,Male,73,No,Yes,No,No,0,2,8.299999999999999,0,1,Passive
4464,Yes,1,19,Offer D,Yes,13.13,No,No,No internet,0,No,No,No,No,No,No,No,No,One Year,No,Credit Card,19.8,344.5,0.0,0,249.47000000000003,593.97,Male,33,No,No,Yes,Yes,1,1,9.9,0,0,Promoter
4994,Yes,1,28,Offer C,Yes,16.43,Yes,Yes,Fiber Optic,20,No,No,No,Yes,Yes,Yes,No,Yes,Month-to-Month,Yes,Credit Card,101.3,2812.2,0.0,0,460.04,3272.24,Female,67,No,Yes,Yes,No,0,6,14.471428571428572,0,0,Detractor
5446,No,0,51,,Yes,7.54,Yes,Yes,Fiber Optic,6,Yes,Yes,Yes,No,Yes,Yes,Yes,Yes,One Year,No,Bank Withdrawal,107.45,5680.9,14.76,0,384.54,6050.679999999999,Female,62,No,No,No,No,0,9,10.745,0,1,Detractor
5356,No,0,7,Offer E,Yes,35.91,Yes,Yes,Fiber Optic,27,No,No,Yes,No,Yes,No,No,Yes,Month-to-Month,Yes,Bank Withdrawal,90.45,593.45,0.0,0,251.37,844.82,Male,31,No,No,No,No,0,5,15.075,1,1,Detractor
5366,Yes,8,55,,Yes,27.75,No,No,No internet,0,No,No,No,No,No,No,No,No,Two Year,No,Credit Card,19.4,1083.0,0.0,0,1526.25,2609.25,Female,24,Yes,No,Yes,Yes,2,1,9.7,0,0,Promoter
4768,Yes,4,55,Offer B,Yes,33.66,Yes,Yes,Fiber Optic,25,No,Yes,Yes,No,Yes,Yes,Yes,Yes,Month-to-Month,Yes,Credit Card,103.65,5676.65,0.0,0,1851.3,7527.949999999999,Female,54,No,No,Yes,No,0,8,11.516666666666667,0,0,Promoter
3819,No,0,40,Offer B,Yes,2.83,Yes,Yes,Fiber Optic,22,No,Yes,Yes,No,Yes,No,No,Yes,Month-to-Month,Yes,Bank Withdrawal,93.4,3756.4,4.18,0,113.2,3865.42,Female,54,No,No,No,No,0,6,13.342857142857143,0,1,Detractor
3369,Yes,1,14,,Yes,47.01,Yes,Yes,Fiber Optic,19,No,Yes,No,No,Yes,Yes,No,Yes,Month-to-Month,Yes,Bank Withdrawal,100.2,1369.8,0.0,0,658.14,2027.94,Female,71,No,Yes,Yes,No,0,6,14.314285714285717,0,1,Detractor
2992,No,0,13,,Yes,26.13,No,Yes,Fiber Optic,28,No,No,No,No,No,No,No,Yes,Month-to-Month,Yes,Credit Card,70.15,886.7,8.53,0,339.69,1217.86,Female,40,No,No,No,No,0,2,23.383333333333336,0,0,Passive
4240,No,0,22,Offer D,Yes,33.73,Yes,Yes,Fiber Optic,19,No,No,No,No,No,Yes,Yes,Yes,Month-to-Month,Yes,Bank Withdrawal,84.75,1816.75,0.0,0,742.06,2558.81,Female,32,No,No,No,Yes,2,5,14.125,0,1,Detractor
4947,No,0,38,,Yes,4.09,No,No,No internet,0,No,No,No,No,No,No,No,No,Two Year,No,Mailed Check,20.2,735.9,0.0,0,155.42,891.3199999999999,Female,65,No,Yes,No,No,0,1,10.1,0,0,Detractor
5115,No,0,2,,Yes,24.83,Yes,Yes,Cable,52,No,No,No,No,No,No,Yes,Yes,Month-to-Month,Yes,Bank Withdrawal,49.4,106.55,0.0,0,49.66,156.20999999999998,Female,27,Yes,No,No,No,0,4,9.88,1,1,Detractor
4406,No,0,54,Offer B,Yes,49.98,No,Yes,Fiber Optic,26,Yes,Yes,No,Yes,Yes,Yes,Yes,Yes,One Year,Yes,Credit Card,105.4,5643.4,0.0,0,2698.92,8342.32,Male,31,No,No,No,No,0,8,11.711111111111112,0,0,Detractor
2946,No,0,10,Offer D,Yes,49.5,Yes,Yes,Fiber Optic,19,No,Yes,No,No,No,No,No,Yes,Month-to-Month,Yes,Credit Card,81.0,818.05,0.0,0,495.0,1313.05,Female,46,No,No,No,No,0,4,16.2,1,0,Detractor
4621,No,0,72,Offer A,Yes,11.41,Yes,Yes,DSL,17,Yes,Yes,Yes,Yes,Yes,Yes,Yes,Yes,Two Year,No,Bank Withdrawal,86.65,6224.8,0.0,0,821.52,7046.32,Male,39,No,No,No,No,0,10,7.877272727272728,0,1,Detractor
5910,Yes,1,66,,Yes,30.03,Yes,Yes,DSL,15,Yes,Yes,Yes,Yes,Yes,No,No,No,Two Year,No,Credit Card,79.4,5154.6,0.0,150,1981.98,7286.58,Male,71,No,Yes,Yes,No,0,7,9.925,0,0,Detractor
2016,Yes,2,7,,Yes,34.66,Yes,Yes,Fiber Optic,3,No,No,Yes,No,Yes,Yes,Yes,Yes,Month-to-Month,Yes,Bank Withdrawal,101.95,700.85,0.0,0,242.62,943.47,Male,65,No,Yes,Yes,No,0,7,12.74375,1,1,Detractor
5629,Yes,7,69,,Yes,38.92,Yes,Yes,Fiber Optic,16,Yes,No,Yes,No,No,No,No,No,One Year,No,Bank Withdrawal,84.45,5848.6,0.0,40,2685.48,8574.08,Female,47,No,No,Yes,Yes,1,4,16.89,0,1,Detractor
2237,No,0,2,Offer E,Yes,43.27,No,No,No internet,0,No,No,No,No,No,No,No,No,Month-to-Month,Yes,Mailed Check,20.0,40.9,0.0,0,86.54,127.44,Female,40,No,No,No,No,0,1,10.0,1,0,Passive
3621,No,0,15,,Yes,17.23,No,Yes,Fiber Optic,12,No,No,No,No,No,Yes,No,Yes,Month-to-Month,Yes,Bank Withdrawal,79.4,1156.1,0.0,0,258.45,1414.55,Male,78,No,Yes,No,No,0,3,19.85,0,1,Detractor
3501,No,0,3,,Yes,37.0,No,Yes,DSL,22,Yes,Yes,No,Yes,No,Yes,Yes,Yes,Two Year,No,Credit Card,71.1,213.35,2.62,0,111.0,321.73,Female,36,No,No,No,No,0,7,8.8875,1,0,Passive
6161,Yes,1,56,,Yes,2.8,Yes,Yes,Fiber Optic,20,No,Yes,Yes,Yes,No,No,No,No,Month-to-Month,No,Bank Withdrawal,90.55,5116.6,0.0,40,156.79999999999998,5313.400000000001,Female,63,No,No,Yes,No,0,5,15.091666666666669,0,1,Passive
4765,Yes,1,59,Offer B,Yes,20.5,Yes,Yes,Cable,53,Yes,No,No,Yes,No,Yes,Yes,Yes,One Year,Yes,Credit Card,69.1,4096.9,0.0,0,1209.5,5306.4,Male,30,No,No,Yes,No,0,7,8.6375,0,0,Detractor
5366,Yes,8,69,Offer A,Yes,26.44,No,No,No internet,0,No,No,No,No,No,No,No,No,One Year,Yes,Credit Card,20.55,1403.1,0.0,0,1824.36,3227.46,Male,23,Yes,No,Yes,Yes,2,1,10.275,0,0,Passive
5145,Yes,3,28,,Yes,42.33,No,No,No internet,0,No,No,No,No,No,No,No,No,Month-to-Month,No,Credit Card,20.5,563.05,0.0,0,1185.24,1748.29,Female,27,Yes,No,Yes,No,0,1,10.25,0,0,Passive
3099,No,0,22,Offer D,No,0.0,No,Yes,DSL,16,No,Yes,Yes,No,No,Yes,Yes,Yes,One Year,Yes,Bank Withdrawal,43.75,903.6,0.0,0,0.0,903.6,Male,51,No,No,No,No,0,5,7.291666666666667,0,1,Detractor
5038,No,0,41,,Yes,30.58,No,Yes,Fiber Optic,59,Yes,Yes,Yes,Yes,Yes,Yes,Yes,Yes,Two Year,Yes,Bank Withdrawal,111.15,4507.15,0.0,0,1253.78,5760.929999999999,Male,29,Yes,No,No,Yes,3,9,11.115,0,1,Promoter
3711,Yes,1,41,Offer B,Yes,45.04,Yes,Yes,Cable,29,No,Yes,Yes,Yes,Yes,Yes,No,Yes,One Year,Yes,Bank Withdrawal,111.95,4534.9,0.0,0,1846.64,6381.539999999999,Male,66,No,Yes,Yes,No,0,8,12.43888888888889,0,1,Detractor
3360,No,0,16,,Yes,25.71,Yes,Yes,DSL,48,No,Yes,Yes,No,No,Yes,Yes,Yes,Month-to-Month,Yes,Bank Withdrawal,71.4,1212.1,0.0,0,411.36,1623.46,Male,24,Yes,No,No,No,0,7,8.925,0,1,Promoter
5722,Yes,7,66,Offer A,Yes,25.51,Yes,Yes,Fiber Optic,15,No,Yes,Yes,No,Yes,Yes,No,Yes,One Year,No,Credit Card,104.6,6819.45,0.0,0,1683.66,8503.11,Female,74,No,Yes,Yes,No,0,7,13.075,0,0,Detractor
4698,Yes,1,23,Offer D,Yes,39.59,No,No,No internet,0,No,No,No,No,No,No,No,No,Two Year,No,Bank Withdrawal,20.4,478.75,0.0,0,910.57,1389.3200000000002,Female,48,No,No,Yes,Yes,1,1,10.2,0,1,Passive
3575,No,0,42,,Yes,38.74,No,No,No internet,0,No,No,No,No,No,No,No,No,One Year,No,Bank Withdrawal,19.8,849.9,0.0,0,1627.0800000000002,2476.98,Male,55,No,No,No,No,0,1,9.9,0,1,Detractor
5861,Yes,1,1,Offer E,Yes,44.73,Yes,Yes,Fiber Optic,3,No,No,No,No,No,No,No,Yes,Month-to-Month,Yes,Bank Withdrawal,74.6,74.6,0.0,0,44.73,119.32999999999998,Male,63,No,No,Yes,No,0,3,18.65,1,1,Detractor
2618,No,0,47,,Yes,3.49,No,No,No internet,0,No,No,No,No,No,No,No,No,Two Year,No,Credit Card,20.15,1046.2,0.0,0,164.03,1210.23,Female,57,No,No,No,No,0,1,10.075,0,0,Detractor
3625,No,0,1,,Yes,27.88,No,No,No internet,0,No,No,No,No,No,No,No,No,Month-to-Month,No,Bank Withdrawal,19.65,19.65,0.0,0,27.88,47.53,Male,20,Yes,No,No,No,0,1,9.825,1,1,Detractor
4427,Yes,5,72,Offer A,Yes,36.05,Yes,Yes,Fiber Optic,14,Yes,No,Yes,No,Yes,Yes,Yes,Yes,Two Year,No,Bank Withdrawal,105.25,7609.75,0.0,0,2595.6,10205.35,Male,41,No,No,Yes,Yes,2,8,11.694444444444445,0,1,Detractor
5614,No,0,41,Offer B,Yes,29.19,Yes,Yes,Fiber Optic,4,No,No,Yes,No,Yes,Yes,Yes,Yes,Month-to-Month,No,Bank Withdrawal,98.05,3990.6,0.0,0,1196.79,5187.389999999999,Female,43,No,No,No,No,0,7,12.25625,0,1,Passive
5294,No,0,72,,Yes,31.31,Yes,Yes,Fiber Optic,18,Yes,Yes,Yes,Yes,No,Yes,Yes,Yes,Two Year,Yes,Bank Withdrawal,107.4,7748.75,0.0,0,2254.32,10003.07,Female,66,No,Yes,No,No,0,9,10.74,0,1,Passive
4811,Yes,6,62,,Yes,32.28,Yes,No,No internet,0,No,No,No,No,No,No,No,No,One Year,Yes,Credit Card,23.75,1446.8,0.0,0,2001.36,3448.16,Male,26,Yes,No,Yes,No,0,2,7.916666666666667,0,0,Passive
3915,No,0,40,,Yes,8.36,No,No,No internet,0,No,No,No,No,No,No,No,No,Two Year,No,Mailed Check,20.15,804.85,0.0,0,334.4,1139.25,Female,33,No,No,No,No,0,1,10.075,0,0,Promoter
5587,Yes,6,38,,Yes,2.86,No,No,No internet,0,No,No,No,No,No,No,No,No,Month-to-Month,No,Credit Card,20.45,781.25,0.0,0,108.68,889.93,Female,26,Yes,No,Yes,Yes,2,1,10.225,0,0,Passive
2651,No,0,29,,Yes,28.37,Yes,Yes,Fiber Optic,12,Yes,Yes,No,No,No,No,No,Yes,Month-to-Month,Yes,Bank Withdrawal,84.45,2467.1,0.0,0,822.73,3289.83,Male,37,No,No,Yes,No,0,5,14.075,0,1,Detractor
4517,Yes,2,27,,Yes,7.02,No,Yes,Cable,25,Yes,No,No,No,No,No,No,Yes,Month-to-Month,Yes,Bank Withdrawal,75.2,1929.35,0.0,0,189.54,2118.89,Female,80,No,Yes,Yes,No,0,3,18.8,0,1,Detractor
3677,No,0,4,Offer E,Yes,31.61,Yes,Yes,Fiber Optic,2,No,No,No,No,Yes,Yes,No,Yes,Month-to-Month,Yes,Bank Withdrawal,95.45,396.1,0.0,0,126.44,522.54,Female,74,No,Yes,No,No,0,5,15.908333333333331,1,1,Detractor
4390,No,0,17,,Yes,7.66,No,Yes,Fiber Optic,17,No,No,No,No,No,No,No,No,Month-to-Month,Yes,Bank Withdrawal,70.0,1144.5,0.0,80,130.22,1354.72,Female,51,No,No,No,No,0,1,35.0,0,1,Detractor
5251,No,0,2,Offer E,Yes,37.97,No,Yes,DSL,9,No,No,Yes,No,No,No,No,Yes,Two Year,No,Mailed Check,49.95,107.1,0.0,0,75.94,183.04,Male,71,No,Yes,No,No,0,3,12.4875,1,0,Promoter
4242,Yes,1,6,,Yes,26.91,No,Yes,Fiber Optic,6,No,Yes,No,No,No,Yes,Yes,Yes,Month-to-Month,Yes,Credit Card,83.55,477.55,0.0,0,161.46,639.01,Male,47,No,No,Yes,No,0,5,13.925,1,0,Detractor
5045,Yes,9,51,,No,0.0,No,Yes,DSL,6,No,Yes,No,No,No,No,No,Yes,Month-to-Month,Yes,Credit Card,30.05,1529.45,0.0,0,0.0,1529.45,Male,61,No,No,Yes,No,0,2,10.016666666666667,0,0,Passive
5323,No,0,40,,No,0.0,No,Yes,Cable,12,No,Yes,No,Yes,No,No,No,No,One Year,No,Credit Card,36.0,1382.9,0.0,130,0.0,1512.9,Male,55,No,No,No,No,0,2,12.0,0,0,Detractor
4741,Yes,6,20,Offer D,Yes,11.39,No,Yes,Fiber Optic,21,No,No,Yes,Yes,No,No,No,Yes,Month-to-Month,Yes,Mailed Check,81.0,1683.7,0.0,0,227.8,1911.5,Female,45,No,No,Yes,No,0,4,16.2,0,0,Detractor
4362,Yes,10,26,,No,0.0,No,Yes,Cable,28,Yes,Yes,Yes,No,Yes,No,No,No,One Year,No,Bank Withdrawal,47.85,1190.5,0.0,80,0.0,1270.5,Female,34,No,No,Yes,No,0,4,9.57,0,1,Passive
4653,No,0,15,Offer D,Yes,8.97,No,Yes,Cable,2,Yes,Yes,Yes,Yes,Yes,Yes,Yes,Yes,Month-to-Month,No,Mailed Check,84.45,1287.85,0.0,0,134.55,1422.4,Female,58,No,No,No,No,0,9,8.445,0,0,Detractor
5942,No,0,12,Offer D,Yes,49.25,Yes,Yes,DSL,47,No,No,No,Yes,Yes,Yes,Yes,Yes,One Year,Yes,Credit Card,75.85,854.45,0.0,0,591.0,1445.45,Female,23,Yes,No,No,No,0,7,9.48125,1,0,Passive
3571,No,0,1,,Yes,10.41,No,Yes,DSL,17,No,No,No,No,No,No,No,Yes,Month-to-Month,Yes,Mailed Check,45.7,45.7,0.0,0,10.41,56.11,Male,36,No,No,No,No,0,2,15.233333333333334,1,0,Detractor
5105,Yes,1,62,,Yes,16.48,Yes,No,No internet,0,No,No,No,No,No,No,No,No,One Year,No,Bank Withdrawal,24.8,1476.25,0.0,0,1021.76,2498.01,Male,60,No,No,Yes,Yes,1,2,8.266666666666667,0,1,Promoter
5913,No,0,1,,Yes,15.9,No,Yes,Cable,27,No,No,No,No,No,No,No,No,Month-to-Month,Yes,Bank Withdrawal,43.85,43.85,0.0,10,15.9,69.75,Male,54,No,No,No,No,0,1,21.925,1,1,Passive
5316,No,0,46,,Yes,22.13,Yes,Yes,Fiber Optic,22,No,Yes,Yes,No,Yes,No,No,Yes,One Year,Yes,Credit Card,94.9,4422.95,24.08,0,1017.98,5416.849999999999,Male,31,No,No,No,No,0,6,13.55714285714286,0,0,Passive
4123,No,0,1,,Yes,41.39,No,Yes,Fiber Optic,3,No,No,No,No,No,No,No,Yes,Month-to-Month,No,Bank Withdrawal,70.5,70.5,0.0,0,41.39,111.89,Female,53,No,No,No,No,0,2,23.5,1,1,Detractor
5344,No,0,4,,Yes,20.76,No,Yes,DSL,30,No,No,No,No,Yes,No,No,Yes,Month-to-Month,Yes,Bank Withdrawal,56.4,234.85,0.0,0,83.04,317.89,Male,38,No,No,No,No,0,3,14.1,1,1,Passive
5340,Yes,1,51,Offer B,Yes,40.34,No,Yes,DSL,9,Yes,Yes,Yes,Yes,Yes,Yes,Yes,Yes,Two Year,Yes,Credit Card,83.25,4089.45,0.0,0,2057.34,6146.79,Male,33,No,No,Yes,No,0,9,8.325,0,0,Detractor
4743,Yes,1,72,Offer A,Yes,24.89,Yes,Yes,Fiber Optic,5,Yes,Yes,Yes,Yes,Yes,Yes,Yes,Yes,Two Year,Yes,Credit Card,117.15,8529.5,0.0,0,1792.08,10321.58,Female,43,No,No,Yes,No,0,10,10.65,0,0,Detractor
4599,Yes,6,39,,Yes,9.13,No,Yes,Fiber Optic,18,Yes,Yes,No,No,Yes,Yes,No,Yes,One Year,No,Mailed Check,99.1,3877.95,0.0,0,356.07000000000005,4234.02,Female,77,No,Yes,Yes,No,0,6,14.157142857142857,0,0,Detractor
2010,No,0,1,,Yes,11.83,No,No,No internet,0,No,No,No,No,No,No,No,No,Month-to-Month,No,Bank Withdrawal,19.9,19.9,0.0,0,11.83,31.73,Female,22,Yes,No,No,No,0,1,9.95,1,1,Promoter
4064,No,0,2,,Yes,1.97,No,No,No internet,0,No,No,No,No,No,No,No,No,Month-to-Month,No,Credit Card,19.75,39.3,0.0,0,3.94,43.24,Male,58,No,No,No,No,0,1,9.875,1,0,Passive
4886,Yes,1,56,,Yes,19.16,Yes,Yes,Fiber Optic,48,No,Yes,No,No,Yes,Yes,Yes,No,One Year,Yes,Bank Withdrawal,98.25,5508.35,0.0,150,1072.96,6731.31,Female,21,Yes,No,Yes,No,0,6,14.035714285714286,0,1,Detractor
2093,No,0,17,,Yes,25.62,No,No,No internet,0,No,No,No,No,No,No,No,No,One Year,No,Bank Withdrawal,19.9,323.15,0.0,0,435.54,758.69,Female,38,No,No,No,No,0,1,9.95,0,1,Passive
5113,Yes,5,2,Offer E,Yes,7.27,No,No,No internet,0,No,No,No,No,No,No,No,No,Month-to-Month,No,Credit Card,20.3,40.25,0.0,0,14.54,54.79,Male,37,No,No,Yes,Yes,2,1,10.15,1,0,Passive
2505,Yes,1,43,Offer B,Yes,17.43,Yes,Yes,Fiber Optic,26,No,Yes,Yes,No,Yes,Yes,No,Yes,Month-to-Month,Yes,Bank Withdrawal,103.0,4414.3,0.0,0,749.49,5163.79,Male,73,No,Yes,Yes,No,0,7,12.875,0,1,Detractor
5118,No,0,11,,Yes,4.1,Yes,Yes,Fiber Optic,5,No,No,No,No,No,Yes,No,Yes,Month-to-Month,Yes,Credit Card,84.8,906.85,0.0,0,45.1,951.95,Female,78,No,Yes,No,No,0,4,16.96,1,0,Detractor
3652,Yes,3,19,,Yes,8.3,No,Yes,DSL,48,No,Yes,No,No,No,Yes,Yes,Yes,Month-to-Month,Yes,Credit Card,59.8,1130.85,0.0,0,157.70000000000002,1288.55,Female,20,Yes,No,Yes,No,0,5,9.966666666666669,0,0,Detractor
5946,No,0,54,Offer B,Yes,10.83,No,No,No internet,0,No,No,No,No,No,No,No,No,Two Year,Yes,Credit Card,20.5,1035.7,0.0,0,584.82,1620.52,Female,44,No,No,No,No,0,1,10.25,0,0,Promoter
5633,Yes,9,72,,Yes,34.69,Yes,Yes,Fiber Optic,59,Yes,Yes,Yes,Yes,Yes,Yes,Yes,No,Two Year,Yes,Bank Withdrawal,115.6,8220.4,0.0,140,2497.68,10858.08,Female,26,Yes,No,Yes,Yes,3,9,11.56,0,1,Detractor
2347,Yes,1,4,Offer E,Yes,24.57,No,No,No internet,0,No,No,No,No,No,No,No,No,Two Year,No,Mailed Check,19.9,76.65,0.0,0,98.28,174.93,Male,25,Yes,No,Yes,Yes,1,1,9.95,1,0,Passive
2902,Yes,1,41,,Yes,23.95,No,No,No internet,0,No,No,No,No,No,No,No,No,Two Year,No,Bank Withdrawal,19.7,804.25,0.0,0,981.95,1786.1999999999998,Female,45,No,No,Yes,Yes,1,1,9.85,0,1,Detractor
3700,Yes,2,33,,Yes,24.27,No,No,No internet,0,No,No,No,No,No,No,No,No,Two Year,No,Credit Card,20.1,670.35,0.0,0,800.91,1471.26,Female,61,No,No,Yes,Yes,3,1,10.05,0,0,Detractor
3291,No,0,27,Offer C,Yes,39.67,No,Yes,Fiber Optic,59,No,Yes,No,No,No,No,No,Yes,Month-to-Month,Yes,Bank Withdrawal,76.1,2093.4,30.14,0,1071.09,3134.3500000000004,Female,26,Yes,No,Yes,No,0,3,19.025,0,1,Detractor
4456,No,0,5,,Yes,48.49,Yes,Yes,Fiber Optic,85,No,No,No,No,Yes,No,No,Yes,Month-to-Month,Yes,Bank Withdrawal,84.0,424.75,0.0,0,242.45,667.2,Female,29,Yes,No,No,No,0,4,16.8,1,1,Passive
2253,No,0,10,Offer D,Yes,12.96,No,Yes,DSL,29,No,No,Yes,Yes,No,No,No,Yes,Month-to-Month,No,Bank Withdrawal,54.25,583.0,0.0,0,129.60000000000002,712.6,Female,41,No,No,No,No,0,4,10.85,1,1,Passive
2323,No,0,9,Offer E,No,0.0,No,Yes,DSL,52,No,No,No,No,No,No,No,Yes,Month-to-Month,Yes,Mailed Check,24.6,190.1,0.0,0,0.0,190.1,Male,24,Yes,No,No,No,0,1,12.3,1,0,Promoter
5922,Yes,6,8,Offer E,Yes,2.38,No,Yes,DSL,53,No,Yes,No,No,No,No,No,Yes,Month-to-Month,Yes,Bank Withdrawal,49.55,393.45,0.0,0,19.04,412.49,Male,24,Yes,No,Yes,No,0,3,12.3875,1,1,Promoter
4954,No,0,1,,No,0.0,No,Yes,DSL,18,No,No,No,No,Yes,Yes,Yes,Yes,Month-to-Month,Yes,Mailed Check,45.3,45.3,0.0,0,0.0,45.3,Male,34,No,No,No,No,0,4,9.06,1,0,Detractor
5001,No,0,1,,Yes,42.3,No,Yes,Fiber Optic,16,No,No,No,No,Yes,No,No,Yes,Month-to-Month,Yes,Bank Withdrawal,79.1,79.1,0.0,0,42.3,121.4,Male,65,No,Yes,No,No,0,3,19.775,1,1,Detractor
4943,No,0,13,Offer D,No,0.0,No,Yes,Cable,16,No,No,No,No,No,No,No,Yes,Month-to-Month,Yes,Bank Withdrawal,25.15,331.85,48.59,0,0.0,283.26,Male,37,No,No,No,No,0,1,12.575,0,1,Promoter
5950,No,0,70,Offer A,Yes,31.15,No,Yes,DSL,5,Yes,Yes,Yes,Yes,Yes,Yes,Yes,Yes,Two Year,No,Credit Card,86.45,5950.2,0.0,0,2180.5,8130.7,Female,31,No,No,Yes,No,0,9,8.645,0,0,Passive
2962,Yes,8,14,,Yes,45.76,No,No,No internet,0,No,No,No,No,No,No,No,No,One Year,No,Credit Card,19.65,228.65,0.0,0,640.64,869.29,Male,73,No,Yes,Yes,No,0,1,9.825,0,0,Promoter
2535,No,0,11,,Yes,1.01,No,Yes,Fiber Optic,8,No,No,No,No,No,No,No,Yes,Month-to-Month,No,Bank Withdrawal,70.2,760.05,0.0,0,11.11,771.16,Male,51,No,No,No,No,0,2,23.4,1,1,Promoter
2910,No,0,18,Offer D,Yes,18.8,No,No,No internet,0,No,No,No,No,No,No,No,No,One Year,No,Mailed Check,20.1,407.05,0.0,0,338.40000000000003,745.45,Female,38,No,No,No,No,0,1,10.05,0,0,Passive
4287,No,0,50,,Yes,18.92,Yes,Yes,Fiber Optic,11,No,No,No,No,Yes,Yes,Yes,Yes,Month-to-Month,Yes,Bank Withdrawal,95.7,4816.7,0.0,0,946.0,5762.7,Male,65,No,Yes,No,No,0,6,13.671428571428573,0,1,Detractor
5914,No,0,68,,Yes,20.3,Yes,Yes,DSL,13,No,Yes,Yes,No,Yes,Yes,Yes,No,Two Year,Yes,Bank Withdrawal,80.65,5330.2,0.0,90,1380.4,6800.6,Female,52,No,No,No,No,0,7,10.08125,0,1,Detractor
4572,No,0,41,,Yes,36.93,Yes,Yes,DSL,30,No,No,Yes,Yes,No,Yes,Yes,Yes,One Year,Yes,Bank Withdrawal,68.6,2877.05,0.0,0,1514.13,4391.18,Female,36,No,No,No,No,0,7,8.575,0,1,Passive
5600,No,0,1,,Yes,9.66,No,No,No internet,0,No,No,No,No,No,No,No,No,Month-to-Month,No,Mailed Check,19.8,19.8,0.0,0,9.66,29.46,Male,40,No,No,No,No,0,1,9.9,1,0,Detractor
5096,Yes,1,72,Offer A,Yes,15.58,Yes,Yes,DSL,20,Yes,Yes,Yes,Yes,Yes,Yes,Yes,Yes,Two Year,No,Credit Card,89.75,6595.9,0.0,0,1121.76,7717.66,Female,41,No,No,Yes,Yes,1,10,8.159090909090908,0,0,Detractor
4004,No,0,9,Offer E,Yes,48.61,No,No,No internet,0,No,No,No,No,No,No,No,No,One Year,Yes,Mailed Check,20.15,163.7,0.0,0,437.49,601.19,Male,40,No,No,No,No,0,1,10.075,1,0,Passive
5449,Yes,1,60,,Yes,28.45,Yes,No,No internet,0,No,No,No,No,No,No,No,No,One Year,No,Credit Card,23.95,1506.4,0.0,0,1707.0,3213.4,Male,37,No,No,Yes,Yes,2,2,7.983333333333333,0,0,Promoter
6325,Yes,7,70,,Yes,19.1,No,Yes,DSL,21,Yes,Yes,Yes,Yes,No,Yes,Yes,Yes,One Year,No,Credit Card,74.1,5222.3,0.0,0,1337.0,6559.3,Female,46,No,No,Yes,No,0,8,8.233333333333333,0,0,Detractor
4124,Yes,10,48,,Yes,37.96,No,No,No internet,0,No,No,No,No,No,No,No,No,Two Year,No,Bank Withdrawal,20.65,1057.0,0.0,0,1822.08,2879.08,Female,24,Yes,No,Yes,No,0,1,10.325,0,1,Promoter
5213,No,0,64,,Yes,44.31,Yes,Yes,Fiber Optic,4,Yes,Yes,Yes,Yes,Yes,Yes,Yes,Yes,Two Year,Yes,Bank Withdrawal,115.1,7334.05,0.0,0,2835.84,10169.89,Female,51,No,No,No,No,0,10,10.463636363636365,0,1,Detractor
6201,No,0,62,,Yes,8.23,Yes,No,No internet,0,No,No,No,No,No,No,No,No,Two Year,Yes,Credit Card,25.8,1563.95,0.0,0,510.2600000000001,2074.21,Female,55,No,No,No,No,0,2,8.6,0,0,Detractor
2327,No,0,23,,No,0.0,No,Yes,DSL,26,Yes,No,Yes,Yes,No,No,No,Yes,Two Year,No,Credit Card,40.1,857.75,0.0,0,0.0,857.75,Male,36,No,No,No,Yes,3,4,8.02,0,0,Passive
4959,Yes,5,42,,No,0.0,No,Yes,DSL,59,No,No,No,No,No,No,Yes,Yes,Month-to-Month,Yes,Credit Card,25.1,1097.15,0.0,0,0.0,1097.15,Male,26,Yes,No,Yes,No,0,2,8.366666666666667,0,0,Detractor
6092,Yes,7,69,Offer A,Yes,14.18,No,Yes,DSL,16,Yes,Yes,No,No,No,No,No,Yes,One Year,Yes,Credit Card,53.65,3804.4,0.0,0,978.42,4782.82,Male,36,No,No,Yes,No,0,4,10.73,0,0,Detractor
4960,Yes,2,23,Offer D,No,0.0,No,Yes,DSL,19,No,No,No,Yes,No,No,No,Yes,Month-to-Month,Yes,Bank Withdrawal,30.35,678.75,0.0,0,0.0,678.75,Male,45,No,No,Yes,Yes,1,2,10.116666666666667,0,1,Passive
2127,No,0,42,Offer B,Yes,5.95,No,No,No internet,0,No,No,No,No,No,No,No,No,Month-to-Month,No,Credit Card,20.35,869.9,0.0,0,249.9,1119.8,Female,37,No,No,Yes,No,0,1,10.175,0,0,Detractor
5930,No,0,1,Offer E,Yes,44.75,No,Yes,Cable,12,No,No,No,No,No,No,No,Yes,Month-to-Month,Yes,Credit Card,45.85,45.85,0.0,0,44.75,90.6,Male,58,No,No,No,No,0,2,15.283333333333331,1,0,Detractor
5531,No,0,68,,Yes,21.82,Yes,Yes,DSL,2,Yes,Yes,Yes,Yes,Yes,Yes,Yes,Yes,Two Year,Yes,Bank Withdrawal,88.15,6148.45,36.29,0,1483.76,7595.92,Female,63,No,No,No,No,0,10,8.013636363636364,0,1,Detractor
4914,Yes,1,6,Offer E,Yes,14.51,No,Yes,Cable,20,Yes,Yes,No,No,No,No,No,No,Month-to-Month,No,Credit Card,55.9,365.35,0.0,30,87.06,482.41,Female,55,No,No,Yes,Yes,3,3,13.975,1,0,Detractor
5435,No,0,54,,No,0.0,No,Yes,Cable,10,Yes,No,No,Yes,Yes,No,No,Yes,Two Year,No,Credit Card,45.2,2460.55,0.0,0,0.0,2460.55,Male,47,No,No,No,No,0,4,9.04,0,0,Passive
5824,No,0,1,,Yes,41.39,No,Yes,Cable,48,No,No,No,Yes,No,Yes,Yes,Yes,Month-to-Month,Yes,Credit Card,59.55,59.55,0.0,0,41.39,100.94,Male,20,Yes,No,No,Yes,1,5,9.925,1,0,Detractor
6082,Yes,5,72,Offer A,Yes,43.84,Yes,Yes,Fiber Optic,15,Yes,Yes,No,Yes,No,Yes,Yes,Yes,Two Year,Yes,Bank Withdrawal,100.55,7325.1,0.0,0,3156.4800000000005,10481.580000000002,Male,62,No,No,Yes,No,0,8,11.172222222222222,0,1,Promoter
4380,No,0,51,,No,0.0,No,Yes,DSL,24,No,Yes,Yes,No,Yes,Yes,Yes,Yes,One Year,Yes,Credit Card,56.4,2928.5,0.0,0,0.0,2928.5,Female,52,No,No,No,No,0,6,8.057142857142857,0,0,Passive
5775,Yes,7,71,,Yes,30.59,Yes,Yes,Fiber Optic,19,Yes,Yes,Yes,No,Yes,Yes,No,No,Month-to-Month,Yes,Bank Withdrawal,107.5,7713.55,0.0,140,2171.89,10025.44,Male,68,No,Yes,Yes,No,0,7,13.4375,0,1,Detractor
5762,Yes,3,72,,Yes,44.92,Yes,Yes,DSL,69,Yes,Yes,Yes,Yes,Yes,Yes,Yes,Yes,Two Year,No,Credit Card,89.8,6510.45,0.0,0,3234.24,9744.69,Female,23,Yes,No,Yes,No,0,10,8.163636363636364,0,0,Detractor
6290,No,0,52,Offer B,No,0.0,No,Yes,Cable,14,No,Yes,No,No,No,No,No,Yes,One Year,No,Mailed Check,30.1,1623.4,11.72,0,0.0,1611.68,Male,42,No,No,No,No,0,2,10.033333333333331,0,0,Detractor
2292,No,0,14,,Yes,29.96,Yes,Yes,Fiber Optic,7,No,Yes,Yes,No,Yes,Yes,No,Yes,Month-to-Month,Yes,Bank Withdrawal,104.85,1531.4,0.0,0,419.44,1950.84,Female,80,No,Yes,No,No,0,7,13.10625,0,1,Detractor
5421,No,0,24,,Yes,9.53,No,Yes,Fiber Optic,24,No,Yes,Yes,Yes,No,No,No,Yes,Month-to-Month,Yes,Bank Withdrawal,85.95,2107.15,0.0,0,228.72,2335.87,Male,60,No,No,No,No,0,5,14.325,0,1,Detractor
4361,No,0,71,,Yes,41.92,Yes,Yes,Fiber Optic,53,No,Yes,Yes,Yes,Yes,Yes,Yes,Yes,Two Year,Yes,Bank Withdrawal,111.25,7984.15,0.0,0,2976.32,10960.47,Female,29,Yes,No,No,No,0,9,11.125,0,1,Passive
4184,Yes,1,8,Offer E,Yes,6.78,No,Yes,DSL,24,No,No,No,No,No,No,No,Yes,One Year,Yes,Credit Card,43.45,345.5,0.0,0,54.24,399.74,Male,48,No,No,Yes,Yes,2,2,14.483333333333334,1,0,Detractor
4283,Yes,8,49,,No,0.0,No,Yes,Cable,27,No,Yes,No,No,Yes,Yes,Yes,Yes,Two Year,No,Credit Card,49.65,2409.9,0.0,0,0.0,2409.9,Male,22,Yes,No,Yes,No,0,5,8.275,0,0,Passive
5957,Yes,5,68,,Yes,1.98,Yes,Yes,Fiber Optic,19,Yes,Yes,No,No,No,Yes,No,Yes,One Year,Yes,Credit Card,96.55,6581.9,0.0,0,134.64,6716.54,Female,68,No,Yes,Yes,No,0,6,13.792857142857144,0,0,Detractor
3286,No,0,42,,Yes,25.69,Yes,Yes,Fiber Optic,13,No,No,No,Yes,Yes,Yes,Yes,Yes,Month-to-Month,Yes,Bank Withdrawal,100.3,4222.95,0.0,0,1078.98,5301.93,Male,48,No,No,No,No,0,7,12.5375,0,1,Promoter
4341,No,0,32,,Yes,41.53,Yes,Yes,Fiber Optic,28,No,No,Yes,No,Yes,Yes,Yes,Yes,Month-to-Month,Yes,Bank Withdrawal,101.35,3334.9,0.0,0,1328.96,4663.860000000001,Female,33,No,No,No,No,0,7,12.66875,0,1,Promoter
4855,No,0,25,,Yes,28.05,Yes,Yes,Cable,85,Yes,Yes,Yes,Yes,Yes,No,No,Yes,Month-to-Month,Yes,Bank Withdrawal,78.35,1837.9,0.0,0,701.25,2539.15,Female,19,Yes,No,No,No,0,8,8.705555555555556,0,1,Passive
6043,No,0,58,,Yes,44.67,Yes,Yes,Fiber Optic,8,No,No,No,Yes,No,No,No,Yes,Month-to-Month,No,Bank Withdrawal,80.65,4807.35,0.0,0,2590.86,7398.210000000001,Male,52,No,No,No,No,0,4,16.130000000000003,0,1,Promoter
5983,No,0,10,,Yes,48.38,No,Yes,Fiber Optic,42,Yes,No,Yes,No,No,No,No,Yes,Month-to-Month,Yes,Credit Card,79.85,887.35,0.0,0,483.8,1371.15,Male,29,Yes,No,No,No,0,4,15.97,1,0,Detractor
3094,Yes,5,29,,No,0.0,No,Yes,Cable,23,Yes,No,Yes,No,No,Yes,No,Yes,One Year,Yes,Bank Withdrawal,45.0,1228.65,0.0,0,0.0,1228.65,Female,69,No,Yes,Yes,No,0,4,9.0,0,1,Detractor
2412,No,0,1,,Yes,14.19,No,Yes,Fiber Optic,59,No,No,No,No,No,No,Yes,Yes,Month-to-Month,Yes,Bank Withdrawal,69.6,69.6,0.0,0,14.19,83.78999999999999,Female,25,Yes,No,No,No,0,3,17.4,1,1,Detractor
3389,No,0,1,,Yes,10.14,No,No,No internet,0,No,No,No,No,No,No,No,No,Month-to-Month,Yes,Mailed Check,21.05,21.05,0.0,0,10.14,31.19,Male,53,No,No,No,Yes,1,1,10.525,1,0,Detractor
4890,Yes,6,67,,Yes,5.48,No,No,No internet,0,No,No,No,No,No,No,No,No,Two Year,Yes,Credit Card,19.4,1284.2,0.0,0,367.16,1651.36,Male,48,No,No,Yes,Yes,2,1,9.7,0,0,Promoter
4500,No,0,11,Offer D,Yes,33.06,No,No,No internet,0,No,No,No,No,No,No,No,No,Month-to-Month,No,Credit Card,20.1,221.35,0.0,0,363.66,585.01,Female,62,No,No,No,Yes,3,1,10.05,1,0,Detractor
6487,No,0,56,Offer B,Yes,18.42,No,Yes,DSL,13,No,Yes,No,Yes,Yes,Yes,Yes,No,One Year,Yes,Bank Withdrawal,75.75,4284.65,0.0,90,1031.52,5406.17,Male,61,No,No,No,No,0,6,10.821428571428571,0,1,Detractor
4634,Yes,1,24,Offer C,Yes,1.14,Yes,No,No internet,0,No,No,No,No,No,No,No,No,Two Year,Yes,Bank Withdrawal,24.1,587.4,0.0,0,27.36,614.76,Male,19,Yes,No,Yes,Yes,3,2,8.033333333333333,0,1,Detractor
5102,Yes,1,22,Offer D,Yes,27.24,No,Yes,DSL,21,Yes,No,No,Yes,No,No,No,Yes,Month-to-Month,Yes,Bank Withdrawal,54.2,1152.7,0.0,0,599.28,1751.98,Male,48,No,No,Yes,No,0,4,10.84,0,1,Detractor
2363,No,0,8,Offer E,Yes,19.68,Yes,Yes,Fiber Optic,41,Yes,No,No,Yes,Yes,Yes,Yes,Yes,Month-to-Month,Yes,Bank Withdrawal,103.35,847.3,0.0,0,157.44,1004.74,Female,26,Yes,No,No,No,0,8,11.483333333333333,1,1,Detractor
4629,No,0,1,,Yes,48.22,No,Yes,Cable,22,No,No,No,No,No,Yes,Yes,Yes,Month-to-Month,Yes,Credit Card,55.7,55.7,0.0,0,48.22,103.92,Male,62,No,No,No,No,0,4,11.14,1,0,Detractor
6212,No,0,52,Offer B,Yes,29.23,Yes,Yes,Fiber Optic,30,No,Yes,Yes,No,Yes,No,No,Yes,Month-to-Month,No,Bank Withdrawal,94.6,5025.8,0.0,0,1519.96,6545.76,Female,60,No,No,Yes,No,0,6,13.514285714285714,0,1,Detractor
5728,No,0,14,,Yes,9.19,No,No,No internet,0,No,No,No,No,No,No,No,No,Month-to-Month,Yes,Bank Withdrawal,20.05,299.3,0.0,0,128.66,427.96,Male,27,Yes,No,No,No,0,1,10.025,0,1,Promoter
4696,No,0,39,Offer C,Yes,36.17,Yes,Yes,Fiber Optic,5,No,No,No,No,No,No,No,Yes,Month-to-Month,No,Bank Withdrawal,75.25,3017.65,0.0,0,1410.63,4428.280000000001,Male,64,No,No,No,No,0,3,18.8125,0,1,Detractor
4624,Yes,1,42,Offer B,Yes,34.65,Yes,Yes,Fiber Optic,9,No,Yes,Yes,Yes,No,Yes,Yes,No,Month-to-Month,Yes,Bank Withdrawal,99.45,4138.05,30.46,140,1455.3,5702.89,Male,50,No,No,Yes,No,0,7,12.43125,0,1,Detractor
5311,No,0,51,Offer B,Yes,27.3,No,Yes,Fiber Optic,13,Yes,No,No,No,Yes,No,No,Yes,One Year,No,Credit Card,86.35,4267.15,0.0,0,1392.3,5659.45,Male,51,No,No,No,No,0,4,17.27,0,0,Detractor
5482,Yes,1,2,,No,0.0,No,Yes,Cable,51,No,No,No,No,Yes,Yes,Yes,Yes,Month-to-Month,No,Bank Withdrawal,44.6,97.1,0.0,0,0.0,97.1,Female,23,Yes,No,Yes,No,0,4,8.92,1,1,Detractor
5044,No,0,64,,Yes,30.27,Yes,Yes,Fiber Optic,12,Yes,Yes,No,No,No,No,No,Yes,One Year,Yes,Credit Card,84.3,5289.05,0.0,0,1937.28,7226.33,Male,34,No,No,No,No,0,5,14.05,0,0,Detractor
2752,No,0,9,Offer E,Yes,49.14,Yes,Yes,Fiber Optic,58,No,No,No,No,Yes,No,No,Yes,Month-to-Month,Yes,Bank Withdrawal,85.35,758.6,0.0,0,442.26,1200.86,Male,28,Yes,No,No,No,0,4,17.07,1,1,Detractor
4457,No,0,8,Offer E,Yes,37.28,Yes,Yes,DSL,14,Yes,Yes,No,Yes,No,Yes,Yes,Yes,Two Year,Yes,Credit Card,76.15,645.8,0.0,0,298.24,944.04,Male,32,No,No,Yes,Yes,1,8,8.461111111111112,1,0,Passive
6238,Yes,9,61,Offer B,Yes,39.31,Yes,Yes,DSL,10,No,No,Yes,No,Yes,No,No,Yes,One Year,Yes,Bank Withdrawal,65.2,3965.05,0.0,0,2397.9100000000003,6362.960000000001,Female,74,No,Yes,Yes,Yes,1,5,10.866666666666667,0,1,Passive
4334,No,0,48,,Yes,4.15,Yes,Yes,Fiber Optic,46,Yes,No,No,Yes,No,Yes,Yes,Yes,Month-to-Month,Yes,Bank Withdrawal,95.4,4445.3,0.0,0,199.2,4644.5,Male,28,Yes,No,No,No,0,7,11.925,0,1,Detractor
4531,Yes,8,10,,Yes,32.76,No,Yes,Fiber Optic,51,No,No,No,No,Yes,Yes,Yes,Yes,Month-to-Month,Yes,Bank Withdrawal,88.85,929.45,0.0,0,327.6,1257.05,Female,45,No,No,Yes,Yes,3,5,14.808333333333332,1,1,Passive
2612,No,0,5,,Yes,41.29,No,Yes,DSL,51,Yes,No,Yes,No,No,No,No,Yes,Month-to-Month,Yes,Credit Card,55.8,274.35,0.0,0,206.45,480.8,Male,24,Yes,No,No,No,0,4,11.16,1,0,Detractor
3142,No,0,6,,Yes,47.46,No,No,No internet,0,No,No,No,No,No,No,No,No,Month-to-Month,No,Mailed Check,20.0,109.2,0.0,0,284.76,393.96,Female,60,No,No,No,No,0,1,10.0,1,0,Detractor
4745,Yes,5,13,Offer D,Yes,29.92,No,Yes,Fiber Optic,21,Yes,No,No,No,No,Yes,Yes,Yes,Month-to-Month,No,Bank Withdrawal,84.05,1095.3,23.97,0,388.96,1460.29,Male,40,No,No,Yes,No,0,5,14.008333333333333,0,1,Detractor
2183,No,0,45,Offer B,Yes,24.75,Yes,Yes,Fiber Optic,13,No,No,Yes,Yes,Yes,Yes,Yes,Yes,Month-to-Month,Yes,Bank Withdrawal,103.65,4747.85,0.0,0,1113.75,5861.6,Male,51,No,No,No,No,0,8,11.516666666666667,0,1,Promoter
4161,No,0,29,,No,0.0,No,Yes,DSL,59,No,No,No,No,No,No,No,Yes,One Year,Yes,Credit Card,24.85,788.05,0.0,0,0.0,788.05,Male,19,Yes,No,No,No,0,1,12.425,0,0,Promoter
5242,Yes,1,72,,Yes,15.52,Yes,Yes,Cable,6,Yes,Yes,Yes,Yes,No,No,No,Yes,Two Year,Yes,Bank Withdrawal,67.8,4804.65,0.0,0,1117.44,5922.09,Male,46,No,No,Yes,No,0,7,8.475,0,1,Detractor
3963,No,0,1,,Yes,26.0,No,Yes,Fiber Optic,8,No,No,No,No,No,No,No,Yes,Month-to-Month,No,Mailed Check,70.75,70.75,0.0,0,26.0,96.75,Female,56,No,No,No,No,0,2,23.58333333333333,1,0,Detractor
4843,Yes,10,9,,Yes,8.1,No,Yes,Fiber Optic,20,No,No,No,Yes,No,No,No,Yes,Month-to-Month,Yes,Bank Withdrawal,75.85,647.5,0.0,0,72.89999999999999,720.4,Female,39,No,No,Yes,Yes,1,3,18.9625,1,1,Promoter
2140,Yes,1,24,Offer C,Yes,36.05,Yes,Yes,Cable,24,Yes,No,Yes,Yes,Yes,Yes,Yes,Yes,One Year,Yes,Mailed Check,84.8,1990.5,48.23,0,865.1999999999999,2807.47,Male,38,No,No,Yes,Yes,2,9,8.48,0,0,Detractor
5203,No,0,3,,Yes,6.97,Yes,Yes,Fiber Optic,14,No,No,No,No,No,No,No,Yes,Month-to-Month,No,Bank Withdrawal,74.5,217.45,0.0,0,20.91,238.36,Male,39,No,No,No,No,0,3,18.625,1,1,Detractor
2848,Yes,2,9,,Yes,44.46,No,Yes,DSL,24,No,Yes,No,Yes,No,No,No,Yes,Month-to-Month,No,Credit Card,54.8,452.8,0.0,0,400.14,852.94,Male,43,No,No,Yes,Yes,2,4,10.96,1,0,Passive
5763,Yes,4,21,,Yes,17.19,No,Yes,DSL,11,No,No,No,No,Yes,No,No,Yes,Month-to-Month,No,Bank Withdrawal,54.6,1125.2,0.0,0,360.99,1486.19,Male,57,No,No,Yes,No,0,3,13.65,0,1,Detractor
3971,Yes,6,25,Offer C,Yes,37.97,No,Yes,DSL,22,Yes,No,No,Yes,No,No,No,Yes,Month-to-Month,No,Bank Withdrawal,54.3,1296.8,0.0,0,949.25,2246.05,Male,34,No,No,Yes,Yes,1,4,10.86,0,1,Passive
4270,Yes,5,64,,Yes,14.87,No,Yes,Fiber Optic,16,Yes,No,Yes,No,No,No,No,Yes,One Year,No,Credit Card,80.3,5017.7,0.0,0,951.68,5969.38,Male,77,No,Yes,Yes,No,0,4,16.06,0,0,Detractor
2863,No,0,5,Offer E,No,0.0,No,Yes,DSL,2,No,No,Yes,No,No,Yes,Yes,Yes,Month-to-Month,No,Bank Withdrawal,39.5,210.75,39.27,0,0.0,171.48,Female,55,No,No,No,No,0,4,7.9,1,1,Detractor
2259,No,0,17,,Yes,42.66,No,No,No internet,0,No,No,No,No,No,No,No,No,One Year,Yes,Mailed Check,20.5,365.8,0.0,0,725.2199999999999,1091.02,Male,41,No,No,No,No,0,1,10.25,0,0,Detractor
3079,Yes,1,24,,Yes,2.05,Yes,Yes,Fiber Optic,22,Yes,No,No,No,No,No,No,Yes,Month-to-Month,Yes,Bank Withdrawal,78.85,1772.25,0.0,0,49.2,1821.45,Male,71,No,Yes,Yes,No,0,4,15.77,0,1,Detractor
4115,Yes,1,57,Offer B,No,0.0,No,Yes,Cable,22,Yes,Yes,Yes,No,Yes,Yes,Yes,Yes,Month-to-Month,Yes,Bank Withdrawal,58.75,3437.45,0.0,0,0.0,3437.45,Female,45,No,No,Yes,No,0,7,7.34375,0,1,Detractor
4090,Yes,4,71,Offer A,Yes,6.23,No,Yes,DSL,58,Yes,No,Yes,Yes,Yes,Yes,Yes,Yes,Two Year,No,Bank Withdrawal,81.85,5924.4,0.0,0,442.33,6366.73,Female,25,Yes,No,Yes,No,0,8,9.094444444444443,0,1,Passive
5154,Yes,2,67,Offer A,Yes,48.75,No,No,No internet,0,No,No,No,No,No,No,No,No,Two Year,Yes,Bank Withdrawal,19.25,1372.9,0.0,0,3266.25,4639.15,Female,56,No,No,Yes,Yes,1,1,9.625,0,1,Passive
4119,No,0,39,Offer C,No,0.0,No,Yes,DSL,4,No,No,Yes,No,Yes,Yes,Yes,Yes,Month-to-Month,Yes,Bank Withdrawal,50.75,2011.4,0.0,0,0.0,2011.4,Female,35,No,No,No,No,0,5,8.458333333333334,0,1,Detractor
2692,No,0,25,Offer C,Yes,30.28,No,No,No internet,0,No,No,No,No,No,No,No,No,Month-to-Month,No,Mailed Check,19.05,461.3,0.0,0,757.0,1218.3,Female,50,No,No,No,No,0,1,9.525,0,0,Promoter
4412,Yes,6,70,Offer A,Yes,4.11,Yes,Yes,Cable,16,Yes,Yes,Yes,Yes,Yes,No,No,Yes,Two Year,No,Bank Withdrawal,80.7,5617.95,0.0,0,287.70000000000005,5905.65,Female,50,No,No,Yes,Yes,2,8,8.966666666666667,0,1,Passive
3726,No,0,35,,Yes,25.52,No,No,No internet,0,No,No,No,No,No,No,No,No,One Year,Yes,Credit Card,20.1,644.5,0.0,0,893.1999999999999,1537.6999999999998,Female,44,No,No,No,Yes,1,1,10.05,0,0,Passive
3266,No,0,8,,Yes,7.02,No,Yes,DSL,23,No,No,No,No,No,No,No,No,Month-to-Month,No,Credit Card,43.55,335.4,0.0,10,56.16,401.56,Male,44,No,No,No,No,0,1,21.775,1,0,Promoter
5052,No,0,50,Offer B,No,0.0,No,Yes,DSL,7,Yes,No,No,Yes,No,No,No,Yes,One Year,Yes,Credit Card,35.4,1748.9,0.0,0,0.0,1748.9,Male,45,No,No,No,No,0,3,8.85,0,0,Detractor
4714,Yes,1,68,,Yes,44.24,Yes,Yes,Fiber Optic,5,No,No,No,No,Yes,No,No,Yes,One Year,Yes,Bank Withdrawal,83.0,5685.8,0.0,0,3008.32,8694.12,Female,42,No,No,Yes,No,0,4,16.6,0,1,Detractor
4545,No,0,5,Offer E,Yes,30.92,No,Yes,Cable,41,Yes,No,No,Yes,No,No,Yes,Yes,Month-to-Month,Yes,Credit Card,55.75,266.95,0.0,0,154.60000000000002,421.55,Male,27,Yes,No,No,No,0,5,9.291666666666666,1,0,Passive
6499,No,0,69,Offer A,Yes,18.47,Yes,Yes,DSL,28,Yes,No,Yes,Yes,Yes,Yes,Yes,Yes,Two Year,Yes,Credit Card,85.35,5897.4,0.0,0,1274.4299999999998,7171.83,Female,42,No,No,No,No,0,9,8.535,0,0,Detractor
5425,Yes,9,64,,Yes,23.29,No,Yes,DSL,25,No,Yes,Yes,Yes,No,Yes,Yes,Yes,Two Year,Yes,Credit Card,68.3,4378.8,0.0,0,1490.56,5869.360000000001,Female,57,No,No,Yes,No,0,7,8.5375,0,0,Promoter
4261,No,0,1,,Yes,22.3,Yes,Yes,Fiber Optic,51,No,No,No,No,Yes,No,No,No,Month-to-Month,Yes,Mailed Check,84.65,84.65,0.0,40,22.3,146.95000000000002,Male,25,Yes,No,No,No,0,3,21.1625,1,0,Detractor
2810,No,0,29,,Yes,14.46,No,Yes,DSL,25,Yes,No,Yes,Yes,No,No,No,Yes,One Year,No,Credit Card,58.0,1734.5,0.0,0,419.34,2153.84,Female,42,No,No,No,No,0,5,9.666666666666666,0,0,Detractor
4819,Yes,1,8,,Yes,46.05,Yes,Yes,Fiber Optic,22,No,No,No,No,No,Yes,No,Yes,Month-to-Month,Yes,Bank Withdrawal,84.0,613.4,0.0,0,368.4,981.8,Female,75,No,Yes,Yes,No,0,4,16.8,1,1,Detractor
3029,No,0,1,,Yes,37.51,No,Yes,Fiber Optic,10,No,No,No,No,No,No,No,Yes,Month-to-Month,No,Mailed Check,71.1,71.1,0.0,0,37.51,108.61,Female,47,No,No,No,No,0,2,23.7,1,0,Promoter
5553,Yes,2,68,,Yes,8.62,No,Yes,DSL,53,No,Yes,No,Yes,Yes,No,No,Yes,Two Year,No,Bank Withdrawal,64.1,4326.25,19.12,0,586.16,4893.29,Female,23,Yes,No,Yes,No,0,5,10.683333333333332,0,1,Promoter
4580,Yes,1,23,,Yes,5.8,Yes,Yes,DSL,12,No,No,No,No,No,No,No,Yes,One Year,Yes,Credit Card,48.35,1067.15,0.0,0,133.4,1200.5500000000002,Male,60,No,No,Yes,No,0,3,12.0875,0,0,Detractor
4471,No,0,61,Offer B,Yes,4.51,Yes,Yes,Cable,24,Yes,No,Yes,Yes,Yes,Yes,Yes,Yes,Two Year,No,Credit Card,86.45,5175.3,0.0,0,275.11,5450.41,Female,57,No,No,No,No,0,9,8.645,0,0,Passive
2516,Yes,1,47,Offer B,Yes,17.54,Yes,Yes,Fiber Optic,59,No,Yes,Yes,No,No,No,Yes,No,Month-to-Month,Yes,Bank Withdrawal,83.35,4065.0,0.0,140,824.38,5029.38,Male,26,Yes,No,Yes,No,0,5,13.891666666666666,0,1,Detractor
4173,No,0,15,,Yes,39.57,No,Yes,Fiber Optic,16,No,No,No,No,Yes,Yes,No,Yes,Two Year,Yes,Bank Withdrawal,91.5,1400.3,48.66,0,593.55,1945.19,Female,80,No,Yes,No,No,0,4,18.3,0,1,Detractor
2691,No,0,36,,Yes,41.33,No,No,No internet,0,No,No,No,No,No,No,No,No,One Year,No,Credit Card,19.55,620.75,0.0,0,1487.88,2108.63,Female,47,No,No,No,No,0,1,9.775,0,0,Promoter
2173,Yes,3,22,,Yes,48.06,No,No,No internet,0,No,No,No,No,No,No,No,No,One Year,No,Credit Card,20.15,419.9,0.0,0,1057.3200000000002,1477.2200000000005,Male,37,No,No,Yes,No,0,1,10.075,0,0,Promoter
3964,No,0,6,Offer E,Yes,8.91,No,Yes,Fiber Optic,27,No,No,Yes,No,No,No,No,No,Month-to-Month,No,Bank Withdrawal,74.4,434.1,0.0,20,53.46,507.56,Female,75,No,Yes,No,No,0,2,24.8,1,1,Detractor
5915,No,0,54,,Yes,20.93,No,Yes,Fiber Optic,11,Yes,Yes,No,Yes,Yes,Yes,Yes,No,One Year,Yes,Bank Withdrawal,105.85,5826.65,0.0,10,1130.22,6966.87,Male,58,No,No,No,Yes,1,7,13.23125,0,1,Passive
2827,No,0,44,Offer B,Yes,44.45,Yes,Yes,Fiber Optic,19,Yes,Yes,Yes,No,Yes,Yes,Yes,Yes,Month-to-Month,Yes,Bank Withdrawal,111.5,4915.15,0.0,0,1955.8,6870.95,Male,48,No,No,No,No,0,9,11.15,0,1,Passive
2723,No,0,15,,Yes,7.96,Yes,No,No internet,0,No,No,No,No,No,No,No,No,Month-to-Month,Yes,Bank Withdrawal,26.35,378.6,0.0,0,119.4,498.0,Male,48,No,No,No,No,0,2,8.783333333333333,0,1,Detractor
4160,No,0,6,,Yes,6.32,Yes,Yes,Fiber Optic,11,No,No,No,No,No,No,No,Yes,Month-to-Month,Yes,Bank Withdrawal,74.9,469.8,0.0,0,37.92,507.72,Male,49,No,No,No,No,0,3,18.725,1,1,Detractor
4006,Yes,2,30,,Yes,9.81,No,No,No internet,0,No,No,No,No,No,No,No,No,One Year,No,Credit Card,19.8,576.65,0.0,0,294.3,870.95,Male,33,No,No,Yes,No,0,1,9.9,0,0,Promoter
5898,No,0,3,,Yes,17.87,Yes,Yes,Fiber Optic,25,No,No,No,No,No,No,No,Yes,Month-to-Month,No,Bank Withdrawal,75.25,242.0,0.0,0,53.61,295.61,Female,40,No,No,No,No,0,3,18.8125,1,1,Detractor
5360,Yes,3,66,,Yes,6.94,Yes,Yes,Fiber Optic,23,No,Yes,Yes,Yes,Yes,Yes,Yes,Yes,One Year,Yes,Credit Card,108.1,7181.95,0.0,0,458.04,7639.99,Female,73,No,Yes,Yes,No,0,9,10.81,0,0,Detractor
3851,Yes,5,15,,Yes,39.77,No,Yes,DSL,18,No,Yes,Yes,Yes,Yes,Yes,Yes,Yes,Month-to-Month,No,Bank Withdrawal,76.5,1155.6,0.0,0,596.5500000000001,1752.15,Female,63,No,No,Yes,Yes,1,8,8.5,0,1,Promoter
4881,Yes,9,64,Offer B,Yes,16.33,Yes,Yes,Fiber Optic,10,Yes,No,Yes,Yes,Yes,Yes,No,Yes,Two Year,Yes,Bank Withdrawal,111.6,7099.0,0.0,0,1045.12,8144.12,Male,71,No,Yes,Yes,No,0,8,12.4,0,1,Passive
5545,No,0,42,,Yes,18.79,Yes,Yes,Fiber Optic,16,No,Yes,No,No,Yes,Yes,Yes,Yes,Month-to-Month,Yes,Bank Withdrawal,101.75,4273.45,0.0,0,789.18,5062.63,Male,64,No,No,No,No,0,7,12.71875,0,1,Detractor
3830,No,0,1,Offer E,Yes,26.37,No,No,No internet,0,No,No,No,No,No,No,No,No,Month-to-Month,Yes,Mailed Check,20.3,20.3,0.0,0,26.37,46.67,Female,44,No,No,No,No,0,1,10.15,1,0,Detractor
5028,No,0,9,,No,0.0,No,Yes,Cable,20,No,No,No,No,Yes,Yes,Yes,No,Month-to-Month,Yes,Bank Withdrawal,45.4,418.8,0.0,20,0.0,438.8,Male,54,No,No,No,No,0,3,11.35,1,1,Detractor
2885,No,0,2,,Yes,32.98,No,Yes,Fiber Optic,14,No,Yes,No,No,Yes,No,No,Yes,Two Year,Yes,Bank Withdrawal,83.8,163.7,0.0,0,65.96,229.66,Female,76,No,Yes,No,No,0,4,16.759999999999998,1,1,Detractor
4882,No,0,57,,Yes,28.27,Yes,Yes,Fiber Optic,41,Yes,Yes,No,Yes,No,No,No,Yes,Month-to-Month,Yes,Bank Withdrawal,87.55,4884.85,1.83,0,1611.39,6494.41,Female,30,No,No,No,No,0,6,12.507142857142856,0,1,Detractor
2942,No,0,46,Offer B,Yes,30.25,No,No,No internet,0,No,No,No,No,No,No,No,No,Two Year,No,Bank Withdrawal,20.05,902.0,0.0,0,1391.5,2293.5,Male,61,No,No,No,No,0,1,10.025,0,1,Promoter
2810,No,0,40,,Yes,8.08,No,Yes,DSL,76,Yes,Yes,No,No,No,No,No,Yes,Month-to-Month,Yes,Mailed Check,55.25,2139.2,0.0,0,323.2,2462.4,Male,20,Yes,No,No,Yes,1,4,11.05,0,0,Detractor
5671,Yes,5,68,Offer A,Yes,32.59,Yes,Yes,Fiber Optic,24,Yes,Yes,Yes,Yes,Yes,Yes,Yes,Yes,Two Year,Yes,Bank Withdrawal,114.7,7849.85,0.0,0,2216.1200000000003,10065.97,Male,61,No,No,Yes,Yes,1,10,10.427272727272728,0,1,Detractor
4614,No,0,10,Offer D,Yes,46.33,No,Yes,Fiber Optic,26,Yes,No,Yes,No,Yes,Yes,Yes,Yes,One Year,Yes,Bank Withdrawal,98.9,1064.95,0.0,0,463.3,1528.25,Male,37,No,No,No,No,0,7,12.3625,1,1,Detractor
5652,No,0,23,Offer D,Yes,13.98,No,No,No internet,0,No,No,No,No,No,No,No,No,Month-to-Month,Yes,Credit Card,19.5,470.2,0.0,0,321.54,791.74,Female,33,No,No,No,No,0,1,9.75,0,0,Passive
3805,No,0,2,Offer E,Yes,23.91,No,Yes,Cable,22,No,No,No,No,No,No,No,Yes,One Year,Yes,Bank Withdrawal,44.3,89.3,0.0,0,47.82,137.12,Female,73,No,Yes,No,No,0,2,14.766666666666666,1,1,Detractor
5322,No,0,6,,Yes,10.54,No,No,No internet,0,No,No,No,No,No,No,No,No,One Year,No,Credit Card,19.15,124.4,0.0,0,63.24,187.64,Male,33,No,No,No,No,0,1,9.575,1,0,Promoter
4768,Yes,8,72,Offer A,Yes,7.85,Yes,Yes,Fiber Optic,20,Yes,Yes,No,No,Yes,Yes,Yes,No,One Year,Yes,Bank Withdrawal,106.85,7677.4,0.0,100,565.1999999999999,8342.6,Female,69,No,Yes,Yes,No,0,7,13.35625,0,1,Passive
4886,Yes,1,72,Offer A,No,0.0,No,Yes,DSL,24,Yes,Yes,Yes,Yes,Yes,Yes,No,Yes,Two Year,Yes,Bank Withdrawal,64.8,4732.35,0.0,0,0.0,4732.35,Male,78,No,Yes,Yes,No,0,7,8.1,0,1,Detractor
3607,Yes,7,24,,Yes,2.31,No,Yes,Cable,53,Yes,No,Yes,No,No,No,No,Yes,One Year,Yes,Credit Card,56.25,1454.25,0.0,0,55.44,1509.69,Male,33,No,No,Yes,Yes,3,4,11.25,0,0,Passive
2941,No,0,34,Offer C,Yes,21.69,Yes,Yes,Fiber Optic,28,No,Yes,Yes,No,Yes,Yes,Yes,Yes,Month-to-Month,Yes,Bank Withdrawal,106.35,3549.25,0.0,0,737.46,4286.71,Male,51,No,No,No,Yes,1,8,11.816666666666666,0,1,Detractor
4895,No,0,32,,Yes,15.52,No,Yes,DSL,12,No,No,No,No,Yes,Yes,Yes,Yes,One Year,Yes,Bank Withdrawal,64.85,2010.95,0.0,0,496.64,2507.59,Male,43,No,No,No,No,0,5,10.808333333333332,0,1,Promoter
4977,Yes,1,47,,Yes,20.93,Yes,Yes,Fiber Optic,85,No,No,No,No,Yes,Yes,Yes,No,One Year,Yes,Credit Card,95.2,4563.0,0.0,80,983.71,5626.71,Male,21,Yes,No,Yes,No,0,5,15.866666666666667,0,0,Promoter
4627,Yes,1,72,,Yes,24.44,Yes,Yes,DSL,13,Yes,Yes,Yes,Yes,Yes,Yes,No,Yes,Two Year,No,Credit Card,89.1,6352.4,0.0,0,1759.68,8112.08,Female,70,No,Yes,Yes,No,0,9,8.91,0,0,Detractor
3879,Yes,7,46,,Yes,27.65,No,No,No internet,0,No,No,No,No,No,No,No,No,Two Year,No,Bank Withdrawal,20.25,890.35,0.0,0,1271.9,2162.25,Female,42,No,No,Yes,Yes,1,1,10.125,0,1,Detractor
5892,Yes,10,55,,Yes,35.04,No,Yes,Fiber Optic,57,No,Yes,Yes,Yes,Yes,Yes,Yes,No,One Year,Yes,Bank Withdrawal,103.7,5656.75,0.0,20,1927.2,7603.95,Female,37,No,No,Yes,Yes,3,7,12.9625,0,1,Detractor
4671,Yes,1,72,,Yes,17.3,Yes,Yes,DSL,23,Yes,Yes,Yes,No,Yes,Yes,No,Yes,Two Year,Yes,Credit Card,84.1,5981.65,0.0,0,1245.6,7227.25,Male,79,No,Yes,Yes,No,0,8,9.344444444444443,0,0,Detractor
3180,No,0,10,Offer D,No,0.0,No,Yes,Cable,29,No,No,No,Yes,No,No,No,Yes,Two Year,Yes,Mailed Check,29.6,299.05,0.0,0,0.0,299.05,Female,41,No,No,No,No,0,2,9.866666666666667,1,0,Detractor
2074,Yes,1,34,Offer C,Yes,3.54,No,Yes,Fiber Optic,12,No,No,No,No,No,Yes,Yes,Yes,One Year,Yes,Bank Withdrawal,78.95,2647.2,0.0,0,120.36,2767.56,Male,59,No,No,Yes,Yes,1,4,15.79,0,1,Detractor
5526,No,0,1,Offer E,Yes,24.48,No,No,No internet,0,No,No,No,No,No,No,No,No,Month-to-Month,No,Bank Withdrawal,20.2,20.2,0.0,0,24.48,44.68,Male,35,No,No,No,No,0,1,10.1,1,1,Promoter
5390,No,0,55,Offer B,Yes,27.7,No,No,No internet,0,No,No,No,No,No,No,No,No,One Year,No,Credit Card,19.15,998.1,0.0,0,1523.5,2521.6,Female,31,No,No,Yes,Yes,1,1,9.575,0,0,Detractor
3172,No,0,29,,Yes,10.55,Yes,Yes,Fiber Optic,2,No,No,No,Yes,No,No,No,Yes,Month-to-Month,Yes,Bank Withdrawal,79.3,2414.55,0.0,0,305.95000000000005,2720.5,Male,69,No,Yes,Yes,No,0,4,15.86,0,1,Promoter
2701,Yes,5,45,,Yes,40.85,No,Yes,Fiber Optic,24,No,No,Yes,No,No,Yes,No,Yes,One Year,Yes,Bank Withdrawal,86.1,3861.45,12.19,0,1838.25,5687.51,Female,67,No,Yes,Yes,No,0,4,17.22,0,1,Passive
4453,Yes,8,30,Offer C,Yes,11.6,No,No,No internet,0,No,No,No,No,No,No,No,No,Two Year,No,Credit Card,19.3,602.9,0.0,0,348.0,950.9,Female,49,No,No,Yes,Yes,1,1,9.65,0,0,Passive
3196,No,0,1,,No,0.0,No,Yes,DSL,73,No,No,No,No,No,No,Yes,Yes,Month-to-Month,No,Mailed Check,25.2,25.2,0.0,0,0.0,25.2,Female,29,Yes,No,No,No,0,2,8.4,1,0,Detractor
6408,No,0,60,,Yes,37.95,Yes,Yes,DSL,27,Yes,No,Yes,Yes,No,No,No,No,One Year,No,Bank Withdrawal,64.75,4039.5,0.0,120,2277.0,6436.5,Female,29,Yes,No,No,No,0,5,10.791666666666666,0,1,Detractor
5211,Yes,1,50,Offer B,Yes,9.18,Yes,Yes,Fiber Optic,2,Yes,Yes,Yes,No,Yes,Yes,Yes,Yes,Month-to-Month,No,Bank Withdrawal,108.75,5431.9,0.0,0,459.0,5890.9,Female,70,No,Yes,Yes,No,0,9,10.875,0,1,Detractor
2360,Yes,1,37,,Yes,2.68,No,No,No internet,0,No,No,No,No,No,No,No,No,Month-to-Month,No,Bank Withdrawal,19.35,683.75,0.0,0,99.16,782.91,Female,20,Yes,No,Yes,Yes,2,1,9.675,0,1,Promoter
3106,No,0,39,,No,0.0,No,Yes,DSL,24,No,No,Yes,No,No,No,No,No,Month-to-Month,No,Credit Card,30.1,1131.3,0.0,150,0.0,1281.3,Female,56,No,No,No,Yes,2,1,15.05,0,0,Detractor
5338,No,0,1,,Yes,4.18,No,Yes,DSL,8,No,No,Yes,No,No,No,No,No,Month-to-Month,Yes,Credit Card,49.65,49.65,0.0,40,4.18,93.83,Male,60,No,No,No,No,0,2,16.55,1,0,Detractor
2606,No,0,2,,Yes,47.19,No,No,No internet,0,No,No,No,No,No,No,No,No,Month-to-Month,Yes,Mailed Check,20.45,42.45,0.0,0,94.38,136.82999999999998,Female,31,No,No,No,No,0,1,10.225,1,0,Promoter
2259,Yes,2,7,,Yes,6.81,Yes,Yes,Fiber Optic,13,No,No,No,No,No,No,No,Yes,Month-to-Month,Yes,Bank Withdrawal,74.85,485.25,0.0,0,47.67,532.92,Male,68,No,Yes,Yes,No,0,3,18.7125,1,1,Passive
4636,No,0,32,Offer C,Yes,41.52,No,No,No internet,0,No,No,No,No,No,No,No,No,One Year,No,Credit Card,19.8,607.7,0.0,0,1328.64,1936.34,Male,55,No,No,No,No,0,1,9.9,0,0,Passive
4695,Yes,8,71,Offer A,Yes,4.39,Yes,Yes,Fiber Optic,82,Yes,No,Yes,No,Yes,Yes,Yes,Yes,One Year,Yes,Credit Card,104.1,7412.25,0.0,0,311.69,7723.94,Female,19,Yes,No,Yes,No,0,8,11.566666666666666,0,0,Passive
3491,Yes,9,31,Offer C,Yes,28.52,Yes,Yes,DSL,2,No,Yes,No,Yes,Yes,Yes,Yes,Yes,Two Year,No,Bank Withdrawal,80.55,2471.6,0.0,0,884.12,3355.72,Female,58,No,No,Yes,No,0,8,8.95,0,1,Passive
2650,No,0,3,,Yes,14.35,Yes,Yes,Fiber Optic,17,No,No,No,No,No,No,No,Yes,Month-to-Month,No,Bank Withdrawal,76.1,257.6,0.0,0,43.05,300.65000000000003,Female,50,No,No,No,No,0,3,19.025,1,1,Passive
2994,No,0,41,Offer B,Yes,36.47,Yes,Yes,DSL,8,No,Yes,No,No,No,No,No,Yes,One Year,Yes,Credit Card,56.3,2364.0,0.0,0,1495.27,3859.27,Female,40,No,No,No,No,0,4,11.26,0,0,Promoter
5146,Yes,1,10,,Yes,30.1,Yes,Yes,Cable,29,No,No,No,No,Yes,No,No,Yes,Month-to-Month,Yes,Bank Withdrawal,85.6,813.85,0.0,0,301.0,1114.85,Male,63,No,No,Yes,No,0,4,17.119999999999997,1,1,Detractor
4159,Yes,10,61,Offer B,No,0.0,No,Yes,DSL,17,No,Yes,Yes,Yes,Yes,No,No,Yes,Two Year,No,Credit Card,51.35,3244.4,0.0,0,0.0,3244.4,Female,38,No,No,Yes,No,0,5,8.558333333333334,0,0,Detractor
2421,Yes,1,18,,Yes,11.3,Yes,Yes,Fiber Optic,16,Yes,No,No,No,Yes,Yes,Yes,Yes,Month-to-Month,Yes,Bank Withdrawal,99.4,1742.95,0.0,0,203.4,1946.35,Male,51,No,No,Yes,No,0,7,12.425,0,1,Detractor
3854,No,0,14,Offer D,Yes,43.5,No,No,No internet,0,No,No,No,No,No,No,No,No,Month-to-Month,No,Credit Card,19.9,283.75,0.0,0,609.0,892.75,Male,27,Yes,No,No,No,0,1,9.95,0,0,Detractor
5435,No,0,5,Offer E,Yes,24.32,No,Yes,Cable,22,Yes,No,No,Yes,No,No,No,No,Month-to-Month,No,Credit Card,53.85,259.8,22.96,10,121.6,368.44,Female,34,No,No,No,No,0,3,13.4625,1,0,Detractor
4020,No,0,1,,Yes,15.66,No,Yes,DSL,29,No,No,No,No,No,No,No,Yes,Month-to-Month,No,Bank Withdrawal,44.0,44.0,0.0,0,15.66,59.66,Male,62,No,No,No,Yes,2,2,14.666666666666666,1,1,Promoter
3980,Yes,1,34,Offer C,Yes,25.84,Yes,Yes,Fiber Optic,15,No,Yes,No,No,No,No,No,Yes,Month-to-Month,Yes,Credit Card,79.6,2718.3,0.0,0,878.56,3596.86,Female,79,No,Yes,Yes,No,0,4,15.919999999999998,0,0,Detractor
4900,Yes,2,9,,Yes,14.91,No,Yes,Cable,82,No,No,Yes,No,Yes,Yes,Yes,Yes,Month-to-Month,Yes,Mailed Check,70.05,564.4,0.0,0,134.19,698.5899999999999,Male,24,Yes,No,Yes,No,0,6,10.007142857142856,1,0,Detractor
5559,No,0,12,,Yes,34.92,No,Yes,Cable,23,Yes,No,No,Yes,Yes,Yes,Yes,Yes,Month-to-Month,Yes,Bank Withdrawal,98.9,1120.95,0.0,0,419.04,1539.99,Female,64,No,No,No,No,0,7,12.3625,1,1,Detractor
5276,Yes,3,54,,Yes,48.45,Yes,Yes,DSL,28,No,Yes,No,Yes,Yes,No,No,Yes,One Year,Yes,Bank Withdrawal,70.7,3770.0,0.0,0,2616.3,6386.3,Male,49,No,No,Yes,No,0,6,10.1,0,1,Detractor
3901,No,0,1,,Yes,10.21,No,No,No internet,0,No,No,No,No,No,No,No,No,Month-to-Month,No,Mailed Check,20.9,20.9,0.0,0,10.21,31.11,Female,28,Yes,No,No,No,0,1,10.45,1,0,Promoter
4223,No,0,57,,Yes,9.32,No,Yes,DSL,20,No,Yes,No,Yes,No,No,No,Yes,One Year,Yes,Credit Card,54.65,3134.7,0.0,0,531.24,3665.94,Male,57,No,No,No,No,0,4,10.93,0,0,Promoter
4734,Yes,1,41,,Yes,45.26,Yes,Yes,Cable,56,Yes,Yes,Yes,Yes,No,Yes,Yes,Yes,Month-to-Month,No,Credit Card,79.9,3326.2,0.0,0,1855.66,5181.86,Female,42,No,No,Yes,Yes,3,9,7.99,0,0,Detractor
5575,No,0,3,Offer E,Yes,15.37,No,No,No internet,0,No,No,No,No,No,No,No,No,Month-to-Month,Yes,Credit Card,20.0,61.7,0.0,0,46.11,107.81,Female,40,No,No,No,No,0,1,10.0,1,0,Detractor
4479,No,0,71,,Yes,14.67,Yes,Yes,Fiber Optic,7,Yes,No,Yes,No,Yes,Yes,Yes,Yes,Two Year,No,Bank Withdrawal,106.7,7382.25,0.0,0,1041.57,8423.82,Male,61,No,No,No,No,0,8,11.855555555555556,0,1,Detractor
3398,No,0,24,,Yes,7.52,Yes,Yes,Cable,85,No,No,No,Yes,No,No,No,Yes,One Year,No,Bank Withdrawal,54.6,1242.25,28.42,0,180.48,1394.31,Male,28,Yes,No,No,No,0,4,10.92,0,1,Detractor
2483,No,0,5,,Yes,22.16,No,No,No internet,0,No,No,No,No,No,No,No,No,Month-to-Month,No,Credit Card,20.05,95.55,0.0,0,110.8,206.35,Male,26,Yes,No,No,No,0,1,10.025,1,0,Passive
3389,No,0,1,,Yes,44.56,No,Yes,Fiber Optic,27,No,No,No,Yes,No,No,No,Yes,Month-to-Month,Yes,Bank Withdrawal,75.9,75.9,0.0,0,44.56,120.46,Male,23,Yes,No,No,No,0,3,18.975,1,1,Detractor
4170,No,0,49,,Yes,45.64,No,No,No internet,0,No,No,No,No,No,No,No,No,One Year,No,Credit Card,19.45,921.3,0.0,0,2236.36,3157.66,Female,25,Yes,No,No,Yes,1,1,9.725,0,0,Promoter
5355,No,0,68,Offer A,Yes,1.27,Yes,Yes,Cable,13,Yes,Yes,Yes,No,No,Yes,Yes,Yes,One Year,Yes,Credit Card,76.9,5023.0,0.0,0,86.36,5109.36,Male,60,No,No,No,No,0,8,8.544444444444444,0,0,Passive
3043,No,0,1,Offer E,Yes,39.87,Yes,Yes,DSL,2,No,No,No,No,No,No,No,Yes,Month-to-Month,Yes,Bank Withdrawal,50.15,50.15,0.0,0,39.87,90.02,Male,42,No,No,No,No,0,3,12.5375,1,1,Detractor
3884,No,0,39,,No,0.0,No,Yes,DSL,29,No,No,Yes,Yes,Yes,Yes,Yes,Yes,One Year,No,Bank Withdrawal,54.85,2191.7,0.0,0,0.0,2191.7,Male,31,No,No,No,Yes,3,6,7.835714285714286,0,1,Passive
6301,Yes,9,61,Offer B,Yes,1.27,No,Yes,DSL,24,No,No,Yes,Yes,Yes,Yes,Yes,No,Two Year,Yes,Bank Withdrawal,73.8,4616.05,49.51,30,77.47,4674.01,Female,57,No,No,Yes,No,0,6,10.542857142857144,0,1,Passive
3955,No,0,25,,Yes,21.67,No,Yes,DSL,48,Yes,No,No,Yes,Yes,Yes,Yes,Yes,Month-to-Month,Yes,Credit Card,76.15,1992.95,0.0,0,541.75,2534.7,Female,26,Yes,No,No,No,0,7,9.51875,0,0,Detractor
2725,Yes,8,43,,No,0.0,No,Yes,DSL,10,Yes,No,Yes,Yes,Yes,Yes,Yes,No,One Year,Yes,Credit Card,60.4,2640.55,0.0,100,0.0,2740.55,Female,46,No,No,Yes,Yes,2,6,8.628571428571428,0,0,Detractor
4515,No,0,72,,Yes,12.63,Yes,Yes,DSL,23,Yes,Yes,No,No,No,No,No,Yes,Two Year,No,Bank Withdrawal,59.75,4265.0,0.0,0,909.36,5174.36,Female,40,No,No,No,No,0,5,9.958333333333334,0,1,Detractor
5381,No,0,18,Offer D,No,0.0,No,Yes,DSL,11,No,No,Yes,Yes,No,No,No,No,Month-to-Month,Yes,Bank Withdrawal,35.2,607.3,0.0,50,0.0,657.3,Female,45,No,No,No,No,0,2,11.733333333333334,0,1,Detractor
4345,No,0,3,Offer E,Yes,15.6,No,Yes,Fiber Optic,9,No,No,No,No,Yes,Yes,Yes,Yes,Month-to-Month,Yes,Bank Withdrawal,92.0,266.8,0.0,0,46.8,313.6,Male,58,No,No,No,No,0,5,15.333333333333334,1,1,Detractor
2010,No,0,12,Offer D,Yes,14.96,Yes,Yes,Fiber Optic,59,No,No,No,No,No,No,Yes,Yes,Month-to-Month,Yes,Credit Card,73.75,871.4,0.0,0,179.52,1050.92,Male,27,Yes,No,No,Yes,1,4,14.75,1,0,Detractor
4854,Yes,3,53,,Yes,31.99,No,Yes,DSL,59,No,No,Yes,No,No,Yes,Yes,Yes,One Year,No,Credit Card,60.6,3297.0,0.0,0,1695.47,4992.47,Female,29,Yes,No,Yes,Yes,5,5,10.1,0,0,Passive
3096,No,0,1,,Yes,14.91,No,Yes,Fiber Optic,21,No,No,No,No,No,Yes,Yes,Yes,Month-to-Month,Yes,Credit Card,80.85,80.85,0.0,0,14.91,95.76,Male,64,No,No,No,No,0,4,16.169999999999998,1,0,Detractor
5461,No,0,24,Offer C,Yes,46.54,Yes,Yes,DSL,85,Yes,Yes,Yes,No,No,No,No,Yes,Two Year,No,Bank Withdrawal,64.35,1558.65,0.0,0,1116.96,2675.61,Female,23,Yes,No,Yes,Yes,3,6,9.19285714285714,0,1,Passive
4424,Yes,6,72,,Yes,17.33,No,No,No internet,0,No,No,No,No,No,No,No,No,Two Year,No,Bank Withdrawal,19.55,1463.45,0.0,0,1247.7599999999998,2711.21,Female,58,No,No,Yes,Yes,1,1,9.775,0,1,Detractor
4689,Yes,8,72,Offer A,Yes,35.07,No,Yes,Cable,53,Yes,No,Yes,Yes,Yes,Yes,Yes,Yes,Two Year,Yes,Bank Withdrawal,80.8,5728.55,0.0,0,2525.04,8253.59,Male,23,Yes,No,Yes,No,0,8,8.977777777777778,0,1,Promoter
2712,No,0,46,,Yes,6.18,Yes,Yes,Cable,8,No,No,No,No,Yes,Yes,Yes,No,Month-to-Month,No,Bank Withdrawal,96.05,4399.5,0.0,80,284.28,4763.78,Female,57,No,No,No,No,0,5,16.008333333333333,0,1,Detractor
4749,Yes,8,13,,Yes,28.15,No,Yes,Cable,56,No,Yes,Yes,Yes,No,No,No,Yes,Month-to-Month,No,Bank Withdrawal,61.8,750.1,0.0,0,365.95,1116.05,Male,56,No,No,Yes,Yes,3,5,10.3,0,1,Detractor
5111,Yes,4,36,Offer C,Yes,40.58,Yes,Yes,Fiber Optic,12,No,No,No,No,Yes,Yes,Yes,Yes,Month-to-Month,Yes,Bank Withdrawal,95.4,3474.2,0.0,0,1460.88,4935.08,Male,58,No,No,Yes,No,0,6,13.62857142857143,0,1,Detractor
3809,No,0,1,,Yes,32.74,No,Yes,DSL,26,No,No,No,No,Yes,No,No,Yes,Month-to-Month,Yes,Credit Card,55.0,55.0,0.0,0,32.74,87.74000000000001,Female,47,No,No,No,No,0,3,13.75,1,0,Detractor
2546,No,0,1,Offer E,Yes,11.51,No,Yes,DSL,21,No,No,No,No,No,No,No,Yes,Two Year,No,Bank Withdrawal,46.3,46.3,0.0,0,11.51,57.81,Male,71,No,Yes,No,No,0,2,15.433333333333332,1,1,Passive
3349,No,0,19,Offer D,Yes,13.76,Yes,Yes,DSL,4,No,No,No,No,Yes,Yes,Yes,Yes,Month-to-Month,No,Mailed Check,69.6,1394.55,0.0,0,261.44,1655.99,Male,54,No,No,No,No,0,6,9.94285714285714,0,0,Passive
2559,No,0,1,Offer E,Yes,32.95,Yes,No,No internet,0,No,No,No,No,No,No,No,No,Month-to-Month,No,Credit Card,24.0,24.0,0.0,0,32.95,56.95,Female,45,No,No,No,Yes,1,2,8.0,1,0,Passive
4369,No,0,72,,No,0.0,No,Yes,Cable,9,Yes,Yes,Yes,Yes,Yes,Yes,Yes,Yes,Two Year,Yes,Bank Withdrawal,65.6,4566.5,0.0,0,0.0,4566.5,Male,36,No,No,No,No,0,8,7.288888888888888,0,1,Detractor
3152,Yes,5,8,Offer E,Yes,48.39,No,No,No internet,0,No,No,No,No,No,No,No,No,One Year,No,Credit Card,19.9,153.95,0.0,0,387.12,541.0699999999999,Male,26,Yes,No,Yes,No,0,1,9.95,1,0,Promoter
5157,No,0,62,Offer B,Yes,48.72,No,Yes,DSL,2,No,Yes,Yes,Yes,Yes,Yes,Yes,Yes,Month-to-Month,Yes,Bank Withdrawal,80.4,4981.15,0.0,0,3020.64,8001.789999999999,Male,49,No,No,No,No,0,8,8.933333333333334,0,1,Promoter
6302,Yes,6,72,Offer A,Yes,43.91,No,No,No internet,0,No,No,No,No,No,No,No,No,Two Year,No,Credit Card,20.5,1502.25,0.0,0,3161.5199999999995,4663.77,Female,51,No,No,Yes,No,0,1,10.25,0,0,Passive
4803,No,0,69,Offer A,Yes,23.92,Yes,Yes,Fiber Optic,42,No,Yes,Yes,Yes,Yes,Yes,Yes,Yes,Two Year,Yes,Bank Withdrawal,110.5,7455.45,0.0,0,1650.48,9105.93,Female,30,No,No,No,No,0,9,11.05,0,1,Passive
4422,No,0,37,,Yes,34.37,No,No,No internet,0,No,No,No,No,No,No,No,No,One Year,No,Credit Card,20.15,785.75,0.0,0,1271.6899999999998,2057.44,Male,36,No,No,No,No,0,1,10.075,0,0,Promoter
5167,No,0,55,Offer B,Yes,22.34,No,Yes,Fiber Optic,4,No,Yes,Yes,No,No,No,No,Yes,Month-to-Month,Yes,Bank Withdrawal,81.55,4509.5,0.0,0,1228.7,5738.2,Female,39,No,No,No,No,0,4,16.31,0,1,Detractor
2198,No,0,24,,Yes,25.81,Yes,Yes,Fiber Optic,3,Yes,No,No,Yes,No,No,No,Yes,Month-to-Month,Yes,Bank Withdrawal,84.35,1938.05,0.0,0,619.4399999999999,2557.49,Female,44,No,No,No,No,0,5,14.058333333333332,0,1,Detractor
2186,Yes,8,6,Offer E,Yes,23.73,No,No,No internet,0,No,No,No,No,No,No,No,No,Month-to-Month,No,Credit Card,19.85,138.85,0.0,0,142.38,281.23,Male,54,No,No,Yes,Yes,2,1,9.925,1,0,Promoter
6202,Yes,4,72,Offer A,Yes,33.68,Yes,Yes,DSL,10,No,Yes,Yes,Yes,Yes,No,No,Yes,Two Year,No,Credit Card,77.35,5396.25,0.0,0,2424.96,7821.21,Male,73,No,Yes,Yes,No,0,7,9.66875,0,0,Passive
4524,Yes,3,31,Offer C,Yes,36.49,Yes,Yes,Fiber Optic,59,Yes,No,Yes,No,Yes,No,No,Yes,One Year,No,Bank Withdrawal,98.05,3082.1,0.0,0,1131.19,4213.29,Male,27,Yes,No,Yes,Yes,3,6,14.007142857142856,0,1,Passive
6251,Yes,1,67,,Yes,37.6,Yes,Yes,Fiber Optic,23,No,Yes,No,No,Yes,No,No,Yes,One Year,Yes,Bank Withdrawal,88.4,5798.3,0.0,0,2519.2000000000003,8317.5,Male,44,No,No,Yes,No,0,5,14.733333333333334,0,1,Promoter
4851,Yes,4,1,Offer E,No,0.0,No,Yes,DSL,29,No,No,No,No,No,No,Yes,Yes,Month-to-Month,Yes,Bank Withdrawal,24.8,24.8,0.0,0,0.0,24.8,Female,29,Yes,No,Yes,No,0,2,8.266666666666667,1,1,Detractor
2307,No,0,23,,No,0.0,No,Yes,Cable,2,No,No,No,No,No,Yes,Yes,Yes,Month-to-Month,Yes,Bank Withdrawal,34.65,768.45,0.0,0,0.0,768.45,Male,78,No,Yes,No,No,0,3,8.6625,0,1,Passive
3944,Yes,6,39,Offer C,Yes,15.91,No,No,No internet,0,No,No,No,No,No,No,No,No,Two Year,No,Credit Card,19.75,757.95,0.0,0,620.49,1378.44,Female,40,No,No,Yes,Yes,3,1,9.875,0,0,Detractor
3043,Yes,3,36,Offer C,Yes,20.57,No,No,No internet,0,No,No,No,No,No,No,No,No,Month-to-Month,No,Bank Withdrawal,19.2,702.9,0.0,0,740.52,1443.42,Female,56,No,No,Yes,Yes,2,1,9.6,0,1,Promoter
4212,Yes,2,55,,Yes,9.08,Yes,Yes,Cable,23,Yes,Yes,No,No,No,No,No,Yes,One Year,No,Credit Card,60.0,3316.1,0.0,0,499.4,3815.5,Male,67,No,Yes,Yes,No,0,5,10.0,0,0,Passive
2427,Yes,6,9,Offer E,Yes,16.13,No,No,No internet,0,No,No,No,No,No,No,No,No,Two Year,No,Credit Card,19.75,210.65,0.0,0,145.17,355.82,Female,45,No,No,Yes,Yes,2,1,9.875,1,0,Passive
3549,No,0,22,,Yes,19.2,Yes,Yes,Fiber Optic,41,No,No,No,No,Yes,No,No,No,Month-to-Month,Yes,Bank Withdrawal,84.15,1821.95,0.0,60,422.4,2304.35,Female,23,Yes,No,No,No,0,3,21.0375,0,1,Detractor
5849,No,0,37,Offer C,Yes,41.85,Yes,Yes,Fiber Optic,2,Yes,Yes,No,No,Yes,Yes,No,Yes,Month-to-Month,Yes,Bank Withdrawal,106.75,4056.75,0.0,0,1548.45,5605.2,Female,77,No,Yes,No,No,0,7,13.34375,0,1,Detractor
3096,Yes,5,34,,Yes,18.36,No,Yes,Fiber Optic,85,No,Yes,Yes,No,Yes,No,No,Yes,Month-to-Month,Yes,Bank Withdrawal,89.85,3091.75,14.93,0,624.24,3701.06,Male,25,Yes,No,Yes,Yes,3,5,14.975,0,1,Promoter
2849,Yes,8,1,,Yes,36.69,No,Yes,DSL,82,No,No,No,No,Yes,No,No,Yes,Month-to-Month,Yes,Credit Card,55.3,55.3,0.0,0,36.69,91.99,Female,27,Yes,No,Yes,No,0,3,13.825,1,0,Detractor
5628,Yes,2,51,,Yes,17.95,No,Yes,DSL,14,Yes,Yes,No,Yes,No,Yes,Yes,Yes,One Year,Yes,Credit Card,69.75,3562.5,0.0,0,915.45,4477.95,Female,50,No,No,Yes,No,0,7,8.71875,0,0,Detractor
5168,Yes,1,72,Offer A,Yes,30.78,Yes,Yes,Fiber Optic,17,Yes,Yes,Yes,Yes,Yes,Yes,No,No,Two Year,Yes,Credit Card,115.75,8399.15,0.0,110,2216.16,10725.31,Male,77,No,Yes,Yes,Yes,1,8,12.86111111111111,0,0,Passive
2807,No,0,36,,Yes,19.64,No,Yes,Fiber Optic,71,No,Yes,No,No,Yes,Yes,Yes,Yes,Month-to-Month,Yes,Credit Card,94.8,3565.65,30.26,0,707.04,4242.43,Female,20,Yes,No,No,No,0,6,13.542857142857144,0,0,Passive
3430,No,0,2,,Yes,44.77,No,Yes,Fiber Optic,9,No,No,No,No,No,No,No,Yes,Month-to-Month,No,Bank Withdrawal,70.35,139.25,0.0,0,89.54,228.79,Female,32,No,No,No,No,0,2,23.45,1,1,Promoter
4298,Yes,2,52,Offer B,Yes,10.03,No,Yes,Cable,29,No,No,Yes,No,No,No,No,Yes,One Year,Yes,Bank Withdrawal,50.95,2610.65,0.0,0,521.56,3132.21,Female,59,No,No,Yes,Yes,2,3,12.7375,0,1,Passive
6115,Yes,10,50,,Yes,36.61,No,Yes,DSL,41,No,No,No,No,No,No,No,Yes,One Year,Yes,Bank Withdrawal,44.8,2230.85,36.22,0,1830.5,4025.13,Male,22,Yes,No,Yes,Yes,2,2,14.933333333333332,0,1,Promoter
2551,Yes,8,7,,Yes,41.22,No,Yes,Fiber Optic,73,No,No,No,No,No,No,No,Yes,Month-to-Month,Yes,Bank Withdrawal,69.2,477.55,0.0,0,288.54,766.0899999999999,Female,19,Yes,No,Yes,No,0,2,23.066666666666663,1,1,Detractor
4851,No,0,1,,Yes,29.33,No,No,No internet,0,No,No,No,No,No,No,No,No,Month-to-Month,No,Credit Card,19.75,19.75,0.0,0,29.33,49.08,Male,21,Yes,No,No,No,0,1,9.875,1,0,Detractor
3057,Yes,3,36,,Yes,5.99,Yes,Yes,Fiber Optic,6,No,No,No,No,Yes,Yes,Yes,Yes,Month-to-Month,Yes,Bank Withdrawal,95.0,3440.25,0.0,0,215.64,3655.89,Male,50,No,No,Yes,No,0,6,13.571428571428571,0,1,Promoter
4526,No,0,15,,Yes,7.99,No,Yes,Fiber Optic,27,No,Yes,No,No,No,No,No,Yes,Month-to-Month,Yes,Credit Card,75.3,1147.45,0.0,0,119.85,1267.3,Female,70,No,Yes,No,No,0,3,18.825,0,0,Detractor
5019,No,0,48,Offer B,Yes,11.86,Yes,No,No internet,0,No,No,No,No,No,No,No,No,Two Year,No,Credit Card,23.55,1173.35,0.0,0,569.28,1742.63,Male,39,No,No,Yes,Yes,1,2,7.85,0,0,Detractor
2491,No,0,3,Offer E,Yes,2.26,No,Yes,Fiber Optic,3,No,No,No,No,No,No,No,Yes,Month-to-Month,Yes,Bank Withdrawal,70.4,204.7,0.0,0,6.779999999999999,211.48,Female,71,No,Yes,No,No,0,2,23.46666666666667,1,1,Detractor
5352,No,0,24,,Yes,18.07,Yes,Yes,Fiber Optic,52,No,No,No,Yes,No,Yes,Yes,Yes,Month-to-Month,Yes,Bank Withdrawal,89.55,2259.35,0.0,0,433.68,2693.03,Female,21,Yes,No,No,No,0,6,12.792857142857144,0,1,Passive
2587,Yes,10,7,Offer E,No,0.0,No,Yes,DSL,13,Yes,No,No,No,No,No,No,Yes,One Year,No,Bank Withdrawal,29.8,220.45,11.83,0,0.0,208.62,Male,80,No,Yes,Yes,No,0,2,9.933333333333334,1,1,Detractor
4639,Yes,1,35,Offer C,Yes,48.47,Yes,Yes,Fiber Optic,12,No,No,No,No,No,No,No,Yes,Month-to-Month,Yes,Bank Withdrawal,75.2,2576.2,0.0,0,1696.45,4272.65,Male,48,No,No,Yes,No,0,3,18.8,0,1,Detractor
5874,Yes,4,6,Offer E,Yes,25.05,No,No,No internet,0,No,No,No,No,No,No,No,No,Two Year,No,Credit Card,20.1,100.35,0.0,0,150.3,250.65,Female,52,No,No,Yes,Yes,1,1,10.05,1,0,Passive
3527,No,0,2,Offer E,Yes,21.3,Yes,Yes,DSL,7,No,Yes,No,No,No,No,No,No,Month-to-Month,No,Credit Card,54.15,101.65,0.0,10,42.6,154.25,Female,47,No,No,No,No,0,3,13.5375,1,0,Promoter
4193,No,0,1,,No,0.0,No,Yes,DSL,13,No,No,No,No,No,No,No,Yes,Month-to-Month,No,Credit Card,25.35,25.35,0.0,0,0.0,25.35,Male,31,No,No,No,No,0,1,12.675,1,0,Passive
4363,No,0,50,,Yes,23.28,Yes,Yes,Fiber Optic,51,Yes,No,Yes,No,Yes,Yes,Yes,Yes,One Year,Yes,Bank Withdrawal,103.95,5231.3,0.0,0,1164.0,6395.3,Male,27,Yes,No,Yes,No,0,8,11.55,0,1,Detractor
2520,No,0,40,,Yes,36.98,No,Yes,DSL,21,Yes,Yes,No,Yes,No,No,No,Yes,Month-to-Month,Yes,Credit Card,61.9,2647.1,0.0,0,1479.1999999999998,4126.299999999999,Male,49,No,No,No,No,0,5,10.316666666666666,0,0,Passive
5361,Yes,10,2,,Yes,4.65,No,Yes,Fiber Optic,53,Yes,Yes,No,No,Yes,No,No,Yes,Month-to-Month,No,Bank Withdrawal,90.35,190.5,0.0,0,9.3,199.8,Female,19,Yes,No,Yes,No,0,5,15.058333333333332,1,1,Detractor
5780,Yes,10,72,,Yes,33.01,Yes,Yes,Fiber Optic,51,Yes,Yes,Yes,No,Yes,Yes,Yes,Yes,Two Year,Yes,Bank Withdrawal,110.3,7966.9,0.0,0,2376.72,10343.62,Male,44,No,No,Yes,Yes,4,9,11.03,0,1,Detractor
5195,Yes,1,28,,Yes,4.71,Yes,Yes,DSL,21,No,No,No,No,No,No,No,No,One Year,Yes,Bank Withdrawal,51.0,1381.8,0.0,80,131.88,1593.6799999999998,Male,73,No,Yes,Yes,Yes,2,2,17.0,0,1,Detractor
5958,Yes,1,68,Offer A,Yes,15.94,Yes,Yes,Fiber Optic,29,No,Yes,No,Yes,No,No,No,Yes,One Year,Yes,Bank Withdrawal,83.65,5733.4,46.99,0,1083.92,6770.33,Female,50,No,No,Yes,Yes,2,5,13.941666666666668,0,1,Passive
2715,No,0,26,,No,0.0,No,Yes,Cable,58,No,Yes,No,No,Yes,No,No,Yes,One Year,Yes,Bank Withdrawal,39.95,1023.75,0.0,0,0.0,1023.75,Male,32,No,No,No,Yes,3,3,9.9875,0,1,Passive
5961,No,0,63,,Yes,26.11,Yes,Yes,Fiber Optic,20,Yes,Yes,Yes,No,Yes,Yes,Yes,Yes,Month-to-Month,Yes,Bank Withdrawal,109.4,7031.45,0.0,0,1644.93,8676.38,Male,68,No,Yes,No,No,0,9,10.94,0,1,Detractor
4725,No,0,51,Offer B,Yes,19.23,No,No,No internet,0,No,No,No,No,No,No,No,No,Two Year,No,Bank Withdrawal,20.65,1020.75,19.32,0,980.73,1982.16,Female,25,Yes,No,No,No,0,1,10.325,0,1,Detractor
2228,No,0,3,,Yes,5.63,No,Yes,Fiber Optic,15,No,No,No,No,No,No,No,Yes,Month-to-Month,Yes,Bank Withdrawal,70.15,194.2,0.0,0,16.89,211.09,Female,56,No,No,No,No,0,2,23.383333333333336,1,1,Detractor
4448,No,0,37,,Yes,3.3,Yes,Yes,Fiber Optic,2,No,No,No,No,Yes,Yes,No,Yes,Month-to-Month,Yes,Bank Withdrawal,96.55,3580.3,0.0,0,122.1,3702.4,Female,66,No,Yes,No,No,0,5,16.091666666666665,0,1,Detractor
2486,No,0,13,,Yes,46.92,No,No,No internet,0,No,No,No,No,No,No,No,No,Month-to-Month,Yes,Bank Withdrawal,20.4,251.65,0.0,0,609.96,861.61,Male,56,No,No,No,No,0,1,10.2,0,1,Promoter
5324,Yes,1,32,Offer C,Yes,32.43,No,Yes,Cable,19,Yes,Yes,Yes,Yes,No,Yes,Yes,Yes,Month-to-Month,No,Bank Withdrawal,76.3,2404.15,0.0,0,1037.76,3441.91,Female,54,No,No,Yes,Yes,1,8,8.477777777777778,0,1,Detractor
6196,No,0,59,Offer B,Yes,41.23,Yes,No,No internet,0,No,No,No,No,No,No,No,No,Two Year,No,Bank Withdrawal,24.45,1493.1,0.0,0,2432.57,3925.67,Female,64,No,No,No,No,0,2,8.15,0,1,Passive
2891,Yes,6,12,,Yes,46.06,No,No,No internet,0,No,No,No,No,No,No,No,No,Month-to-Month,No,Credit Card,20.5,255.5,0.0,0,552.72,808.22,Male,57,No,No,Yes,Yes,1,1,10.25,1,0,Detractor
5768,Yes,3,67,,Yes,11.91,Yes,Yes,Fiber Optic,10,Yes,Yes,No,No,Yes,Yes,Yes,Yes,One Year,Yes,Bank Withdrawal,105.6,7112.15,0.0,0,797.97,7910.12,Female,74,No,Yes,Yes,No,0,8,11.733333333333333,0,1,Detractor
5265,No,0,70,,Yes,16.75,Yes,Yes,DSL,57,Yes,Yes,No,Yes,No,No,No,No,Two Year,No,Bank Withdrawal,66.0,4891.5,0.0,90,1172.5,6154.0,Female,54,No,No,No,Yes,3,5,11.0,0,1,Detractor
6130,Yes,9,54,Offer B,Yes,49.9,Yes,Yes,Fiber Optic,29,Yes,Yes,Yes,No,Yes,Yes,Yes,Yes,Month-to-Month,No,Bank Withdrawal,109.55,6118.95,0.0,0,2694.6,8813.55,Male,35,No,No,Yes,No,0,9,10.955,0,1,Passive
5187,Yes,2,46,Offer B,Yes,6.26,No,Yes,Fiber Optic,48,No,No,Yes,Yes,No,Yes,Yes,No,One Year,No,Bank Withdrawal,90.95,4236.6,0.0,50,287.96,4574.56,Female,23,Yes,No,Yes,Yes,3,5,15.158333333333331,0,1,Promoter
5707,No,0,35,Offer C,Yes,23.77,No,No,No internet,0,No,No,No,No,No,No,No,No,One Year,No,Credit Card,21.1,741.0,14.23,0,831.9499999999999,1558.7199999999998,Female,61,No,No,No,No,0,1,10.55,0,0,Passive
2404,Yes,1,1,Offer E,Yes,33.46,No,Yes,Fiber Optic,12,No,No,No,No,No,No,No,No,Month-to-Month,Yes,Mailed Check,69.4,69.4,0.0,10,33.46,112.86,Female,47,No,No,Yes,No,0,1,34.7,1,0,Detractor
6404,Yes,7,51,Offer B,No,0.0,No,Yes,Cable,27,Yes,No,No,Yes,No,No,Yes,Yes,Two Year,No,Bank Withdrawal,34.2,1782.0,9.39,0,0.0,1772.61,Female,23,Yes,No,Yes,Yes,2,4,6.840000000000001,0,1,Passive
4628,No,0,1,Offer E,No,0.0,No,Yes,DSL,15,No,No,No,No,No,No,No,Yes,Month-to-Month,No,Bank Withdrawal,25.25,25.25,0.0,0,0.0,25.25,Female,77,No,Yes,No,No,0,1,12.625,1,1,Detractor
4828,Yes,1,30,Offer C,Yes,48.02,Yes,Yes,Fiber Optic,24,No,No,No,Yes,Yes,Yes,No,Yes,Month-to-Month,Yes,Bank Withdrawal,101.5,2917.65,0.0,0,1440.6,4358.25,Male,79,No,Yes,Yes,No,0,6,14.5,0,1,Promoter
4578,No,0,66,,Yes,3.27,Yes,Yes,Fiber Optic,10,Yes,Yes,Yes,Yes,Yes,Yes,No,Yes,One Year,Yes,Bank Withdrawal,116.25,7862.25,0.0,0,215.82,8078.07,Male,77,No,Yes,Yes,Yes,2,9,11.625,0,1,Detractor
3684,No,0,4,,Yes,21.03,No,Yes,DSL,3,No,No,No,No,No,Yes,Yes,Yes,Month-to-Month,Yes,Credit Card,55.3,238.5,0.0,0,84.12,322.62,Male,33,No,No,No,No,0,4,11.06,1,0,Passive
3300,No,0,2,Offer E,Yes,27.47,No,No,No internet,0,No,No,No,No,No,No,No,No,Month-to-Month,No,Credit Card,19.85,51.6,0.0,0,54.94,106.54,Male,27,Yes,No,No,No,0,1,9.925,1,0,Detractor
2865,Yes,1,1,,Yes,28.73,No,No,No internet,0,No,No,No,No,No,No,No,No,Month-to-Month,No,Mailed Check,19.45,19.45,0.0,0,28.73,48.18,Female,54,No,No,Yes,Yes,2,1,9.725,1,0,Detractor
2026,No,0,34,,Yes,20.47,Yes,No,No internet,0,No,No,No,No,No,No,No,No,Two Year,No,Bank Withdrawal,26.1,980.35,0.0,0,695.98,1676.33,Male,54,No,No,No,No,0,2,8.700000000000001,0,1,Detractor
4556,Yes,10,68,Offer A,No,0.0,No,Yes,DSL,19,Yes,Yes,Yes,Yes,No,Yes,Yes,Yes,Two Year,Yes,Credit Card,56.4,3948.45,0.0,0,0.0,3948.45,Male,47,No,No,Yes,Yes,2,7,7.05,0,0,Detractor
2757,No,0,4,,Yes,19.0,No,Yes,Fiber Optic,17,No,No,Yes,No,Yes,Yes,Yes,Yes,Two Year,Yes,Bank Withdrawal,94.75,422.4,0.0,0,76.0,498.4,Male,80,No,Yes,No,No,0,6,13.535714285714286,1,1,Passive
4444,No,0,11,,Yes,19.01,No,Yes,DSL,8,Yes,No,No,No,No,No,No,No,Month-to-Month,No,Credit Card,48.55,501.0,0.0,130,209.11,840.11,Female,43,No,No,No,No,0,2,16.183333333333334,1,0,Detractor
2301,Yes,3,3,,Yes,24.28,Yes,Yes,DSL,73,No,Yes,Yes,No,Yes,No,No,No,Month-to-Month,Yes,Bank Withdrawal,69.15,235.0,0.0,0,72.84,307.84000000000003,Female,23,Yes,No,Yes,Yes,3,5,11.525,1,1,Detractor
4058,Yes,9,71,,Yes,32.18,Yes,No,No internet,0,No,No,No,No,No,No,No,No,Two Year,Yes,Bank Withdrawal,24.5,1816.2,0.0,0,2284.78,4100.9800000000005,Male,20,Yes,No,Yes,No,0,2,8.166666666666666,0,1,Passive
4635,No,0,53,,Yes,29.39,Yes,Yes,Fiber Optic,12,Yes,Yes,Yes,No,Yes,No,No,Yes,One Year,No,Credit Card,98.6,5311.85,0.0,0,1557.67,6869.52,Female,52,No,No,No,No,0,7,12.325,0,0,Detractor
3503,No,0,1,,Yes,7.11,No,Yes,Fiber Optic,26,No,No,Yes,No,No,No,No,Yes,Month-to-Month,No,Bank Withdrawal,75.55,75.55,0.0,0,7.11,82.66,Female,32,No,No,No,No,0,3,18.8875,1,1,Promoter
5016,No,0,62,Offer B,Yes,22.64,Yes,Yes,Fiber Optic,9,No,No,Yes,No,Yes,Yes,Yes,Yes,One Year,Yes,Bank Withdrawal,96.75,6125.4,0.0,0,1403.68,7529.08,Male,58,No,No,No,No,0,7,12.09375,0,1,Detractor
5249,No,0,1,Offer E,Yes,43.84,Yes,No,No internet,0,No,No,No,No,No,No,No,No,Month-to-Month,Yes,Bank Withdrawal,25.7,25.7,0.0,0,43.84,69.54,Female,30,No,No,No,No,0,2,8.566666666666666,1,1,Detractor
3766,Yes,8,21,Offer D,No,0.0,No,Yes,DSL,59,Yes,No,No,No,No,No,No,Yes,Month-to-Month,No,Bank Withdrawal,28.5,629.35,0.0,0,0.0,629.35,Female,20,Yes,No,Yes,No,0,2,9.5,0,1,Passive
4504,Yes,6,1,Offer E,Yes,16.06,No,Yes,DSL,59,Yes,Yes,No,No,No,No,Yes,Yes,Month-to-Month,Yes,Credit Card,53.55,53.55,0.0,0,16.06,69.61,Female,21,Yes,No,Yes,No,0,5,8.924999999999999,1,0,Passive
2792,No,0,1,Offer E,Yes,29.78,No,Yes,Fiber Optic,13,No,No,No,No,No,No,No,Yes,Month-to-Month,No,Credit Card,69.55,69.55,0.0,0,29.78,99.33,Female,54,No,No,No,No,0,2,23.183333333333334,1,0,Detractor
5441,Yes,5,67,,Yes,22.83,Yes,Yes,Cable,22,Yes,Yes,Yes,No,No,No,No,Yes,Two Year,No,Credit Card,65.65,4322.85,0.0,0,1529.61,5852.46,Female,51,No,No,Yes,No,0,6,9.37857142857143,0,0,Detractor
5905,No,0,67,Offer A,No,0.0,No,Yes,Cable,85,Yes,No,Yes,Yes,Yes,No,No,Yes,One Year,Yes,Bank Withdrawal,49.35,3321.35,0.0,0,0.0,3321.35,Male,30,No,No,No,No,0,5,8.225,0,1,Detractor
5824,No,0,5,,No,0.0,No,Yes,Cable,59,Yes,Yes,Yes,Yes,No,No,No,Yes,Month-to-Month,Yes,Mailed Check,43.25,219.0,0.0,0,0.0,219.0,Male,30,No,No,No,No,0,5,7.208333333333333,1,0,Detractor
2847,No,0,1,Offer E,Yes,38.53,No,Yes,Fiber Optic,20,No,No,No,No,No,No,No,Yes,Month-to-Month,No,Mailed Check,69.4,69.4,0.0,0,38.53,107.93,Male,62,No,No,No,No,0,2,23.133333333333336,1,0,Detractor
4297,Yes,1,6,,Yes,23.35,Yes,Yes,Fiber Optic,8,No,Yes,No,No,No,Yes,Yes,Yes,Month-to-Month,Yes,Bank Withdrawal,90.75,512.25,0.0,0,140.10000000000002,652.35,Female,56,No,No,Yes,No,0,6,12.964285714285714,1,1,Passive
5697,No,0,72,,Yes,25.77,Yes,Yes,DSL,6,Yes,Yes,Yes,Yes,Yes,Yes,No,Yes,Two Year,No,Credit Card,92.45,6440.25,0.0,0,1855.44,8295.69,Female,78,No,Yes,Yes,No,0,9,9.245,0,0,Detractor
4583,Yes,3,59,,Yes,41.09,Yes,Yes,Fiber Optic,16,No,No,Yes,No,Yes,Yes,Yes,Yes,Two Year,Yes,Credit Card,99.5,5861.75,0.0,0,2424.3100000000004,8286.060000000001,Male,49,No,No,Yes,Yes,1,7,12.4375,0,0,Passive
4163,No,0,66,Offer A,Yes,32.22,Yes,No,No internet,0,No,No,No,No,No,No,No,No,One Year,No,Bank Withdrawal,25.45,1699.15,0.0,0,2126.52,3825.67,Male,40,No,No,No,No,0,2,8.483333333333333,0,1,Detractor
3094,No,0,4,,Yes,11.5,No,Yes,Fiber Optic,41,Yes,Yes,No,Yes,No,Yes,Yes,Yes,Month-to-Month,Yes,Credit Card,94.9,360.55,0.0,0,46.0,406.55,Male,25,Yes,No,No,No,0,7,11.8625,1,0,Passive
5974,Yes,9,72,,Yes,10.92,Yes,Yes,DSL,28,Yes,Yes,Yes,Yes,Yes,Yes,Yes,Yes,Two Year,Yes,Credit Card,90.25,6369.45,0.0,0,786.24,7155.69,Male,36,No,No,Yes,No,0,10,8.204545454545455,0,0,Detractor
2701,Yes,3,36,Offer C,Yes,41.33,No,Yes,Fiber Optic,41,Yes,No,No,No,Yes,Yes,Yes,Yes,Month-to-Month,Yes,Bank Withdrawal,93.6,3366.05,16.56,0,1487.88,4837.37,Male,24,Yes,No,Yes,No,0,6,13.37142857142857,0,1,Passive
4044,No,0,43,Offer B,No,0.0,No,Yes,DSL,12,No,No,Yes,No,Yes,Yes,Yes,Yes,Month-to-Month,Yes,Bank Withdrawal,49.05,2076.2,20.29,0,0.0,2055.91,Female,64,No,No,No,No,0,5,8.174999999999999,0,1,Detractor
3286,No,0,47,Offer B,Yes,35.75,Yes,Yes,DSL,13,Yes,No,Yes,Yes,No,No,No,No,Two Year,Yes,Credit Card,65.0,2879.9,0.0,0,1680.25,4560.15,Female,38,No,No,No,No,0,5,10.833333333333334,0,0,Detractor
4131,No,0,1,,Yes,42.34,No,Yes,DSL,10,No,No,No,No,No,No,No,Yes,Month-to-Month,No,Credit Card,45.15,45.15,0.0,0,42.34,87.49000000000001,Female,43,No,No,No,No,0,2,15.05,1,0,Detractor
2036,Yes,3,21,Offer D,Yes,42.22,Yes,Yes,Fiber Optic,29,No,No,No,No,No,Yes,Yes,Yes,Month-to-Month,Yes,Bank Withdrawal,86.5,1808.7,0.0,0,886.62,2695.32,Female,50,No,No,Yes,No,0,5,14.416666666666666,0,1,Detractor
3818,No,0,38,,Yes,46.21,No,Yes,Cable,14,No,No,Yes,Yes,No,Yes,Yes,Yes,One Year,Yes,Credit Card,62.3,2354.8,0.0,0,1755.98,4110.780000000001,Male,46,No,No,No,No,0,6,8.9,0,0,Detractor
3605,No,0,1,Offer E,No,0.0,No,Yes,DSL,6,No,Yes,No,No,No,No,No,No,Month-to-Month,Yes,Mailed Check,31.35,31.35,0.0,80,0.0,111.35,Male,41,No,No,No,No,0,1,15.675,1,0,Detractor
4293,No,0,59,Offer B,Yes,49.48,Yes,Yes,Cable,9,No,No,Yes,No,No,No,No,Yes,Two Year,No,Credit Card,54.15,3116.15,0.0,0,2919.32,6035.469999999999,Male,35,No,No,No,No,0,4,10.83,0,0,Detractor
5865,Yes,1,5,Offer E,No,0.0,No,Yes,DSL,7,No,No,No,No,No,No,No,Yes,Month-to-Month,Yes,Bank Withdrawal,24.95,100.4,0.0,0,0.0,100.4,Male,37,No,No,Yes,No,0,1,12.475,1,1,Detractor
2227,No,0,41,,Yes,14.61,No,Yes,Fiber Optic,9,No,No,Yes,Yes,Yes,Yes,Yes,Yes,One Year,Yes,Bank Withdrawal,101.1,4016.2,0.0,0,599.01,4615.21,Female,69,No,Yes,No,No,0,7,12.6375,0,1,Promoter
5882,No,0,4,,Yes,7.26,No,Yes,Fiber Optic,29,No,No,Yes,No,No,No,No,Yes,Month-to-Month,Yes,Bank Withdrawal,74.8,321.9,0.0,0,29.04,350.94,Male,51,No,No,No,No,0,3,18.7,1,1,Detractor
2380,No,0,39,,Yes,5.4,Yes,Yes,DSL,16,No,No,No,Yes,No,No,No,Yes,Two Year,Yes,Credit Card,53.85,2200.7,46.66,0,210.6,2364.64,Male,60,No,No,No,No,0,4,10.77,0,0,Detractor
2775,No,0,11,Offer D,Yes,13.56,No,Yes,Cable,17,No,No,No,No,Yes,Yes,Yes,Yes,Month-to-Month,Yes,Bank Withdrawal,64.9,716.1,0.0,0,149.16,865.26,Female,42,No,No,No,No,0,5,10.816666666666668,1,1,Promoter
4096,No,0,15,,Yes,10.43,No,Yes,Fiber Optic,29,No,Yes,No,No,Yes,No,No,Yes,Month-to-Month,Yes,Bank Withdrawal,83.2,1130.0,0.0,0,156.45,1286.45,Female,60,No,No,No,No,0,4,16.64,0,1,Detractor
4941,No,0,60,Offer B,No,0.0,No,Yes,Cable,5,No,Yes,No,No,Yes,Yes,Yes,Yes,Month-to-Month,Yes,Bank Withdrawal,50.8,3027.4,0.0,0,0.0,3027.4,Female,58,No,No,No,No,0,5,8.466666666666667,0,1,Detractor
2969,Yes,1,5,Offer E,Yes,17.08,No,Yes,Fiber Optic,10,No,No,No,No,No,No,No,Yes,Month-to-Month,No,Bank Withdrawal,69.95,330.15,0.0,0,85.39999999999999,415.55,Female,55,No,No,Yes,No,0,2,23.316666666666663,1,1,Detractor
5496,Yes,5,10,,Yes,26.37,Yes,Yes,Cable,26,Yes,Yes,No,No,Yes,No,No,Yes,One Year,No,Bank Withdrawal,70.3,676.15,0.0,0,263.7,939.85,Female,42,No,No,Yes,Yes,1,6,10.042857142857144,1,1,Passive
4370,No,0,63,,Yes,24.32,No,No,No internet,0,No,No,No,No,No,No,No,No,Two Year,No,Credit Card,19.5,1215.1,0.0,0,1532.16,2747.26,Female,48,No,No,No,Yes,1,1,9.75,0,0,Promoter
5101,Yes,8,71,,Yes,34.72,Yes,Yes,Fiber Optic,10,No,No,Yes,No,Yes,Yes,Yes,Yes,One Year,Yes,Credit Card,98.65,6962.85,0.0,0,2465.12,9427.97,Male,60,No,No,Yes,No,0,7,12.33125,0,0,Promoter
3416,No,0,18,Offer D,Yes,30.22,Yes,No,No internet,0,No,No,No,No,No,No,No,No,Two Year,No,Credit Card,25.3,454.65,0.0,0,543.96,998.61,Female,45,No,No,No,Yes,2,2,8.433333333333334,0,0,Passive
4741,Yes,1,13,,Yes,13.32,No,Yes,DSL,21,No,No,No,No,Yes,Yes,Yes,Yes,One Year,Yes,Bank Withdrawal,64.75,877.35,0.0,0,173.16,1050.51,Male,59,No,No,Yes,Yes,1,5,10.791666666666666,0,1,Detractor
5453,Yes,6,62,Offer B,No,0.0,No,Yes,Cable,26,Yes,Yes,No,Yes,Yes,No,No,No,Two Year,No,Bank Withdrawal,48.7,3008.55,0.0,120,0.0,3128.55,Female,32,No,No,Yes,Yes,2,4,9.74,0,1,Detractor
2606,Yes,3,11,,Yes,16.67,No,No,No internet,0,No,No,No,No,No,No,No,No,Month-to-Month,Yes,Bank Withdrawal,20.45,250.8,0.0,0,183.37,434.17,Male,43,No,No,Yes,Yes,2,1,10.225,1,1,Promoter
4964,Yes,9,8,,Yes,4.98,No,No,No internet,0,No,No,No,No,No,No,No,No,Month-to-Month,No,Credit Card,20.25,158.35,0.0,0,39.84,198.19,Male,29,Yes,No,Yes,No,0,1,10.125,1,0,Passive
2649,No,0,18,,No,0.0,No,Yes,DSL,85,No,No,No,No,No,Yes,Yes,No,Month-to-Month,Yes,Bank Withdrawal,35.0,553.0,0.0,70,0.0,623.0,Female,27,Yes,No,No,No,0,2,11.666666666666666,0,1,Detractor
5168,Yes,4,64,,Yes,49.49,No,Yes,Fiber Optic,12,Yes,Yes,No,No,No,No,No,Yes,Month-to-Month,No,Bank Withdrawal,81.05,5135.35,0.0,0,3167.36,8302.710000000001,Male,47,No,No,Yes,Yes,2,4,16.21,0,1,Detractor
3689,Yes,9,17,,Yes,3.83,Yes,Yes,Fiber Optic,20,No,No,No,No,Yes,Yes,No,Yes,Month-to-Month,Yes,Bank Withdrawal,92.55,1614.7,0.0,0,65.11,1679.81,Female,77,No,Yes,Yes,No,0,5,15.425,0,1,Detractor
5020,No,0,5,Offer E,Yes,3.37,No,No,No internet,0,No,No,No,No,No,No,No,No,Month-to-Month,No,Credit Card,20.15,117.95,0.0,0,16.85,134.8,Female,30,No,No,No,No,0,1,10.075,1,0,Passive
4402,No,0,62,,Yes,24.48,No,No,No internet,0,No,No,No,No,No,No,No,No,Two Year,No,Bank Withdrawal,20.0,1250.1,0.0,0,1517.76,2767.86,Male,44,No,No,No,Yes,2,1,10.0,0,1,Detractor
5848,Yes,9,60,Offer B,Yes,31.29,No,No,No internet,0,No,No,No,No,No,No,No,No,Two Year,Yes,Bank Withdrawal,20.5,1198.8,0.0,0,1877.4,3076.2,Male,28,Yes,No,Yes,No,0,1,10.25,0,1,Promoter
4747,Yes,1,72,,Yes,47.24,No,No,No internet,0,No,No,No,No,No,No,No,No,Two Year,No,Bank Withdrawal,20.05,1423.65,0.0,0,3401.28,4824.93,Female,44,No,No,Yes,No,0,1,10.025,0,1,Detractor
4287,No,0,24,,Yes,28.98,Yes,Yes,Fiber Optic,30,No,Yes,No,No,Yes,Yes,Yes,Yes,Month-to-Month,Yes,Bank Withdrawal,101.25,2440.15,0.0,0,695.52,3135.67,Male,65,No,Yes,No,No,0,7,12.65625,0,1,Detractor
4335,No,0,58,Offer B,Yes,29.25,No,No,No internet,0,No,No,No,No,No,No,No,No,Two Year,No,Credit Card,20.3,1131.5,0.0,0,1696.5,2828.0,Male,58,No,No,No,No,0,1,10.15,0,0,Passive
5024,Yes,1,25,Offer C,No,0.0,No,Yes,Cable,82,No,No,No,No,Yes,No,No,Yes,Month-to-Month,Yes,Bank Withdrawal,34.0,853.0,0.0,0,0.0,853.0,Female,19,Yes,No,Yes,No,0,2,11.333333333333334,0,1,Detractor
5204,Yes,3,2,,Yes,4.19,Yes,Yes,Fiber Optic,11,No,No,No,No,Yes,No,No,No,Month-to-Month,Yes,Credit Card,86.85,156.35,0.0,40,8.38,204.73,Male,73,No,Yes,Yes,No,0,3,21.7125,1,0,Detractor
3715,Yes,4,2,,Yes,18.79,No,Yes,Fiber Optic,19,No,No,No,Yes,Yes,Yes,Yes,Yes,Month-to-Month,Yes,Bank Withdrawal,94.2,167.5,0.0,0,37.58,205.08,Male,49,No,No,Yes,No,0,6,13.457142857142856,1,1,Detractor
3773,Yes,1,27,,Yes,13.55,Yes,Yes,Cable,59,No,No,No,Yes,Yes,Yes,Yes,No,Month-to-Month,No,Bank Withdrawal,71.6,1957.1,0.0,140,365.85,2462.95,Male,30,No,No,Yes,Yes,2,6,10.228571428571428,0,1,Promoter
4459,No,0,22,Offer D,Yes,29.54,Yes,Yes,Fiber Optic,53,No,Yes,No,No,Yes,No,No,Yes,Month-to-Month,Yes,Credit Card,89.1,1949.4,0.0,0,649.88,2599.28,Male,42,No,No,No,Yes,3,5,14.85,0,0,Passive
6375,Yes,1,72,Offer A,Yes,24.9,Yes,Yes,DSL,19,Yes,No,Yes,Yes,Yes,Yes,Yes,Yes,Two Year,No,Credit Card,84.7,5893.9,0.0,0,1792.8,7686.7,Female,46,No,No,Yes,Yes,1,9,8.47,0,0,Passive
3733,No,0,39,,Yes,29.79,No,No,No internet,0,No,No,No,No,No,No,No,No,Two Year,No,Credit Card,20.7,762.45,0.0,0,1161.81,1924.26,Female,23,Yes,No,No,No,0,1,10.35,0,0,Passive
6354,Yes,10,70,,Yes,30.06,Yes,Yes,Cable,24,No,Yes,Yes,Yes,Yes,Yes,Yes,Yes,Two Year,Yes,Credit Card,85.95,5931.75,0.0,0,2104.2,8035.95,Male,33,No,No,Yes,No,0,9,8.595,0,0,Promoter
4011,No,0,9,Offer E,Yes,39.19,No,Yes,Cable,20,No,No,No,Yes,Yes,No,No,Yes,Month-to-Month,Yes,Bank Withdrawal,59.5,530.05,0.0,0,352.71,882.76,Female,33,No,No,No,No,0,4,11.9,1,1,Promoter
2750,Yes,1,8,,Yes,16.88,No,Yes,Fiber Optic,6,No,Yes,Yes,No,Yes,Yes,Yes,Yes,Month-to-Month,No,Bank Withdrawal,101.15,842.9,0.0,0,135.04,977.94,Female,47,No,No,Yes,No,0,7,12.64375,1,1,Detractor
2342,No,0,2,Offer E,Yes,29.28,No,Yes,Cable,4,No,Yes,No,No,No,No,No,Yes,Month-to-Month,No,Credit Card,49.2,103.7,0.0,0,58.56,162.26,Female,44,No,No,No,No,0,3,12.3,1,0,Promoter
5104,No,0,5,,Yes,24.83,No,Yes,DSL,26,Yes,No,Yes,No,No,No,No,Yes,Month-to-Month,No,Credit Card,55.8,300.4,0.0,0,124.15,424.55,Female,42,No,No,No,No,0,4,11.16,1,0,Passive
4864,No,0,30,Offer C,Yes,10.74,No,Yes,DSL,13,Yes,No,No,No,No,No,No,Yes,Month-to-Month,Yes,Credit Card,48.8,1536.75,0.0,0,322.2,1858.95,Female,37,No,No,No,No,0,3,12.2,0,0,Detractor
2516,No,0,5,,Yes,41.83,Yes,Yes,Fiber Optic,25,No,No,No,No,Yes,No,No,Yes,Month-to-Month,Yes,Credit Card,83.15,446.05,0.0,0,209.15,655.2,Female,68,No,Yes,No,No,0,4,16.630000000000003,1,0,Detractor
2406,No,0,3,Offer E,Yes,16.39,No,No,No internet,0,No,No,No,No,No,No,No,No,Month-to-Month,Yes,Credit Card,20.75,67.1,0.0,0,49.17,116.27,Male,23,Yes,No,No,No,0,1,10.375,1,0,Promoter
2657,No,0,2,Offer E,Yes,28.61,Yes,Yes,Fiber Optic,85,No,Yes,No,No,No,No,No,Yes,Month-to-Month,Yes,Bank Withdrawal,79.45,145.15,0.0,0,57.22,202.37,Male,20,Yes,No,No,No,0,4,15.89,1,1,Passive
4700,No,0,72,Offer A,Yes,24.95,Yes,Yes,Fiber Optic,13,Yes,Yes,Yes,Yes,Yes,Yes,Yes,Yes,Two Year,No,Bank Withdrawal,114.45,8100.55,0.0,0,1796.4,9896.95,Male,51,No,No,Yes,Yes,1,10,10.404545454545454,0,1,Detractor
2428,No,0,15,Offer D,Yes,39.84,No,No,No internet,0,No,No,No,No,No,No,No,No,Month-to-Month,No,Bank Withdrawal,19.75,297.3,0.0,0,597.6,894.9000000000001,Female,54,No,No,No,No,0,1,9.875,0,1,Detractor
5057,No,0,1,,Yes,1.5,No,No,No internet,0,No,No,No,No,No,No,No,No,Month-to-Month,No,Credit Card,19.9,19.9,0.0,0,1.5,21.4,Female,21,Yes,No,No,No,0,1,9.95,1,0,Promoter
2610,No,0,5,,Yes,32.91,No,Yes,Fiber Optic,24,No,No,No,No,No,Yes,Yes,No,Month-to-Month,No,Credit Card,78.75,426.35,0.0,10,164.54999999999998,600.9,Male,32,No,No,No,No,0,3,19.6875,1,0,Promoter
3519,Yes,3,23,,Yes,31.39,No,Yes,DSL,29,Yes,No,Yes,Yes,No,Yes,Yes,Yes,One Year,Yes,Bank Withdrawal,68.75,1689.45,0.0,0,721.97,2411.42,Female,38,No,No,Yes,No,0,7,8.59375,0,1,Detractor
3975,No,0,12,,Yes,12.75,Yes,Yes,Fiber Optic,24,No,No,No,No,Yes,Yes,Yes,No,Month-to-Month,Yes,Bank Withdrawal,94.2,1046.1,7.39,120,153.0,1311.7099999999998,Female,53,No,No,No,No,0,5,15.7,1,1,Detractor
4761,No,0,64,,Yes,5.49,Yes,Yes,DSL,69,Yes,Yes,Yes,Yes,Yes,No,No,No,One Year,No,Bank Withdrawal,81.25,5567.55,0.0,40,351.36,5958.91,Male,25,Yes,No,No,No,0,7,10.15625,0,1,Detractor
4747,Yes,8,68,Offer A,Yes,17.12,Yes,No,No internet,0,No,No,No,No,No,No,No,No,Two Year,No,Credit Card,25.8,1911.5,0.0,0,1164.16,3075.66,Female,41,No,No,Yes,No,0,2,8.6,0,0,Passive
4136,No,0,28,,Yes,28.14,Yes,Yes,Fiber Optic,10,No,No,Yes,Yes,Yes,Yes,No,Yes,Month-to-Month,Yes,Bank Withdrawal,103.3,2890.65,0.0,0,787.9200000000001,3678.57,Female,79,No,Yes,No,No,0,7,12.9125,0,1,Detractor
5709,No,0,69,Offer A,Yes,49.35,Yes,Yes,Fiber Optic,30,No,Yes,Yes,Yes,Yes,No,No,Yes,Two Year,Yes,Credit Card,97.65,6743.55,0.0,0,3405.15,10148.7,Male,41,No,No,No,No,0,7,12.20625,0,0,Detractor
2662,No,0,8,Offer E,Yes,48.14,Yes,Yes,DSL,18,Yes,No,No,Yes,No,Yes,Yes,Yes,Month-to-Month,No,Bank Withdrawal,71.15,563.65,0.0,0,385.12,948.77,Female,53,No,No,No,No,0,7,8.89375,1,1,Detractor
4742,Yes,10,71,,Yes,33.0,Yes,No,No internet,0,No,No,No,No,No,No,No,No,Two Year,Yes,Credit Card,24.45,1681.6,0.0,0,2343.0,4024.6,Female,59,No,No,Yes,No,0,2,8.15,0,0,Promoter
4708,Yes,1,69,Offer A,Yes,48.88,Yes,Yes,Fiber Optic,4,No,Yes,Yes,Yes,Yes,Yes,No,Yes,Two Year,Yes,Bank Withdrawal,108.4,7318.2,0.0,0,3372.7200000000003,10690.92,Male,69,No,Yes,Yes,No,0,8,12.044444444444444,0,1,Detractor
4854,Yes,3,41,,Yes,20.41,Yes,Yes,Fiber Optic,59,No,Yes,Yes,Yes,Yes,Yes,Yes,Yes,One Year,Yes,Bank Withdrawal,109.1,4454.25,0.0,0,836.8100000000001,5291.06,Female,28,Yes,No,Yes,Yes,2,9,10.91,0,1,Promoter
5845,Yes,9,66,,Yes,43.77,Yes,Yes,Fiber Optic,41,Yes,Yes,Yes,Yes,Yes,Yes,Yes,Yes,One Year,No,Bank Withdrawal,115.8,7942.15,0.0,0,2888.82,10830.97,Male,28,Yes,No,Yes,No,0,10,10.527272727272727,0,1,Detractor
4207,Yes,1,1,Offer E,Yes,18.84,No,Yes,Fiber Optic,19,No,No,No,No,No,No,No,Yes,Month-to-Month,Yes,Bank Withdrawal,71.0,71.0,0.0,0,18.84,89.84,Male,57,No,No,Yes,No,0,2,23.666666666666668,1,1,Detractor
4886,Yes,2,52,Offer B,Yes,39.48,No,No,No internet,0,No,No,No,No,No,No,No,No,One Year,Yes,Credit Card,20.85,1071.6,0.0,0,2052.96,3124.56,Male,47,No,No,Yes,Yes,3,1,10.425,0,0,Passive
4889,No,0,62,Offer B,Yes,17.56,Yes,No,No internet,0,No,No,No,No,No,No,No,No,Two Year,Yes,Credit Card,24.4,1413.0,0.0,0,1088.72,2501.7200000000003,Male,62,No,No,No,Yes,1,2,8.133333333333333,0,0,Detractor
5917,No,0,13,Offer D,Yes,21.36,No,No,No internet,0,No,No,No,No,No,No,No,No,Month-to-Month,Yes,Credit Card,19.3,279.3,0.0,0,277.68,556.98,Female,50,No,No,No,No,0,1,9.65,0,0,Promoter
4922,Yes,1,52,,Yes,19.21,Yes,No,No internet,0,No,No,No,No,No,No,No,No,Two Year,No,Credit Card,23.05,1255.1,0.0,0,998.92,2254.02,Female,42,No,No,Yes,Yes,2,2,7.683333333333334,0,0,Detractor
5795,Yes,1,1,,Yes,4.89,Yes,Yes,Fiber Optic,11,No,No,No,No,Yes,Yes,No,Yes,Month-to-Month,Yes,Bank Withdrawal,95.1,95.1,0.0,0,4.89,99.99,Male,71,No,Yes,Yes,No,0,5,15.85,1,1,Detractor
6311,Yes,2,61,,Yes,17.49,Yes,Yes,Fiber Optic,21,No,Yes,No,No,Yes,Yes,Yes,Yes,Two Year,Yes,Bank Withdrawal,101.05,5971.25,0.0,0,1066.89,7038.139999999999,Female,35,No,No,Yes,No,0,7,12.63125,0,1,Passive
4754,Yes,9,72,,Yes,46.63,Yes,Yes,Fiber Optic,14,Yes,No,Yes,Yes,Yes,Yes,Yes,Yes,Two Year,Yes,Bank Withdrawal,110.45,8058.85,0.0,0,3357.36,11416.21,Female,62,No,No,Yes,Yes,1,9,11.045,0,1,Passive
4093,Yes,7,59,,Yes,20.27,Yes,Yes,DSL,13,No,Yes,No,Yes,Yes,Yes,Yes,Yes,One Year,Yes,Bank Withdrawal,80.1,4693.2,0.0,0,1195.93,5889.13,Female,34,No,No,Yes,No,0,8,8.899999999999999,0,1,Promoter
3522,Yes,1,17,,No,0.0,No,Yes,DSL,52,Yes,No,Yes,No,Yes,No,No,Yes,One Year,No,Credit Card,44.45,792.15,0.0,0,0.0,792.15,Male,20,Yes,No,Yes,Yes,2,4,8.89,0,0,Detractor
3019,Yes,3,24,Offer C,Yes,45.68,Yes,Yes,Cable,26,Yes,No,No,Yes,Yes,Yes,Yes,Yes,Month-to-Month,No,Bank Withdrawal,81.0,1923.85,0.0,0,1096.32,3020.17,Male,51,No,No,Yes,Yes,3,8,9.0,0,1,Detractor
4750,Yes,5,72,Offer A,Yes,17.49,Yes,Yes,Fiber Optic,12,No,Yes,Yes,No,Yes,Yes,Yes,No,One Year,Yes,Credit Card,104.45,7459.0,0.0,130,1259.28,8848.28,Male,35,No,No,Yes,Yes,1,7,13.05625,0,0,Promoter
2664,No,0,4,,No,0.0,No,Yes,DSL,13,No,No,No,Yes,No,Yes,Yes,Yes,Month-to-Month,Yes,Bank Withdrawal,40.05,162.45,0.0,0,0.0,162.45,Male,33,No,No,No,No,0,4,8.01,1,1,Passive
3513,Yes,10,23,,Yes,9.84,Yes,Yes,Fiber Optic,71,No,No,No,No,No,Yes,Yes,Yes,Month-to-Month,No,Bank Withdrawal,85.6,1868.4,0.0,0,226.32,2094.7200000000003,Female,25,Yes,No,Yes,Yes,1,5,14.266666666666666,0,1,Detractor
5103,No,0,29,,No,0.0,No,Yes,Cable,28,Yes,Yes,No,Yes,No,No,No,Yes,One Year,No,Credit Card,39.5,1082.75,0.0,0,0.0,1082.75,Female,47,No,No,No,No,0,4,7.9,0,0,Detractor
5100,No,0,2,,Yes,39.62,Yes,Yes,Fiber Optic,7,No,No,Yes,No,Yes,No,No,Yes,Month-to-Month,Yes,Bank Withdrawal,91.4,193.6,0.0,0,79.24,272.84,Female,50,No,No,No,No,0,5,15.233333333333334,1,1,Detractor
4487,Yes,2,38,Offer C,Yes,32.11,Yes,Yes,DSL,16,No,No,Yes,Yes,No,Yes,Yes,Yes,One Year,No,Credit Card,69.0,2669.45,0.0,0,1220.18,3889.63,Male,34,No,No,Yes,No,0,7,8.625,0,0,Passive
4138,No,0,1,,Yes,34.04,No,Yes,DSL,23,No,No,No,Yes,No,No,No,Yes,Month-to-Month,Yes,Bank Withdrawal,52.2,52.2,0.0,0,34.04,86.24000000000001,Female,41,No,No,No,No,0,3,13.05,1,1,Detractor
5183,No,0,67,,Yes,16.72,Yes,No,No internet,0,No,No,No,No,No,No,No,No,Two Year,Yes,Bank Withdrawal,25.6,1790.35,46.06,0,1120.24,2864.53,Female,53,No,No,No,No,0,2,8.533333333333333,0,1,Detractor
2122,No,0,15,,Yes,22.39,No,Yes,Fiber Optic,7,Yes,No,Yes,Yes,Yes,Yes,Yes,Yes,Month-to-Month,No,Bank Withdrawal,105.1,1582.75,0.0,0,335.85,1918.6,Female,54,No,No,No,No,0,8,11.677777777777775,0,1,Detractor
2876,No,0,10,Offer D,No,0.0,No,Yes,DSL,57,Yes,Yes,No,Yes,No,No,No,No,One Year,No,Credit Card,40.25,411.45,17.96,30,0.0,423.49,Female,52,No,No,No,Yes,5,3,10.0625,1,0,Detractor
5707,No,0,65,,Yes,4.9,Yes,No,No internet,0,No,No,No,No,No,No,No,No,Two Year,No,Credit Card,25.75,1654.75,41.74,0,318.5,1931.51,Male,56,No,No,No,No,0,2,8.583333333333334,0,0,Promoter
2026,No,0,27,,Yes,35.17,Yes,Yes,Fiber Optic,24,No,No,No,No,Yes,Yes,Yes,Yes,Month-to-Month,Yes,Bank Withdrawal,95.6,2595.25,0.0,0,949.59,3544.84,Female,49,No,No,No,No,0,6,13.657142857142857,0,1,Passive
2545,Yes,7,8,,Yes,10.36,No,Yes,DSL,20,Yes,No,No,No,No,No,No,Yes,Month-to-Month,Yes,Credit Card,51.3,411.6,15.02,0,82.88,479.46,Male,47,No,No,Yes,Yes,1,3,12.825,1,0,Passive
2098,No,0,20,,Yes,30.52,No,Yes,Fiber Optic,21,Yes,No,Yes,No,Yes,No,No,Yes,Month-to-Month,Yes,Bank Withdrawal,89.4,1871.15,0.0,0,610.4,2481.55,Female,48,No,No,No,No,0,5,14.9,0,1,Passive
2296,Yes,1,40,,No,0.0,No,Yes,Cable,3,No,Yes,No,No,Yes,No,No,Yes,Month-to-Month,Yes,Bank Withdrawal,39.3,1637.4,0.0,0,0.0,1637.4,Female,66,No,Yes,Yes,No,0,3,9.825,0,1,Detractor
6274,Yes,1,54,,Yes,42.09,No,Yes,Fiber Optic,9,Yes,Yes,Yes,Yes,Yes,Yes,Yes,Yes,Two Year,No,Bank Withdrawal,109.75,6110.2,0.0,0,2272.86,8383.06,Male,34,No,No,Yes,No,0,9,10.975,0,1,Detractor
4055,No,0,72,,Yes,28.99,Yes,No,No internet,0,No,No,No,No,No,No,No,No,Two Year,Yes,Bank Withdrawal,25.0,1802.55,28.93,0,2087.28,3860.9,Male,77,No,Yes,Yes,No,0,2,8.333333333333334,0,1,Promoter
4934,Yes,1,72,,No,0.0,No,Yes,DSL,16,Yes,Yes,Yes,Yes,Yes,Yes,Yes,No,Two Year,Yes,Bank Withdrawal,65.65,4664.5,0.0,60,0.0,4724.5,Male,32,No,No,Yes,Yes,1,7,8.20625,0,1,Detractor
5554,No,0,6,,Yes,43.19,No,No,No internet,0,No,No,No,No,No,No,No,No,Month-to-Month,Yes,Credit Card,20.95,109.5,0.0,0,259.14,368.64,Female,40,No,No,No,No,0,1,10.475,1,0,Detractor
2595,Yes,1,12,,Yes,27.82,No,Yes,DSL,26,No,No,No,No,No,Yes,Yes,Yes,One Year,No,Credit Card,53.65,696.35,0.0,0,333.84000000000003,1030.19,Male,27,Yes,No,Yes,No,0,4,10.73,1,0,Detractor
4964,No,0,2,,Yes,10.81,No,Yes,Cable,13,No,No,No,No,No,No,No,Yes,Month-to-Month,Yes,Bank Withdrawal,45.4,80.95,0.0,0,21.62,102.57,Female,31,No,No,No,No,0,2,15.133333333333333,1,1,Detractor
6275,Yes,9,72,,Yes,16.58,Yes,Yes,DSL,30,Yes,Yes,Yes,No,Yes,Yes,Yes,Yes,Two Year,Yes,Bank Withdrawal,85.25,6083.1,0.0,0,1193.7599999999998,7276.860000000001,Male,64,No,No,Yes,No,0,9,8.525,0,1,Detractor
4980,Yes,1,63,Offer B,Yes,21.15,Yes,Yes,Fiber Optic,24,No,Yes,No,No,No,No,No,Yes,Month-to-Month,Yes,Bank Withdrawal,81.55,5029.05,0.0,0,1332.4499999999998,6361.5,Female,54,No,No,Yes,No,0,4,16.31,0,1,Passive
4273,Yes,1,1,,Yes,43.67,No,Yes,Fiber Optic,73,No,No,No,No,Yes,No,Yes,No,Month-to-Month,Yes,Bank Withdrawal,80.55,80.55,0.0,0,43.67,124.22,Male,25,Yes,No,Yes,No,0,3,20.1375,1,1,Detractor
5995,Yes,1,48,,No,0.0,No,Yes,DSL,22,No,Yes,Yes,No,No,No,No,Yes,One Year,No,Mailed Check,34.7,1604.5,0.0,0,0.0,1604.5,Female,31,No,No,Yes,No,0,3,8.675,0,0,Detractor
2510,Yes,2,31,,Yes,36.69,No,Yes,Fiber Optic,52,No,No,Yes,No,Yes,Yes,Yes,Yes,One Year,Yes,Bank Withdrawal,93.8,2939.8,0.0,0,1137.39,4077.19,Male,27,Yes,No,Yes,No,0,6,13.4,0,1,Passive
4096,No,0,3,,Yes,25.1,No,Yes,Fiber Optic,59,No,No,Yes,Yes,Yes,No,Yes,Yes,Month-to-Month,Yes,Credit Card,89.85,244.45,0.0,0,75.30000000000001,319.75,Male,24,Yes,No,No,No,0,6,12.835714285714284,1,0,Promoter
2075,No,0,35,,Yes,38.38,No,Yes,DSL,82,Yes,Yes,Yes,No,No,No,No,Yes,One Year,No,Mailed Check,61.2,2021.2,0.0,0,1343.3000000000002,3364.5,Male,24,Yes,No,No,No,0,5,10.2,0,0,Detractor
6208,Yes,2,71,Offer A,Yes,4.32,Yes,Yes,Fiber Optic,41,Yes,Yes,Yes,Yes,Yes,Yes,Yes,Yes,Two Year,No,Credit Card,113.65,8166.8,0.0,0,306.72,8473.52,Female,23,Yes,No,Yes,Yes,2,10,10.331818181818182,0,0,Passive
4328,No,0,69,,Yes,7.18,No,No,No internet,0,No,No,No,No,No,No,No,No,Two Year,No,Credit Card,19.95,1399.35,0.0,0,495.42,1894.77,Male,24,Yes,No,No,No,0,1,9.975,0,0,Passive
4530,No,0,72,,Yes,8.29,Yes,Yes,Cable,13,No,Yes,Yes,Yes,Yes,Yes,Yes,Yes,Two Year,No,Bank Withdrawal,86.6,6350.5,0.0,0,596.8799999999999,6947.38,Female,37,No,No,No,No,0,9,8.66,0,1,Detractor
2392,Yes,6,10,Offer D,Yes,26.17,No,Yes,DSL,7,No,Yes,No,No,No,No,No,Yes,One Year,No,Credit Card,49.55,475.7,0.0,0,261.70000000000005,737.4000000000001,Male,53,No,No,Yes,No,0,3,12.3875,1,0,Detractor
5119,Yes,9,43,Offer B,Yes,28.03,Yes,No,No internet,0,No,No,No,No,No,No,No,No,One Year,Yes,Bank Withdrawal,24.45,993.15,41.33,0,1205.29,2157.11,Female,59,No,No,Yes,Yes,1,2,8.15,0,1,Passive
4568,No,0,1,,Yes,34.37,No,Yes,DSL,28,No,No,No,No,No,No,No,Yes,Month-to-Month,No,Bank Withdrawal,45.3,45.3,0.0,0,34.37,79.66999999999999,Male,49,No,No,No,No,0,2,15.1,1,1,Detractor
3283,No,0,18,,Yes,41.13,No,Yes,Cable,23,No,Yes,No,No,No,No,No,Yes,One Year,Yes,Credit Card,49.85,865.75,0.0,0,740.34,1606.09,Female,69,No,Yes,No,No,0,3,12.4625,0,0,Detractor
5473,No,0,9,,No,0.0,No,Yes,DSL,7,No,No,No,No,No,No,No,Yes,Month-to-Month,Yes,Bank Withdrawal,24.95,190.25,0.0,0,0.0,190.25,Male,61,No,No,No,No,0,1,12.475,1,1,Promoter
5706,Yes,1,66,,Yes,25.83,Yes,Yes,Fiber Optic,24,No,Yes,Yes,No,No,Yes,Yes,Yes,One Year,No,Bank Withdrawal,95.3,6273.4,0.0,0,1704.78,7978.179999999999,Male,36,No,No,Yes,No,0,7,11.9125,0,1,Passive
2156,No,0,3,Offer E,Yes,25.4,No,Yes,Fiber Optic,10,No,No,No,No,No,No,No,Yes,Month-to-Month,Yes,Bank Withdrawal,70.25,229.7,0.0,0,76.19999999999999,305.9,Female,33,No,No,No,No,0,2,23.416666666666668,1,1,Passive
6300,Yes,9,65,,Yes,30.44,Yes,Yes,Fiber Optic,20,Yes,Yes,Yes,No,Yes,No,No,Yes,Two Year,Yes,Bank Withdrawal,99.35,6347.55,0.0,0,1978.6,8326.15,Male,31,No,No,Yes,No,0,7,12.41875,0,1,Passive
5337,Yes,1,25,Offer C,Yes,19.76,No,Yes,Fiber Optic,12,No,Yes,Yes,No,Yes,Yes,No,Yes,Month-to-Month,Yes,Bank Withdrawal,98.5,2514.5,13.43,0,494.00000000000006,2995.07,Female,78,No,Yes,Yes,Yes,1,6,14.071428571428571,0,1,Detractor
3462,Yes,1,37,Offer C,Yes,38.89,Yes,Yes,Fiber Optic,29,No,Yes,Yes,No,Yes,No,No,Yes,Month-to-Month,Yes,Bank Withdrawal,92.95,3415.25,0.0,0,1438.93,4854.18,Male,33,No,No,Yes,Yes,1,6,13.278571428571428,0,1,Passive
3091,No,0,45,,Yes,28.72,No,Yes,Fiber Optic,3,Yes,Yes,Yes,Yes,Yes,Yes,Yes,Yes,One Year,No,Credit Card,112.2,5031.85,0.0,0,1292.4,6324.25,Male,57,No,No,No,No,0,9,11.22,0,0,Detractor
5120,Yes,5,72,Offer A,Yes,43.47,Yes,Yes,Cable,9,No,No,Yes,No,Yes,Yes,Yes,No,Two Year,Yes,Bank Withdrawal,76.8,5468.45,0.0,90,3129.84,8688.29,Female,45,No,No,Yes,No,0,6,10.971428571428572,0,1,Detractor
4605,Yes,2,58,,Yes,43.01,Yes,Yes,Fiber Optic,30,No,Yes,Yes,No,Yes,Yes,Yes,Yes,One Year,Yes,Credit Card,105.2,6225.4,34.83,0,2494.58,8685.15,Female,61,No,No,Yes,Yes,3,8,11.68888888888889,0,0,Passive
3947,Yes,10,22,Offer D,Yes,6.03,No,Yes,DSL,51,Yes,No,No,No,Yes,No,No,Yes,One Year,Yes,Bank Withdrawal,59.75,1374.35,0.0,0,132.66,1507.01,Male,22,Yes,No,Yes,No,0,4,11.95,0,1,Detractor
4903,Yes,1,68,Offer A,Yes,29.18,Yes,Yes,DSL,18,No,Yes,Yes,Yes,No,Yes,Yes,No,One Year,Yes,Bank Withdrawal,75.8,5293.95,0.0,90,1984.24,7368.19,Male,63,No,No,Yes,No,0,7,9.475,0,1,Detractor
4694,No,0,22,Offer D,Yes,10.33,Yes,Yes,Fiber Optic,19,Yes,No,No,No,Yes,Yes,Yes,Yes,Month-to-Month,Yes,Bank Withdrawal,101.35,2317.1,0.0,0,227.26,2544.36,Male,44,No,No,No,No,0,7,12.66875,0,1,Detractor
4243,No,0,1,,Yes,24.48,Yes,Yes,Fiber Optic,24,No,Yes,No,No,No,No,No,Yes,Month-to-Month,Yes,Bank Withdrawal,79.15,79.15,0.0,0,24.48,103.63,Male,64,No,No,No,No,0,4,15.830000000000002,1,1,Detractor
4116,Yes,4,72,,Yes,12.84,Yes,Yes,DSL,22,Yes,Yes,Yes,No,Yes,Yes,Yes,Yes,Two Year,Yes,Credit Card,83.6,5959.3,0.0,0,924.48,6883.780000000001,Female,36,No,No,Yes,Yes,1,9,8.36,0,0,Detractor
4840,No,0,2,,Yes,33.75,No,Yes,Fiber Optic,10,No,No,No,No,No,No,No,Yes,Month-to-Month,Yes,Bank Withdrawal,70.15,123.8,0.0,0,67.5,191.3,Female,57,No,No,No,No,0,2,23.383333333333336,1,1,Detractor
5395,No,0,58,,Yes,42.33,Yes,Yes,Cable,7,Yes,Yes,Yes,Yes,No,No,No,Yes,One Year,Yes,Credit Card,71.1,4299.2,0.0,0,2455.14,6754.34,Female,56,No,No,No,No,0,7,8.8875,0,0,Detractor
2373,No,0,19,Offer D,Yes,28.12,Yes,Yes,Fiber Optic,25,Yes,No,No,No,Yes,No,No,Yes,Month-to-Month,Yes,Bank Withdrawal,90.6,1660.0,0.0,0,534.28,2194.28,Male,68,No,Yes,No,No,0,5,15.1,0,1,Detractor
5545,No,0,7,Offer E,Yes,36.49,No,Yes,Fiber Optic,42,No,Yes,No,No,Yes,Yes,Yes,Yes,One Year,Yes,Credit Card,94.05,633.45,0.0,0,255.43,888.8800000000001,Female,20,Yes,No,No,No,0,6,13.435714285714283,1,0,Detractor
5055,Yes,1,72,,Yes,3.07,Yes,Yes,Fiber Optic,23,No,Yes,Yes,No,Yes,Yes,Yes,Yes,Two Year,Yes,Bank Withdrawal,103.4,7372.65,0.0,0,221.04,7593.69,Male,47,No,No,Yes,No,0,8,11.488888888888887,0,1,Detractor
5024,Yes,1,61,Offer B,No,0.0,No,Yes,DSL,59,Yes,Yes,No,Yes,No,Yes,Yes,No,One Year,Yes,Bank Withdrawal,50.7,3088.75,0.0,20,0.0,3108.75,Female,25,Yes,No,Yes,Yes,1,5,8.450000000000001,0,1,Passive
5623,Yes,6,24,,No,0.0,No,Yes,DSL,27,Yes,Yes,Yes,No,Yes,Yes,Yes,Yes,One Year,No,Bank Withdrawal,57.6,1367.75,0.0,0,0.0,1367.75,Female,42,No,No,Yes,No,0,7,7.2,0,1,Passive
3968,No,0,1,,Yes,40.63,No,No,No internet,0,No,No,No,No,No,No,No,No,Month-to-Month,No,Credit Card,19.55,19.55,0.0,0,40.63,60.18000000000001,Female,57,No,No,No,No,0,1,9.775,1,0,Passive
4596,No,0,2,Offer E,Yes,15.32,No,Yes,Fiber Optic,21,No,No,No,No,No,No,No,Yes,Month-to-Month,Yes,Bank Withdrawal,69.6,131.65,0.0,0,30.64,162.29000000000002,Female,74,No,Yes,No,No,0,2,23.2,1,1,Detractor
2067,No,0,1,,Yes,13.51,No,No,No internet,0,No,No,No,No,No,No,No,No,Month-to-Month,No,Credit Card,20.05,20.05,0.0,0,13.51,33.56,Male,56,No,No,No,No,0,1,10.025,1,0,Promoter
6298,Yes,6,61,,Yes,27.66,Yes,Yes,Fiber Optic,29,Yes,Yes,No,No,Yes,Yes,Yes,Yes,Month-to-Month,Yes,Bank Withdrawal,106.2,6375.2,0.0,0,1687.26,8062.46,Male,40,No,No,Yes,No,0,8,11.8,0,1,Passive
5801,No,0,62,,Yes,23.88,Yes,Yes,Fiber Optic,47,Yes,Yes,Yes,No,No,No,No,Yes,One Year,Yes,Bank Withdrawal,92.05,5755.8,14.21,0,1480.56,7222.15,Female,27,Yes,No,No,No,0,6,13.15,0,1,Detractor
3178,No,0,26,,Yes,40.35,No,Yes,Fiber Optic,13,No,Yes,No,No,Yes,No,No,Yes,Month-to-Month,Yes,Bank Withdrawal,85.75,2146.5,0.0,0,1049.1,3195.6000000000004,Male,48,No,No,No,No,0,4,17.15,0,1,Detractor
5249,No,0,53,,Yes,2.51,Yes,Yes,Fiber Optic,19,Yes,Yes,Yes,No,No,No,No,No,Month-to-Month,No,Bank Withdrawal,90.8,4921.2,0.0,60,133.03,5114.23,Female,50,No,No,No,No,0,5,15.133333333333333,0,1,Detractor
4478,No,0,54,,Yes,34.27,No,Yes,Fiber Optic,20,Yes,Yes,No,No,Yes,Yes,Yes,Yes,One Year,Yes,Credit Card,100.05,5299.65,0.0,0,1850.58,7150.23,Female,36,No,No,No,No,0,7,12.50625,0,0,Passive
4120,No,0,51,Offer B,Yes,29.33,No,No,No internet,0,No,No,No,No,No,No,No,No,One Year,No,Bank Withdrawal,19.1,1007.8,0.0,0,1495.83,2503.63,Male,34,No,No,No,No,0,1,9.55,0,1,Passive
3940,No,0,1,,Yes,14.48,No,Yes,Fiber Optic,26,No,Yes,No,No,No,No,No,Yes,Month-to-Month,No,Bank Withdrawal,75.8,75.8,0.0,0,14.48,90.28,Female,53,No,No,No,No,0,3,18.95,1,1,Detractor
2985,Yes,1,8,Offer E,Yes,23.68,No,Yes,DSL,41,Yes,No,No,Yes,No,Yes,Yes,Yes,Two Year,No,Credit Card,65.5,564.35,0.0,0,189.44,753.79,Female,23,Yes,No,Yes,No,0,6,9.357142857142858,1,0,Detractor
2845,Yes,1,21,,Yes,35.72,No,Yes,Cable,30,No,Yes,No,No,Yes,No,No,Yes,One Year,Yes,Credit Card,58.85,1215.45,0.0,0,750.12,1965.57,Female,63,No,No,Yes,Yes,3,4,11.77,0,0,Passive
4093,No,0,22,,Yes,46.5,No,Yes,Fiber Optic,17,No,Yes,No,No,Yes,Yes,Yes,Yes,Month-to-Month,Yes,Credit Card,93.2,2157.3,0.0,0,1023.0,3180.3,Male,50,No,No,No,No,0,6,13.314285714285717,0,0,Passive
4594,No,0,2,Offer E,Yes,43.93,No,Yes,DSL,59,No,No,No,No,No,Yes,Yes,Yes,Month-to-Month,Yes,Bank Withdrawal,55.3,108.65,0.0,0,87.86,196.51,Male,22,Yes,No,No,Yes,1,4,11.06,1,1,Detractor
6437,Yes,1,72,,Yes,47.83,Yes,Yes,Fiber Optic,27,Yes,No,Yes,Yes,Yes,Yes,Yes,Yes,Two Year,Yes,Credit Card,111.9,8071.05,0.0,0,3443.76,11514.81,Male,32,No,No,Yes,No,0,9,11.19,0,0,Detractor
2987,Yes,1,36,Offer C,Yes,31.65,Yes,Yes,Fiber Optic,15,No,No,No,No,No,Yes,No,Yes,Month-to-Month,Yes,Bank Withdrawal,84.1,3021.6,0.0,0,1139.4,4161.0,Male,71,No,Yes,Yes,No,0,4,16.82,0,1,Detractor
6444,Yes,5,62,Offer B,Yes,20.96,No,No,No internet,0,No,No,No,No,No,No,No,No,Two Year,No,Credit Card,20.05,1263.9,0.0,0,1299.52,2563.42,Male,64,No,No,Yes,Yes,1,1,10.025,0,0,Promoter
5623,Yes,7,56,,Yes,32.93,Yes,No,No internet,0,No,No,No,No,No,No,No,No,One Year,Yes,Mailed Check,24.45,1431.65,0.0,0,1844.08,3275.73,Male,64,No,No,Yes,No,0,2,8.15,0,0,Detractor
2576,No,0,1,Offer E,Yes,32.61,No,Yes,Fiber Optic,27,No,No,No,No,No,No,No,No,Two Year,Yes,Credit Card,70.6,70.6,0.0,30,32.61,133.20999999999998,Female,73,No,Yes,No,No,0,1,35.3,1,0,Passive
4694,No,0,6,,Yes,11.97,No,Yes,Fiber Optic,27,No,Yes,No,No,Yes,No,No,Yes,Month-to-Month,Yes,Bank Withdrawal,85.35,489.45,0.0,0,71.82000000000001,561.27,Male,61,No,No,No,No,0,4,17.07,1,1,Detractor
4344,No,0,61,Offer B,Yes,45.69,Yes,Yes,Fiber Optic,48,Yes,No,Yes,No,Yes,Yes,Yes,Yes,One Year,No,Bank Withdrawal,104.0,6363.45,0.0,0,2787.09,9150.54,Male,24,Yes,No,No,No,0,8,11.555555555555555,0,1,Detractor
2748,Yes,4,41,Offer B,Yes,28.55,Yes,Yes,Cable,20,Yes,Yes,Yes,No,Yes,No,No,Yes,Month-to-Month,Yes,Credit Card,74.55,3023.55,0.0,0,1170.55,4194.1,Male,61,No,No,Yes,Yes,2,7,9.31875,0,0,Detractor
3255,No,0,1,,Yes,39.19,No,Yes,DSL,69,No,No,No,No,No,Yes,Yes,No,Month-to-Month,Yes,Bank Withdrawal,55.25,55.25,0.0,60,39.19,154.44,Male,21,Yes,No,No,No,0,3,13.8125,1,1,Promoter
3520,No,0,3,,Yes,35.64,No,Yes,Cable,6,No,No,No,Yes,Yes,Yes,Yes,Yes,Month-to-Month,Yes,Bank Withdrawal,69.35,191.35,0.0,0,106.92,298.27,Male,48,No,No,No,No,0,6,9.907142857142857,1,1,Detractor
5267,Yes,8,60,Offer B,Yes,15.54,Yes,Yes,Fiber Optic,19,Yes,Yes,No,No,No,Yes,Yes,Yes,Month-to-Month,Yes,Credit Card,94.1,5475.9,0.0,0,932.4,6408.299999999999,Female,44,No,No,Yes,No,0,7,11.7625,0,0,Detractor
4363,Yes,5,32,Offer C,Yes,35.05,No,No,No internet,0,No,No,No,No,No,No,No,No,Month-to-Month,Yes,Credit Card,19.45,674.55,0.0,0,1121.6,1796.15,Male,22,Yes,No,Yes,Yes,3,1,9.725,0,0,Passive
6090,Yes,9,71,,Yes,45.81,Yes,Yes,DSL,52,Yes,Yes,Yes,Yes,No,No,No,Yes,Two Year,No,Credit Card,71.1,5224.95,0.0,0,3252.51,8477.46,Female,63,No,No,Yes,Yes,3,7,8.8875,0,0,Passive
5224,Yes,6,65,Offer B,Yes,39.49,Yes,Yes,DSL,18,Yes,Yes,Yes,No,No,No,No,Yes,One Year,No,Credit Card,67.05,4309.55,0.0,0,2566.85,6876.4,Male,50,No,No,Yes,No,0,6,9.578571428571427,0,0,Detractor
5698,No,0,3,Offer E,Yes,22.77,No,Yes,DSL,51,No,No,No,No,Yes,No,Yes,Yes,Month-to-Month,No,Credit Card,55.15,159.15,0.0,0,68.31,227.46,Male,25,Yes,No,No,No,0,4,11.03,1,0,Detractor
4151,Yes,3,71,Offer A,No,0.0,No,Yes,Cable,8,Yes,Yes,No,Yes,Yes,Yes,Yes,Yes,Two Year,No,Credit Card,58.65,4145.25,0.0,0,0.0,4145.25,Female,31,No,No,Yes,No,0,7,7.33125,0,0,Passive
5540,Yes,7,72,Offer A,Yes,11.26,Yes,Yes,Cable,3,No,No,Yes,No,Yes,Yes,Yes,Yes,Two Year,Yes,Credit Card,73.45,5329.0,0.0,0,810.72,6139.72,Male,79,No,Yes,Yes,No,0,7,9.18125,0,0,Detractor
3307,No,0,5,,Yes,13.54,No,Yes,DSL,21,No,No,No,Yes,No,No,No,Yes,Month-to-Month,Yes,Bank Withdrawal,48.65,235.2,0.0,0,67.69999999999999,302.9,Male,57,No,No,No,Yes,2,3,12.1625,1,1,Promoter
4892,No,0,39,Offer C,Yes,41.93,Yes,Yes,Fiber Optic,23,No,No,No,No,Yes,Yes,No,No,Month-to-Month,Yes,Bank Withdrawal,95.65,3759.05,0.0,150,1635.27,5544.32,Male,79,No,Yes,No,No,0,4,19.130000000000003,0,1,Detractor
5505,Yes,4,8,,Yes,22.14,No,Yes,Fiber Optic,82,No,No,Yes,No,Yes,Yes,Yes,Yes,Month-to-Month,Yes,Bank Withdrawal,94.75,759.55,0.0,0,177.12,936.67,Male,26,Yes,No,Yes,Yes,3,6,13.535714285714286,1,1,Promoter
4288,No,0,4,,Yes,16.25,Yes,Yes,DSL,51,No,No,No,No,No,No,No,Yes,Month-to-Month,No,Bank Withdrawal,50.7,214.55,39.92,0,65.0,239.63,Female,24,Yes,No,No,No,0,3,12.675,1,1,Passive
5461,Yes,3,48,Offer B,Yes,13.26,No,No,No internet,0,No,No,No,No,No,No,No,No,Two Year,No,Credit Card,19.55,883.35,0.0,0,636.48,1519.83,Female,20,Yes,No,Yes,Yes,2,1,9.775,0,0,Promoter
4991,Yes,10,54,,Yes,35.16,Yes,Yes,Fiber Optic,5,No,No,No,No,No,No,No,Yes,Month-to-Month,No,Bank Withdrawal,74.0,3919.15,0.0,0,1898.64,5817.79,Male,73,No,Yes,Yes,No,0,3,18.5,0,1,Promoter
4738,No,0,33,Offer C,Yes,12.75,Yes,Yes,Fiber Optic,19,No,Yes,Yes,No,Yes,Yes,No,Yes,Two Year,Yes,Bank Withdrawal,105.35,3465.05,0.0,0,420.75,3885.8,Female,73,No,Yes,No,Yes,2,7,13.16875,0,1,Promoter
3233,No,0,30,,Yes,31.97,Yes,Yes,Fiber Optic,2,No,No,No,Yes,No,Yes,Yes,Yes,Month-to-Month,Yes,Credit Card,89.9,2723.15,0.0,0,959.1,3682.25,Male,62,No,No,No,No,0,6,12.842857142857143,0,0,Detractor
4697,Yes,8,62,,Yes,34.62,Yes,Yes,Fiber Optic,28,No,No,Yes,Yes,Yes,Yes,Yes,Yes,Two Year,Yes,Bank Withdrawal,107.6,6912.7,0.0,0,2146.44,9059.14,Male,54,No,No,Yes,No,0,8,11.955555555555556,0,1,Passive
3413,Yes,10,47,Offer B,Yes,11.74,Yes,Yes,DSL,48,Yes,Yes,Yes,Yes,Yes,Yes,Yes,Yes,Two Year,Yes,Mailed Check,90.5,4318.35,0.0,0,551.78,4870.13,Male,30,No,No,Yes,Yes,3,10,8.227272727272727,0,0,Detractor
5343,No,0,67,Offer A,Yes,9.05,No,No,No internet,0,No,No,No,No,No,No,No,No,One Year,Yes,Credit Card,19.45,1195.95,0.0,0,606.35,1802.3,Male,45,No,No,No,No,0,1,9.725,0,0,Passive
3800,No,0,34,,No,0.0,No,Yes,Cable,28,No,No,No,No,No,No,No,Yes,Month-to-Month,Yes,Bank Withdrawal,25.05,852.7,0.0,0,0.0,852.7,Male,59,No,No,No,No,0,1,12.525,0,1,Passive
5212,No,0,10,Offer D,Yes,34.47,Yes,No,No internet,0,No,No,No,No,No,No,No,No,Month-to-Month,No,Credit Card,24.8,223.9,0.0,0,344.7,568.6,Male,61,No,No,No,Yes,3,2,8.266666666666667,1,0,Detractor
3878,No,0,2,Offer E,Yes,40.43,Yes,Yes,Cable,27,No,No,No,No,Yes,No,Yes,Yes,Month-to-Month,Yes,Bank Withdrawal,85.65,181.5,0.0,0,80.86,262.36,Male,22,Yes,No,No,No,0,5,14.275,1,1,Detractor
5187,Yes,1,51,Offer B,Yes,45.76,No,Yes,Fiber Optic,13,No,No,No,No,No,No,No,No,Month-to-Month,No,Credit Card,69.15,3649.6,0.0,110,2333.76,6093.36,Female,63,No,No,Yes,No,0,1,34.575,0,0,Passive
4867,No,0,9,Offer E,Yes,11.5,Yes,Yes,Fiber Optic,14,No,No,No,No,Yes,No,No,Yes,Month-to-Month,Yes,Bank Withdrawal,85.5,791.7,0.0,0,103.5,895.2,Male,35,No,No,No,No,0,4,17.1,1,1,Promoter
5932,No,0,25,,Yes,48.42,No,Yes,Fiber Optic,8,No,Yes,Yes,No,Yes,Yes,Yes,Yes,Month-to-Month,Yes,Bank Withdrawal,99.5,2369.05,19.5,0,1210.5,3560.05,Female,35,No,No,No,No,0,7,12.4375,0,1,Detractor
4487,Yes,3,71,,Yes,30.68,Yes,Yes,Cable,18,Yes,Yes,Yes,Yes,Yes,Yes,Yes,Yes,Two Year,No,Credit Card,85.75,6223.8,4.6,0,2178.28,8397.48,Female,59,No,No,Yes,No,0,10,7.795454545454546,0,0,Detractor
2681,No,0,15,,Yes,16.13,No,No,No internet,0,No,No,No,No,No,No,No,No,Month-to-Month,Yes,Mailed Check,19.8,309.4,0.0,0,241.95,551.3499999999999,Male,53,No,No,No,No,0,1,9.9,0,0,Promoter
4106,No,0,48,Offer B,No,0.0,No,Yes,DSL,48,No,Yes,Yes,No,No,Yes,Yes,Yes,Month-to-Month,No,Credit Card,45.55,2108.35,0.0,0,0.0,2108.35,Female,26,Yes,No,No,Yes,2,5,7.591666666666666,0,0,Detractor
5007,No,0,12,Offer D,Yes,17.14,No,Yes,DSL,48,No,Yes,No,No,No,No,No,No,Month-to-Month,Yes,Bank Withdrawal,49.4,611.65,0.0,90,205.68,907.33,Female,20,Yes,No,No,No,0,2,16.466666666666665,1,1,Detractor
5466,No,0,71,Offer A,Yes,41.34,Yes,Yes,Fiber Optic,10,No,Yes,No,No,No,No,No,Yes,One Year,Yes,Credit Card,79.05,5552.5,0.0,0,2935.1400000000003,8487.64,Male,44,No,No,No,No,0,4,15.81,0,0,Passive
2774,No,0,42,Offer B,Yes,5.75,No,Yes,DSL,53,Yes,Yes,Yes,Yes,No,Yes,Yes,Yes,One Year,No,Credit Card,73.9,3160.55,0.0,0,241.5,3402.05,Female,22,Yes,No,No,No,0,8,8.211111111111112,0,0,Detractor
4847,No,0,29,,Yes,10.67,Yes,Yes,Fiber Optic,12,No,No,Yes,No,Yes,Yes,Yes,Yes,Month-to-Month,No,Bank Withdrawal,100.55,2878.75,0.0,0,309.43,3188.18,Female,33,No,No,No,No,0,7,12.56875,0,1,Passive
3238,No,0,1,Offer E,Yes,34.48,No,Yes,Cable,9,No,No,No,No,No,No,No,Yes,Month-to-Month,No,Credit Card,43.95,43.95,0.0,0,34.48,78.43,Female,55,No,No,No,No,0,2,14.65,1,0,Detractor
4969,No,0,25,,Yes,36.5,Yes,Yes,Fiber Optic,30,Yes,Yes,No,No,Yes,Yes,No,Yes,Month-to-Month,Yes,Credit Card,102.8,2660.2,0.0,0,912.5,3572.7,Female,75,No,Yes,No,No,0,7,12.85,0,0,Detractor
5863,Yes,7,43,Offer B,Yes,8.75,Yes,Yes,Fiber Optic,13,Yes,No,Yes,Yes,Yes,Yes,No,Yes,One Year,Yes,Credit Card,109.55,4830.25,0.0,0,376.25,5206.5,Female,74,No,Yes,Yes,No,0,8,12.172222222222222,0,0,Detractor
3451,Yes,6,45,Offer B,Yes,17.23,No,No,No internet,0,No,No,No,No,No,No,No,No,Two Year,No,Bank Withdrawal,19.2,903.7,0.0,0,775.35,1679.0500000000002,Male,21,Yes,No,Yes,Yes,1,1,9.6,0,1,Detractor
5631,Yes,6,59,,Yes,14.49,Yes,Yes,Cable,25,Yes,Yes,No,Yes,No,No,No,Yes,One Year,No,Mailed Check,65.5,3801.3,0.0,0,854.91,4656.21,Female,57,No,No,Yes,No,0,6,9.357142857142858,0,0,Detractor
4184,Yes,9,50,,Yes,14.49,Yes,Yes,Fiber Optic,17,Yes,Yes,Yes,No,Yes,No,No,Yes,One Year,Yes,Bank Withdrawal,101.9,5265.5,0.0,0,724.5,5990.0,Male,80,No,Yes,Yes,No,0,7,12.7375,0,1,Detractor
5683,No,0,19,Offer D,Yes,39.97,Yes,Yes,Fiber Optic,9,No,Yes,No,No,Yes,No,No,Yes,Month-to-Month,Yes,Bank Withdrawal,88.2,1775.8,0.0,0,759.43,2535.23,Male,74,No,Yes,No,No,0,5,14.7,0,1,Detractor
5604,Yes,7,20,,Yes,5.31,Yes,Yes,Fiber Optic,10,No,No,No,No,Yes,Yes,Yes,Yes,Month-to-Month,Yes,Bank Withdrawal,94.55,1899.65,0.0,0,106.2,2005.85,Male,75,No,Yes,Yes,No,0,6,13.507142857142856,0,1,Detractor
4975,Yes,9,53,,Yes,27.93,Yes,Yes,DSL,57,Yes,Yes,No,No,No,Yes,Yes,Yes,Two Year,No,Bank Withdrawal,69.7,3686.05,0.0,0,1480.29,5166.34,Male,54,No,No,Yes,Yes,3,7,8.7125,0,1,Detractor
2365,Yes,1,17,Offer D,Yes,4.91,Yes,Yes,Fiber Optic,15,Yes,No,Yes,No,Yes,Yes,Yes,Yes,Month-to-Month,Yes,Bank Withdrawal,104.2,1743.5,0.0,0,83.47,1826.97,Female,38,No,No,Yes,No,0,8,11.577777777777778,0,1,Detractor
4188,No,0,36,,Yes,13.35,Yes,Yes,Fiber Optic,7,No,Yes,No,No,Yes,Yes,Yes,No,Month-to-Month,Yes,Bank Withdrawal,99.15,3615.6,0.0,30,480.6,4126.2,Female,54,No,No,No,No,0,6,14.164285714285716,0,1,Detractor
4510,No,0,4,Offer E,Yes,6.18,No,Yes,Fiber Optic,12,No,No,No,No,No,No,No,Yes,Month-to-Month,Yes,Bank Withdrawal,70.65,293.85,0.0,0,24.72,318.57000000000005,Male,69,No,Yes,No,No,0,2,23.55,1,1,Passive
3342,Yes,3,33,,Yes,28.4,No,No,No internet,0,No,No,No,No,No,No,No,No,One Year,No,Credit Card,20.1,579.4,0.0,0,937.2,1516.6,Female,23,Yes,No,Yes,Yes,3,1,10.05,0,0,Detractor
2777,No,0,4,Offer E,Yes,26.16,Yes,Yes,Fiber Optic,85,No,Yes,No,No,Yes,Yes,Yes,Yes,Month-to-Month,Yes,Bank Withdrawal,101.7,364.55,1.48,0,104.64,467.71,Male,28,Yes,No,No,No,0,7,12.7125,1,1,Detractor
5443,No,0,1,,Yes,39.88,Yes,Yes,Fiber Optic,19,No,No,No,No,No,No,No,Yes,Month-to-Month,Yes,Bank Withdrawal,73.65,73.65,0.0,0,39.88,113.53,Male,80,No,Yes,No,No,0,3,18.4125,1,1,Detractor
4421,No,0,5,,Yes,44.78,Yes,Yes,Cable,29,No,Yes,No,No,No,Yes,Yes,Yes,Month-to-Month,Yes,Bank Withdrawal,64.0,370.25,0.0,0,223.9,594.15,Female,37,No,No,No,No,0,6,9.142857142857142,1,1,Promoter
4267,No,0,2,,Yes,24.95,No,Yes,Fiber Optic,22,No,No,No,No,Yes,No,No,Yes,Two Year,No,Credit Card,81.5,162.55,0.0,0,49.9,212.45,Female,66,No,Yes,No,No,0,3,20.375,1,0,Passive
5775,No,0,2,Offer E,No,0.0,No,Yes,DSL,51,No,No,Yes,No,Yes,Yes,Yes,Yes,Month-to-Month,Yes,Bank Withdrawal,49.25,90.35,0.0,0,0.0,90.35,Male,21,Yes,No,No,No,0,5,8.208333333333334,1,1,Detractor
2731,Yes,1,13,Offer D,Yes,14.32,Yes,Yes,DSL,4,Yes,No,No,No,No,Yes,Yes,Yes,Month-to-Month,Yes,Bank Withdrawal,65.85,902.25,0.0,0,186.16,1088.41,Male,56,No,No,Yes,No,0,6,9.407142857142857,0,1,Detractor
4521,No,0,15,,Yes,15.28,No,Yes,Fiber Optic,16,No,No,Yes,No,Yes,Yes,Yes,Yes,Month-to-Month,Yes,Credit Card,94.0,1505.45,0.0,0,229.2,1734.65,Female,54,No,No,No,No,0,6,13.428571428571429,0,0,Detractor
5858,No,0,1,,No,0.0,No,Yes,Cable,2,No,No,No,No,No,No,No,Yes,Month-to-Month,No,Bank Withdrawal,25.25,25.25,0.0,0,0.0,25.25,Female,40,No,No,No,No,0,1,12.625,1,1,Passive
4654,Yes,6,24,Offer C,Yes,25.84,No,No,No internet,0,No,No,No,No,No,No,No,No,One Year,Yes,Credit Card,20.8,469.65,0.0,0,620.16,1089.81,Male,19,Yes,No,Yes,Yes,2,1,10.4,0,0,Promoter
4556,No,0,43,,Yes,8.81,Yes,Yes,Fiber Optic,7,No,No,No,No,Yes,No,No,Yes,Two Year,Yes,Bank Withdrawal,84.85,3645.6,0.0,0,378.83,4024.43,Male,74,No,Yes,No,No,0,4,16.97,0,1,Passive
4291,Yes,1,9,,Yes,23.36,Yes,Yes,DSL,22,No,Yes,No,No,No,No,No,Yes,Month-to-Month,Yes,Credit Card,55.3,501.2,0.0,0,210.24,711.44,Female,51,No,No,Yes,Yes,3,4,11.06,1,0,Promoter
2816,Yes,1,13,,Yes,42.23,No,No,No internet,0,No,No,No,No,No,No,No,No,Two Year,No,Mailed Check,19.55,265.3,0.0,0,548.99,814.29,Female,21,Yes,No,Yes,Yes,3,1,9.775,0,0,Passive
5166,No,0,54,Offer B,Yes,7.64,Yes,Yes,Fiber Optic,3,No,Yes,No,No,No,No,No,Yes,Month-to-Month,Yes,Bank Withdrawal,79.85,4308.25,0.0,0,412.56,4720.81,Male,36,No,No,No,No,0,4,15.97,0,1,Passive
5286,Yes,1,11,Offer D,Yes,31.08,Yes,Yes,Fiber Optic,26,No,No,Yes,No,Yes,Yes,Yes,Yes,Month-to-Month,Yes,Bank Withdrawal,99.5,1056.95,0.0,0,341.88,1398.83,Female,43,No,No,Yes,No,0,7,12.4375,1,1,Detractor
5877,No,0,18,,Yes,38.32,Yes,Yes,DSL,20,No,No,No,No,No,No,No,Yes,Month-to-Month,Yes,Bank Withdrawal,50.3,913.3,0.0,0,689.76,1603.06,Female,40,No,No,No,No,0,3,12.575,0,1,Detractor
2530,Yes,6,10,,Yes,5.74,No,Yes,DSL,59,No,Yes,Yes,No,No,No,No,Yes,Month-to-Month,Yes,Credit Card,55.55,551.3,0.0,0,57.400000000000006,608.6999999999999,Female,30,No,No,Yes,Yes,2,4,11.11,1,0,Promoter
2046,Yes,1,1,Offer E,Yes,35.71,No,Yes,Cable,3,No,No,No,No,No,Yes,Yes,Yes,Month-to-Month,No,Bank Withdrawal,80.0,80.0,0.0,0,35.71,115.71,Male,48,No,No,Yes,No,0,4,16.0,1,1,Detractor
2328,No,0,4,Offer E,Yes,38.96,No,Yes,DSL,10,No,No,No,No,Yes,No,No,Yes,Month-to-Month,No,Credit Card,55.5,227.35,0.0,0,155.84,383.19,Female,57,No,No,No,No,0,3,13.875,1,0,Passive
6204,No,0,66,Offer A,Yes,27.09,Yes,Yes,Fiber Optic,51,Yes,No,Yes,Yes,No,No,No,Yes,Two Year,Yes,Credit Card,90.95,5930.05,0.0,0,1787.94,7717.99,Female,20,Yes,No,No,Yes,1,6,12.992857142857144,0,0,Detractor
5176,No,0,16,,Yes,38.02,No,Yes,Fiber Optic,25,No,Yes,No,No,No,No,No,Yes,Month-to-Month,No,Bank Withdrawal,75.1,1212.85,0.0,0,608.32,1821.17,Female,44,No,No,No,No,0,3,18.775,0,1,Promoter
2189,No,0,13,Offer D,Yes,6.03,Yes,Yes,Fiber Optic,48,No,No,No,No,No,No,Yes,Yes,Month-to-Month,Yes,Mailed Check,75.0,999.45,0.0,0,78.39,1077.84,Female,25,Yes,No,No,No,0,4,15.0,0,0,Detractor
5214,No,0,49,Offer B,No,0.0,No,Yes,Cable,58,No,No,Yes,No,No,No,No,Yes,Month-to-Month,Yes,Bank Withdrawal,30.2,1453.1,0.0,0,0.0,1453.1,Male,22,Yes,No,No,No,0,2,10.066666666666666,0,1,Passive
5452,No,0,64,,Yes,28.13,Yes,Yes,Fiber Optic,18,No,No,Yes,No,Yes,Yes,Yes,Yes,One Year,Yes,Credit Card,100.05,6254.2,0.0,0,1800.32,8054.519999999999,Female,39,No,No,No,No,0,7,12.50625,0,0,Detractor
4611,No,0,6,,No,0.0,No,Yes,DSL,24,No,No,No,No,Yes,Yes,Yes,Yes,Month-to-Month,Yes,Bank Withdrawal,44.4,263.05,0.0,0,0.0,263.05,Female,75,No,Yes,No,No,0,4,8.879999999999999,1,1,Promoter
2543,No,0,3,,Yes,35.65,No,No,No internet,0,No,No,No,No,No,No,No,No,One Year,No,Credit Card,19.6,61.35,0.0,0,106.95,168.29999999999998,Male,42,No,No,No,No,0,1,9.8,1,0,Promoter
2223,No,0,43,Offer B,Yes,12.58,Yes,Yes,Fiber Optic,26,No,Yes,No,No,Yes,No,No,Yes,One Year,Yes,Bank Withdrawal,90.25,3838.75,0.0,0,540.94,4379.6900000000005,Female,65,No,Yes,No,No,0,5,15.041666666666666,0,1,Passive
4021,Yes,4,23,,Yes,37.86,No,Yes,DSL,30,Yes,No,No,Yes,No,No,No,Yes,One Year,No,Credit Card,57.2,1423.35,0.0,0,870.78,2294.13,Male,59,No,No,Yes,Yes,2,4,11.44,0,0,Detractor
5789,Yes,9,34,,Yes,42.74,Yes,Yes,Fiber Optic,52,No,Yes,No,No,Yes,Yes,Yes,Yes,Month-to-Month,Yes,Bank Withdrawal,97.7,3410.0,0.0,0,1453.16,4863.16,Male,28,Yes,No,Yes,Yes,2,7,12.2125,0,1,Detractor
3336,No,0,20,Offer D,Yes,29.29,Yes,Yes,Fiber Optic,15,No,No,No,No,No,Yes,Yes,Yes,Month-to-Month,Yes,Credit Card,85.8,1727.5,0.0,0,585.8,2313.3,Female,67,No,Yes,No,No,0,5,14.3,0,0,Detractor
5827,No,0,44,Offer B,Yes,34.98,No,Yes,Cable,2,Yes,No,No,Yes,Yes,No,No,Yes,One Year,No,Bank Withdrawal,65.4,2774.55,0.0,0,1539.12,4313.67,Male,42,No,No,No,No,0,5,10.9,0,1,Detractor
4157,No,0,8,Offer E,Yes,33.54,No,Yes,DSL,14,Yes,No,No,Yes,No,Yes,Yes,Yes,Month-to-Month,No,Bank Withdrawal,66.05,574.5,0.0,0,268.32,842.8199999999999,Female,34,No,No,No,No,0,6,9.435714285714283,1,1,Detractor
4806,No,0,24,Offer C,No,0.0,No,Yes,DSL,46,Yes,No,No,No,Yes,Yes,Yes,Yes,One Year,Yes,Mailed Check,50.6,1288.75,0.0,0,0.0,1288.75,Male,28,Yes,No,No,No,0,5,8.433333333333334,0,0,Detractor
2604,No,0,5,Offer E,Yes,34.26,No,No,No internet,0,No,No,No,No,No,No,No,No,Month-to-Month,No,Credit Card,21.05,113.85,0.0,0,171.29999999999998,285.15,Male,30,No,No,No,No,0,1,10.525,1,0,Detractor
5393,Yes,4,34,Offer C,Yes,29.66,No,Yes,Fiber Optic,29,No,No,Yes,No,Yes,No,No,Yes,Month-to-Month,Yes,Credit Card,85.2,2874.45,0.0,0,1008.44,3882.89,Male,80,No,Yes,Yes,No,0,4,17.04,0,0,Promoter
4952,No,0,18,,Yes,17.33,No,Yes,DSL,69,No,No,Yes,No,No,No,No,No,Month-to-Month,Yes,Credit Card,50.0,892.7,0.0,50,311.93999999999994,1254.64,Female,30,No,No,No,No,0,2,16.666666666666668,0,0,Promoter
3568,No,0,40,,Yes,28.54,Yes,Yes,Fiber Optic,24,No,No,Yes,Yes,Yes,Yes,No,Yes,One Year,Yes,Credit Card,103.75,4188.4,0.0,0,1141.6,5330.0,Female,74,No,Yes,No,No,0,7,12.96875,0,0,Detractor
3964,No,0,1,Offer E,No,0.0,No,Yes,DSL,10,No,Yes,No,No,No,No,No,Yes,Month-to-Month,Yes,Bank Withdrawal,29.85,29.85,0.0,0,0.0,29.85,Female,36,No,No,Yes,No,0,2,9.95,1,1,Detractor
5592,No,0,72,,No,0.0,No,Yes,Cable,71,Yes,Yes,Yes,Yes,Yes,Yes,Yes,Yes,Two Year,No,Credit Card,67.2,4671.7,0.0,0,0.0,4671.7,Male,20,Yes,No,No,Yes,3,8,7.466666666666667,0,0,Detractor
6084,Yes,3,50,,Yes,32.9,Yes,Yes,DSL,18,Yes,Yes,Yes,No,No,Yes,Yes,Yes,Two Year,Yes,Bank Withdrawal,75.15,3822.45,0.0,0,1645.0,5467.45,Male,74,No,Yes,Yes,Yes,2,8,8.350000000000001,0,1,Passive
5141,Yes,3,5,Offer E,Yes,36.88,Yes,Yes,Fiber Optic,8,Yes,No,Yes,No,No,No,No,Yes,Month-to-Month,Yes,Bank Withdrawal,84.5,453.75,0.0,0,184.4,638.15,Male,64,No,No,Yes,No,0,5,14.083333333333334,1,1,Detractor
5888,Yes,7,43,,Yes,33.97,Yes,Yes,DSL,69,Yes,No,Yes,No,Yes,Yes,Yes,Yes,One Year,Yes,Bank Withdrawal,80.2,3581.6,0.0,0,1460.71,5042.31,Male,30,No,No,Yes,No,0,8,8.911111111111111,0,1,Detractor
4423,No,0,14,Offer D,Yes,21.03,Yes,Yes,DSL,7,No,Yes,No,No,No,No,No,Yes,One Year,Yes,Mailed Check,54.25,773.2,0.0,0,294.42,1067.62,Female,33,No,No,No,No,0,4,10.85,0,0,Promoter
2896,Yes,2,4,,Yes,28.47,No,Yes,Fiber Optic,5,No,No,No,No,No,No,No,No,Month-to-Month,No,Bank Withdrawal,70.5,294.2,0.0,10,113.88,418.08,Male,40,No,No,Yes,No,0,1,35.25,1,1,Promoter
5870,Yes,7,32,,Yes,44.45,No,Yes,DSL,6,Yes,Yes,No,Yes,No,Yes,Yes,Yes,One Year,No,Credit Card,70.5,2201.75,0.0,0,1422.4,3624.15,Male,47,No,No,Yes,No,0,7,8.8125,0,0,Passive
4855,No,0,19,Offer D,Yes,35.45,No,No,No internet,0,No,No,No,No,No,No,No,No,Two Year,No,Credit Card,20.5,398.55,24.07,0,673.5500000000001,1048.0300000000002,Female,29,Yes,No,No,Yes,1,1,10.25,0,0,Passive
2636,No,0,45,Offer B,Yes,6.9,Yes,Yes,Fiber Optic,20,No,No,Yes,No,Yes,Yes,No,Yes,One Year,Yes,Bank Withdrawal,100.15,4459.8,0.0,0,310.5,4770.3,Female,68,No,Yes,No,No,0,6,14.30714285714286,0,1,Passive
3599,No,0,2,Offer E,Yes,21.28,No,Yes,Cable,26,No,Yes,No,No,No,No,No,Yes,Month-to-Month,Yes,Credit Card,49.6,114.7,0.0,0,42.56,157.26,Female,26,Yes,No,No,No,0,3,12.4,1,0,Detractor
2031,No,0,31,,Yes,6.33,Yes,Yes,Fiber Optic,11,No,No,Yes,No,No,Yes,Yes,Yes,Month-to-Month,Yes,Bank Withdrawal,89.9,2806.9,41.18,0,196.23,2961.9500000000003,Female,54,No,No,No,No,0,6,12.842857142857143,0,1,Detractor
2065,Yes,3,18,,Yes,10.29,No,Yes,DSL,59,Yes,No,Yes,Yes,Yes,Yes,Yes,Yes,Month-to-Month,No,Bank Withdrawal,83.25,1611.15,0.0,0,185.22,1796.37,Male,29,Yes,No,Yes,Yes,1,8,9.25,0,1,Detractor
4891,No,0,28,,Yes,33.05,Yes,Yes,Cable,7,Yes,No,Yes,No,No,No,No,Yes,One Year,No,Credit Card,59.0,1654.45,0.0,0,925.4,2579.85,Female,35,No,No,No,No,0,5,9.833333333333334,0,0,Passive
4306,Yes,5,62,Offer B,Yes,13.25,Yes,Yes,Fiber Optic,57,No,Yes,Yes,Yes,Yes,Yes,Yes,Yes,One Year,Yes,Bank Withdrawal,110.8,6840.95,0.0,0,821.5,7662.45,Female,42,No,No,Yes,Yes,3,9,11.08,0,1,Passive
5625,No,0,3,,Yes,31.48,No,Yes,Fiber Optic,73,No,Yes,Yes,No,No,Yes,Yes,Yes,Month-to-Month,No,Bank Withdrawal,90.4,268.45,0.0,0,94.44,362.89,Male,22,Yes,No,No,No,0,6,12.914285714285716,1,1,Promoter
5262,No,0,1,,Yes,16.99,No,Yes,DSL,8,No,Yes,No,No,No,No,No,No,Month-to-Month,No,Bank Withdrawal,49.5,49.5,0.0,30,16.99,96.49,Female,56,No,No,No,No,0,2,16.5,1,1,Passive
4982,No,0,41,,Yes,36.76,No,No,No internet,0,No,No,No,No,No,No,No,No,Two Year,No,Credit Card,20.15,802.35,29.95,0,1507.16,2279.56,Male,46,No,No,No,No,0,1,10.075,0,0,Detractor
4474,Yes,4,12,Offer D,Yes,23.99,No,Yes,DSL,51,Yes,No,No,Yes,No,No,No,Yes,Month-to-Month,No,Bank Withdrawal,54.2,690.5,0.0,0,287.88,978.38,Female,24,Yes,No,Yes,No,0,4,10.84,1,1,Passive
4499,No,0,1,Offer E,Yes,15.28,No,Yes,Cable,14,No,No,No,No,No,No,No,Yes,Month-to-Month,No,Bank Withdrawal,45.1,45.1,0.0,0,15.28,60.38,Male,71,No,Yes,No,No,0,2,15.033333333333331,1,1,Detractor
4598,No,0,72,,Yes,24.67,Yes,Yes,Fiber Optic,26,Yes,Yes,Yes,Yes,Yes,Yes,No,Yes,Two Year,No,Bank Withdrawal,113.8,7845.8,0.0,0,1776.2400000000002,9622.04,Male,75,No,Yes,No,No,0,9,11.38,0,1,Detractor
5573,No,0,4,Offer E,Yes,29.09,No,No,No internet,0,No,No,No,No,No,No,No,No,Two Year,No,Credit Card,19.55,68.8,0.0,0,116.36,185.16,Male,53,No,No,Yes,Yes,3,1,9.775,1,0,Passive
5764,No,0,1,,Yes,18.34,No,Yes,Fiber Optic,6,No,No,Yes,No,Yes,Yes,Yes,Yes,Month-to-Month,No,Bank Withdrawal,94.4,94.4,0.0,0,18.34,112.74,Female,49,No,No,No,No,0,6,13.485714285714286,1,1,Detractor
2192,No,0,25,Offer C,Yes,12.87,No,No,No internet,0,No,No,No,No,No,No,No,No,Month-to-Month,No,Credit Card,20.05,471.7,0.0,0,321.75,793.45,Female,41,No,No,No,Yes,3,1,10.025,0,0,Promoter
3966,Yes,1,32,Offer C,Yes,43.51,Yes,Yes,Fiber Optic,22,No,No,Yes,Yes,Yes,Yes,No,Yes,Month-to-Month,Yes,Bank Withdrawal,104.9,3351.55,33.73,0,1392.32,4710.14,Male,76,No,Yes,Yes,No,0,7,13.1125,0,1,Detractor
3948,Yes,9,28,,Yes,15.85,No,No,No internet,0,No,No,No,No,No,No,No,No,Month-to-Month,Yes,Bank Withdrawal,19.55,543.8,0.0,0,443.8,987.6,Female,27,Yes,No,Yes,Yes,3,1,9.775,0,1,Passive
3629,Yes,1,5,,Yes,41.21,No,No,No internet,0,No,No,No,No,No,No,No,No,One Year,No,Bank Withdrawal,20.55,99.45,0.0,0,206.05,305.5,Male,27,Yes,No,Yes,Yes,2,1,10.275,1,1,Detractor
3152,No,0,29,Offer C,Yes,13.74,Yes,Yes,DSL,2,Yes,Yes,No,Yes,No,No,No,Yes,Month-to-Month,No,Credit Card,67.45,1801.1,0.0,0,398.46,2199.56,Female,48,No,No,No,No,0,6,9.635714285714286,0,0,Detractor
4085,No,0,72,,No,0.0,No,Yes,DSL,6,Yes,No,Yes,Yes,Yes,Yes,Yes,Yes,Two Year,Yes,Credit Card,61.2,4390.25,0.0,0,0.0,4390.25,Male,43,No,No,No,No,0,7,7.65,0,0,Detractor
4368,No,0,52,Offer B,Yes,42.19,Yes,Yes,Fiber Optic,11,No,No,No,No,No,No,No,Yes,Two Year,Yes,Bank Withdrawal,72.95,3829.75,0.0,0,2193.88,6023.63,Male,75,No,Yes,No,No,0,3,18.2375,0,1,Detractor
5056,No,0,2,Offer E,Yes,32.06,No,Yes,Cable,52,Yes,No,No,No,No,Yes,Yes,Yes,Month-to-Month,Yes,Credit Card,61.2,125.95,0.0,0,64.12,190.07,Female,28,Yes,No,No,Yes,2,5,10.2,1,0,Passive
5388,No,0,18,,No,0.0,No,Yes,DSL,30,Yes,No,Yes,No,No,No,No,Yes,Month-to-Month,No,Credit Card,33.6,550.35,0.0,0,0.0,550.35,Male,53,No,No,No,No,0,3,8.4,0,0,Passive
4898,No,0,45,Offer B,Yes,14.12,Yes,Yes,Fiber Optic,3,No,Yes,No,No,Yes,Yes,Yes,Yes,Month-to-Month,Yes,Credit Card,100.85,4740.0,0.0,0,635.4,5375.4,Male,34,No,No,No,No,0,7,12.60625,0,0,Detractor
3929,No,0,1,Offer E,No,0.0,No,Yes,DSL,7,No,No,Yes,Yes,No,No,No,Yes,Month-to-Month,No,Credit Card,35.9,35.9,0.0,0,0.0,35.9,Female,60,No,No,No,No,0,3,8.975,1,0,Promoter
2525,Yes,3,24,,No,0.0,No,Yes,Cable,28,No,No,Yes,Yes,No,No,No,Yes,Two Year,No,Credit Card,34.25,828.2,0.0,0,0.0,828.2,Male,68,No,Yes,Yes,No,0,3,8.5625,0,0,Passive
3666,No,0,1,,Yes,37.62,No,No,No internet,0,No,No,No,No,No,No,No,No,Month-to-Month,No,Bank Withdrawal,19.75,19.75,0.0,0,37.62,57.37,Female,57,No,No,No,No,0,1,9.875,1,1,Detractor
5808,No,0,4,,Yes,48.35,Yes,Yes,Cable,24,No,No,Yes,No,Yes,No,No,Yes,Month-to-Month,Yes,Bank Withdrawal,89.2,346.2,0.0,0,193.4,539.6,Female,74,No,Yes,No,No,0,5,14.866666666666667,1,1,Detractor
6041,Yes,1,55,,No,0.0,No,Yes,DSL,42,No,No,Yes,Yes,Yes,Yes,Yes,No,Month-to-Month,Yes,Bank Withdrawal,54.55,2978.3,0.0,50,0.0,3028.3,Male,30,No,No,Yes,No,0,5,9.091666666666669,0,1,Detractor
5381,Yes,1,61,Offer B,Yes,26.7,Yes,Yes,DSL,30,Yes,Yes,No,No,No,No,No,No,Month-to-Month,No,Bank Withdrawal,59.8,3641.5,0.0,100,1628.7,5370.2,Female,27,Yes,No,Yes,Yes,1,4,11.96,0,1,Detractor
4111,Yes,1,60,Offer B,Yes,33.25,No,Yes,Fiber Optic,52,No,Yes,Yes,No,Yes,No,Yes,Yes,One Year,No,Bank Withdrawal,90.95,5453.4,0.0,0,1995.0,7448.4,Male,21,Yes,No,Yes,No,0,6,12.992857142857144,0,1,Detractor
3429,No,0,1,Offer E,Yes,11.08,Yes,Yes,Fiber Optic,12,No,No,No,No,No,No,No,Yes,Month-to-Month,Yes,Bank Withdrawal,74.4,74.4,0.0,0,11.08,85.48,Male,68,No,Yes,No,No,0,3,18.6,1,1,Detractor
5666,No,0,67,Offer A,Yes,38.98,Yes,Yes,Fiber Optic,16,No,Yes,Yes,No,Yes,Yes,Yes,Yes,One Year,Yes,Bank Withdrawal,105.4,6989.45,0.0,0,2611.66,9601.11,Male,37,No,No,Yes,Yes,2,8,11.711111111111112,0,1,Promoter
2364,Yes,1,31,,Yes,44.26,Yes,Yes,Fiber Optic,22,No,No,Yes,No,Yes,No,No,Yes,One Year,Yes,Bank Withdrawal,90.7,2835.5,0.0,0,1372.06,4207.56,Female,67,No,Yes,Yes,No,0,5,15.116666666666667,0,1,Detractor
4601,Yes,1,59,Offer B,Yes,22.71,Yes,Yes,Fiber Optic,26,Yes,Yes,Yes,No,Yes,Yes,Yes,Yes,One Year,Yes,Bank Withdrawal,110.15,6448.05,0.0,0,1339.89,7787.94,Male,43,No,No,Yes,No,0,9,11.015,0,1,Detractor
5822,No,0,25,,Yes,10.4,No,Yes,Fiber Optic,48,Yes,No,Yes,Yes,Yes,Yes,Yes,Yes,Month-to-Month,Yes,Bank Withdrawal,105.5,2686.05,0.0,0,260.0,2946.05,Male,27,Yes,No,No,No,0,8,11.72222222222222,0,1,Detractor
2941,No,0,24,Offer C,Yes,13.13,Yes,Yes,Fiber Optic,14,No,Yes,Yes,No,No,No,No,No,Month-to-Month,Yes,Bank Withdrawal,84.85,2048.8,0.0,80,315.12,2443.92,Male,57,No,No,No,No,0,4,16.97,0,1,Passive
3843,No,0,33,,Yes,45.72,No,Yes,Cable,51,No,Yes,Yes,No,Yes,No,Yes,No,Month-to-Month,Yes,Credit Card,66.4,2245.4,0.0,0,1508.76,3754.16,Male,19,Yes,No,No,No,0,5,11.066666666666668,0,0,Promoter
5347,No,0,17,Offer D,Yes,39.34,No,No,No internet,0,No,No,No,No,No,No,No,No,Two Year,No,Credit Card,19.45,369.05,0.0,0,668.7800000000001,1037.8300000000002,Male,50,No,No,No,No,0,1,9.725,0,0,Passive
5876,No,0,35,,Yes,17.92,No,No,No internet,0,No,No,No,No,No,No,No,No,Month-to-Month,No,Bank Withdrawal,20.75,739.9,0.0,0,627.2,1367.1,Male,49,No,No,No,No,0,1,10.375,0,1,Detractor
4162,No,0,12,,Yes,5.16,No,Yes,DSL,16,No,No,No,No,No,No,No,No,Month-to-Month,Yes,Bank Withdrawal,44.55,480.6,18.21,0,61.92,524.3100000000001,Female,33,No,No,No,Yes,1,1,22.275,1,1,Detractor
4190,Yes,1,53,Offer B,Yes,28.36,Yes,Yes,Fiber Optic,17,Yes,Yes,Yes,Yes,No,Yes,Yes,Yes,Two Year,Yes,Bank Withdrawal,104.05,5566.4,0.0,0,1503.08,7069.48,Female,64,No,No,Yes,Yes,1,9,10.405,0,1,Detractor
4398,Yes,5,55,,Yes,19.41,Yes,Yes,Fiber Optic,4,No,No,Yes,No,No,No,No,Yes,Month-to-Month,Yes,Bank Withdrawal,77.75,4458.15,0.0,0,1067.55,5525.7,Female,38,No,No,Yes,No,0,4,15.55,0,1,Detractor
3561,No,0,17,Offer D,Yes,30.07,No,No,No internet,0,No,No,No,No,No,No,No,No,Two Year,No,Credit Card,19.4,358.05,0.0,0,511.19,869.24,Female,58,No,No,No,No,0,1,9.7,0,0,Detractor
2785,No,0,35,Offer C,Yes,25.04,Yes,Yes,Fiber Optic,21,No,No,No,No,No,No,No,Yes,Month-to-Month,No,Credit Card,75.35,2636.05,0.0,0,876.4,3512.4500000000003,Male,53,No,No,No,No,0,3,18.8375,0,0,Detractor
3860,No,0,39,,Yes,10.03,Yes,Yes,Fiber Optic,13,No,No,Yes,No,Yes,Yes,No,Yes,Two Year,Yes,Bank Withdrawal,99.75,4036.0,0.0,0,391.17,4427.17,Female,72,No,Yes,No,No,0,6,14.25,0,1,Detractor
4093,No,0,4,,Yes,4.29,Yes,Yes,Fiber Optic,7,No,No,No,No,No,No,No,Yes,Two Year,Yes,Bank Withdrawal,74.45,294.45,0.0,0,17.16,311.61,Female,65,No,Yes,No,No,0,3,18.6125,1,1,Detractor
3016,No,0,2,,Yes,25.74,No,Yes,DSL,6,Yes,Yes,No,No,No,No,No,Yes,Month-to-Month,No,Credit Card,54.85,104.2,0.0,0,51.48,155.68,Female,73,No,Yes,No,No,0,4,10.97,1,0,Detractor
2546,No,0,37,,Yes,44.52,Yes,Yes,DSL,6,Yes,Yes,Yes,Yes,Yes,Yes,Yes,Yes,One Year,Yes,Bank Withdrawal,90.6,3358.65,8.96,0,1647.24,4996.93,Male,42,No,No,No,No,0,10,8.236363636363636,0,1,Passive
4265,Yes,1,72,Offer A,Yes,18.74,Yes,Yes,Fiber Optic,14,No,Yes,Yes,Yes,Yes,Yes,Yes,No,Two Year,Yes,Bank Withdrawal,109.75,7932.5,0.0,140,1349.28,9421.78,Male,66,No,Yes,Yes,No,0,8,12.194444444444445,0,1,Passive
5487,No,0,3,,Yes,28.97,No,Yes,Fiber Optic,16,No,No,No,No,No,No,No,No,Month-to-Month,Yes,Credit Card,69.6,207.4,0.0,20,86.91,314.31,Male,43,No,No,No,No,0,1,34.8,1,0,Passive
5586,No,0,18,Offer D,Yes,38.73,No,No,No internet,0,No,No,No,No,No,No,No,No,One Year,No,Credit Card,20.1,401.85,0.0,0,697.14,1098.99,Male,28,Yes,No,No,No,0,1,10.05,0,0,Promoter
2269,No,0,18,,Yes,34.78,Yes,Yes,Fiber Optic,2,No,No,Yes,No,Yes,No,No,Yes,One Year,Yes,Credit Card,89.6,1633.0,0.0,0,626.04,2259.04,Male,43,No,No,No,No,0,5,14.933333333333332,0,0,Detractor
4185,Yes,7,72,Offer A,Yes,27.93,Yes,No,No internet,0,No,No,No,No,No,No,No,No,Two Year,Yes,Credit Card,25.1,1790.8,46.81,0,2010.96,3754.95,Male,49,No,No,Yes,Yes,2,2,8.366666666666667,0,0,Detractor
4258,Yes,9,46,Offer B,Yes,38.45,No,Yes,DSL,15,Yes,No,Yes,Yes,No,No,No,Yes,One Year,No,Credit Card,56.9,2560.1,0.0,0,1768.7,4328.8,Male,52,No,No,Yes,Yes,2,5,9.483333333333333,0,0,Passive
2662,Yes,9,42,,Yes,41.16,Yes,Yes,Fiber Optic,11,Yes,No,Yes,No,No,Yes,Yes,Yes,Month-to-Month,Yes,Bank Withdrawal,94.4,4014.6,0.0,0,1728.7199999999998,5743.32,Male,52,No,No,Yes,No,0,7,11.8,0,1,Detractor
4125,Yes,4,58,,Yes,43.52,No,No,No internet,0,No,No,No,No,No,No,No,No,Two Year,No,Credit Card,19.55,1079.65,0.0,0,2524.1600000000003,3603.81,Female,52,No,No,Yes,Yes,2,1,9.775,0,0,Passive
5831,No,0,42,,Yes,27.0,Yes,Yes,Cable,30,No,No,Yes,No,No,No,No,Yes,Month-to-Month,No,Bank Withdrawal,55.65,2421.75,0.0,0,1134.0,3555.75,Female,66,No,Yes,No,No,0,4,11.13,0,1,Passive
5003,No,0,28,Offer C,Yes,4.89,Yes,Yes,Fiber Optic,47,No,No,Yes,Yes,Yes,Yes,Yes,Yes,Month-to-Month,Yes,Bank Withdrawal,104.8,3046.05,0.0,0,136.92,3182.9700000000003,Female,23,Yes,No,Yes,Yes,3,8,11.644444444444444,0,1,Detractor
2734,No,0,26,Offer C,No,0.0,No,Yes,Cable,47,No,No,Yes,Yes,No,No,No,Yes,Month-to-Month,No,Bank Withdrawal,35.75,1022.5,0.0,0,0.0,1022.5,Male,25,Yes,No,No,No,0,3,8.9375,0,1,Promoter
4736,Yes,1,48,Offer B,Yes,6.36,Yes,Yes,Fiber Optic,47,Yes,Yes,No,No,Yes,Yes,Yes,Yes,One Year,Yes,Credit Card,103.25,5037.55,0.0,0,305.28000000000003,5342.83,Female,24,Yes,No,Yes,No,0,8,11.47222222222222,0,0,Detractor
2457,Yes,1,10,,Yes,22.03,No,Yes,Fiber Optic,19,No,No,No,No,No,No,No,Yes,Month-to-Month,Yes,Bank Withdrawal,70.1,659.65,34.69,0,220.3,845.26,Male,42,No,No,Yes,No,0,2,23.366666666666664,1,1,Detractor
4040,No,0,37,,Yes,45.06,Yes,Yes,Fiber Optic,82,No,No,No,Yes,Yes,Yes,Yes,Yes,Month-to-Month,No,Credit Card,100.3,3541.4,0.0,0,1667.22,5208.62,Female,26,Yes,No,No,No,0,7,12.5375,0,0,Promoter
5303,No,0,1,,No,0.0,No,Yes,Cable,26,No,No,No,No,Yes,No,No,Yes,Month-to-Month,Yes,Bank Withdrawal,36.45,36.45,0.0,0,0.0,36.45,Female,79,No,Yes,No,No,0,2,12.15,1,1,Detractor
2921,No,0,26,Offer C,Yes,25.66,Yes,Yes,Fiber Optic,3,No,No,Yes,No,Yes,Yes,Yes,Yes,Month-to-Month,Yes,Bank Withdrawal,100.5,2599.95,0.0,0,667.16,3267.11,Female,60,No,No,No,No,0,7,12.5625,0,1,Detractor
5431,Yes,3,64,Offer B,Yes,14.93,No,No,No internet,0,No,No,No,No,No,No,No,No,Two Year,Yes,Bank Withdrawal,19.7,1274.05,0.0,0,955.52,2229.57,Male,28,Yes,No,Yes,Yes,1,1,9.85,0,1,Promoter
5371,No,0,64,,Yes,34.58,Yes,Yes,Fiber Optic,27,Yes,Yes,Yes,No,No,No,No,Yes,Month-to-Month,Yes,Bank Withdrawal,91.8,5960.5,0.0,0,2213.12,8173.62,Male,21,Yes,No,Yes,Yes,1,6,13.114285714285714,0,1,Detractor
4889,No,0,66,Offer A,Yes,48.78,Yes,Yes,Fiber Optic,8,No,Yes,No,No,No,Yes,Yes,No,Month-to-Month,No,Credit Card,89.4,5976.9,36.02,40,3219.48,9200.36,Male,55,No,No,No,No,0,5,14.9,0,0,Detractor
5007,Yes,2,71,Offer A,Yes,28.58,Yes,Yes,Cable,30,Yes,Yes,Yes,Yes,Yes,Yes,Yes,Yes,Two Year,No,Bank Withdrawal,90.55,6404.0,0.0,0,2029.18,8433.18,Male,30,No,No,Yes,No,0,10,8.231818181818182,0,1,Passive
3615,No,0,29,,No,0.0,No,Yes,DSL,7,No,Yes,No,No,No,No,No,Yes,Month-to-Month,Yes,Bank Withdrawal,30.6,856.35,0.0,0,0.0,856.35,Female,53,No,No,No,No,0,2,10.2,0,1,Detractor
3905,No,0,7,Offer E,Yes,18.83,Yes,Yes,Fiber Optic,26,No,No,No,No,No,Yes,Yes,Yes,Month-to-Month,Yes,Credit Card,85.2,602.55,0.0,0,131.81,734.3599999999999,Male,23,Yes,No,No,No,0,5,14.2,1,0,Detractor
3072,Yes,5,6,Offer E,Yes,36.54,No,No,No internet,0,No,No,No,No,No,No,No,No,Month-to-Month,No,Credit Card,19.55,122.9,0.0,0,219.24,342.14,Male,48,No,No,Yes,Yes,3,1,9.775,1,0,Detractor
5546,No,0,8,,Yes,43.98,Yes,Yes,Fiber Optic,27,No,No,Yes,No,Yes,Yes,No,Yes,Month-to-Month,No,Bank Withdrawal,101.35,780.5,0.0,0,351.84,1132.34,Female,78,No,Yes,No,No,0,6,14.478571428571428,1,1,Detractor
4056,No,0,1,,Yes,38.81,No,Yes,Fiber Optic,52,No,No,No,No,No,No,Yes,Yes,Month-to-Month,Yes,Credit Card,70.7,70.7,0.0,0,38.81,109.51,Female,19,Yes,No,No,No,0,3,17.675,1,0,Detractor
2478,Yes,3,48,,Yes,17.03,Yes,Yes,DSL,15,No,No,Yes,Yes,No,Yes,Yes,Yes,One Year,Yes,Credit Card,69.55,3435.6,0.0,0,817.44,4253.04,Female,45,No,No,Yes,No,0,7,8.69375,0,0,Passive
5161,No,0,25,Offer C,Yes,29.38,No,No,No internet,0,No,No,No,No,No,No,No,No,Two Year,Yes,Credit Card,20.75,499.4,0.0,0,734.5,1233.9,Male,29,Yes,No,No,No,0,1,10.375,0,0,Detractor
4501,Yes,1,60,Offer B,Yes,16.42,Yes,No,No internet,0,No,No,No,No,No,No,No,No,One Year,No,Bank Withdrawal,24.15,1505.9,0.0,0,985.2,2491.1000000000004,Male,23,Yes,No,Yes,No,0,2,8.049999999999999,0,1,Detractor
2448,No,0,3,Offer E,Yes,46.6,No,Yes,Fiber Optic,76,No,No,No,No,Yes,No,No,Yes,Month-to-Month,Yes,Bank Withdrawal,79.4,244.65,0.0,0,139.8,384.4500000000001,Female,28,Yes,No,No,No,0,3,19.85,1,1,Detractor
6354,Yes,5,57,Offer B,Yes,3.72,Yes,Yes,Fiber Optic,11,No,No,Yes,No,Yes,Yes,Yes,Yes,One Year,Yes,Credit Card,100.75,5985.0,0.0,0,212.04,6197.04,Female,39,No,No,Yes,No,0,7,12.59375,0,0,Detractor
5128,No,0,24,,Yes,30.18,No,Yes,DSL,4,Yes,No,No,Yes,No,No,No,Yes,Month-to-Month,No,Credit Card,56.35,1381.2,0.0,0,724.3199999999999,2105.52,Female,45,No,No,No,No,0,4,11.27,0,0,Passive
4948,No,0,63,Offer B,Yes,26.74,Yes,No,No internet,0,No,No,No,No,No,No,No,No,Two Year,No,Credit Card,24.2,1618.2,0.0,0,1684.62,3302.82,Female,64,No,No,No,No,0,2,8.066666666666666,0,0,Detractor
4628,No,0,12,Offer D,Yes,26.67,No,No,No internet,0,No,No,No,No,No,No,No,No,One Year,No,Bank Withdrawal,20.15,260.7,0.0,0,320.04,580.74,Female,35,No,No,No,No,0,1,10.075,1,1,Promoter
4758,No,0,58,Offer B,Yes,49.02,No,No,No internet,0,No,No,No,No,No,No,No,No,Two Year,No,Credit Card,20.8,1212.25,0.0,0,2843.1600000000003,4055.41,Male,29,Yes,No,No,No,0,1,10.4,0,0,Passive
5145,No,0,18,,Yes,2.36,Yes,Yes,Fiber Optic,21,No,Yes,No,Yes,No,No,No,Yes,Month-to-Month,Yes,Bank Withdrawal,85.45,1505.85,0.0,0,42.48,1548.33,Female,80,No,Yes,No,No,0,5,14.241666666666667,0,1,Detractor
4990,Yes,2,10,,Yes,46.5,Yes,Yes,Cable,4,No,No,No,No,No,Yes,No,Yes,Month-to-Month,Yes,Bank Withdrawal,86.65,856.65,0.0,0,465.0,1321.65,Male,74,No,Yes,Yes,No,0,4,17.330000000000002,1,1,Detractor
4016,No,0,24,,Yes,37.69,Yes,Yes,Fiber Optic,18,No,No,Yes,No,Yes,Yes,Yes,Yes,Month-to-Month,Yes,Bank Withdrawal,98.75,2407.3,0.0,0,904.56,3311.86,Female,35,No,No,No,No,0,7,12.34375,0,1,Detractor
4072,Yes,3,71,Offer A,Yes,47.34,Yes,Yes,Fiber Optic,12,No,Yes,Yes,No,Yes,Yes,Yes,Yes,Two Year,Yes,Bank Withdrawal,106.0,7723.7,0.0,0,3361.1400000000003,11084.84,Male,60,No,No,Yes,No,0,8,11.77777777777778,0,1,Detractor
4969,Yes,7,72,Offer A,No,0.0,No,Yes,DSL,15,Yes,Yes,Yes,Yes,Yes,Yes,Yes,Yes,Two Year,Yes,Credit Card,65.1,4754.3,0.0,0,0.0,4754.3,Male,53,No,No,Yes,No,0,8,7.233333333333332,0,0,Passive
3799,No,0,13,Offer D,Yes,22.31,No,No,No internet,0,No,No,No,No,No,No,No,No,One Year,No,Mailed Check,19.45,270.2,0.0,0,290.03,560.23,Male,39,No,No,No,No,0,1,9.725,0,0,Promoter
4871,No,0,43,,Yes,3.18,No,No,No internet,0,No,No,No,No,No,No,No,No,Two Year,No,Credit Card,19.55,876.15,15.17,0,136.74,997.72,Male,57,No,No,No,No,0,1,9.775,0,0,Promoter
2221,No,0,23,,Yes,24.04,No,Yes,Fiber Optic,22,Yes,No,No,No,No,No,No,Yes,Month-to-Month,Yes,Bank Withdrawal,75.0,1778.5,0.0,0,552.92,2331.42,Female,37,No,No,No,No,0,3,18.75,0,1,Passive
4079,Yes,3,61,Offer B,Yes,43.08,No,Yes,Fiber Optic,19,No,Yes,Yes,Yes,Yes,Yes,Yes,Yes,One Year,No,Credit Card,103.9,6449.15,0.0,0,2627.88,9077.03,Male,37,No,No,Yes,Yes,1,8,11.544444444444444,0,0,Promoter
4159,Yes,1,47,Offer B,Yes,45.9,No,No,No internet,0,No,No,No,No,No,No,No,No,Two Year,No,Bank Withdrawal,19.65,921.55,0.0,0,2157.3,3078.8499999999995,Female,21,Yes,No,Yes,No,0,1,9.825,0,1,Promoter
6053,Yes,5,69,,Yes,20.98,Yes,No,No internet,0,No,No,No,No,No,No,No,No,Two Year,Yes,Bank Withdrawal,25.6,1673.4,28.09,0,1447.62,3092.9300000000003,Female,55,No,No,Yes,Yes,1,2,8.533333333333333,0,1,Passive
5324,Yes,1,50,,Yes,40.9,Yes,Yes,Fiber Optic,8,Yes,No,Yes,No,Yes,Yes,Yes,Yes,Two Year,Yes,Credit Card,105.05,5163.3,0.0,0,2045.0,7208.3,Male,77,No,Yes,Yes,No,0,8,11.672222222222222,0,0,Passive
2682,No,0,35,Offer C,Yes,4.24,No,No,No internet,0,No,No,No,No,No,No,No,No,Two Year,No,Credit Card,19.25,677.9,0.0,0,148.4,826.3,Male,33,No,No,No,No,0,1,9.625,0,0,Passive
5420,Yes,5,67,Offer A,Yes,1.36,Yes,Yes,DSL,82,Yes,No,No,No,Yes,Yes,Yes,Yes,Two Year,Yes,Bank Withdrawal,75.5,5229.45,0.0,0,91.12,5320.57,Female,24,Yes,No,Yes,No,0,7,9.4375,0,1,Detractor
5396,Yes,1,19,,Yes,31.58,Yes,No,No internet,0,No,No,No,No,No,No,No,No,Two Year,Yes,Bank Withdrawal,24.9,467.7,0.0,0,600.02,1067.72,Female,20,Yes,No,Yes,Yes,1,2,8.299999999999999,0,1,Detractor
3046,Yes,1,19,Offer D,Yes,21.71,Yes,Yes,Fiber Optic,47,No,No,Yes,No,No,Yes,Yes,No,Month-to-Month,No,Credit Card,89.65,1761.05,0.0,80,412.49,2253.54,Female,20,Yes,No,Yes,No,0,5,14.941666666666668,0,0,Detractor
3999,No,0,35,Offer C,Yes,13.14,Yes,Yes,Fiber Optic,6,No,No,No,Yes,No,No,No,Yes,Month-to-Month,No,Credit Card,80.05,2835.9,0.0,0,459.9,3295.8,Female,63,No,No,No,No,0,4,16.009999999999998,0,0,Promoter
5809,Yes,5,72,,Yes,37.11,No,No,No internet,0,No,No,No,No,No,No,No,No,Two Year,No,Bank Withdrawal,20.55,1432.55,0.0,0,2671.92,4104.47,Male,51,No,No,Yes,Yes,1,1,10.275,0,1,Promoter
2076,Yes,1,16,Offer D,Yes,26.12,No,Yes,Fiber Optic,8,No,Yes,No,No,No,No,No,Yes,Month-to-Month,Yes,Credit Card,74.3,1178.25,0.0,0,417.92,1596.17,Male,74,No,Yes,Yes,No,0,3,18.575,0,0,Detractor
5379,No,0,18,Offer D,Yes,33.16,No,No,No internet,0,No,No,No,No,No,No,No,No,Month-to-Month,No,Bank Withdrawal,19.0,348.8,0.0,0,596.8799999999999,945.6799999999998,Male,42,No,No,No,No,0,1,9.5,0,1,Promoter
3444,Yes,5,27,Offer C,Yes,10.19,Yes,Yes,Fiber Optic,27,Yes,No,No,Yes,Yes,Yes,No,Yes,Month-to-Month,Yes,Bank Withdrawal,104.3,2867.75,0.0,0,275.13,3142.88,Female,73,No,Yes,Yes,No,0,7,13.0375,0,1,Detractor
3965,No,0,5,Offer E,Yes,31.14,No,Yes,Fiber Optic,5,No,No,No,No,No,No,No,Yes,Month-to-Month,Yes,Bank Withdrawal,69.75,324.6,0.0,0,155.7,480.3,Male,32,No,No,No,No,0,2,23.25,1,1,Detractor
5400,No,0,59,,Yes,6.13,Yes,Yes,Fiber Optic,2,No,Yes,No,No,No,No,No,Yes,Two Year,Yes,Credit Card,79.2,4590.35,0.0,0,361.67,4952.02,Female,71,No,Yes,No,No,0,4,15.84,0,0,Promoter
5651,Yes,7,13,,Yes,4.26,No,No,No internet,0,No,No,No,No,No,No,No,No,One Year,No,Credit Card,20.0,218.55,0.0,0,55.38,273.93,Male,54,No,No,Yes,Yes,2,1,10.0,0,0,Detractor
4844,No,0,36,,Yes,44.7,Yes,Yes,DSL,59,Yes,No,Yes,Yes,Yes,Yes,Yes,Yes,One Year,Yes,Credit Card,89.65,3348.1,0.0,0,1609.2,4957.3,Female,29,Yes,No,No,No,0,9,8.965,0,0,Detractor
4244,No,0,59,Offer B,Yes,28.32,Yes,Yes,DSL,9,Yes,No,No,Yes,No,Yes,Yes,No,One Year,No,Bank Withdrawal,68.7,4070.95,0.0,150,1670.88,5891.83,Female,62,No,No,No,No,0,6,9.814285714285717,0,1,Detractor
4755,Yes,4,72,,Yes,48.29,Yes,No,No internet,0,No,No,No,No,No,No,No,No,Two Year,Yes,Bank Withdrawal,24.05,1709.15,0.0,0,3476.88,5186.030000000001,Female,59,No,No,Yes,Yes,3,2,8.016666666666667,0,1,Passive
5575,Yes,1,17,,No,0.0,No,Yes,DSL,52,No,Yes,No,No,Yes,Yes,Yes,Yes,Month-to-Month,Yes,Credit Card,49.8,836.35,0.0,0,0.0,836.35,Male,27,Yes,No,Yes,No,0,5,8.299999999999999,0,0,Promoter
4615,No,0,7,,Yes,7.82,No,Yes,Cable,7,No,Yes,Yes,No,Yes,No,No,Yes,Two Year,Yes,Bank Withdrawal,64.95,493.65,0.0,0,54.74,548.39,Female,67,No,Yes,No,No,0,5,10.825,1,1,Passive
3119,No,0,11,,No,0.0,No,Yes,DSL,5,No,No,Yes,No,Yes,No,No,Yes,One Year,Yes,Bank Withdrawal,41.6,470.6,0.0,0,0.0,470.6,Male,39,No,No,No,No,0,3,10.4,1,1,Detractor
3396,No,0,48,,Yes,9.19,No,No,No internet,0,No,No,No,No,No,No,No,No,One Year,No,Mailed Check,19.95,936.7,0.0,0,441.12,1377.8200000000002,Female,32,No,No,No,No,0,1,9.975,0,0,Detractor
5866,Yes,2,57,,No,0.0,No,Yes,DSL,14,Yes,No,Yes,Yes,No,Yes,Yes,Yes,Month-to-Month,Yes,Bank Withdrawal,49.9,2782.4,0.0,0,0.0,2782.4,Female,44,No,No,Yes,No,0,6,7.128571428571428,0,1,Detractor
5641,Yes,3,61,,Yes,34.54,Yes,Yes,Fiber Optic,58,No,No,Yes,No,Yes,Yes,Yes,Yes,One Year,Yes,Bank Withdrawal,99.9,6241.35,0.0,0,2106.94,8348.29,Male,62,No,No,Yes,Yes,3,7,12.4875,0,1,Promoter
5888,Yes,1,11,,Yes,29.54,No,No,No internet,0,No,No,No,No,No,No,No,No,Month-to-Month,No,Mailed Check,19.95,214.75,0.0,0,324.94,539.69,Male,79,No,Yes,Yes,No,0,1,9.975,1,0,Detractor
4164,No,0,4,,Yes,22.07,No,Yes,DSL,41,Yes,No,No,No,No,No,No,Yes,Month-to-Month,Yes,Bank Withdrawal,50.55,235.65,0.0,0,88.28,323.93,Female,24,Yes,No,No,No,0,3,12.6375,1,1,Passive
3296,No,0,17,,Yes,17.26,No,Yes,Fiber Optic,25,No,Yes,Yes,No,Yes,Yes,No,No,Two Year,Yes,Bank Withdrawal,101.8,1752.45,27.15,90,293.42,2108.72,Male,77,No,Yes,No,No,0,5,16.966666666666665,0,1,Passive
5764,No,0,56,Offer B,Yes,13.89,No,No,No internet,0,No,No,No,No,No,No,No,No,Two Year,Yes,Bank Withdrawal,19.55,1080.55,0.0,0,777.84,1858.39,Female,57,No,No,No,No,0,1,9.775,0,1,Promoter
2224,No,0,39,,Yes,24.45,No,Yes,Fiber Optic,27,No,No,Yes,Yes,No,No,No,Yes,Two Year,Yes,Bank Withdrawal,80.45,3201.55,0.0,0,953.55,4155.1,Female,39,No,No,No,No,0,4,16.09,0,1,Detractor
2269,Yes,10,27,,Yes,20.96,No,No,No internet,0,No,No,No,No,No,No,No,No,One Year,Yes,Credit Card,20.55,583.3,0.0,0,565.9200000000001,1149.22,Female,37,No,No,Yes,No,0,1,10.275,0,0,Passive
3654,Yes,9,3,Offer E,Yes,11.47,No,Yes,DSL,51,No,Yes,No,No,Yes,No,No,Yes,Month-to-Month,Yes,Credit Card,58.7,168.6,0.0,0,34.410000000000004,203.01,Female,25,Yes,No,Yes,Yes,2,4,11.74,1,0,Detractor
5472,Yes,7,31,,Yes,7.03,Yes,No,No internet,0,No,No,No,No,No,No,No,No,Two Year,No,Credit Card,25.75,755.6,0.0,0,217.93,973.53,Male,26,Yes,No,Yes,Yes,3,2,8.583333333333334,0,0,Passive
4718,No,0,22,,Yes,19.19,Yes,Yes,Fiber Optic,17,No,Yes,No,No,No,No,No,Yes,Month-to-Month,Yes,Bank Withdrawal,79.35,1730.35,0.0,0,422.18,2152.53,Male,48,No,No,No,No,0,4,15.87,0,1,Detractor
5531,Yes,1,21,,No,0.0,No,Yes,Cable,69,Yes,No,Yes,No,Yes,Yes,Yes,No,One Year,Yes,Bank Withdrawal,55.95,1157.05,0.0,10,0.0,1167.05,Female,30,No,No,Yes,No,0,5,9.325,0,1,Detractor
5020,Yes,4,59,Offer B,Yes,42.37,No,Yes,Cable,73,Yes,Yes,Yes,Yes,Yes,Yes,Yes,No,Two Year,Yes,Bank Withdrawal,86.75,5186.0,0.0,150,2499.83,7835.83,Male,21,Yes,No,Yes,Yes,3,8,9.63888888888889,0,1,Detractor
5661,Yes,1,55,,Yes,8.39,Yes,Yes,DSL,52,Yes,No,Yes,Yes,Yes,Yes,Yes,Yes,Two Year,Yes,Bank Withdrawal,85.1,4657.95,0.0,0,461.4500000000001,5119.4,Female,37,No,No,Yes,Yes,3,9,8.51,0,1,Detractor
4769,No,0,51,,Yes,5.62,Yes,Yes,Fiber Optic,16,No,No,Yes,No,No,No,No,Yes,Month-to-Month,No,Credit Card,80.0,4242.35,0.0,0,286.62,4528.97,Male,38,No,No,No,No,0,4,16.0,0,0,Detractor
2617,No,0,48,,No,0.0,No,Yes,DSL,19,No,Yes,No,No,No,No,No,Yes,One Year,No,Bank Withdrawal,29.9,1388.75,0.0,0,0.0,1388.75,Female,75,No,Yes,Yes,Yes,2,2,9.966666666666669,0,1,Promoter
4419,Yes,4,72,,Yes,27.88,Yes,Yes,Fiber Optic,30,Yes,Yes,Yes,No,Yes,Yes,Yes,No,Two Year,Yes,Credit Card,108.4,7767.25,0.0,30,2007.36,9804.61,Male,56,No,No,Yes,Yes,2,8,12.044444444444444,0,0,Passive
2094,No,0,18,,Yes,1.27,Yes,Yes,Fiber Optic,3,No,Yes,No,Yes,Yes,Yes,Yes,No,Month-to-Month,Yes,Credit Card,103.6,1806.35,0.0,10,22.86,1839.21,Female,65,No,Yes,No,No,0,7,12.95,0,0,Passive
4107,Yes,8,29,,No,0.0,No,Yes,DSL,20,No,Yes,Yes,No,No,No,No,Yes,Two Year,Yes,Credit Card,35.65,1025.15,25.07,0,0.0,1000.08,Female,67,No,Yes,Yes,Yes,1,3,8.9125,0,0,Promoter
2080,Yes,1,14,,Yes,31.7,Yes,No,No internet,0,No,No,No,No,No,No,No,No,Month-to-Month,No,Credit Card,25.55,372.45,0.0,0,443.8,816.25,Female,47,No,No,Yes,Yes,1,2,8.516666666666667,0,0,Promoter
5584,No,0,41,,Yes,10.26,No,Yes,Fiber Optic,2,No,Yes,No,Yes,Yes,Yes,Yes,Yes,Two Year,Yes,Bank Withdrawal,98.8,3959.15,27.09,0,420.66,4352.72,Female,64,No,No,No,No,0,7,12.35,0,1,Passive
5867,Yes,9,3,,Yes,11.77,No,No,No internet,0,No,No,No,No,No,No,No,No,Month-to-Month,No,Credit Card,20.85,72.0,0.0,0,35.31,107.31,Female,35,No,No,Yes,No,0,1,10.425,1,0,Detractor
6101,Yes,1,71,Offer A,Yes,14.14,No,Yes,Fiber Optic,59,Yes,Yes,Yes,No,Yes,Yes,Yes,Yes,One Year,Yes,Bank Withdrawal,104.65,7288.4,0.0,0,1003.94,8292.34,Male,23,Yes,No,Yes,Yes,3,8,11.627777777777778,0,1,Passive
4916,No,0,2,,Yes,25.81,Yes,Yes,Cable,7,No,No,No,Yes,No,No,No,Yes,Month-to-Month,Yes,Credit Card,54.35,117.05,0.0,0,51.62,168.67,Female,38,No,No,No,No,0,4,10.87,1,0,Promoter
6078,No,0,52,,Yes,33.84,No,Yes,DSL,5,Yes,No,Yes,Yes,No,No,No,Yes,One Year,No,Credit Card,57.95,3042.25,0.0,0,1759.6800000000003,4801.93,Female,35,No,No,No,No,0,5,9.658333333333331,0,0,Detractor
4315,No,0,3,,Yes,33.87,Yes,No,No internet,0,No,No,No,No,No,No,No,No,Two Year,Yes,Credit Card,26.4,121.25,0.0,0,101.61,222.86,Male,44,No,No,No,Yes,1,2,8.799999999999999,1,0,Promoter
5987,Yes,5,49,Offer B,Yes,26.0,Yes,Yes,Fiber Optic,16,Yes,Yes,Yes,No,No,No,No,Yes,One Year,Yes,Bank Withdrawal,88.2,4159.45,0.0,0,1274.0,5433.45,Male,75,No,Yes,Yes,No,0,6,12.6,0,1,Passive
4275,Yes,3,52,,No,0.0,No,Yes,DSL,52,Yes,Yes,Yes,Yes,Yes,Yes,Yes,Yes,Two Year,No,Credit Card,66.25,3330.1,0.0,0,0.0,3330.1,Female,22,Yes,No,Yes,No,0,8,7.361111111111111,0,0,Passive
5822,No,0,4,,Yes,2.01,No,No,No internet,0,No,No,No,No,No,No,No,No,Month-to-Month,No,Bank Withdrawal,20.95,85.5,0.0,0,8.04,93.54,Female,36,No,No,No,No,0,1,10.475,1,1,Detractor
2220,No,0,4,Offer E,Yes,29.11,Yes,Yes,Fiber Optic,9,No,No,No,No,No,No,No,Yes,Month-to-Month,No,Bank Withdrawal,75.35,338.1,0.0,0,116.44,454.54,Female,42,No,No,No,No,0,3,18.8375,1,1,Detractor
2904,No,0,40,,Yes,17.83,Yes,Yes,Fiber Optic,27,No,No,No,No,Yes,No,No,Yes,Month-to-Month,Yes,Bank Withdrawal,84.9,3369.05,0.0,0,713.1999999999999,4082.25,Male,59,No,No,No,No,0,4,16.98,0,1,Passive
2123,Yes,1,1,,Yes,11.08,No,Yes,Fiber Optic,13,No,No,No,No,No,No,No,Yes,Month-to-Month,Yes,Bank Withdrawal,69.8,69.8,0.0,0,11.08,80.88,Female,34,No,No,Yes,No,0,2,23.266666666666666,1,1,Detractor
2051,No,0,2,,Yes,35.5,No,No,No internet,0,No,No,No,No,No,No,No,No,Month-to-Month,No,Credit Card,20.1,39.8,0.0,0,71.0,110.8,Female,60,No,No,No,No,0,1,10.05,1,0,Promoter
5540,Yes,9,70,,Yes,23.52,No,No,No internet,0,No,No,No,No,No,No,No,No,Two Year,No,Bank Withdrawal,19.45,1303.5,14.49,0,1646.4,2935.41,Female,26,Yes,No,Yes,No,0,1,9.725,0,1,Passive
4444,Yes,5,4,,Yes,6.03,No,Yes,Fiber Optic,8,No,No,No,No,No,No,No,Yes,Two Year,Yes,Bank Withdrawal,70.2,280.35,30.75,0,24.12,273.72,Male,70,No,Yes,Yes,No,0,2,23.4,1,1,Promoter
5098,Yes,1,40,,Yes,19.76,No,Yes,Fiber Optic,22,No,Yes,No,Yes,Yes,Yes,Yes,Yes,One Year,Yes,Credit Card,99.2,4062.2,0.0,0,790.4000000000001,4852.6,Female,74,No,Yes,Yes,No,0,7,12.4,0,0,Detractor
5551,No,0,72,,Yes,21.96,Yes,Yes,Fiber Optic,59,Yes,No,Yes,No,Yes,Yes,Yes,Yes,Two Year,Yes,Bank Withdrawal,105.5,7544.0,0.0,0,1581.12,9125.12,Female,25,Yes,No,Yes,No,0,8,11.72222222222222,0,1,Detractor
3792,Yes,8,30,Offer C,Yes,47.75,Yes,Yes,Fiber Optic,27,No,Yes,No,No,Yes,No,No,Yes,Two Year,Yes,Bank Withdrawal,90.05,2627.2,0.0,0,1432.5,4059.7,Female,68,No,Yes,Yes,No,0,5,15.008333333333333,0,1,Promoter
3180,No,0,46,,Yes,6.13,No,Yes,Fiber Optic,30,No,Yes,No,No,Yes,Yes,No,Yes,One Year,No,Credit Card,95.25,4424.2,0.0,0,281.98,4706.18,Female,73,No,Yes,No,No,0,5,15.875,0,0,Detractor
4656,No,0,9,Offer E,Yes,2.45,Yes,Yes,DSL,7,Yes,No,No,No,No,No,No,Yes,Month-to-Month,No,Bank Withdrawal,54.55,494.05,0.0,0,22.05,516.1,Male,79,No,Yes,No,No,0,4,10.91,1,1,Detractor
4218,No,0,53,,Yes,28.46,No,No,No internet,0,No,No,No,No,No,No,No,No,Two Year,No,Credit Card,20.25,1048.45,0.0,0,1508.38,2556.83,Female,28,Yes,No,No,No,0,1,10.125,0,0,Passive
4796,No,0,1,,Yes,3.97,Yes,Yes,DSL,11,No,No,No,No,No,No,No,Yes,Month-to-Month,Yes,Credit Card,49.8,49.8,0.0,0,3.97,53.77,Male,31,No,No,No,No,0,3,12.45,1,0,Passive
5707,Yes,4,71,,Yes,10.46,Yes,Yes,Fiber Optic,3,No,Yes,Yes,No,Yes,Yes,Yes,No,Two Year,Yes,Bank Withdrawal,105.15,7555.0,0.0,60,742.6600000000001,8357.66,Female,37,No,No,Yes,No,0,7,13.14375,0,1,Promoter
2342,Yes,6,10,Offer E,Yes,5.59,Yes,Yes,DSL,59,No,Yes,Yes,Yes,Yes,No,No,Yes,Two Year,No,Credit Card,73.35,733.5,0.0,0,55.9,789.4,Female,25,Yes,No,Yes,Yes,3,7,9.16875,1,0,Passive
4655,Yes,8,72,,Yes,16.5,Yes,Yes,Fiber Optic,22,No,Yes,Yes,No,Yes,Yes,Yes,No,Two Year,Yes,Bank Withdrawal,103.75,7346.2,0.0,130,1188.0,8664.2,Male,38,No,No,Yes,No,0,7,12.96875,0,1,Passive
4503,Yes,7,69,,Yes,14.76,Yes,Yes,Fiber Optic,14,Yes,Yes,No,No,No,No,No,Yes,Month-to-Month,Yes,Credit Card,84.9,5785.65,0.0,0,1018.44,6804.089999999999,Male,77,No,Yes,Yes,No,0,5,14.15,0,0,Detractor
5779,Yes,1,57,Offer B,Yes,48.0,No,Yes,Cable,24,Yes,Yes,No,Yes,Yes,No,No,Yes,Two Year,Yes,Credit Card,70.35,4124.65,0.0,0,2736.0,6860.65,Female,32,No,No,Yes,No,0,6,10.05,0,0,Detractor
2507,No,0,1,,Yes,4.09,No,No,No internet,0,No,No,No,No,No,No,No,No,Month-to-Month,No,Credit Card,20.3,20.3,0.0,0,4.09,24.39,Female,48,No,No,No,No,0,1,10.15,1,0,Promoter
5687,No,0,17,Offer D,Yes,34.98,No,Yes,Fiber Optic,21,No,Yes,Yes,No,No,Yes,Yes,Yes,Month-to-Month,Yes,Credit Card,90.95,1612.2,0.0,0,594.66,2206.86,Male,49,No,No,No,No,0,6,12.992857142857144,0,0,Promoter
3368,No,0,5,,Yes,30.05,No,Yes,Fiber Optic,11,No,No,No,No,No,No,No,Yes,Month-to-Month,Yes,Credit Card,69.05,318.5,0.0,0,150.25,468.75,Female,71,No,Yes,No,No,0,2,23.016666666666666,1,0,Detractor
2225,Yes,2,34,,Yes,12.33,No,Yes,Cable,23,No,No,Yes,Yes,Yes,No,No,Yes,One Year,No,Bank Withdrawal,64.2,2106.3,0.0,0,419.22,2525.5200000000004,Female,74,No,Yes,Yes,No,0,5,10.7,0,1,Passive
6388,No,0,67,,Yes,14.69,Yes,No,No internet,0,No,No,No,No,No,No,No,No,Two Year,No,Credit Card,25.1,1672.15,0.0,0,984.23,2656.38,Male,73,No,Yes,No,No,0,2,8.366666666666667,0,0,Detractor
3596,Yes,1,10,,Yes,32.07,Yes,Yes,Fiber Optic,22,No,Yes,Yes,No,Yes,Yes,Yes,Yes,Month-to-Month,Yes,Credit Card,102.1,1068.85,0.0,0,320.7,1389.55,Female,31,No,No,Yes,No,0,8,11.344444444444443,1,0,Detractor
5801,Yes,1,25,,Yes,35.27,No,Yes,Fiber Optic,4,No,No,No,No,Yes,Yes,Yes,No,One Year,Yes,Bank Withdrawal,90.4,2178.6,0.0,140,881.7500000000001,3200.35,Male,63,No,No,Yes,No,0,4,18.08,0,1,Detractor
6444,Yes,5,72,Offer A,Yes,45.32,Yes,Yes,Fiber Optic,11,No,Yes,Yes,Yes,Yes,Yes,Yes,No,Two Year,No,Credit Card,110.9,7922.75,0.0,130,3263.04,11315.79,Male,31,No,No,Yes,Yes,1,8,12.322222222222225,0,0,Passive
4228,No,0,18,,Yes,19.93,No,Yes,Fiber Optic,26,No,Yes,Yes,No,No,No,No,Yes,Month-to-Month,No,Bank Withdrawal,77.8,1358.6,29.76,0,358.74,1687.58,Female,61,No,No,No,No,0,4,15.56,0,1,Promoter
5129,No,0,15,Offer D,Yes,36.34,No,Yes,DSL,48,No,No,Yes,No,No,Yes,Yes,Yes,Month-to-Month,Yes,Bank Withdrawal,59.45,892.65,0.0,0,545.1,1437.75,Female,25,Yes,No,No,No,0,5,9.908333333333331,0,1,Detractor
3878,No,0,18,,Yes,25.7,No,Yes,Fiber Optic,23,No,No,Yes,No,No,Yes,No,No,Two Year,Yes,Bank Withdrawal,84.95,1443.65,4.76,70,462.6,1971.49,Female,70,No,Yes,No,No,0,3,21.2375,0,1,Passive
4790,No,0,23,,Yes,42.26,No,Yes,Cable,2,No,No,Yes,No,No,No,No,No,Month-to-Month,No,Credit Card,49.7,1081.25,0.0,150,971.98,2203.23,Female,44,No,No,No,No,0,2,16.566666666666666,0,0,Promoter
6483,Yes,1,71,Offer A,Yes,18.42,Yes,Yes,DSL,29,Yes,Yes,Yes,Yes,Yes,Yes,Yes,Yes,Two Year,No,Bank Withdrawal,90.35,6325.25,0.0,0,1307.8200000000002,7633.07,Male,31,No,No,Yes,No,0,10,8.213636363636363,0,1,Passive
4591,No,0,38,,Yes,35.04,No,Yes,Fiber Optic,2,No,No,No,No,No,No,No,Yes,Month-to-Month,Yes,Credit Card,69.5,2625.25,20.19,0,1331.52,3936.58,Male,63,No,No,No,No,0,2,23.166666666666668,0,0,Detractor
2185,Yes,3,17,Offer D,Yes,1.64,No,No,No internet,0,No,No,No,No,No,No,No,No,One Year,No,Mailed Check,19.35,307.0,10.57,0,27.88,324.31,Female,33,No,No,Yes,No,0,1,9.675,0,0,Promoter
5884,Yes,11,43,,Yes,42.22,Yes,Yes,Fiber Optic,25,Yes,No,Yes,Yes,No,No,No,Yes,One Year,Yes,Credit Card,91.25,4013.8,25.49,0,1815.46,5803.77,Male,59,No,No,Yes,Yes,1,6,13.035714285714286,0,0,Detractor
5306,No,0,50,Offer B,Yes,29.8,No,Yes,Fiber Optic,26,No,No,Yes,Yes,No,Yes,Yes,Yes,Two Year,Yes,Bank Withdrawal,89.7,4304.5,0.0,0,1490.0,5794.5,Female,63,No,No,No,No,0,6,12.814285714285717,0,1,Passive
3856,No,0,10,Offer D,Yes,7.51,No,Yes,Fiber Optic,18,No,No,No,No,No,Yes,No,Yes,Month-to-Month,Yes,Bank Withdrawal,79.25,793.55,0.0,0,75.1,868.65,Male,75,No,Yes,No,No,0,3,19.8125,1,1,Detractor
2003,Yes,1,13,,Yes,30.55,Yes,Yes,Fiber Optic,28,No,No,Yes,No,Yes,Yes,Yes,Yes,Month-to-Month,Yes,Credit Card,102.25,1359.0,0.0,0,397.15,1756.15,Male,36,No,No,Yes,No,0,7,12.78125,0,0,Detractor
3586,No,0,1,,Yes,42.15,No,No,No internet,0,No,No,No,No,No,No,No,No,Month-to-Month,No,Mailed Check,20.2,20.2,0.0,0,42.15,62.35,Male,27,Yes,No,No,No,0,1,10.1,1,0,Detractor
3449,No,0,3,,Yes,47.5,Yes,Yes,Fiber Optic,22,No,Yes,Yes,No,Yes,Yes,Yes,Yes,Month-to-Month,No,Mailed Check,107.95,313.6,0.0,0,142.5,456.1,Male,57,No,No,No,No,0,8,11.994444444444444,1,0,Passive
3108,No,0,3,,No,0.0,No,Yes,DSL,59,No,No,No,Yes,No,No,No,Yes,Month-to-Month,No,Bank Withdrawal,30.4,82.15,0.0,0,0.0,82.15,Male,19,Yes,No,No,No,0,2,10.133333333333333,1,1,Passive
5772,No,0,31,,Yes,31.79,No,No,No internet,0,No,No,No,No,No,No,No,No,One Year,No,Mailed Check,20.95,683.25,0.0,0,985.49,1668.74,Female,23,Yes,No,No,No,0,1,10.475,0,0,Passive
5458,No,0,51,Offer B,Yes,44.35,Yes,No,No internet,0,No,No,No,No,No,No,No,No,Two Year,No,Bank Withdrawal,24.95,1288.0,0.0,0,2261.85,3549.85,Female,56,No,No,No,No,0,2,8.316666666666666,0,1,Promoter
5654,No,0,1,Offer E,Yes,23.63,Yes,Yes,Cable,85,No,Yes,No,Yes,No,No,No,Yes,Month-to-Month,No,Mailed Check,60.1,60.1,0.0,0,23.63,83.73,Male,26,Yes,No,No,No,0,5,10.016666666666667,1,0,Detractor
4519,No,0,19,,Yes,29.52,No,Yes,DSL,5,No,No,No,No,No,No,No,Yes,Month-to-Month,Yes,Bank Withdrawal,45.0,865.85,22.55,0,560.88,1404.18,Male,53,No,No,No,No,0,2,15.0,0,1,Detractor
5129,Yes,10,70,,Yes,38.5,Yes,Yes,Fiber Optic,25,Yes,No,No,No,No,Yes,Yes,Yes,Two Year,Yes,Bank Withdrawal,90.85,6470.1,0.0,0,2695.0,9165.1,Female,68,No,Yes,Yes,No,0,6,12.978571428571428,0,1,Passive
3192,No,0,42,Offer B,Yes,20.27,Yes,Yes,DSL,15,No,No,Yes,Yes,Yes,Yes,Yes,Yes,Two Year,Yes,Credit Card,78.45,3373.4,0.0,0,851.34,4224.74,Female,56,No,No,No,No,0,8,8.716666666666667,0,0,Passive
6063,Yes,1,63,Offer B,Yes,38.85,Yes,Yes,Fiber Optic,27,No,No,No,Yes,No,No,No,Yes,One Year,Yes,Credit Card,81.2,4965.1,0.0,0,2447.55,7412.650000000001,Female,56,No,No,Yes,No,0,4,16.240000000000002,0,0,Detractor
3949,No,0,7,,Yes,39.21,No,Yes,Fiber Optic,42,No,No,No,No,Yes,No,Yes,No,Month-to-Month,Yes,Mailed Check,80.3,526.7,0.0,10,274.47,811.1700000000001,Female,21,Yes,No,No,No,0,3,20.075,1,0,Detractor
2556,No,0,2,,Yes,44.31,Yes,Yes,DSL,73,No,Yes,No,No,No,No,Yes,Yes,Month-to-Month,Yes,Credit Card,54.4,114.1,0.0,0,88.62,202.72,Male,22,Yes,No,No,No,0,5,9.066666666666666,1,0,Detractor
2980,No,0,35,,Yes,39.84,Yes,No,No internet,0,No,No,No,No,No,No,No,No,Month-to-Month,Yes,Bank Withdrawal,25.6,901.25,0.0,0,1394.4,2295.65,Male,21,Yes,No,No,No,0,2,8.533333333333333,0,1,Passive
5657,Yes,5,65,,Yes,34.31,No,Yes,DSL,71,Yes,No,Yes,Yes,No,No,No,Yes,Two Year,No,Credit Card,58.9,3857.1,0.0,0,2230.15,6087.25,Female,22,Yes,No,Yes,No,0,5,9.816666666666666,0,0,Passive
4935,Yes,6,58,,Yes,37.15,Yes,Yes,Fiber Optic,7,Yes,Yes,No,Yes,Yes,Yes,Yes,Yes,Two Year,Yes,Credit Card,109.1,6393.65,0.0,0,2154.7,8548.349999999999,Female,51,No,No,Yes,No,0,9,10.91,0,0,Detractor
4907,Yes,2,10,,Yes,10.42,No,No,No internet,0,No,No,No,No,No,No,No,No,Month-to-Month,Yes,Credit Card,20.55,252.75,0.0,0,104.2,356.95,Female,27,Yes,No,Yes,No,0,1,10.275,1,0,Detractor
5878,Yes,5,65,,Yes,13.2,Yes,Yes,Fiber Optic,13,Yes,Yes,No,Yes,Yes,No,No,Yes,Two Year,Yes,Credit Card,99.05,6416.7,0.0,0,858.0,7274.7,Female,56,No,No,Yes,No,0,7,12.38125,0,0,Detractor
5770,No,0,14,,Yes,40.66,No,No,No internet,0,No,No,No,No,No,No,No,No,Month-to-Month,No,Credit Card,19.95,268.4,0.0,0,569.24,837.64,Male,49,No,No,No,Yes,5,1,9.975,0,0,Promoter
5192,Yes,5,72,Offer A,Yes,18.21,Yes,No,No internet,0,No,No,No,No,No,No,No,No,Two Year,No,Credit Card,24.9,1859.2,0.0,0,1311.12,3170.32,Female,42,No,No,Yes,Yes,3,2,8.299999999999999,0,0,Detractor
5631,No,0,47,Offer B,Yes,36.78,No,Yes,DSL,25,Yes,Yes,Yes,Yes,Yes,Yes,Yes,Yes,One Year,Yes,Bank Withdrawal,86.95,4138.9,0.0,0,1728.66,5867.56,Male,33,No,No,No,No,0,9,8.695,0,1,Passive
4248,No,0,1,,Yes,49.51,No,No,No internet,0,No,No,No,No,No,No,No,No,Month-to-Month,No,Mailed Check,19.9,19.9,0.0,0,49.51,69.41,Female,45,No,No,No,No,0,1,9.95,1,0,Detractor
4978,No,0,2,,Yes,1.81,No,No,No internet,0,No,No,No,No,No,No,No,No,Month-to-Month,No,Credit Card,20.05,33.7,0.0,0,3.62,37.32,Male,33,No,No,No,No,0,1,10.025,1,0,Detractor
5296,No,0,3,,Yes,37.01,No,No,No internet,0,No,No,No,No,No,No,No,No,Month-to-Month,Yes,Bank Withdrawal,20.5,76.95,0.0,0,111.03,187.98,Male,28,Yes,No,No,No,0,1,10.25,1,1,Promoter
5620,Yes,10,25,,Yes,2.34,No,Yes,DSL,73,Yes,Yes,No,Yes,No,Yes,Yes,Yes,Month-to-Month,Yes,Credit Card,71.05,1837.7,28.08,0,58.5,1868.12,Female,25,Yes,No,Yes,No,0,7,8.88125,0,0,Passive
2538,No,0,12,Offer D,Yes,16.07,Yes,Yes,Fiber Optic,14,Yes,Yes,Yes,No,No,Yes,Yes,Yes,Month-to-Month,Yes,Bank Withdrawal,99.7,1238.45,0.0,0,192.84,1431.29,Female,49,No,No,No,No,0,8,11.077777777777778,1,1,Detractor
6268,Yes,3,72,Offer A,Yes,21.38,Yes,Yes,Fiber Optic,2,Yes,Yes,Yes,Yes,Yes,Yes,No,Yes,Two Year,Yes,Bank Withdrawal,114.95,8196.4,0.0,0,1539.36,9735.76,Male,75,No,Yes,Yes,No,0,9,11.495,0,1,Detractor
2026,Yes,1,46,,Yes,18.45,Yes,No,No internet,0,No,No,No,No,No,No,No,No,One Year,No,Bank Withdrawal,24.9,1174.8,0.0,0,848.6999999999999,2023.5,Male,56,No,No,Yes,No,0,2,8.299999999999999,0,1,Promoter
3280,Yes,8,43,,Yes,5.25,Yes,Yes,Fiber Optic,59,No,No,Yes,No,Yes,Yes,Yes,Yes,Month-to-Month,Yes,Bank Withdrawal,99.3,4209.95,0.0,0,225.75,4435.7,Female,29,Yes,No,Yes,Yes,2,7,12.4125,0,1,Detractor
4325,No,0,1,,Yes,13.27,No,No,No internet,0,No,No,No,No,No,No,No,No,Month-to-Month,Yes,Mailed Check,20.2,20.2,0.0,0,13.27,33.47,Male,55,No,No,No,No,0,1,10.1,1,0,Detractor
4489,Yes,1,1,,Yes,12.04,No,Yes,Cable,5,Yes,No,No,No,Yes,Yes,Yes,Yes,Month-to-Month,Yes,Bank Withdrawal,95.0,95.0,0.0,0,12.04,107.04,Male,42,No,No,Yes,No,0,6,13.571428571428571,1,1,Detractor
5082,No,0,2,Offer E,Yes,29.04,No,Yes,Fiber Optic,21,No,No,No,No,Yes,No,No,Yes,Month-to-Month,Yes,Mailed Check,79.65,152.7,0.0,0,58.08,210.78,Female,56,No,No,No,No,0,3,19.9125,1,0,Detractor
4389,No,0,1,,Yes,4.11,No,No,No internet,0,No,No,No,No,No,No,No,No,Month-to-Month,Yes,Mailed Check,20.1,20.1,0.0,0,4.11,24.21,Male,25,Yes,No,No,No,0,1,10.05,1,0,Detractor
6289,No,0,67,,Yes,42.77,Yes,Yes,DSL,3,Yes,No,Yes,No,Yes,Yes,Yes,Yes,Two Year,Yes,Bank Withdrawal,79.7,5293.4,0.0,0,2865.59,8158.99,Male,49,No,No,Yes,No,0,8,8.855555555555556,0,1,Detractor
2226,No,0,13,Offer D,Yes,8.59,Yes,Yes,Fiber Optic,15,No,Yes,Yes,Yes,No,No,No,Yes,Month-to-Month,No,Bank Withdrawal,89.4,1132.35,0.0,0,111.67,1244.02,Female,42,No,No,No,No,0,6,12.771428571428572,0,1,Detractor
3707,Yes,8,15,,Yes,2.12,No,Yes,Fiber Optic,30,Yes,No,No,Yes,Yes,Yes,Yes,No,One Year,No,Bank Withdrawal,101.9,1667.25,0.0,120,31.8,1819.05,Male,23,Yes,No,Yes,Yes,1,6,14.55714285714286,0,1,Detractor
5617,No,0,6,Offer E,Yes,43.8,Yes,Yes,Fiber Optic,5,No,No,No,No,Yes,Yes,Yes,Yes,Month-to-Month,Yes,Bank Withdrawal,93.55,536.4,0.0,0,262.79999999999995,799.1999999999999,Female,42,No,No,No,No,0,6,13.364285714285714,1,1,Detractor
4196,No,0,2,,Yes,46.0,No,No,No internet,0,No,No,No,No,No,No,No,No,One Year,No,Credit Card,20.45,34.8,0.0,0,92.0,126.8,Female,23,Yes,No,No,No,0,1,10.225,1,0,Passive
3296,Yes,1,33,Offer C,Yes,26.8,No,Yes,Fiber Optic,17,No,No,No,No,Yes,Yes,Yes,No,Month-to-Month,No,Bank Withdrawal,91.25,2964.05,0.0,130,884.4,3978.45,Male,55,No,No,Yes,No,0,4,18.25,0,1,Promoter
6334,No,0,52,Offer B,Yes,38.93,No,Yes,DSL,8,Yes,No,No,No,No,No,No,Yes,Month-to-Month,Yes,Bank Withdrawal,49.75,2535.55,0.0,0,2024.36,4559.91,Female,33,No,No,No,No,0,3,12.4375,0,1,Detractor
4263,No,0,23,,Yes,35.32,No,No,No internet,0,No,No,No,No,No,No,No,No,Month-to-Month,No,Bank Withdrawal,20.85,473.9,0.0,0,812.36,1286.26,Male,45,No,No,No,No,0,1,10.425,0,1,Promoter
4054,Yes,1,72,,Yes,20.79,Yes,Yes,Fiber Optic,59,Yes,Yes,No,Yes,No,Yes,Yes,Yes,Two Year,Yes,Credit Card,97.75,6991.6,0.0,0,1496.88,8488.48,Male,25,Yes,No,Yes,Yes,3,8,10.86111111111111,0,0,Detractor
3330,No,0,12,,Yes,12.36,Yes,Yes,Fiber Optic,23,No,No,No,No,Yes,No,No,Yes,Month-to-Month,Yes,Bank Withdrawal,84.45,1059.55,0.0,0,148.32,1207.87,Male,41,No,No,No,No,0,4,16.89,1,1,Detractor
3724,Yes,3,40,,No,0.0,No,Yes,DSL,26,No,Yes,Yes,Yes,Yes,Yes,Yes,Yes,One Year,No,Credit Card,60.3,2448.5,0.0,0,0.0,2448.5,Male,19,Yes,No,Yes,Yes,2,7,7.5375,0,0,Passive
6059,No,0,69,,Yes,22.24,Yes,No,No internet,0,No,No,No,No,No,No,No,No,Two Year,No,Bank Withdrawal,23.95,1713.1,0.0,0,1534.56,3247.66,Male,57,No,No,No,No,0,2,7.983333333333333,0,1,Detractor
5186,Yes,7,59,Offer B,Yes,40.47,Yes,Yes,Fiber Optic,4,Yes,Yes,Yes,No,Yes,Yes,Yes,Yes,One Year,Yes,Credit Card,109.15,6557.75,0.0,0,2387.73,8945.48,Female,52,No,No,Yes,No,0,9,10.915,0,0,Passive
4842,No,0,61,Offer B,Yes,36.05,Yes,Yes,Fiber Optic,73,Yes,No,Yes,No,Yes,Yes,Yes,Yes,Month-to-Month,Yes,Bank Withdrawal,106.45,6300.15,0.0,0,2199.05,8499.199999999999,Male,21,Yes,No,No,No,0,8,11.827777777777778,0,1,Detractor
2744,No,0,35,Offer C,Yes,10.49,Yes,Yes,Fiber Optic,17,No,No,Yes,No,Yes,Yes,Yes,Yes,Month-to-Month,Yes,Bank Withdrawal,100.25,3527.6,0.0,0,367.15,3894.75,Female,44,No,No,No,No,0,7,12.53125,0,1,Detractor
2496,No,0,3,,No,0.0,No,Yes,DSL,46,No,No,No,No,Yes,No,No,Yes,Month-to-Month,Yes,Credit Card,34.8,113.95,0.0,0,0.0,113.95,Female,25,Yes,No,No,No,0,2,11.6,1,0,Passive
4580,Yes,1,4,,Yes,29.14,No,No,No internet,0,No,No,No,No,No,No,No,No,Month-to-Month,No,Credit Card,19.6,93.45,0.0,0,116.56,210.01,Female,34,No,No,Yes,No,0,1,9.8,1,0,Passive
5605,Yes,9,4,,Yes,35.2,Yes,Yes,DSL,52,No,Yes,No,Yes,No,No,No,Yes,Month-to-Month,Yes,Credit Card,58.5,224.85,0.0,0,140.8,365.65,Female,28,Yes,No,Yes,Yes,3,5,9.75,1,0,Detractor
6146,Yes,7,70,,Yes,35.39,Yes,Yes,Fiber Optic,25,Yes,Yes,Yes,Yes,Yes,Yes,No,Yes,Two Year,Yes,Bank Withdrawal,113.65,7714.65,24.36,0,2477.3,10167.59,Female,77,No,Yes,Yes,No,0,9,11.365,0,1,Passive
5082,No,0,17,Offer D,Yes,30.37,No,Yes,Fiber Optic,28,No,Yes,Yes,No,Yes,No,No,Yes,Month-to-Month,Yes,Bank Withdrawal,89.15,1496.9,0.0,0,516.29,2013.19,Female,80,No,Yes,No,No,0,5,14.858333333333334,0,1,Detractor
6471,No,0,52,,Yes,46.24,No,Yes,Cable,10,Yes,Yes,No,No,Yes,No,No,No,Two Year,Yes,Credit Card,63.25,3342.45,0.0,130,2404.48,5876.93,Male,56,No,No,No,No,0,4,12.65,0,0,Passive
5040,Yes,7,58,,Yes,22.65,No,Yes,Cable,25,No,No,No,No,No,No,No,No,One Year,Yes,Credit Card,44.1,2413.05,0.0,150,1313.6999999999998,3876.75,Female,44,No,No,Yes,Yes,3,1,22.05,0,0,Passive
5403,No,0,21,Offer D,Yes,31.26,Yes,No,No internet,0,No,No,No,No,No,No,No,No,Month-to-Month,No,Credit Card,24.7,467.15,0.0,0,656.46,1123.61,Male,53,No,No,No,Yes,1,2,8.233333333333333,0,0,Passive
2887,No,0,12,,Yes,11.12,No,Yes,DSL,14,No,No,No,No,No,No,No,Yes,Month-to-Month,Yes,Bank Withdrawal,45.4,518.9,0.0,0,133.44,652.3399999999999,Male,49,No,No,No,No,0,2,15.133333333333333,1,1,Detractor
2244,Yes,7,26,,Yes,33.47,Yes,No,No internet,0,No,No,No,No,No,No,No,No,One Year,No,Credit Card,26.0,684.05,0.0,0,870.22,1554.27,Female,56,No,No,Yes,No,0,2,8.666666666666666,0,0,Promoter
5896,No,0,51,,Yes,3.11,Yes,No,No internet,0,No,No,No,No,No,No,No,No,One Year,No,Bank Withdrawal,25.0,1260.7,0.0,0,158.61,1419.31,Male,67,No,Yes,No,No,0,2,8.333333333333334,0,1,Passive
4054,No,0,5,Offer E,Yes,12.27,No,Yes,Fiber Optic,20,No,No,No,No,No,Yes,No,Yes,Month-to-Month,No,Bank Withdrawal,78.95,378.4,0.0,0,61.35,439.75,Female,70,No,Yes,No,No,0,3,19.7375,1,1,Detractor
6295,Yes,8,72,,Yes,11.02,Yes,Yes,Fiber Optic,17,Yes,Yes,Yes,Yes,No,No,No,No,Two Year,Yes,Bank Withdrawal,94.25,6849.75,0.0,100,793.4399999999999,7743.19,Female,39,No,No,Yes,No,0,6,13.464285714285714,0,1,Passive
4959,No,0,13,Offer D,No,0.0,No,Yes,DSL,27,No,Yes,No,No,No,No,No,Yes,Month-to-Month,Yes,Bank Withdrawal,31.65,389.95,0.0,0,0.0,389.95,Female,27,Yes,No,No,No,0,2,10.55,0,1,Detractor
4756,No,0,71,Offer A,Yes,37.03,Yes,Yes,DSL,26,Yes,No,No,No,Yes,No,No,Yes,One Year,Yes,Bank Withdrawal,66.2,4692.55,0.0,0,2629.13,7321.68,Male,42,No,No,Yes,Yes,3,5,11.033333333333331,0,1,Detractor
3087,No,0,8,,Yes,23.46,No,No,No internet,0,No,No,No,No,No,No,No,No,Two Year,No,Credit Card,20.0,141.6,0.0,0,187.68,329.28,Female,55,No,No,No,No,0,1,10.0,1,0,Detractor
5569,Yes,2,34,Offer C,No,0.0,No,Yes,DSL,76,No,No,Yes,Yes,Yes,No,No,Yes,Month-to-Month,Yes,Bank Withdrawal,44.85,1442.6,0.0,0,0.0,1442.6,Male,35,No,No,Yes,Yes,3,4,8.97,0,1,Passive
2314,No,0,3,Offer E,No,0.0,No,Yes,DSL,28,No,No,Yes,No,No,Yes,Yes,Yes,Month-to-Month,Yes,Bank Withdrawal,41.15,132.2,0.0,0,0.0,132.2,Male,67,No,Yes,No,No,0,4,8.23,1,1,Detractor
2954,No,0,1,,Yes,5.63,No,Yes,Cable,52,No,No,Yes,Yes,Yes,Yes,Yes,Yes,Month-to-Month,Yes,Bank Withdrawal,75.5,75.5,0.0,0,5.63,81.13,Male,26,Yes,No,No,No,0,7,9.4375,1,1,Promoter
2825,No,0,17,Offer D,Yes,21.82,Yes,Yes,Fiber Optic,23,Yes,Yes,No,No,Yes,No,No,Yes,Month-to-Month,Yes,Bank Withdrawal,94.4,1617.5,0.0,0,370.94,1988.44,Female,57,No,No,No,No,0,6,13.485714285714286,0,1,Detractor
4276,Yes,8,33,Offer C,Yes,8.79,No,Yes,Cable,27,Yes,Yes,Yes,No,No,No,No,Yes,One Year,Yes,Credit Card,58.45,1955.4,0.0,0,290.07,2245.4700000000003,Female,24,Yes,No,Yes,No,0,5,9.741666666666667,0,0,Passive
5809,No,0,1,Offer E,Yes,1.61,No,No,No internet,0,No,No,No,No,No,No,No,No,Month-to-Month,Yes,Credit Card,19.75,19.75,0.0,0,1.61,21.36,Male,58,No,No,No,No,0,1,9.875,1,0,Promoter
5325,Yes,9,69,Offer A,Yes,5.27,No,No,No internet,0,No,No,No,No,No,No,No,No,Two Year,No,Bank Withdrawal,19.75,1375.4,0.0,0,363.63,1739.0300000000002,Female,38,No,No,Yes,No,0,1,9.875,0,1,Passive
4601,Yes,7,68,Offer A,No,0.0,No,Yes,Cable,16,Yes,No,Yes,No,Yes,Yes,Yes,Yes,Two Year,Yes,Bank Withdrawal,54.1,3794.5,0.0,0,0.0,3794.5,Male,42,No,No,Yes,No,0,6,7.728571428571429,0,1,Detractor
2856,No,0,2,Offer E,Yes,33.89,No,Yes,Fiber Optic,41,No,No,No,No,No,Yes,Yes,Yes,Month-to-Month,No,Bank Withdrawal,80.55,184.1,0.0,0,67.78,251.88,Female,29,Yes,No,No,No,0,4,16.11,1,1,Detractor
4285,No,0,66,Offer A,Yes,12.48,No,Yes,DSL,23,No,Yes,Yes,Yes,Yes,Yes,Yes,Yes,Two Year,Yes,Credit Card,79.5,5196.1,0.0,0,823.6800000000001,6019.780000000001,Male,48,No,No,No,Yes,2,8,8.833333333333334,0,0,Passive
5048,No,0,4,Offer E,Yes,42.06,Yes,Yes,Fiber Optic,58,No,Yes,No,No,No,No,Yes,Yes,Month-to-Month,No,Bank Withdrawal,78.45,330.05,0.0,0,168.24,498.29,Male,28,Yes,No,No,No,0,5,13.075,1,1,Detractor
4001,No,0,10,,Yes,45.21,Yes,Yes,Fiber Optic,3,No,No,Yes,No,Yes,Yes,Yes,Yes,Month-to-Month,Yes,Bank Withdrawal,100.6,1060.2,0.0,0,452.1,1512.3000000000002,Female,41,No,No,No,No,0,7,12.575,1,1,Detractor
2021,No,0,31,,Yes,10.05,No,Yes,Fiber Optic,14,No,No,Yes,Yes,Yes,Yes,Yes,Yes,Two Year,No,Bank Withdrawal,99.45,3109.9,43.38,0,311.55,3378.07,Male,41,No,No,No,No,0,7,12.43125,0,1,Promoter
5656,No,0,6,,Yes,1.15,Yes,Yes,Fiber Optic,3,No,Yes,No,No,Yes,No,No,Yes,Month-to-Month,Yes,Bank Withdrawal,90.1,521.3,0.0,0,6.9,528.1999999999999,Female,53,No,No,No,No,0,5,15.016666666666666,1,1,Detractor
5271,Yes,4,16,Offer D,Yes,38.55,No,No,No internet,0,No,No,No,No,No,No,No,No,Month-to-Month,No,Bank Withdrawal,20.15,341.35,0.0,0,616.8,958.15,Male,30,No,No,Yes,Yes,3,1,10.075,0,1,Passive
4375,Yes,1,41,Offer B,No,0.0,No,Yes,Cable,16,Yes,No,Yes,No,No,No,No,Yes,One Year,No,Credit Card,35.4,1412.4,0.0,0,0.0,1412.4,Female,37,No,No,Yes,Yes,2,3,8.85,0,0,Passive
3618,No,0,39,,No,0.0,No,Yes,DSL,8,No,Yes,Yes,Yes,No,No,No,Yes,Month-to-Month,No,Bank Withdrawal,41.1,1597.05,0.0,0,0.0,1597.05,Female,35,No,No,No,No,0,4,8.22,0,1,Detractor
6021,Yes,6,55,Offer B,Yes,24.93,No,Yes,Fiber Optic,17,Yes,No,No,No,Yes,Yes,Yes,Yes,One Year,Yes,Bank Withdrawal,94.75,5276.1,0.0,0,1371.15,6647.25,Female,59,No,No,Yes,No,0,6,13.535714285714286,0,1,Passive
3425,No,0,3,Offer E,No,0.0,No,Yes,DSL,18,No,No,No,Yes,No,No,No,Yes,Month-to-Month,Yes,Bank Withdrawal,29.75,96.85,0.0,0,0.0,96.85,Male,58,No,No,No,No,0,2,9.916666666666666,1,1,Detractor
6136,Yes,6,49,Offer B,Yes,8.18,Yes,Yes,Fiber Optic,53,No,No,No,No,Yes,Yes,Yes,Yes,Month-to-Month,Yes,Bank Withdrawal,95.4,4613.95,0.0,0,400.82,5014.77,Female,56,No,No,Yes,Yes,6,6,13.62857142857143,0,1,Promoter
4505,Yes,1,72,,Yes,17.89,Yes,Yes,Fiber Optic,19,Yes,Yes,Yes,Yes,No,Yes,Yes,Yes,Two Year,No,Credit Card,107.45,7658.3,0.0,0,1288.08,8946.380000000001,Female,35,No,No,Yes,Yes,2,9,10.745,0,0,Passive
5679,No,0,1,Offer E,Yes,30.52,Yes,Yes,Fiber Optic,30,No,No,No,No,No,Yes,Yes,Yes,Month-to-Month,Yes,Bank Withdrawal,85.0,85.0,0.0,0,30.52,115.52,Female,51,No,No,No,No,0,5,14.166666666666666,1,1,Detractor
5742,No,0,65,,Yes,26.83,Yes,Yes,Fiber Optic,59,No,Yes,No,Yes,Yes,Yes,Yes,Yes,One Year,Yes,Bank Withdrawal,105.05,6744.25,0.0,0,1743.9499999999998,8488.2,Female,22,Yes,No,No,No,0,8,11.672222222222222,0,1,Promoter
5747,No,0,1,Offer E,Yes,16.81,No,No,No internet,0,No,No,No,No,No,No,No,No,Month-to-Month,No,Credit Card,20.1,20.1,0.0,0,16.81,36.91,Male,33,No,No,No,No,0,1,10.05,1,0,Detractor
4422,No,0,29,,Yes,3.69,No,Yes,Cable,27,No,No,Yes,Yes,Yes,Yes,Yes,Yes,One Year,Yes,Bank Withdrawal,75.35,2243.9,2.24,0,107.01,2348.6700000000005,Male,30,No,No,No,No,0,7,9.41875,0,1,Detractor
3731,No,0,11,Offer D,Yes,46.49,No,No,No internet,0,No,No,No,No,No,No,No,No,One Year,No,Credit Card,20.0,211.95,0.0,0,511.39,723.34,Female,31,No,No,No,No,0,1,10.0,1,0,Passive
5353,No,0,10,Offer D,Yes,41.37,Yes,Yes,Fiber Optic,14,No,No,No,No,Yes,Yes,No,Yes,Month-to-Month,Yes,Bank Withdrawal,95.35,898.35,0.0,0,413.7,1312.05,Male,71,No,Yes,No,No,0,5,15.891666666666666,1,1,Detractor
4089,No,0,55,Offer B,Yes,47.38,Yes,Yes,Fiber Optic,29,No,No,No,No,Yes,Yes,Yes,Yes,Month-to-Month,Yes,Bank Withdrawal,96.8,5283.95,0.0,0,2605.9,7889.85,Male,40,No,No,No,No,0,6,13.828571428571427,0,1,Detractor
3542,No,0,3,,No,0.0,No,Yes,DSL,30,No,No,No,No,No,No,No,Yes,Month-to-Month,No,Bank Withdrawal,25.3,77.75,0.0,0,0.0,77.75,Female,80,No,Yes,No,No,0,1,12.65,1,1,Detractor
5536,No,0,61,Offer B,Yes,14.52,Yes,Yes,Fiber Optic,27,No,No,Yes,No,No,Yes,Yes,Yes,Month-to-Month,No,Credit Card,89.2,5500.6,0.0,0,885.72,6386.320000000001,Female,60,No,No,No,No,0,6,12.742857142857144,0,0,Detractor
5556,No,0,41,,Yes,38.21,No,Yes,DSL,5,Yes,No,Yes,Yes,Yes,Yes,Yes,Yes,One Year,Yes,Bank Withdrawal,79.85,3320.75,0.0,0,1566.61,4887.360000000001,Female,57,No,No,No,No,0,8,8.872222222222222,0,1,Passive
4486,Yes,1,3,Offer E,Yes,25.77,No,Yes,Fiber Optic,2,Yes,No,No,Yes,Yes,No,No,Yes,Month-to-Month,Yes,Mailed Check,88.3,273.75,0.0,0,77.31,351.06,Female,68,No,Yes,Yes,No,0,5,14.716666666666669,1,0,Detractor
2982,Yes,1,13,,Yes,31.7,Yes,Yes,Cable,6,No,No,No,No,Yes,Yes,Yes,Yes,Month-to-Month,Yes,Bank Withdrawal,95.25,1233.65,48.09,0,412.1,1597.66,Male,67,No,Yes,Yes,No,0,6,13.607142857142858,0,1,Detractor
5641,No,0,3,,Yes,10.6,No,Yes,Fiber Optic,73,No,No,No,Yes,No,Yes,Yes,Yes,Month-to-Month,No,Bank Withdrawal,85.8,272.2,0.0,0,31.8,304.0,Female,20,Yes,No,No,No,0,5,14.3,1,1,Detractor
4021,No,0,56,,No,0.0,No,Yes,DSL,23,No,No,No,No,Yes,Yes,Yes,Yes,Month-to-Month,Yes,Credit Card,44.85,2564.95,0.0,0,0.0,2564.95,Female,58,No,No,No,No,0,4,8.97,0,0,Promoter
5886,Yes,7,24,,Yes,46.91,Yes,Yes,Fiber Optic,20,No,No,No,No,Yes,Yes,Yes,No,Month-to-Month,Yes,Bank Withdrawal,93.0,2248.05,0.0,40,1125.84,3413.8900000000003,Male,54,No,No,Yes,No,0,5,15.5,0,1,Promoter
5331,Yes,1,64,Offer B,Yes,40.28,Yes,Yes,DSL,52,No,No,Yes,Yes,No,No,No,Yes,One Year,No,Bank Withdrawal,58.35,3756.45,0.0,0,2577.92,6334.37,Female,27,Yes,No,Yes,No,0,5,9.725,0,1,Detractor
3110,Yes,6,43,,Yes,21.08,Yes,Yes,Cable,14,Yes,Yes,No,Yes,Yes,Yes,Yes,Yes,Two Year,No,Credit Card,86.45,3574.5,0.0,0,906.44,4480.94,Female,64,No,No,Yes,No,0,9,8.645,0,0,Passive
4069,No,0,71,,Yes,6.75,Yes,Yes,Fiber Optic,15,No,No,Yes,Yes,No,No,No,Yes,Two Year,Yes,Credit Card,86.4,6172.0,0.0,0,479.25,6651.25,Male,53,No,No,No,No,0,5,14.4,0,0,Promoter
3929,No,0,6,Offer E,Yes,23.01,No,Yes,DSL,13,No,No,No,Yes,No,No,No,No,Month-to-Month,No,Credit Card,50.05,288.35,0.0,40,138.06,466.41,Male,37,No,No,No,No,0,2,16.683333333333334,1,0,Promoter
2221,Yes,10,44,Offer B,Yes,32.72,Yes,Yes,Fiber Optic,6,Yes,Yes,Yes,Yes,No,No,No,Yes,Month-to-Month,Yes,Credit Card,95.1,4060.55,0.0,0,1439.6799999999998,5500.23,Female,46,No,No,Yes,No,0,7,11.8875,0,0,Detractor
5736,No,0,2,,Yes,15.83,No,No,No internet,0,No,No,No,No,No,No,No,No,Month-to-Month,No,Credit Card,20.25,36.8,0.0,0,31.66,68.46,Male,35,No,No,No,No,0,1,10.125,1,0,Passive
4552,Yes,7,4,Offer E,Yes,10.13,Yes,Yes,DSL,3,No,No,Yes,No,Yes,No,No,Yes,Month-to-Month,No,Bank Withdrawal,65.6,250.1,0.0,0,40.52,290.62,Male,49,No,No,Yes,No,0,5,10.933333333333332,1,1,Passive
5201,No,0,33,Offer C,Yes,5.91,Yes,Yes,DSL,5,No,Yes,No,No,No,No,No,Yes,Month-to-Month,Yes,Bank Withdrawal,54.65,1665.2,0.0,0,195.03,1860.23,Male,62,No,No,No,No,0,4,10.93,0,1,Detractor
5881,No,0,1,Offer E,Yes,6.08,No,No,No internet,0,No,No,No,No,No,No,No,No,Month-to-Month,No,Mailed Check,19.65,19.65,0.0,0,6.08,25.73,Female,50,No,No,No,No,0,1,9.825,1,0,Detractor
2020,Yes,9,34,Offer C,Yes,9.09,No,Yes,DSL,16,Yes,Yes,Yes,Yes,Yes,Yes,Yes,Yes,Two Year,No,Credit Card,84.75,2839.45,0.0,0,309.06,3148.51,Female,41,No,No,Yes,Yes,2,9,8.475,0,0,Detractor
4165,Yes,4,72,,Yes,40.49,Yes,Yes,Fiber Optic,15,No,Yes,Yes,No,Yes,Yes,Yes,Yes,Two Year,Yes,Bank Withdrawal,104.8,7470.1,0.0,0,2915.28,10385.38,Male,58,No,No,Yes,No,0,8,11.644444444444444,0,1,Passive
4856,No,0,13,Offer D,No,0.0,No,Yes,DSL,17,Yes,No,No,Yes,Yes,No,No,Yes,Month-to-Month,Yes,Credit Card,45.55,597.0,0.0,0,0.0,597.0,Male,52,No,No,No,No,0,4,9.11,0,0,Detractor
5192,Yes,1,72,Offer A,No,0.0,No,Yes,Cable,59,Yes,Yes,Yes,Yes,No,Yes,Yes,Yes,Two Year,No,Credit Card,55.65,3880.05,0.0,0,0.0,3880.05,Female,28,Yes,No,Yes,Yes,3,7,6.95625,0,0,Passive
5557,No,0,13,,Yes,10.51,No,Yes,DSL,20,No,Yes,Yes,No,No,No,No,Yes,One Year,Yes,Bank Withdrawal,54.8,731.3,0.0,0,136.63,867.93,Female,68,No,Yes,No,No,0,4,10.96,0,1,Passive
5151,Yes,2,63,Offer B,Yes,38.36,No,No,No internet,0,No,No,No,No,No,No,No,No,Two Year,Yes,Bank Withdrawal,19.95,1234.8,0.0,0,2416.68,3651.48,Male,56,No,No,Yes,No,0,1,9.975,0,1,Detractor
5602,No,0,2,,Yes,35.41,No,Yes,Fiber Optic,25,Yes,No,Yes,No,No,No,No,Yes,Month-to-Month,Yes,Bank Withdrawal,80.45,137.1,0.0,0,70.82,207.92,Female,35,No,No,No,No,0,4,16.09,1,1,Passive
2299,Yes,3,10,,Yes,36.37,Yes,No,No internet,0,No,No,No,No,No,No,No,No,Two Year,No,Credit Card,25.35,253.5,0.0,0,363.7,617.2,Male,22,Yes,No,Yes,Yes,2,2,8.450000000000001,1,0,Passive
5209,No,0,15,,Yes,9.71,Yes,Yes,DSL,26,No,No,No,No,No,No,No,Yes,Month-to-Month,Yes,Bank Withdrawal,49.1,679.55,0.0,0,145.65,825.1999999999999,Female,33,No,No,No,No,0,3,12.275,0,1,Detractor
5651,Yes,4,7,Offer E,Yes,36.14,No,Yes,DSL,85,Yes,No,No,No,No,No,Yes,Yes,One Year,Yes,Bank Withdrawal,49.75,331.3,0.0,0,252.98,584.28,Male,24,Yes,No,Yes,No,0,4,9.95,1,1,Detractor
4732,Yes,3,27,Offer C,Yes,11.83,Yes,Yes,DSL,14,Yes,No,No,Yes,Yes,Yes,Yes,Yes,One Year,No,Credit Card,80.85,2204.35,0.0,0,319.41,2523.76,Male,42,No,No,Yes,No,0,8,8.983333333333333,0,0,Detractor
5817,Yes,2,69,Offer A,Yes,20.32,No,Yes,Fiber Optic,56,No,Yes,No,Yes,Yes,No,No,Yes,Two Year,Yes,Mailed Check,92.15,6480.9,0.0,0,1402.08,7882.98,Male,56,No,No,Yes,Yes,3,5,15.358333333333334,0,0,Detractor
3363,Yes,3,45,,Yes,48.02,No,Yes,Fiber Optic,18,No,No,No,Yes,Yes,Yes,Yes,No,Two Year,Yes,Credit Card,95.2,4285.8,43.95,50,2160.9,6452.75,Female,51,No,No,Yes,No,0,5,15.866666666666667,0,0,Promoter
3403,No,0,22,Offer D,Yes,4.79,Yes,No,No internet,0,No,No,No,No,No,No,No,No,Two Year,No,Credit Card,25.25,566.5,0.0,0,105.38,671.88,Male,61,No,No,No,No,0,2,8.416666666666666,0,0,Passive
4469,Yes,1,17,,Yes,13.68,No,Yes,Fiber Optic,11,No,No,No,No,No,No,No,Yes,Month-to-Month,Yes,Bank Withdrawal,70.4,1214.05,0.0,0,232.56,1446.61,Male,35,No,No,Yes,No,0,2,23.46666666666667,0,1,Detractor
4272,Yes,1,72,,Yes,4.56,Yes,Yes,Fiber Optic,18,Yes,Yes,Yes,Yes,Yes,Yes,Yes,Yes,Two Year,No,Credit Card,112.1,7965.95,18.88,0,328.32,8275.39,Female,56,No,No,Yes,No,0,10,10.19090909090909,0,0,Passive
5503,No,0,34,,Yes,28.0,Yes,Yes,Fiber Optic,18,No,Yes,No,Yes,Yes,Yes,Yes,Yes,Month-to-Month,Yes,Bank Withdrawal,105.35,3540.65,0.0,0,952.0,4492.65,Male,51,No,No,No,No,0,8,11.705555555555556,0,1,Detractor
5598,No,0,3,Offer E,Yes,40.79,No,Yes,DSL,29,No,No,Yes,No,No,No,No,No,Month-to-Month,Yes,Bank Withdrawal,49.15,169.05,0.0,10,122.37,301.42,Male,47,No,No,No,No,0,2,16.383333333333333,1,1,Detractor
5396,No,0,4,,Yes,23.5,Yes,Yes,Fiber Optic,22,No,No,No,No,No,No,No,Yes,Month-to-Month,Yes,Bank Withdrawal,75.65,302.35,0.0,0,94.0,396.35,Female,36,No,No,No,No,0,3,18.9125,1,1,Promoter
4406,Yes,4,72,,Yes,16.92,Yes,Yes,Fiber Optic,19,No,Yes,Yes,Yes,Yes,Yes,Yes,No,Two Year,Yes,Bank Withdrawal,111.65,8022.85,0.0,110,1218.2400000000002,9351.09,Male,72,No,Yes,Yes,No,0,8,12.405555555555557,0,1,Passive
2560,Yes,1,8,,No,0.0,No,Yes,Cable,27,No,Yes,Yes,No,No,Yes,No,Yes,Two Year,Yes,Credit Card,43.35,371.4,0.0,0,0.0,371.4,Male,67,No,Yes,Yes,No,0,4,8.67,1,0,Detractor
5247,Yes,10,71,,Yes,11.35,No,Yes,DSL,24,Yes,Yes,No,Yes,Yes,No,No,Yes,One Year,Yes,Bank Withdrawal,71.0,5012.1,0.0,0,805.85,5817.950000000001,Male,69,No,Yes,Yes,No,0,6,10.142857142857142,0,1,Detractor
5879,No,0,35,,Yes,38.82,Yes,Yes,DSL,19,No,No,No,No,No,No,No,No,Month-to-Month,No,Mailed Check,50.15,1655.35,0.0,130,1358.7,3144.05,Female,52,No,No,No,Yes,1,2,16.716666666666665,0,0,Detractor
4808,Yes,8,71,Offer A,Yes,14.86,No,No,No internet,0,No,No,No,No,No,No,No,No,Two Year,No,Credit Card,19.7,1301.1,0.0,0,1055.06,2356.16,Male,53,No,No,Yes,Yes,1,1,9.85,0,0,Promoter
5009,Yes,9,18,Offer D,Yes,29.6,No,Yes,Fiber Optic,7,No,No,Yes,No,Yes,Yes,Yes,Yes,Month-to-Month,Yes,Credit Card,95.95,1745.5,6.72,0,532.8000000000001,2271.58,Female,56,No,No,Yes,No,0,6,13.707142857142856,0,0,Detractor
4223,No,0,45,Offer B,Yes,18.46,Yes,Yes,Cable,3,Yes,No,No,Yes,No,Yes,Yes,Yes,Two Year,Yes,Bank Withdrawal,70.05,3062.45,0.0,0,830.7,3893.15,Female,80,No,Yes,No,No,0,7,8.75625,0,1,Detractor
5546,No,0,24,,Yes,32.49,No,Yes,Fiber Optic,23,No,No,No,No,Yes,Yes,Yes,Yes,Month-to-Month,Yes,Bank Withdrawal,90.35,2238.5,0.0,0,779.76,3018.26,Male,64,No,No,No,No,0,5,15.058333333333332,0,1,Detractor
2544,Yes,1,17,,Yes,19.19,No,Yes,Fiber Optic,22,Yes,No,Yes,No,Yes,No,No,Yes,Month-to-Month,Yes,Bank Withdrawal,89.4,1539.45,0.0,0,326.23,1865.68,Male,54,No,No,Yes,No,0,5,14.9,0,1,Detractor
2426,No,0,32,,Yes,6.2,Yes,Yes,Fiber Optic,25,Yes,No,No,Yes,No,No,No,No,Month-to-Month,No,Bank Withdrawal,87.65,2766.4,47.87,150,198.4,3066.9300000000003,Male,53,No,No,No,No,0,4,17.53,0,1,Detractor
5327,No,0,70,,Yes,13.4,Yes,Yes,Fiber Optic,3,No,Yes,Yes,Yes,No,No,No,No,One Year,Yes,Bank Withdrawal,90.25,6385.95,0.0,100,938.0,7423.95,Female,38,No,No,No,No,0,5,15.041666666666666,0,1,Detractor
2768,No,0,38,,Yes,3.42,No,Yes,Fiber Optic,15,Yes,No,No,No,No,Yes,No,Yes,Two Year,Yes,Bank Withdrawal,83.45,3147.15,24.98,0,129.96,3252.13,Female,76,No,Yes,Yes,No,0,4,16.69,0,1,Detractor
4478,Yes,3,56,Offer B,Yes,42.16,Yes,Yes,Fiber Optic,19,No,No,Yes,Yes,Yes,Yes,Yes,Yes,Two Year,Yes,Bank Withdrawal,103.2,5873.75,0.0,0,2360.96,8234.71,Male,38,No,No,Yes,Yes,1,8,11.466666666666669,0,1,Detractor
5684,No,0,54,,Yes,45.77,Yes,Yes,Fiber Optic,10,No,Yes,No,No,No,No,No,Yes,Month-to-Month,Yes,Bank Withdrawal,79.5,4370.25,0.0,0,2471.5800000000004,6841.83,Female,68,No,Yes,No,No,0,4,15.9,0,1,Detractor
4886,No,0,51,Offer B,Yes,34.36,Yes,No,No internet,0,No,No,No,No,No,No,No,No,One Year,Yes,Bank Withdrawal,24.6,1266.4,47.91,0,1752.36,2970.85,Male,58,No,No,No,No,0,2,8.200000000000001,0,1,Promoter
2803,No,0,2,,Yes,6.51,No,Yes,Fiber Optic,11,No,Yes,No,No,No,No,No,Yes,Month-to-Month,Yes,Bank Withdrawal,74.7,165.4,0.0,0,13.02,178.42000000000002,Male,74,No,Yes,No,No,0,3,18.675,1,1,Detractor
5058,Yes,4,56,,Yes,11.48,No,Yes,Fiber Optic,10,No,Yes,Yes,Yes,No,No,No,Yes,One Year,Yes,Credit Card,85.85,4793.8,0.0,0,642.88,5436.68,Male,60,No,No,Yes,Yes,1,5,14.308333333333332,0,0,Passive
3878,No,0,25,Offer C,Yes,47.66,Yes,Yes,Fiber Optic,23,No,Yes,No,No,Yes,No,No,Yes,Month-to-Month,Yes,Bank Withdrawal,88.95,2291.2,0.0,0,1191.5,3482.7,Male,71,No,Yes,No,No,0,5,14.825,0,1,Detractor
4535,No,0,25,Offer C,Yes,26.81,No,Yes,Fiber Optic,12,Yes,Yes,No,No,No,No,No,Yes,Month-to-Month,Yes,Bank Withdrawal,79.85,2015.35,0.0,0,670.25,2685.6,Female,54,No,No,No,No,0,4,15.97,0,1,Detractor
2168,Yes,4,14,Offer D,Yes,21.34,No,Yes,DSL,24,No,No,No,Yes,No,No,No,Yes,Month-to-Month,No,Bank Withdrawal,48.8,664.4,0.0,0,298.76,963.16,Male,39,No,No,Yes,No,0,3,12.2,0,1,Promoter
5040,No,0,58,,Yes,29.47,No,Yes,DSL,16,Yes,Yes,Yes,Yes,No,No,No,Yes,Two Year,Yes,Credit Card,64.9,3795.45,0.0,0,1709.26,5504.71,Female,56,No,No,No,No,0,6,9.271428571428572,0,0,Passive
2698,No,0,39,,Yes,37.94,No,Yes,Fiber Optic,19,Yes,No,Yes,No,Yes,Yes,Yes,Yes,Two Year,Yes,Bank Withdrawal,100.45,3801.7,0.0,0,1479.66,5281.36,Male,38,No,No,No,No,0,7,12.55625,0,1,Passive
3161,No,0,5,,Yes,8.01,No,No,No internet,0,No,No,No,No,No,No,No,No,Month-to-Month,No,Credit Card,20.35,122.0,0.0,0,40.05,162.05,Male,39,No,No,No,Yes,1,1,10.175,1,0,Passive
3355,Yes,3,12,,Yes,37.15,No,Yes,DSL,13,Yes,No,Yes,Yes,Yes,Yes,Yes,No,One Year,Yes,Bank Withdrawal,79.2,943.85,0.0,20,445.8,1409.65,Female,73,No,Yes,Yes,No,0,7,9.9,1,1,Passive
3265,No,0,20,,Yes,22.75,Yes,Yes,Cable,11,No,Yes,No,Yes,No,Yes,Yes,Yes,Month-to-Month,Yes,Credit Card,68.9,1370.35,0.0,0,455.0,1825.35,Female,44,No,No,No,No,0,7,8.6125,0,0,Promoter
4565,Yes,1,5,,Yes,7.0,No,Yes,Fiber Optic,23,No,Yes,No,No,No,Yes,Yes,Yes,Month-to-Month,Yes,Bank Withdrawal,83.6,404.2,24.44,0,35.0,414.76,Female,54,No,No,Yes,No,0,5,13.933333333333332,1,1,Detractor
5603,Yes,4,31,Offer C,Yes,5.3,Yes,Yes,Fiber Optic,3,No,No,No,No,No,Yes,Yes,Yes,Two Year,Yes,Bank Withdrawal,84.85,2633.4,0.0,0,164.29999999999998,2797.7000000000003,Female,68,No,Yes,Yes,No,0,5,14.141666666666666,0,1,Detractor
5182,No,0,55,,Yes,29.6,Yes,Yes,Fiber Optic,3,No,No,Yes,No,Yes,Yes,No,Yes,One Year,Yes,Bank Withdrawal,100.15,5409.75,0.0,0,1628.0,7037.75,Female,75,No,Yes,No,No,0,6,14.30714285714286,0,1,Passive
3983,Yes,1,9,Offer E,Yes,6.35,No,Yes,Cable,69,Yes,Yes,Yes,Yes,No,No,No,Yes,Month-to-Month,No,Mailed Check,65.0,663.05,0.0,0,57.15,720.1999999999999,Female,20,Yes,No,Yes,No,0,6,9.285714285714286,1,0,Detractor
5474,No,0,70,,Yes,47.72,No,Yes,DSL,28,Yes,No,Yes,Yes,Yes,Yes,Yes,Yes,Two Year,No,Bank Withdrawal,79.6,5589.45,42.34,0,3340.4,8887.51,Female,60,No,No,No,No,0,8,8.844444444444443,0,1,Detractor
4180,No,0,70,,Yes,16.93,Yes,Yes,DSL,10,Yes,Yes,Yes,No,Yes,Yes,Yes,Yes,Two Year,No,Credit Card,84.7,5991.05,0.0,0,1185.1,7176.15,Female,44,No,No,No,No,0,9,8.47,0,0,Passive
2614,No,0,1,,Yes,13.62,No,Yes,Cable,21,No,No,No,No,No,No,No,Yes,Month-to-Month,Yes,Credit Card,45.8,45.8,0.0,0,13.62,59.42,Male,34,No,No,No,No,0,2,15.266666666666666,1,0,Promoter
6479,Yes,7,50,Offer B,Yes,26.06,Yes,Yes,Fiber Optic,18,No,No,No,Yes,Yes,Yes,Yes,Yes,One Year,No,Bank Withdrawal,99.4,5059.75,0.0,0,1303.0,6362.75,Male,44,No,No,Yes,No,0,7,12.425,0,1,Passive
4648,No,0,2,Offer E,No,0.0,No,Yes,DSL,21,Yes,Yes,No,No,No,Yes,Yes,Yes,Month-to-Month,Yes,Bank Withdrawal,42.6,72.4,0.0,0,0.0,72.4,Female,49,No,No,No,No,0,5,7.1000000000000005,1,1,Detractor
2015,No,0,7,,Yes,39.51,Yes,Yes,Fiber Optic,13,No,No,No,No,Yes,No,No,No,Month-to-Month,Yes,Bank Withdrawal,84.8,546.95,0.0,0,276.57,823.52,Male,75,No,Yes,No,No,0,3,21.2,1,1,Detractor
4173,Yes,7,56,,Yes,18.99,No,Yes,Cable,53,Yes,Yes,Yes,No,No,No,No,Yes,Two Year,Yes,Credit Card,61.3,3346.8,0.0,0,1063.4399999999998,4410.24,Female,59,No,No,Yes,Yes,3,5,10.216666666666669,0,0,Detractor
5044,Yes,7,71,,Yes,29.78,Yes,Yes,Fiber Optic,22,No,Yes,Yes,Yes,Yes,Yes,Yes,Yes,Two Year,No,Bank Withdrawal,109.25,7707.7,0.0,0,2114.38,9822.08,Female,32,No,No,Yes,No,0,9,10.925,0,1,Detractor
4121,Yes,10,71,,Yes,18.41,No,No,No internet,0,No,No,No,No,No,No,No,No,Two Year,No,Credit Card,19.85,1379.6,0.0,0,1307.11,2686.71,Female,44,No,No,Yes,No,0,1,9.925,0,0,Passive
5588,Yes,10,67,Offer A,Yes,3.04,Yes,Yes,Fiber Optic,30,Yes,No,Yes,Yes,No,Yes,Yes,Yes,One Year,Yes,Bank Withdrawal,100.25,6689.0,0.0,0,203.68,6892.68,Female,52,No,No,Yes,Yes,3,8,11.13888888888889,0,1,Detractor
2099,No,0,15,Offer D,Yes,46.38,Yes,Yes,Fiber Optic,19,No,No,No,No,No,No,No,Yes,Month-to-Month,No,Bank Withdrawal,75.65,1146.65,0.0,0,695.7,1842.35,Male,70,No,Yes,No,No,0,3,18.9125,0,1,Detractor
2553,No,0,35,Offer C,No,0.0,No,Yes,Cable,12,No,No,Yes,Yes,No,No,No,No,Month-to-Month,Yes,Credit Card,33.45,1175.85,0.0,30,0.0,1205.85,Female,59,No,No,No,No,0,2,11.15,0,0,Promoter
5433,No,0,1,,No,0.0,No,Yes,DSL,8,No,No,Yes,No,No,Yes,No,No,Month-to-Month,Yes,Bank Withdrawal,39.65,39.65,0.0,20,0.0,59.65,Male,78,No,Yes,No,No,0,2,13.216666666666669,1,1,Detractor
2447,No,0,21,Offer D,Yes,27.6,No,No,No internet,0,No,No,No,No,No,No,No,No,Two Year,No,Credit Card,19.6,397.0,0.0,0,579.6,976.6,Male,45,No,No,No,Yes,2,1,9.8,0,0,Detractor
4249,No,0,4,Offer E,Yes,39.68,No,Yes,Fiber Optic,18,Yes,No,Yes,Yes,No,Yes,Yes,Yes,Month-to-Month,Yes,Bank Withdrawal,94.4,387.2,0.0,0,158.72,545.92,Female,59,No,No,No,No,0,7,11.8,1,1,Detractor
4116,Yes,5,53,,No,0.0,No,Yes,Cable,25,Yes,Yes,Yes,No,No,Yes,Yes,Yes,Month-to-Month,Yes,Bank Withdrawal,48.7,2495.2,0.0,0,0.0,2495.2,Female,40,No,No,Yes,Yes,3,6,6.957142857142857,0,1,Passive
4186,No,0,37,,Yes,10.23,No,No,No internet,0,No,No,No,No,No,No,No,No,One Year,No,Bank Withdrawal,20.3,755.4,0.0,0,378.51,1133.91,Female,28,Yes,No,No,Yes,3,1,10.15,0,1,Detractor
4222,No,0,55,,Yes,29.3,Yes,Yes,Fiber Optic,10,Yes,Yes,Yes,Yes,Yes,Yes,No,Yes,Month-to-Month,Yes,Bank Withdrawal,116.5,6382.55,0.0,0,1611.5,7994.05,Male,70,No,Yes,No,No,0,9,11.65,0,1,Passive
4861,No,0,52,Offer B,Yes,33.69,Yes,Yes,Fiber Optic,52,Yes,Yes,No,Yes,Yes,Yes,Yes,Yes,One Year,Yes,Credit Card,111.25,5916.45,1.27,0,1751.88,7667.059999999999,Female,20,Yes,No,No,No,0,9,11.125,0,0,Detractor
3226,Yes,1,16,,Yes,17.96,Yes,Yes,Fiber Optic,30,No,No,No,No,No,No,No,Yes,Month-to-Month,Yes,Bank Withdrawal,73.85,1284.2,0.0,0,287.36,1571.56,Male,32,No,No,Yes,No,0,3,18.4625,0,1,Detractor
2263,No,0,10,Offer D,No,0.0,No,Yes,DSL,22,No,Yes,No,Yes,No,No,No,Yes,Month-to-Month,No,Bank Withdrawal,35.75,389.8,0.0,0,0.0,389.8,Male,53,No,No,No,No,0,3,8.9375,1,1,Detractor
4192,No,0,60,Offer B,Yes,47.07,No,No,No internet,0,No,No,No,No,No,No,No,No,Two Year,No,Credit Card,20.6,1093.0,0.0,0,2824.2,3917.2,Female,60,No,No,No,No,0,1,10.3,0,0,Detractor
5962,Yes,8,8,,Yes,11.57,No,No,No internet,0,No,No,No,No,No,No,No,No,Two Year,No,Credit Card,19.7,130.25,0.0,0,92.56,222.81,Male,27,Yes,No,Yes,Yes,1,1,9.85,1,0,Passive
4937,Yes,1,24,,Yes,13.38,Yes,Yes,Fiber Optic,12,No,No,No,No,Yes,Yes,Yes,Yes,Month-to-Month,Yes,Bank Withdrawal,93.55,2264.05,0.0,0,321.12,2585.17,Female,69,No,Yes,Yes,No,0,6,13.364285714285714,0,1,Detractor
3669,Yes,6,33,,Yes,44.1,Yes,Yes,Fiber Optic,22,No,Yes,No,No,Yes,Yes,No,Yes,Month-to-Month,Yes,Bank Withdrawal,100.6,3270.25,0.0,0,1455.3,4725.55,Male,79,No,Yes,Yes,No,0,6,14.37142857142857,0,1,Passive
3857,No,0,10,,Yes,42.93,No,Yes,Fiber Optic,52,No,No,Yes,Yes,Yes,No,No,Yes,Month-to-Month,Yes,Bank Withdrawal,91.1,964.35,0.0,0,429.3,1393.65,Female,43,No,No,No,Yes,3,5,15.183333333333332,1,1,Detractor
3598,Yes,3,5,,Yes,18.97,Yes,Yes,Cable,12,No,No,No,Yes,No,No,No,Yes,Month-to-Month,Yes,Credit Card,55.7,259.4,0.0,0,94.85,354.25,Male,38,No,No,Yes,Yes,1,4,11.14,1,0,Detractor
2810,No,0,5,,Yes,3.25,Yes,Yes,Fiber Optic,25,No,No,Yes,No,Yes,No,No,Yes,Month-to-Month,Yes,Bank Withdrawal,92.5,452.7,0.0,0,16.25,468.95,Male,33,No,No,No,No,0,5,15.416666666666666,1,1,Detractor
5258,No,0,50,Offer B,Yes,21.25,Yes,Yes,DSL,2,Yes,No,Yes,Yes,Yes,Yes,Yes,Yes,One Year,Yes,Credit Card,82.5,4179.1,21.35,0,1062.5,5220.25,Female,59,No,No,No,No,0,9,8.25,0,0,Passive
3885,No,0,40,,Yes,11.56,No,Yes,DSL,26,Yes,Yes,No,No,Yes,No,No,Yes,Month-to-Month,No,Credit Card,65.1,2586.0,0.0,0,462.4,3048.4,Female,32,No,No,No,No,0,5,10.85,0,0,Detractor
4884,Yes,3,2,Offer E,Yes,30.19,No,Yes,Cable,16,No,No,No,No,No,No,No,Yes,Month-to-Month,Yes,Credit Card,44.6,80.55,0.0,0,60.38,140.93,Female,41,No,No,Yes,No,0,2,14.866666666666667,1,0,Detractor
3353,No,0,5,Offer E,Yes,29.15,No,No,No internet,0,No,No,No,No,No,No,No,No,Two Year,No,Credit Card,20.45,106.9,0.0,0,145.75,252.65,Male,19,Yes,No,No,Yes,1,1,10.225,1,0,Detractor
3916,Yes,5,2,,Yes,29.03,No,Yes,Fiber Optic,10,No,No,No,No,No,No,No,Yes,Month-to-Month,Yes,Bank Withdrawal,71.65,135.75,0.0,0,58.06,193.81,Female,33,No,No,Yes,Yes,1,2,23.883333333333336,1,1,Detractor
5183,No,0,53,,No,0.0,No,Yes,DSL,25,Yes,Yes,Yes,Yes,Yes,No,No,Yes,One Year,Yes,Bank Withdrawal,53.6,2879.2,0.0,0,0.0,2879.2,Female,34,No,No,No,No,0,6,7.6571428571428575,0,1,Detractor
6423,No,0,71,,Yes,34.8,Yes,Yes,Fiber Optic,21,No,Yes,No,Yes,Yes,Yes,No,Yes,Two Year,Yes,Bank Withdrawal,106.8,7623.2,0.0,0,2470.8,10094.0,Male,67,No,Yes,No,No,0,7,13.35,0,1,Detractor
4845,Yes,5,61,Offer B,Yes,46.65,Yes,Yes,Fiber Optic,23,No,Yes,No,Yes,No,No,No,Yes,One Year,Yes,Bank Withdrawal,85.55,5251.75,0.0,0,2845.65,8097.4,Male,78,No,Yes,Yes,No,0,5,14.258333333333333,0,1,Passive
5602,No,0,4,,Yes,32.15,No,No,No internet,0,No,No,No,No,No,No,No,No,One Year,Yes,Credit Card,20.4,84.75,0.0,0,128.6,213.35,Female,52,No,No,No,Yes,1,1,10.2,1,0,Detractor
2789,No,0,5,,Yes,40.03,No,Yes,DSL,52,No,No,No,Yes,No,No,No,No,Month-to-Month,Yes,Credit Card,51.0,286.8,0.0,0,200.15,486.9500000000001,Female,22,Yes,No,No,Yes,1,2,17.0,1,0,Passive
6491,Yes,1,72,Offer A,Yes,28.86,Yes,Yes,Fiber Optic,20,Yes,Yes,Yes,Yes,Yes,Yes,Yes,Yes,Two Year,Yes,Credit Card,116.4,8543.25,0.0,0,2077.92,10621.17,Female,61,No,No,Yes,Yes,2,10,10.581818181818182,0,0,Detractor
4990,Yes,9,60,Offer B,Yes,47.4,No,Yes,Cable,29,No,Yes,No,No,Yes,Yes,Yes,Yes,One Year,Yes,Bank Withdrawal,94.4,5610.25,0.0,0,2844.0,8454.25,Male,33,No,No,Yes,No,0,6,13.485714285714286,0,1,Detractor
5426,Yes,7,12,,Yes,49.39,No,Yes,DSL,5,No,No,Yes,Yes,Yes,Yes,Yes,Yes,Month-to-Month,Yes,Bank Withdrawal,74.15,741.4,0.0,0,592.6800000000001,1334.08,Male,63,No,No,Yes,No,0,7,9.26875,1,1,Passive
5870,No,0,2,Offer E,Yes,18.62,No,Yes,DSL,51,No,Yes,No,No,No,No,No,Yes,Month-to-Month,Yes,Credit Card,50.3,92.75,0.0,0,37.24,129.99,Male,22,Yes,No,No,No,0,3,12.575,1,0,Promoter
5317,No,0,8,,Yes,30.53,No,Yes,DSL,26,No,No,No,No,No,Yes,Yes,Yes,Month-to-Month,Yes,Credit Card,54.75,438.05,0.0,0,244.24,682.29,Male,63,No,No,No,No,0,4,10.95,1,0,Promoter
5589,Yes,6,67,,Yes,36.21,Yes,Yes,DSL,24,Yes,Yes,Yes,Yes,No,No,No,Yes,One Year,Yes,Credit Card,69.35,4653.25,9.99,0,2426.07,7069.33,Male,39,No,No,Yes,Yes,1,7,8.66875,0,0,Detractor
2847,No,0,21,,Yes,3.26,Yes,Yes,Fiber Optic,51,No,No,No,No,No,No,No,Yes,Month-to-Month,No,Credit Card,75.3,1570.7,0.0,0,68.46,1639.16,Male,25,Yes,No,No,No,0,3,18.825,0,0,Detractor
5581,No,0,18,Offer D,Yes,35.7,No,Yes,Fiber Optic,26,Yes,No,No,No,Yes,Yes,Yes,Yes,Month-to-Month,Yes,Bank Withdrawal,96.05,1740.7,0.0,0,642.6,2383.3,Female,23,Yes,No,No,No,0,6,13.721428571428572,0,1,Detractor
4454,Yes,5,66,,Yes,36.55,Yes,Yes,Fiber Optic,20,Yes,Yes,Yes,Yes,No,No,No,Yes,Two Year,No,Credit Card,96.6,6424.25,0.0,0,2412.3,8836.55,Male,43,No,No,Yes,No,0,7,12.075,0,0,Detractor
2422,No,0,1,,Yes,22.34,No,Yes,Fiber Optic,12,No,No,No,No,No,No,No,Yes,Month-to-Month,Yes,Bank Withdrawal,70.2,70.2,0.0,0,22.34,92.54,Female,69,No,Yes,No,No,0,2,23.4,1,1,Promoter
4861,No,0,66,,Yes,10.45,Yes,Yes,Fiber Optic,20,Yes,No,No,No,Yes,Yes,Yes,Yes,Two Year,Yes,Bank Withdrawal,102.4,6471.85,0.0,0,689.6999999999999,7161.55,Female,68,No,Yes,No,No,0,7,12.8,0,1,Detractor
5644,No,0,9,,Yes,40.73,No,Yes,DSL,29,No,No,No,No,No,No,No,Yes,Month-to-Month,Yes,Bank Withdrawal,43.75,405.7,5.9,0,366.57,766.37,Female,48,No,No,No,No,0,2,14.583333333333334,1,1,Detractor
2563,No,0,4,Offer E,No,0.0,No,Yes,DSL,4,Yes,Yes,No,No,No,No,No,Yes,Month-to-Month,Yes,Bank Withdrawal,33.65,137.85,0.0,0,0.0,137.85,Female,47,No,No,No,No,0,3,8.4125,1,1,Detractor
5739,No,0,1,Offer E,Yes,17.27,No,Yes,Fiber Optic,10,No,No,No,No,No,No,No,Yes,Month-to-Month,Yes,Mailed Check,71.55,71.55,0.0,0,17.27,88.82,Male,42,No,No,No,No,0,2,23.85,1,0,Detractor
2383,No,0,32,,Yes,37.04,Yes,Yes,Fiber Optic,28,No,No,No,No,No,Yes,Yes,Yes,Month-to-Month,Yes,Bank Withdrawal,85.65,2664.3,0.0,0,1185.28,3849.58,Male,51,No,No,No,No,0,5,14.275,0,1,Detractor
5409,No,0,50,Offer B,No,0.0,No,Yes,DSL,76,Yes,Yes,No,No,Yes,No,No,Yes,One Year,Yes,Bank Withdrawal,43.05,2208.05,0.0,0,0.0,2208.05,Male,40,No,No,No,Yes,3,4,8.61,0,1,Detractor
4788,No,0,12,,Yes,18.12,No,No,No internet,0,No,No,No,No,No,No,No,No,Month-to-Month,No,Credit Card,19.45,246.25,0.0,0,217.44,463.69,Female,38,No,No,No,No,0,1,9.725,1,0,Passive
4669,No,0,4,Offer E,Yes,43.06,No,Yes,Fiber Optic,46,No,No,No,No,No,Yes,Yes,Yes,Month-to-Month,Yes,Bank Withdrawal,79.9,324.3,0.0,0,172.24,496.54,Male,27,Yes,No,No,No,0,4,15.98,1,1,Detractor
5461,Yes,1,2,Offer E,Yes,6.86,No,Yes,DSL,20,No,Yes,No,No,No,No,No,Yes,Month-to-Month,No,Credit Card,50.15,115.1,0.0,0,13.72,128.82,Female,75,No,Yes,Yes,No,0,3,12.5375,1,0,Detractor
4644,Yes,3,71,Offer A,Yes,9.5,Yes,Yes,Cable,76,Yes,Yes,Yes,Yes,Yes,Yes,Yes,Yes,Two Year,No,Credit Card,91.05,6293.75,0.0,0,674.5,6968.25,Female,26,Yes,No,Yes,No,0,10,8.277272727272727,0,0,Detractor
6201,Yes,7,61,,Yes,34.84,Yes,No,No internet,0,No,No,No,No,No,No,No,No,Two Year,Yes,Credit Card,24.2,1445.2,0.0,0,2125.24,3570.4400000000005,Female,56,No,No,Yes,Yes,1,2,8.066666666666666,0,0,Detractor
3768,No,0,10,Offer D,Yes,1.98,No,No,No internet,0,No,No,No,No,No,No,No,No,Month-to-Month,Yes,Credit Card,19.85,193.05,0.0,0,19.8,212.85,Male,29,Yes,No,No,No,0,1,9.925,1,0,Passive
4570,No,0,1,,No,0.0,No,Yes,DSL,29,No,No,No,No,No,No,No,Yes,Month-to-Month,No,Credit Card,24.4,24.4,0.0,0,0.0,24.4,Male,45,No,No,No,No,0,1,12.2,1,0,Detractor
4931,No,0,1,Offer E,Yes,22.97,No,Yes,Fiber Optic,23,No,No,Yes,No,Yes,No,No,Yes,Month-to-Month,Yes,Bank Withdrawal,85.45,85.45,0.0,0,22.97,108.42,Female,48,No,No,No,No,0,4,17.09,1,1,Detractor
5769,Yes,2,62,,Yes,43.2,No,Yes,DSL,23,Yes,Yes,Yes,Yes,Yes,Yes,Yes,Yes,Two Year,No,Bank Withdrawal,86.1,5215.25,0.0,0,2678.4,7893.65,Male,51,No,No,Yes,No,0,9,8.61,0,1,Passive
2013,No,0,3,Offer E,No,0.0,No,Yes,DSL,69,No,No,No,No,No,No,No,Yes,Month-to-Month,No,Bank Withdrawal,25.1,79.8,0.0,0,0.0,79.8,Male,28,Yes,No,No,No,0,1,12.55,1,1,Promoter
5884,Yes,1,53,Offer B,Yes,7.94,Yes,Yes,Fiber Optic,6,No,Yes,No,No,Yes,Yes,No,Yes,Month-to-Month,Yes,Bank Withdrawal,101.9,5549.4,0.0,0,420.82,5970.219999999999,Male,69,No,Yes,Yes,No,0,6,14.55714285714286,0,1,Detractor
4355,Yes,4,35,,Yes,25.32,No,Yes,DSL,30,Yes,Yes,Yes,No,No,No,No,Yes,Month-to-Month,No,Credit Card,61.0,2130.45,10.7,0,886.2,3005.95,Male,27,Yes,No,Yes,No,0,5,10.166666666666666,0,0,Detractor
5287,No,0,1,Offer E,Yes,24.75,No,Yes,Fiber Optic,22,No,No,No,No,No,No,No,No,Month-to-Month,Yes,Bank Withdrawal,71.15,71.15,0.0,20,24.75,115.9,Female,78,No,Yes,No,No,0,1,35.575,1,1,Detractor
4011,No,0,56,,Yes,37.3,Yes,Yes,DSL,8,Yes,No,Yes,Yes,No,Yes,No,Yes,Two Year,No,Bank Withdrawal,73.25,4054.2,17.16,0,2088.8,6125.84,Female,80,No,Yes,No,No,0,7,9.15625,0,1,Detractor
4606,Yes,2,72,,Yes,9.88,Yes,Yes,Cable,16,Yes,Yes,Yes,Yes,Yes,Yes,No,Yes,Two Year,Yes,Bank Withdrawal,90.15,6716.45,0.0,0,711.36,7427.809999999999,Female,78,No,Yes,Yes,Yes,1,9,9.015,0,1,Detractor
4042,Yes,10,70,,No,0.0,No,Yes,DSL,41,No,Yes,Yes,Yes,No,Yes,Yes,No,One Year,Yes,Bank Withdrawal,51.05,3635.15,0.0,120,0.0,3755.15,Male,19,Yes,No,Yes,No,0,5,8.508333333333333,0,1,Passive
2219,Yes,8,12,Offer D,Yes,44.12,Yes,No,No internet,0,No,No,No,No,No,No,No,No,Two Year,Yes,Bank Withdrawal,25.4,313.0,0.0,0,529.4399999999999,842.4399999999999,Male,55,No,No,Yes,Yes,3,2,8.466666666666667,1,1,Detractor
6264,Yes,6,72,Offer A,Yes,14.65,Yes,Yes,DSL,20,Yes,No,Yes,Yes,No,No,No,Yes,Two Year,No,Bank Withdrawal,66.85,4758.8,0.0,0,1054.8,5813.6,Female,56,No,No,Yes,No,0,6,9.55,0,1,Detractor
5187,Yes,1,71,,Yes,19.49,Yes,No,No internet,0,No,No,No,No,No,No,No,No,Two Year,No,Bank Withdrawal,24.7,1810.55,0.0,0,1383.79,3194.34,Female,42,No,No,Yes,Yes,1,2,8.233333333333333,0,1,Passive
5774,No,0,65,Offer B,Yes,2.72,Yes,Yes,Fiber Optic,16,Yes,No,No,Yes,No,Yes,Yes,No,One Year,No,Bank Withdrawal,93.55,6069.25,0.0,30,176.8,6276.05,Male,50,No,No,No,No,0,6,13.364285714285714,0,1,Detractor
4264,Yes,9,71,,Yes,13.41,Yes,Yes,DSL,18,No,Yes,Yes,Yes,Yes,Yes,Yes,Yes,Two Year,Yes,Credit Card,83.3,5894.5,37.44,0,952.11,6809.17,Female,56,No,No,Yes,No,0,9,8.33,0,0,Passive
5281,Yes,2,67,Offer A,No,0.0,No,Yes,DSL,17,Yes,No,No,No,Yes,Yes,Yes,Yes,Two Year,No,Credit Card,50.9,3281.65,0.0,0,0.0,3281.65,Male,39,No,No,Yes,Yes,2,5,8.483333333333333,0,0,Passive
5593,No,0,1,,Yes,4.04,No,Yes,Fiber Optic,6,No,No,No,No,Yes,No,No,Yes,Month-to-Month,Yes,Bank Withdrawal,79.55,79.55,0.0,0,4.04,83.59,Male,59,No,No,No,No,0,3,19.8875,1,1,Detractor
5386,No,0,1,Offer E,No,0.0,No,Yes,DSL,5,No,No,No,No,No,No,No,Yes,Month-to-Month,Yes,Bank Withdrawal,25.15,25.15,0.0,0,0.0,25.15,Male,46,No,No,No,No,0,1,12.575,1,1,Detractor
3521,No,0,12,,Yes,18.52,Yes,Yes,DSL,53,No,No,Yes,No,Yes,Yes,Yes,Yes,Month-to-Month,No,Bank Withdrawal,74.75,827.05,0.0,0,222.24,1049.29,Male,21,Yes,No,No,No,0,7,9.34375,1,1,Promoter
6103,Yes,8,67,,Yes,46.89,No,Yes,Fiber Optic,29,Yes,Yes,Yes,Yes,Yes,Yes,Yes,Yes,Two Year,Yes,Bank Withdrawal,111.05,7321.05,0.0,0,3141.63,10462.68,Male,51,No,No,Yes,No,0,9,11.105,0,1,Detractor
4909,Yes,7,8,,Yes,22.34,No,No,No internet,0,No,No,No,No,No,No,No,No,Month-to-Month,Yes,Bank Withdrawal,19.55,161.15,0.0,0,178.72,339.87,Male,38,No,No,Yes,No,0,1,9.775,1,1,Promoter
5432,No,0,8,,Yes,27.95,No,No,No internet,0,No,No,No,No,No,No,No,No,Month-to-Month,No,Bank Withdrawal,19.65,164.3,0.0,0,223.6,387.9,Female,74,No,Yes,No,No,0,1,9.825,1,1,Detractor
6042,No,0,68,,Yes,5.84,Yes,No,No internet,0,No,No,No,No,No,No,No,No,Two Year,No,Credit Card,24.55,1657.4,0.0,0,397.12,2054.52,Male,20,Yes,No,No,No,0,2,8.183333333333334,0,0,Detractor
5991,Yes,1,23,Offer D,Yes,27.97,Yes,Yes,Cable,51,Yes,Yes,Yes,Yes,Yes,Yes,Yes,Yes,Two Year,Yes,Credit Card,91.1,2198.3,0.0,0,643.31,2841.61,Female,20,Yes,No,Yes,Yes,2,10,8.281818181818181,0,0,Passive
5791,Yes,6,72,,Yes,22.95,Yes,Yes,Fiber Optic,17,No,Yes,Yes,Yes,Yes,Yes,Yes,Yes,Two Year,Yes,Credit Card,109.75,7758.9,0.0,0,1652.4,9411.3,Male,53,No,No,Yes,No,0,9,10.975,0,0,Detractor
2450,No,0,27,,Yes,36.39,No,Yes,DSL,26,Yes,No,Yes,Yes,Yes,No,Yes,Yes,One Year,No,Credit Card,69.35,1927.3,0.0,0,982.53,2909.83,Male,19,Yes,No,No,No,0,7,8.66875,0,0,Detractor
2999,Yes,1,27,,Yes,39.49,Yes,Yes,Fiber Optic,7,No,Yes,Yes,No,No,Yes,Yes,Yes,Month-to-Month,Yes,Bank Withdrawal,95.55,2510.2,0.0,0,1066.23,3576.43,Male,70,No,Yes,Yes,No,0,7,11.94375,0,1,Detractor
4535,No,0,1,,Yes,22.82,No,Yes,Cable,27,No,No,No,Yes,No,No,No,Yes,Month-to-Month,Yes,Bank Withdrawal,50.8,50.8,0.0,0,22.82,73.62,Female,20,Yes,No,No,No,0,3,12.7,1,1,Detractor
5775,Yes,1,17,Offer D,Yes,17.71,Yes,Yes,Fiber Optic,13,No,No,No,No,Yes,Yes,Yes,Yes,Month-to-Month,Yes,Bank Withdrawal,92.55,1515.1,0.0,0,301.07,1816.17,Male,42,No,No,Yes,No,0,6,13.221428571428572,0,1,Detractor
3263,No,0,6,,Yes,19.74,Yes,Yes,Fiber Optic,27,Yes,No,No,No,No,No,No,Yes,Month-to-Month,Yes,Bank Withdrawal,79.05,434.5,0.0,0,118.44,552.94,Female,51,No,No,No,No,0,4,15.81,1,1,Detractor
3146,No,0,2,Offer E,No,0.0,No,Yes,DSL,76,No,No,No,No,No,Yes,Yes,Yes,Month-to-Month,Yes,Bank Withdrawal,34.7,62.25,0.0,0,0.0,62.25,Female,19,Yes,No,No,No,0,3,8.675,1,1,Detractor
4480,No,0,3,Offer E,Yes,21.86,Yes,Yes,Fiber Optic,6,No,No,Yes,No,Yes,Yes,Yes,Yes,Month-to-Month,Yes,Bank Withdrawal,101.55,298.35,0.0,0,65.58,363.93,Male,57,No,No,No,No,0,7,12.69375,1,1,Detractor
2813,No,0,15,Offer D,Yes,42.83,Yes,Yes,Fiber Optic,21,No,Yes,No,No,No,No,No,Yes,Month-to-Month,Yes,Bank Withdrawal,79.75,1111.85,0.0,0,642.4499999999999,1754.2999999999995,Female,42,No,No,No,No,0,4,15.95,0,1,Detractor
3945,No,0,32,,Yes,37.48,Yes,Yes,DSL,15,No,Yes,Yes,Yes,Yes,Yes,Yes,Yes,One Year,No,Credit Card,83.7,2633.3,0.0,0,1199.36,3832.66,Male,56,No,No,No,No,0,9,8.370000000000001,0,0,Promoter
2233,Yes,1,22,Offer D,Yes,37.4,No,No,No internet,0,No,No,No,No,No,No,No,No,One Year,No,Credit Card,19.95,433.5,0.0,0,822.8,1256.3,Male,37,No,No,Yes,Yes,1,1,9.975,0,0,Detractor
3627,Yes,1,37,,No,0.0,No,Yes,DSL,23,Yes,Yes,Yes,No,No,No,No,Yes,Month-to-Month,No,Bank Withdrawal,40.2,1448.8,0.0,0,0.0,1448.8,Male,52,No,No,Yes,Yes,1,4,8.040000000000001,0,1,Detractor
5139,No,0,35,Offer C,Yes,10.73,Yes,Yes,Fiber Optic,3,Yes,Yes,Yes,No,Yes,Yes,Yes,Yes,One Year,Yes,Bank Withdrawal,108.35,3726.15,0.0,0,375.55,4101.7,Female,72,No,Yes,No,No,0,9,10.835,0,1,Detractor
3599,Yes,1,37,,Yes,30.16,Yes,Yes,Fiber Optic,4,Yes,No,Yes,Yes,No,Yes,Yes,Yes,One Year,Yes,Bank Withdrawal,99.2,3754.6,0.0,0,1115.92,4870.52,Female,55,No,No,Yes,No,0,8,11.022222222222222,0,1,Detractor
2180,No,0,1,,Yes,6.44,No,Yes,DSL,4,No,No,No,Yes,No,No,No,Yes,Month-to-Month,No,Mailed Check,51.25,51.25,0.0,0,6.44,57.69,Male,58,No,No,No,No,0,3,12.8125,1,0,Detractor
3545,No,0,3,Offer E,Yes,41.44,No,Yes,Fiber Optic,13,No,No,Yes,No,No,No,No,No,One Year,No,Credit Card,75.05,202.9,5.49,10,124.32,331.73,Female,74,No,Yes,No,No,0,2,25.016666666666666,1,0,Passive
4830,No,0,56,,Yes,25.41,Yes,Yes,Fiber Optic,51,No,Yes,No,Yes,No,Yes,Yes,Yes,Month-to-Month,Yes,Bank Withdrawal,94.45,5124.6,0.0,0,1422.96,6547.56,Male,21,Yes,No,No,No,0,7,11.80625,0,1,Detractor
5318,No,0,1,,No,0.0,No,Yes,Cable,13,No,No,No,No,No,No,No,Yes,Month-to-Month,Yes,Credit Card,24.9,24.9,0.0,0,0.0,24.9,Female,37,No,No,No,No,0,1,12.45,1,0,Passive
5565,No,0,4,Offer E,Yes,43.77,No,Yes,DSL,41,No,No,No,No,No,No,Yes,Yes,Month-to-Month,Yes,Credit Card,44.8,176.2,0.0,0,175.08,351.28,Male,28,Yes,No,No,No,0,3,11.2,1,0,Passive
4493,Yes,8,71,,Yes,12.12,Yes,Yes,Cable,23,Yes,Yes,Yes,Yes,Yes,Yes,Yes,Yes,Two Year,No,Credit Card,93.2,6506.15,0.0,0,860.52,7366.67,Female,38,No,No,Yes,No,0,10,8.472727272727273,0,0,Detractor
5248,Yes,2,55,,Yes,24.7,No,No,No internet,0,No,No,No,No,No,No,No,No,Two Year,No,Bank Withdrawal,19.35,1153.25,0.0,0,1358.5,2511.75,Male,46,No,No,Yes,Yes,2,1,9.675,0,1,Detractor
2565,No,0,1,,Yes,6.19,No,Yes,Fiber Optic,52,Yes,No,No,No,No,No,Yes,Yes,Month-to-Month,Yes,Credit Card,73.6,73.6,0.0,0,6.19,79.78999999999999,Female,21,Yes,No,No,No,0,4,14.72,1,0,Detractor
4098,Yes,4,70,,Yes,5.51,Yes,Yes,Fiber Optic,85,No,Yes,Yes,Yes,Yes,Yes,Yes,No,Two Year,Yes,Bank Withdrawal,110.2,7689.8,0.0,150,385.7,8225.5,Female,26,Yes,No,Yes,Yes,3,8,12.244444444444444,0,1,Detractor
5236,No,0,3,,Yes,33.39,No,Yes,Fiber Optic,59,Yes,No,Yes,No,Yes,Yes,Yes,No,Month-to-Month,Yes,Credit Card,99.0,287.4,0.0,10,100.17,397.57,Female,29,Yes,No,No,No,0,6,14.142857142857142,1,0,Detractor
5281,No,0,57,,No,0.0,No,Yes,DSL,24,Yes,No,Yes,Yes,No,No,No,Yes,One Year,Yes,Credit Card,41.1,2258.25,0.0,0,0.0,2258.25,Female,44,No,No,No,No,0,4,8.22,0,0,Passive
4391,No,0,6,Offer E,No,0.0,No,Yes,Cable,52,Yes,No,No,No,No,No,No,Yes,Month-to-Month,No,Bank Withdrawal,29.45,161.45,0.0,0,0.0,161.45,Female,22,Yes,No,No,No,0,2,9.816666666666666,1,1,Detractor
4741,Yes,5,43,Offer B,No,0.0,No,Yes,Cable,53,No,Yes,No,No,No,No,No,Yes,Month-to-Month,No,Credit Card,29.3,1224.05,0.0,0,0.0,1224.05,Male,44,No,No,Yes,Yes,3,2,9.766666666666667,0,0,Detractor
4706,Yes,6,50,Offer B,Yes,14.32,Yes,Yes,Cable,58,No,No,Yes,Yes,Yes,No,No,Yes,One Year,Yes,Bank Withdrawal,69.65,3442.15,0.0,0,716.0,4158.15,Male,25,Yes,No,Yes,No,0,6,9.95,0,1,Passive
5988,Yes,4,12,,No,0.0,No,Yes,DSL,22,No,No,No,Yes,No,No,No,Yes,One Year,No,Credit Card,30.25,368.85,0.0,0,0.0,368.85,Female,48,No,No,Yes,Yes,1,2,10.083333333333334,1,0,Passive
3779,No,0,7,,Yes,41.14,No,Yes,DSL,17,No,No,No,No,No,No,No,Yes,Two Year,Yes,Credit Card,45.75,344.2,29.0,0,287.98,603.1800000000001,Male,72,No,Yes,No,Yes,1,2,15.25,1,0,Passive
6450,Yes,2,72,Offer A,Yes,10.97,Yes,Yes,DSL,30,No,Yes,Yes,Yes,Yes,Yes,Yes,Yes,Two Year,No,Bank Withdrawal,85.95,6151.9,0.0,0,789.84,6941.74,Male,57,No,No,Yes,No,0,9,8.595,0,1,Passive
5527,No,0,1,Offer E,Yes,15.51,No,No,No internet,0,No,No,No,No,No,No,No,No,Month-to-Month,No,Credit Card,20.9,20.9,0.0,0,15.51,36.41,Female,54,No,No,No,No,0,1,10.45,1,0,Detractor
2452,Yes,2,9,Offer E,Yes,34.64,No,Yes,DSL,7,Yes,Yes,No,Yes,Yes,No,No,Yes,Month-to-Month,Yes,Mailed Check,68.95,593.85,0.0,0,311.76,905.61,Male,47,No,No,Yes,No,0,6,9.85,1,0,Detractor
4612,No,0,18,Offer D,Yes,2.26,Yes,Yes,Fiber Optic,73,No,No,No,No,Yes,No,No,Yes,Month-to-Month,No,Bank Withdrawal,84.3,1537.9,0.0,0,40.67999999999999,1578.5800000000002,Male,19,Yes,No,No,No,0,4,16.86,0,1,Detractor
6427,Yes,1,61,Offer B,No,0.0,No,Yes,DSL,59,Yes,No,Yes,Yes,Yes,Yes,Yes,Yes,Two Year,Yes,Credit Card,62.15,3778.85,0.0,0,0.0,3778.85,Male,22,Yes,No,Yes,No,0,7,7.76875,0,0,Detractor
4397,Yes,8,72,,Yes,6.09,Yes,Yes,DSL,41,Yes,No,Yes,Yes,No,No,No,Yes,Two Year,Yes,Credit Card,66.5,4811.6,45.61,0,438.48,5204.470000000001,Male,23,Yes,No,Yes,No,0,6,9.5,0,0,Detractor
4117,Yes,1,71,Offer A,Yes,4.85,Yes,Yes,DSL,26,Yes,Yes,No,Yes,No,No,No,Yes,One Year,Yes,Credit Card,66.85,4748.7,0.0,0,344.35,5093.05,Male,50,No,No,Yes,No,0,6,9.55,0,0,Passive
2330,No,0,4,,Yes,6.91,Yes,Yes,Fiber Optic,53,No,No,No,No,No,Yes,Yes,Yes,Month-to-Month,Yes,Bank Withdrawal,85.65,338.9,0.0,0,27.64,366.54,Male,19,Yes,No,No,No,0,5,14.275,1,1,Detractor
4226,No,0,29,,Yes,41.38,Yes,Yes,DSL,4,No,No,No,No,Yes,Yes,Yes,Yes,One Year,Yes,Credit Card,71.0,2080.1,0.0,0,1200.02,3280.12,Female,47,No,No,No,No,0,6,10.142857142857142,0,0,Promoter
4964,Yes,1,56,Offer B,Yes,22.74,No,Yes,DSL,13,Yes,Yes,Yes,No,No,No,No,Yes,Two Year,Yes,Bank Withdrawal,59.8,3457.45,35.01,0,1273.4399999999998,4695.879999999999,Male,45,No,No,Yes,Yes,2,5,9.966666666666669,0,1,Detractor
2061,No,0,12,Offer D,Yes,18.75,Yes,Yes,Fiber Optic,25,No,No,No,No,No,Yes,Yes,No,Month-to-Month,Yes,Bank Withdrawal,86.55,1066.9,0.0,110,225.0,1401.9,Female,33,No,No,No,No,0,4,17.31,1,1,Promoter
5329,Yes,3,22,,Yes,27.91,No,Yes,Cable,27,No,No,No,Yes,No,No,No,Yes,Month-to-Month,Yes,Bank Withdrawal,51.1,1232.9,0.0,0,614.02,1846.92,Male,29,Yes,No,Yes,Yes,2,3,12.775,0,1,Promoter
5750,No,0,6,Offer E,Yes,20.36,Yes,Yes,Fiber Optic,10,No,Yes,Yes,Yes,Yes,Yes,Yes,Yes,Month-to-Month,Yes,Credit Card,109.9,669.45,0.0,0,122.16,791.61,Female,55,No,No,No,No,0,9,10.99,1,0,Detractor
4028,No,0,18,,Yes,20.86,No,Yes,DSL,3,Yes,No,No,No,No,No,No,Yes,Month-to-Month,No,Bank Withdrawal,49.4,874.8,0.0,0,375.48,1250.28,Male,31,No,No,No,No,0,3,12.35,0,1,Detractor
4306,Yes,4,49,,Yes,1.67,No,Yes,DSL,15,No,Yes,No,No,No,No,No,Yes,Two Year,No,Credit Card,49.8,2398.4,0.0,0,81.83,2480.23,Male,74,No,Yes,Yes,No,0,3,12.45,0,0,Detractor
4517,Yes,7,35,,Yes,11.75,No,No,No internet,0,No,No,No,No,No,No,No,No,Two Year,No,Credit Card,20.1,655.3,38.61,0,411.25,1027.94,Male,37,No,No,Yes,Yes,3,1,10.05,0,0,Detractor
4652,Yes,1,63,,Yes,13.45,Yes,Yes,DSL,69,Yes,Yes,Yes,No,Yes,Yes,Yes,Yes,Two Year,No,Credit Card,83.5,5435.0,0.0,0,847.3499999999999,6282.35,Male,19,Yes,No,Yes,No,0,9,8.35,0,0,Passive
5010,Yes,5,62,Offer B,Yes,32.92,No,Yes,DSL,71,Yes,No,Yes,No,No,No,No,Yes,One Year,No,Credit Card,54.75,3425.35,8.5,0,2041.04,5457.89,Female,22,Yes,No,Yes,Yes,3,4,10.95,0,0,Passive
3760,Yes,7,47,,Yes,1.09,Yes,Yes,Fiber Optic,13,No,Yes,No,No,Yes,No,No,Yes,Month-to-Month,No,Bank Withdrawal,87.2,4017.45,0.0,0,51.23,4068.68,Male,54,No,No,Yes,Yes,1,5,14.533333333333331,0,1,Detractor
5856,Yes,3,72,Offer A,Yes,16.72,Yes,Yes,Cable,9,Yes,Yes,Yes,No,Yes,Yes,No,Yes,Two Year,No,Credit Card,84.45,5899.85,0.0,0,1203.84,7103.6900000000005,Male,75,No,Yes,Yes,No,0,8,9.383333333333333,0,0,Detractor
3369,Yes,1,34,,Yes,2.88,Yes,Yes,Fiber Optic,4,No,Yes,Yes,No,No,Yes,No,Yes,Month-to-Month,Yes,Bank Withdrawal,94.25,3217.55,0.0,0,97.92,3315.4700000000003,Female,75,No,Yes,Yes,No,0,6,13.464285714285714,0,1,Detractor
5844,No,0,1,,Yes,7.23,No,Yes,Fiber Optic,2,No,No,No,No,No,No,No,Yes,Month-to-Month,Yes,Bank Withdrawal,69.65,69.65,0.0,0,7.23,76.88000000000001,Male,70,No,Yes,No,No,0,2,23.21666666666667,1,1,Detractor
2058,Yes,6,21,Offer D,Yes,27.66,Yes,Yes,Fiber Optic,8,No,No,No,No,Yes,Yes,Yes,No,Month-to-Month,Yes,Bank Withdrawal,94.3,1948.35,0.0,30,580.86,2559.21,Female,60,No,No,Yes,No,0,5,15.716666666666669,0,1,Detractor
4002,No,0,2,,No,0.0,No,Yes,DSL,13,No,No,Yes,No,No,No,No,Yes,Month-to-Month,Yes,Bank Withdrawal,30.4,78.65,0.0,0,0.0,78.65,Female,73,No,Yes,No,No,0,2,10.133333333333333,1,1,Detractor
5837,Yes,8,11,Offer D,Yes,49.19,No,No,No internet,0,No,No,No,No,No,No,No,No,One Year,Yes,Credit Card,20.0,196.35,0.0,0,541.0899999999999,737.4399999999999,Female,37,No,No,Yes,Yes,1,1,10.0,1,0,Promoter
2761,Yes,1,45,,Yes,42.04,No,Yes,Cable,26,No,Yes,No,Yes,No,No,No,Yes,One Year,Yes,Credit Card,54.15,2319.8,0.0,0,1891.8,4211.6,Female,60,No,No,Yes,No,0,4,10.83,0,0,Detractor
5766,Yes,6,2,Offer E,Yes,48.39,No,Yes,Cable,24,Yes,No,No,No,No,Yes,Yes,Yes,Month-to-Month,Yes,Mailed Check,62.15,113.1,0.0,0,96.78,209.88,Female,59,No,No,Yes,No,0,5,10.358333333333333,1,0,Detractor
5166,No,0,62,,Yes,47.8,Yes,Yes,Fiber Optic,8,No,Yes,Yes,Yes,Yes,Yes,Yes,Yes,One Year,Yes,Bank Withdrawal,110.75,7053.35,0.0,0,2963.6,10016.95,Male,66,No,Yes,No,No,0,9,11.075,0,1,Promoter
2931,No,0,18,,Yes,28.59,Yes,Yes,Fiber Optic,26,No,No,Yes,No,No,Yes,Yes,Yes,Month-to-Month,Yes,Credit Card,90.7,1597.25,0.0,0,514.62,2111.87,Male,26,Yes,No,No,No,0,6,12.957142857142856,0,0,Detractor
4254,No,0,48,Offer B,Yes,11.02,No,No,No internet,0,No,No,No,No,No,No,No,No,One Year,No,Bank Withdrawal,19.95,1004.5,0.0,0,528.96,1533.46,Male,43,No,No,No,No,0,1,9.975,0,1,Promoter
2017,No,0,43,,Yes,25.53,Yes,No,No internet,0,No,No,No,No,No,No,No,No,Two Year,Yes,Credit Card,25.7,1188.2,0.0,0,1097.79,2285.99,Female,42,No,No,No,No,0,2,8.566666666666666,0,0,Passive
3556,Yes,1,40,,Yes,3.01,No,No,No internet,0,No,No,No,No,No,No,No,No,Two Year,No,Bank Withdrawal,20.15,777.35,0.0,0,120.4,897.75,Female,42,No,No,Yes,Yes,3,1,10.075,0,1,Promoter
4510,No,0,22,Offer D,Yes,10.36,No,No,No internet,0,No,No,No,No,No,No,No,No,One Year,No,Credit Card,20.3,475.1,0.0,0,227.92,703.02,Male,42,No,No,No,No,0,1,10.15,0,0,Promoter
4531,Yes,1,1,,Yes,7.74,No,Yes,DSL,19,No,No,No,No,No,No,No,Yes,Month-to-Month,No,Bank Withdrawal,46.0,46.0,0.0,0,7.74,53.74,Female,69,No,Yes,Yes,No,0,2,15.333333333333334,1,1,Detractor
3350,No,0,43,,Yes,1.6,No,Yes,DSL,19,No,Yes,No,Yes,No,No,No,No,One Year,No,Bank Withdrawal,55.45,2444.25,0.0,130,68.8,2643.05,Female,38,No,No,No,No,0,3,13.8625,0,1,Passive
4911,No,0,18,Offer D,Yes,2.76,No,Yes,Fiber Optic,26,No,No,No,No,No,No,No,No,Month-to-Month,Yes,Bank Withdrawal,71.1,1247.75,0.0,150,49.67999999999999,1447.43,Female,19,Yes,No,No,No,0,1,35.55,0,1,Promoter
5265,Yes,9,72,Offer A,Yes,27.16,No,No,No internet,0,No,No,No,No,No,No,No,No,Two Year,No,Bank Withdrawal,20.3,1401.15,0.0,0,1955.52,3356.67,Male,29,Yes,No,Yes,Yes,1,1,10.15,0,1,Detractor
3646,Yes,8,17,Offer D,Yes,8.74,No,No,No internet,0,No,No,No,No,No,No,No,No,One Year,No,Credit Card,20.75,418.25,0.0,0,148.58,566.83,Female,28,Yes,No,Yes,No,0,1,10.375,0,0,Passive
2241,No,0,25,,Yes,5.27,No,Yes,Fiber Optic,4,No,Yes,No,No,Yes,Yes,Yes,Yes,Month-to-Month,Yes,Bank Withdrawal,95.9,2448.75,0.0,0,131.75,2580.5,Male,55,No,No,No,No,0,6,13.7,0,1,Detractor
2726,No,0,11,Offer D,Yes,28.76,No,Yes,DSL,27,No,Yes,Yes,Yes,No,No,No,Yes,Month-to-Month,Yes,Bank Withdrawal,60.9,688.5,49.24,0,316.36,955.62,Male,23,Yes,No,No,No,0,5,10.15,1,1,Detractor
3331,No,0,7,Offer E,Yes,21.58,No,Yes,Fiber Optic,71,No,No,Yes,No,No,No,Yes,No,Month-to-Month,No,Mailed Check,74.65,544.55,0.0,10,151.06,705.6099999999999,Male,23,Yes,No,No,No,0,3,18.6625,1,0,Detractor
2928,No,0,2,Offer E,Yes,37.76,No,Yes,Fiber Optic,10,No,No,No,No,No,No,No,Yes,Month-to-Month,No,Bank Withdrawal,70.0,153.05,0.0,0,75.52,228.57,Female,31,No,No,No,No,0,2,23.33333333333333,1,1,Detractor
5104,Yes,7,12,Offer D,Yes,4.71,No,No,No internet,0,No,No,No,No,No,No,No,No,Two Year,No,Credit Card,19.7,258.35,0.0,0,56.52,314.87,Male,44,No,No,Yes,Yes,3,1,9.85,1,0,Passive
2482,No,0,6,,Yes,3.16,No,Yes,DSL,41,Yes,Yes,No,No,No,No,No,Yes,Month-to-Month,Yes,Bank Withdrawal,55.7,335.65,0.0,0,18.96,354.61,Male,22,Yes,No,No,No,0,4,11.14,1,1,Detractor
5433,No,0,39,,No,0.0,No,Yes,DSL,6,No,No,Yes,No,Yes,Yes,Yes,Yes,Month-to-Month,Yes,Credit Card,50.65,1905.4,3.51,0,0.0,1901.89,Female,56,No,No,No,No,0,5,8.441666666666666,0,0,Passive
4277,Yes,1,1,Offer E,Yes,3.09,No,No,No internet,0,No,No,No,No,No,No,No,No,Month-to-Month,Yes,Credit Card,20.15,20.15,0.0,0,3.09,23.24,Female,55,No,No,Yes,Yes,1,1,10.075,1,0,Detractor
5896,No,0,67,,Yes,44.56,Yes,Yes,Fiber Optic,29,Yes,Yes,Yes,Yes,Yes,Yes,No,No,Two Year,Yes,Credit Card,116.1,7839.85,0.0,40,2985.52,10865.37,Male,68,No,Yes,No,No,0,8,12.9,0,0,Detractor
5528,No,0,51,Offer B,No,0.0,No,Yes,DSL,42,No,Yes,No,No,Yes,Yes,Yes,Yes,Month-to-Month,Yes,Bank Withdrawal,49.65,2553.35,0.0,0,0.0,2553.35,Female,21,Yes,No,Yes,No,0,5,8.275,0,1,Detractor
2444,No,0,13,,No,0.0,No,Yes,Cable,7,Yes,No,No,No,No,No,No,Yes,Month-to-Month,Yes,Bank Withdrawal,30.85,394.1,0.0,0,0.0,394.1,Female,59,No,No,No,No,0,2,10.283333333333331,0,1,Detractor
5269,Yes,8,58,,Yes,26.99,Yes,Yes,Cable,53,Yes,No,No,Yes,No,Yes,Yes,Yes,One Year,Yes,Bank Withdrawal,68.4,3972.25,0.0,0,1565.4199999999998,5537.67,Female,24,Yes,No,Yes,No,0,7,8.55,0,1,Detractor
4501,Yes,1,61,Offer B,Yes,40.37,Yes,No,No internet,0,No,No,No,No,No,No,No,No,Two Year,No,Bank Withdrawal,25.3,1554.9,0.0,0,2462.57,4017.47,Female,52,No,No,Yes,No,0,2,8.433333333333334,0,1,Passive
5664,Yes,10,1,,Yes,17.68,No,Yes,Cable,9,Yes,No,Yes,No,No,No,No,Yes,Month-to-Month,No,Credit Card,55.7,55.7,0.0,0,17.68,73.38,Male,61,No,No,Yes,No,0,4,11.14,1,0,Passive
3729,No,0,22,,Yes,11.15,Yes,Yes,Fiber Optic,17,No,No,No,No,Yes,Yes,Yes,Yes,Month-to-Month,Yes,Bank Withdrawal,95.1,2162.6,0.0,0,245.3,2407.9,Male,39,No,No,No,No,0,6,13.585714285714284,0,1,Passive
2196,No,0,1,Offer E,Yes,7.34,Yes,Yes,Fiber Optic,11,No,No,No,No,Yes,No,No,No,Month-to-Month,Yes,Bank Withdrawal,84.6,84.6,0.0,0,7.34,91.94,Female,44,No,No,No,No,0,3,21.15,1,1,Detractor
3601,No,0,7,Offer E,Yes,3.34,No,Yes,Cable,13,Yes,Yes,No,Yes,Yes,Yes,Yes,Yes,Month-to-Month,Yes,Bank Withdrawal,78.5,571.05,0.0,0,23.38,594.43,Female,44,No,No,No,No,0,8,8.722222222222221,1,1,Passive
4858,Yes,5,35,,Yes,42.18,No,Yes,Cable,59,Yes,No,No,Yes,No,No,No,Yes,One Year,Yes,Bank Withdrawal,54.95,1916.0,0.0,0,1476.3,3392.3,Female,20,Yes,No,Yes,No,0,4,10.99,0,1,Passive
4241,No,0,71,Offer A,Yes,34.36,Yes,Yes,Fiber Optic,13,No,Yes,No,No,Yes,Yes,No,Yes,Two Year,Yes,Credit Card,99.65,6951.15,3.33,0,2439.56,9387.38,Female,73,No,Yes,No,No,0,6,14.235714285714286,0,0,Passive
4672,Yes,1,15,,Yes,31.14,No,No,No internet,0,No,No,No,No,No,No,No,No,Month-to-Month,Yes,Bank Withdrawal,20.0,288.05,0.0,0,467.1,755.1500000000001,Male,59,No,No,Yes,Yes,3,1,10.0,0,1,Detractor
5174,No,0,50,,No,0.0,No,Yes,DSL,6,No,Yes,Yes,Yes,No,No,No,Yes,Two Year,No,Credit Card,39.7,1932.75,0.0,0,0.0,1932.75,Female,48,No,No,No,No,0,4,7.94,0,0,Detractor
2653,No,0,45,,Yes,40.59,No,No,No internet,0,No,No,No,No,No,No,No,No,One Year,No,Bank Withdrawal,18.85,867.3,0.0,0,1826.55,2693.8500000000004,Male,47,No,No,No,No,0,1,9.425,0,1,Passive
5871,No,0,54,Offer B,Yes,35.32,Yes,Yes,Fiber Optic,15,No,No,Yes,No,No,Yes,Yes,Yes,Month-to-Month,No,Credit Card,89.4,4869.5,0.0,0,1907.28,6776.78,Male,44,No,No,No,No,0,6,12.771428571428572,0,0,Promoter
5089,Yes,1,71,Offer A,Yes,37.53,Yes,Yes,DSL,24,Yes,Yes,Yes,Yes,No,Yes,Yes,Yes,Two Year,Yes,Bank Withdrawal,82.7,5831.2,0.0,0,2664.63,8495.83,Female,72,No,Yes,Yes,No,0,9,8.27,0,1,Detractor
5254,No,0,62,,No,0.0,No,Yes,DSL,51,Yes,Yes,Yes,Yes,No,No,No,Yes,Two Year,Yes,Bank Withdrawal,43.7,2618.3,0.0,0,0.0,2618.3,Male,21,Yes,No,No,No,0,5,7.283333333333334,0,1,Passive
5414,No,0,9,,Yes,10.69,Yes,Yes,Cable,10,No,No,No,No,No,Yes,Yes,No,Month-to-Month,No,Credit Card,59.9,542.4,38.33,10,96.21,610.28,Male,46,No,No,No,No,0,4,11.98,1,0,Promoter
3979,No,0,46,Offer B,Yes,4.6,Yes,No,No internet,0,No,No,No,No,No,No,No,No,One Year,No,Credit Card,24.95,1165.9,0.0,0,211.6,1377.5,Female,39,No,No,Yes,No,0,2,8.316666666666666,0,0,Detractor
5211,Yes,9,52,,Yes,10.4,No,Yes,DSL,85,Yes,Yes,No,No,Yes,Yes,Yes,Yes,One Year,Yes,Credit Card,75.4,3865.45,0.0,0,540.8000000000001,4406.25,Male,28,Yes,No,Yes,No,0,7,9.425,0,0,Promoter
5769,Yes,1,16,Offer D,Yes,9.93,Yes,Yes,Fiber Optic,27,No,No,No,No,No,Yes,No,Yes,Month-to-Month,Yes,Credit Card,85.35,1375.15,0.0,0,158.88,1534.0300000000002,Female,66,No,Yes,Yes,No,0,4,17.07,0,0,Detractor
5179,No,0,12,Offer D,Yes,8.82,No,No,No internet,0,No,No,No,No,No,No,No,No,Month-to-Month,No,Credit Card,20.1,223.6,0.0,0,105.84,329.44,Female,25,Yes,No,No,No,0,1,10.05,1,0,Passive
3410,No,0,34,,Yes,7.99,Yes,Yes,Fiber Optic,76,Yes,Yes,Yes,No,Yes,Yes,Yes,Yes,Month-to-Month,Yes,Credit Card,109.8,3587.25,0.0,0,271.66,3858.91,Female,23,Yes,No,No,No,0,9,10.98,0,0,Detractor
5061,Yes,8,62,Offer B,Yes,22.74,Yes,Yes,Fiber Optic,18,Yes,No,Yes,No,Yes,Yes,Yes,Yes,One Year,Yes,Bank Withdrawal,104.85,6312.9,0.0,0,1409.88,7722.78,Female,70,No,Yes,Yes,No,0,8,11.65,0,1,Detractor
5698,Yes,1,8,Offer E,Yes,28.37,No,No,No internet,0,No,No,No,No,No,No,No,No,One Year,No,Bank Withdrawal,19.8,160.05,0.0,0,226.96,387.01,Female,20,Yes,No,Yes,No,0,1,9.9,1,1,Passive
5434,Yes,1,1,,No,0.0,No,Yes,DSL,12,No,No,No,Yes,Yes,No,No,No,Month-to-Month,No,Bank Withdrawal,40.1,40.1,0.0,10,0.0,50.1,Female,42,No,No,Yes,Yes,2,2,13.366666666666667,1,1,Detractor
5218,No,0,15,,Yes,40.97,Yes,No,No internet,0,No,No,No,No,No,No,No,No,Two Year,No,Bank Withdrawal,25.05,369.1,0.0,0,614.55,983.65,Female,52,No,No,No,No,0,2,8.35,0,1,Promoter
4086,Yes,1,72,,Yes,17.71,Yes,Yes,Fiber Optic,4,Yes,Yes,Yes,No,Yes,Yes,Yes,Yes,Two Year,Yes,Bank Withdrawal,109.55,7920.7,0.0,0,1275.12,9195.82,Male,67,No,Yes,Yes,No,0,9,10.955,0,1,Detractor
4332,Yes,2,40,,Yes,15.15,No,Yes,Fiber Optic,18,Yes,Yes,Yes,Yes,Yes,No,No,Yes,One Year,Yes,Credit Card,98.15,4116.8,27.89,0,606.0,4694.91,Male,68,No,Yes,Yes,No,0,7,12.26875,0,0,Detractor
6160,Yes,5,53,Offer B,Yes,46.24,No,No,No internet,0,No,No,No,No,No,No,No,No,One Year,No,Credit Card,19.05,990.45,0.0,0,2450.7200000000003,3441.17,Female,50,No,No,Yes,No,0,1,9.525,0,0,Promoter
5270,No,0,2,Offer E,Yes,24.31,No,Yes,Fiber Optic,16,No,No,Yes,No,No,No,No,Yes,Month-to-Month,Yes,Bank Withdrawal,75.8,160.75,0.0,0,48.62,209.37,Female,37,No,No,No,No,0,3,18.95,1,1,Detractor
3214,No,0,16,,Yes,42.73,Yes,Yes,DSL,23,No,No,No,No,No,Yes,Yes,No,Month-to-Month,Yes,Bank Withdrawal,63.05,1067.05,0.0,10,683.68,1760.73,Female,56,No,No,No,No,0,4,12.61,0,1,Detractor
4601,No,0,66,Offer A,Yes,45.54,No,No,No internet,0,No,No,No,No,No,No,No,No,Two Year,No,Bank Withdrawal,19.7,1253.8,0.0,0,3005.64,4259.44,Male,50,No,No,No,No,0,1,9.85,0,1,Detractor
2009,Yes,1,30,,Yes,2.86,Yes,Yes,Fiber Optic,19,No,No,No,No,No,No,No,Yes,Month-to-Month,No,Mailed Check,77.9,2351.45,0.0,0,85.8,2437.25,Male,65,No,Yes,Yes,No,0,3,19.475,0,0,Detractor
4676,No,0,4,,Yes,45.37,No,No,No internet,0,No,No,No,No,No,No,No,No,Month-to-Month,No,Credit Card,20.7,73.05,0.0,0,181.48,254.53,Male,28,Yes,No,No,No,0,1,10.35,1,0,Promoter
4909,No,0,4,Offer E,No,0.0,No,Yes,DSL,9,No,No,No,No,No,No,No,Yes,Month-to-Month,Yes,Bank Withdrawal,24.45,86.6,0.0,0,0.0,86.6,Female,31,No,No,No,No,0,1,12.225,1,1,Detractor
2802,No,0,3,Offer E,No,0.0,No,Yes,Cable,52,Yes,No,No,Yes,No,No,No,Yes,Month-to-Month,No,Mailed Check,34.25,139.35,0.0,0,0.0,139.35,Female,26,Yes,No,No,No,0,3,8.5625,1,0,Detractor
3335,No,0,3,Offer E,Yes,2.88,No,Yes,DSL,17,No,No,No,No,Yes,No,No,Yes,Month-to-Month,Yes,Credit Card,54.7,169.45,0.0,0,8.64,178.08999999999995,Male,58,No,No,No,No,0,3,13.675,1,0,Detractor
5327,No,0,28,Offer C,Yes,40.39,No,No,No internet,0,No,No,No,No,No,No,No,No,One Year,No,Credit Card,18.25,534.7,0.0,0,1130.92,1665.62,Male,58,No,No,No,No,0,1,9.125,0,0,Passive
4969,Yes,4,8,Offer E,Yes,9.88,Yes,Yes,Fiber Optic,4,No,No,No,Yes,No,Yes,Yes,No,Month-to-Month,Yes,Bank Withdrawal,90.25,743.75,0.0,0,79.04,822.79,Female,54,No,No,Yes,No,0,5,15.041666666666666,1,1,Detractor
2563,Yes,7,14,,Yes,40.22,No,Yes,Fiber Optic,19,No,No,No,No,No,Yes,Yes,Yes,Month-to-Month,Yes,Bank Withdrawal,80.9,1152.8,0.0,0,563.0799999999999,1715.88,Female,33,No,No,Yes,Yes,1,4,16.18,0,1,Promoter
2091,No,0,32,Offer C,Yes,33.22,No,Yes,Fiber Optic,9,No,Yes,No,No,No,No,No,Yes,Month-to-Month,Yes,Bank Withdrawal,74.4,2276.95,44.31,0,1063.04,3295.68,Female,70,No,Yes,No,No,0,3,18.6,0,1,Detractor
3590,Yes,1,32,,Yes,46.92,Yes,Yes,Fiber Optic,9,No,No,Yes,No,No,Yes,Yes,No,Month-to-Month,Yes,Bank Withdrawal,91.05,2954.5,0.0,70,1501.44,4525.9400000000005,Female,51,No,No,Yes,No,0,5,15.175,0,1,Detractor
5172,Yes,10,56,,Yes,35.38,No,No,No internet,0,No,No,No,No,No,No,No,No,Two Year,No,Credit Card,20.05,1090.1,0.0,0,1981.28,3071.38,Female,58,No,No,Yes,Yes,3,1,10.025,0,0,Passive
3746,No,0,26,,No,0.0,No,Yes,DSL,27,No,No,Yes,No,No,No,No,Yes,Month-to-Month,Yes,Credit Card,29.8,786.5,10.28,0,0.0,776.22,Female,24,Yes,No,No,Yes,2,2,9.933333333333334,0,0,Detractor
5001,Yes,4,68,Offer A,Yes,47.91,Yes,Yes,DSL,23,Yes,Yes,Yes,Yes,Yes,Yes,Yes,Yes,Two Year,Yes,Bank Withdrawal,89.05,6185.8,0.0,0,3257.88,9443.68,Female,50,No,No,Yes,Yes,1,10,8.095454545454546,0,1,Detractor
2159,Yes,6,23,,Yes,27.49,Yes,Yes,Cable,21,No,Yes,No,Yes,Yes,No,No,Yes,Month-to-Month,Yes,Credit Card,69.5,1652.1,16.89,0,632.27,2267.48,Female,60,No,No,Yes,Yes,1,6,9.928571428571429,0,0,Passive
5755,No,0,54,Offer B,Yes,26.25,No,No,No internet,0,No,No,No,No,No,No,No,No,Two Year,No,Credit Card,20.1,1079.45,0.0,0,1417.5,2496.95,Female,45,No,No,No,No,0,1,10.05,0,0,Promoter
2377,No,0,1,,Yes,17.54,No,Yes,Fiber Optic,16,No,No,No,No,No,No,No,Yes,Month-to-Month,Yes,Bank Withdrawal,71.65,71.65,0.0,0,17.54,89.19,Male,60,No,No,No,No,0,2,23.883333333333336,1,1,Detractor
2894,Yes,8,41,Offer B,Yes,18.84,Yes,Yes,Cable,26,Yes,Yes,Yes,No,Yes,No,No,Yes,One Year,Yes,Credit Card,78.35,3211.2,0.0,0,772.4399999999999,3983.64,Female,28,Yes,No,Yes,No,0,7,9.79375,0,0,Detractor
4993,No,0,52,,Yes,23.04,Yes,Yes,Fiber Optic,25,No,Yes,Yes,Yes,Yes,Yes,Yes,Yes,Two Year,Yes,Bank Withdrawal,110.75,5832.0,6.26,0,1198.08,7023.82,Male,75,No,Yes,No,No,0,9,11.075,0,1,Promoter
3433,Yes,10,42,,Yes,34.33,No,No,No internet,0,No,No,No,No,No,No,No,No,Two Year,No,Mailed Check,19.35,867.3,0.0,0,1441.86,2309.16,Male,63,No,No,Yes,Yes,2,1,9.675,0,0,Passive
4766,Yes,1,24,,Yes,34.62,Yes,Yes,Fiber Optic,23,No,No,Yes,No,Yes,Yes,Yes,Yes,Month-to-Month,Yes,Bank Withdrawal,101.05,2391.8,0.0,0,830.8799999999999,3222.6800000000003,Male,44,No,No,Yes,No,0,7,12.63125,0,1,Detractor
6302,Yes,4,71,,No,0.0,No,Yes,Cable,6,No,No,Yes,Yes,No,Yes,Yes,Yes,Two Year,Yes,Bank Withdrawal,47.05,3263.6,0.0,0,0.0,3263.6,Female,59,No,No,Yes,No,0,5,7.841666666666666,0,1,Passive
3236,No,0,1,Offer E,Yes,25.62,No,No,No internet,0,No,No,No,No,No,No,No,No,Month-to-Month,No,Bank Withdrawal,19.3,19.3,0.0,0,25.62,44.92,Female,58,No,No,No,No,0,1,9.65,1,1,Detractor
5782,Yes,8,68,Offer A,Yes,23.14,Yes,Yes,Fiber Optic,21,Yes,Yes,Yes,Yes,Yes,Yes,Yes,Yes,Two Year,No,Bank Withdrawal,114.9,7843.55,0.0,0,1573.52,9417.07,Female,46,No,No,Yes,No,0,10,10.445454545454544,0,1,Detractor
4841,No,0,2,,Yes,7.8,No,No,No internet,0,No,No,No,No,No,No,No,No,Month-to-Month,Yes,Bank Withdrawal,19.65,31.2,0.0,0,15.6,46.8,Male,55,No,No,No,No,0,1,9.825,1,1,Promoter
4032,No,0,11,Offer D,Yes,28.62,No,No,No internet,0,No,No,No,No,No,No,No,No,Month-to-Month,No,Credit Card,20.25,208.0,0.0,0,314.82,522.8199999999999,Male,46,No,No,No,No,0,1,10.125,1,0,Passive
4838,No,0,66,Offer A,Yes,45.57,Yes,Yes,DSL,11,Yes,Yes,Yes,No,No,Yes,Yes,Yes,Two Year,Yes,Credit Card,74.6,4798.4,0.0,0,3007.62,7806.019999999999,Male,56,No,No,No,No,0,8,8.288888888888888,0,0,Detractor
4142,No,0,52,Offer B,Yes,29.16,Yes,Yes,Cable,73,Yes,No,No,Yes,Yes,Yes,Yes,Yes,Two Year,Yes,Credit Card,79.75,4217.8,0.0,0,1516.32,5734.12,Male,23,Yes,No,No,No,0,8,8.86111111111111,0,0,Passive
5898,Yes,9,54,,Yes,23.02,Yes,Yes,Cable,21,No,Yes,Yes,No,No,No,No,Yes,Two Year,Yes,Bank Withdrawal,59.8,3246.45,0.0,0,1243.08,4489.53,Female,61,No,No,Yes,Yes,3,5,9.966666666666669,0,1,Promoter
3080,No,0,25,Offer C,Yes,40.11,No,Yes,Fiber Optic,18,No,No,No,No,No,No,No,No,Month-to-Month,No,Bank Withdrawal,69.75,1729.35,0.0,100,1002.75,2832.1,Male,42,No,No,No,No,0,1,34.875,0,1,Passive
2547,Yes,7,7,,Yes,33.24,No,Yes,DSL,53,Yes,No,No,No,No,No,No,Yes,Month-to-Month,Yes,Bank Withdrawal,50.3,355.1,0.0,0,232.68,587.78,Female,19,Yes,No,Yes,No,0,3,12.575,1,1,Detractor
2990,No,0,12,,No,0.0,No,Yes,DSL,19,Yes,No,No,Yes,No,No,No,Yes,One Year,Yes,Mailed Check,33.6,435.45,0.0,0,0.0,435.45,Female,58,No,No,No,No,0,3,8.4,1,0,Detractor
4205,No,0,43,,Yes,5.6,No,Yes,Cable,30,Yes,Yes,No,No,No,Yes,Yes,Yes,Month-to-Month,Yes,Bank Withdrawal,63.95,2737.05,0.0,0,240.8,2977.8500000000004,Female,26,Yes,No,No,Yes,1,6,9.135714285714286,0,1,Detractor
5540,Yes,9,63,,Yes,34.02,Yes,Yes,DSL,18,Yes,Yes,Yes,Yes,No,Yes,Yes,Yes,One Year,No,Credit Card,80.0,5040.2,0.0,0,2143.26,7183.46,Male,34,No,No,Yes,No,0,9,8.0,0,0,Detractor
6245,Yes,2,51,Offer B,Yes,43.58,Yes,Yes,Cable,22,No,Yes,Yes,No,No,No,No,Yes,Month-to-Month,Yes,Bank Withdrawal,84.2,4146.05,0.0,0,2222.58,6368.63,Male,80,No,Yes,Yes,No,0,5,14.033333333333331,0,1,Detractor
4591,Yes,7,25,,Yes,37.1,No,Yes,Fiber Optic,82,No,No,Yes,No,No,No,No,Yes,Month-to-Month,Yes,Bank Withdrawal,74.6,1797.75,0.0,0,927.5,2725.25,Female,26,Yes,No,Yes,No,0,3,18.65,0,1,Promoter
5394,No,0,13,,Yes,26.11,No,Yes,Fiber Optic,4,No,No,No,No,Yes,Yes,Yes,No,Month-to-Month,Yes,Bank Withdrawal,90.5,1201.15,29.84,140,339.43,1650.7400000000002,Male,68,No,Yes,No,No,0,4,18.1,0,1,Detractor
3398,No,0,32,,Yes,14.91,No,No,No internet,0,No,No,No,No,No,No,No,No,Two Year,Yes,Bank Withdrawal,20.05,614.45,9.73,0,477.12,1081.84,Male,50,No,No,No,No,0,1,10.025,0,1,Promoter
2893,No,0,5,Offer E,Yes,17.16,No,Yes,DSL,7,No,Yes,No,No,No,No,No,Yes,Month-to-Month,Yes,Bank Withdrawal,51.35,262.3,0.0,0,85.8,348.1,Male,39,No,No,No,No,0,3,12.8375,1,1,Promoter
2987,Yes,9,28,Offer C,Yes,21.91,No,No,No internet,0,No,No,No,No,No,No,No,No,One Year,No,Credit Card,19.9,543.0,0.0,0,613.48,1156.48,Female,64,No,No,Yes,Yes,1,1,9.95,0,0,Passive
5365,Yes,1,32,,Yes,2.08,No,Yes,Fiber Optic,25,No,No,No,No,No,Yes,Yes,Yes,Month-to-Month,Yes,Credit Card,80.3,2483.05,0.0,0,66.56,2549.61,Male,71,No,Yes,Yes,No,0,4,16.06,0,0,Detractor
4616,Yes,6,72,Offer A,Yes,35.21,Yes,Yes,Fiber Optic,10,No,Yes,Yes,Yes,No,Yes,Yes,Yes,Two Year,Yes,Bank Withdrawal,98.65,7129.45,0.0,0,2535.12,9664.57,Female,61,No,No,Yes,Yes,2,8,10.961111111111112,0,1,Passive
5647,No,0,33,,Yes,28.84,No,Yes,Fiber Optic,23,No,No,No,No,No,No,No,Yes,Month-to-Month,No,Bank Withdrawal,68.25,2171.15,0.0,0,951.72,3122.87,Male,37,No,No,No,No,0,2,22.75,0,1,Detractor
5352,No,0,9,,No,0.0,No,Yes,DSL,9,No,No,No,No,Yes,No,No,Yes,Month-to-Month,Yes,Credit Card,34.7,296.1,0.0,0,0.0,296.1,Male,43,No,No,No,No,0,2,11.566666666666668,1,0,Detractor
5811,No,0,20,,Yes,10.9,No,No,No internet,0,No,No,No,No,No,No,No,No,One Year,Yes,Credit Card,19.35,433.75,0.0,0,218.0,651.75,Female,32,No,No,No,No,0,1,9.675,0,0,Promoter
2487,Yes,1,7,,Yes,42.92,Yes,Yes,Fiber Optic,2,No,No,Yes,No,Yes,Yes,Yes,Yes,Month-to-Month,Yes,Bank Withdrawal,99.25,665.45,0.0,0,300.44,965.89,Male,71,No,Yes,Yes,No,0,7,12.40625,1,1,Detractor
2573,Yes,1,9,Offer E,No,0.0,No,Yes,DSL,9,No,Yes,No,No,No,No,No,No,Month-to-Month,Yes,Bank Withdrawal,29.95,248.95,0.0,10,0.0,258.95,Male,32,No,No,Yes,No,0,1,14.975,1,1,Detractor
5983,No,0,2,Offer E,Yes,40.25,Yes,No,No internet,0,No,No,No,No,No,No,No,No,Month-to-Month,No,Credit Card,24.85,62.0,0.0,0,80.5,142.5,Male,50,No,No,No,No,0,2,8.283333333333333,1,0,Detractor
5984,No,0,41,,Yes,18.72,Yes,Yes,Fiber Optic,10,No,Yes,No,No,Yes,No,No,Yes,Month-to-Month,Yes,Bank Withdrawal,88.5,3645.05,0.0,0,767.52,4412.57,Female,33,No,No,No,Yes,2,5,14.75,0,1,Detractor
4147,Yes,8,20,Offer D,Yes,46.47,No,No,No internet,0,No,No,No,No,No,No,No,No,One Year,No,Credit Card,20.65,417.5,0.0,0,929.4,1346.9,Male,27,Yes,No,Yes,No,0,1,10.325,0,0,Detractor
5114,No,0,70,,Yes,1.22,Yes,No,No internet,0,No,No,No,No,No,No,No,No,Two Year,No,Credit Card,25.15,1790.15,0.0,0,85.39999999999999,1875.55,Male,28,Yes,No,Yes,Yes,3,2,8.383333333333333,0,0,Detractor
2729,No,0,1,Offer E,Yes,1.47,No,No,No internet,0,No,No,No,No,No,No,No,No,Month-to-Month,No,Bank Withdrawal,20.65,20.65,0.0,0,1.47,22.12,Male,50,No,No,No,No,0,1,10.325,1,1,Promoter
2292,No,0,44,Offer B,Yes,49.57,Yes,Yes,Cable,21,No,Yes,Yes,Yes,Yes,Yes,Yes,No,One Year,Yes,Bank Withdrawal,85.25,3704.15,0.0,100,2181.08,5985.23,Male,54,No,No,No,No,0,8,9.47222222222222,0,1,Promoter
5692,No,0,65,,Yes,4.4,Yes,Yes,Fiber Optic,10,Yes,No,Yes,Yes,Yes,Yes,Yes,Yes,Two Year,Yes,Bank Withdrawal,109.05,7108.2,34.67,0,286.0,7359.53,Male,67,No,Yes,No,No,0,9,10.905,0,1,Detractor
5692,Yes,4,51,Offer B,Yes,19.9,Yes,Yes,Fiber Optic,59,No,No,Yes,No,No,Yes,Yes,Yes,One Year,Yes,Bank Withdrawal,90.15,4554.85,0.0,0,1014.9,5569.75,Female,21,Yes,No,Yes,Yes,3,6,12.87857142857143,0,1,Detractor
2318,No,0,1,,Yes,31.03,Yes,Yes,Fiber Optic,27,No,No,No,No,No,Yes,Yes,Yes,Month-to-Month,Yes,Credit Card,85.45,85.45,0.0,0,31.03,116.48,Female,22,Yes,No,No,No,0,5,14.241666666666667,1,0,Detractor
4204,Yes,2,71,,Yes,1.84,Yes,Yes,Fiber Optic,69,Yes,Yes,Yes,No,Yes,Yes,Yes,No,Two Year,Yes,Bank Withdrawal,109.0,7661.8,0.0,150,130.64,7942.44,Female,22,Yes,No,Yes,Yes,1,8,12.11111111111111,0,1,Detractor
2136,Yes,5,22,Offer D,Yes,17.22,Yes,Yes,DSL,25,Yes,Yes,No,Yes,No,No,No,Yes,Two Year,Yes,Credit Card,63.55,1381.8,0.0,0,378.84,1760.64,Female,73,No,Yes,Yes,No,0,6,9.078571428571427,0,0,Detractor
2958,Yes,4,19,Offer D,No,0.0,No,Yes,Cable,85,No,No,No,No,No,No,No,Yes,Month-to-Month,Yes,Credit Card,24.85,434.8,0.0,0,0.0,434.8,Female,21,Yes,No,Yes,Yes,1,1,12.425,0,0,Promoter
2653,Yes,1,12,,Yes,37.65,No,No,No internet,0,No,No,No,No,No,No,No,No,One Year,No,Bank Withdrawal,19.8,229.6,0.0,0,451.8,681.4,Female,59,No,No,Yes,No,0,1,9.9,1,1,Detractor
5080,Yes,5,33,,Yes,20.02,No,Yes,Fiber Optic,27,No,No,Yes,No,Yes,Yes,Yes,Yes,One Year,Yes,Bank Withdrawal,93.8,3124.5,0.0,0,660.66,3785.16,Female,48,No,No,Yes,No,0,6,13.4,0,1,Detractor
5700,Yes,8,63,,Yes,10.67,Yes,Yes,Fiber Optic,23,No,Yes,Yes,Yes,Yes,Yes,Yes,Yes,Two Year,Yes,Bank Withdrawal,109.25,6841.4,0.0,0,672.21,7513.61,Female,64,No,No,Yes,No,0,9,10.925,0,1,Passive
5700,No,0,26,,Yes,33.74,No,Yes,Fiber Optic,7,Yes,No,No,No,Yes,No,No,Yes,Month-to-Month,Yes,Credit Card,85.8,2193.65,0.0,0,877.24,3070.8900000000003,Female,71,No,Yes,No,No,0,4,17.16,0,0,Detractor
5654,No,0,30,,Yes,30.06,No,Yes,Fiber Optic,19,No,No,No,No,Yes,Yes,Yes,Yes,Month-to-Month,Yes,Bank Withdrawal,90.25,2755.35,0.0,0,901.8,3657.15,Male,33,No,No,No,No,0,5,15.041666666666666,0,1,Detractor
4795,Yes,10,47,Offer B,Yes,14.14,No,Yes,DSL,28,No,Yes,Yes,No,Yes,Yes,Yes,Yes,Two Year,No,Bank Withdrawal,73.6,3522.65,0.0,0,664.58,4187.2300000000005,Male,55,No,No,Yes,No,0,7,9.2,0,1,Passive
3903,No,0,10,Offer D,Yes,13.51,No,Yes,DSL,14,No,No,No,No,No,No,No,Yes,Month-to-Month,No,Credit Card,46.0,492.1,0.0,0,135.1,627.2,Male,45,No,No,No,No,0,2,15.333333333333334,1,0,Passive
5084,No,0,59,,Yes,26.63,No,No,No internet,0,No,No,No,No,No,No,No,No,Two Year,No,Credit Card,19.35,1099.6,14.22,0,1571.1699999999998,2656.55,Male,51,No,No,No,No,0,1,9.675,0,0,Detractor
6447,Yes,9,70,Offer A,Yes,8.28,Yes,Yes,DSL,5,Yes,No,Yes,Yes,No,Yes,Yes,Yes,Two Year,Yes,Credit Card,74.8,5315.8,0.0,0,579.5999999999999,5895.4,Male,34,No,No,Yes,No,0,8,8.31111111111111,0,0,Detractor
4953,Yes,2,60,,Yes,24.62,No,Yes,Fiber Optic,30,Yes,Yes,Yes,Yes,Yes,Yes,No,Yes,Two Year,Yes,Bank Withdrawal,110.0,6668.35,0.0,0,1477.2,8145.55,Female,69,No,Yes,Yes,No,0,8,12.22222222222222,0,1,Promoter
5819,Yes,5,71,,Yes,32.12,No,No,No internet,0,No,No,No,No,No,No,No,No,Two Year,No,Credit Card,19.8,1388.45,0.0,0,2280.52,3668.97,Male,77,No,Yes,Yes,Yes,1,1,9.9,0,0,Passive
5594,No,0,54,Offer B,Yes,4.16,No,Yes,Cable,59,No,Yes,Yes,Yes,No,No,No,Yes,One Year,Yes,Bank Withdrawal,61.0,3283.05,0.0,0,224.64,3507.69,Male,20,Yes,No,No,Yes,2,5,10.166666666666666,0,1,Passive
5478,No,0,72,,Yes,15.21,No,No,No internet,0,No,No,No,No,No,No,No,No,Two Year,Yes,Credit Card,19.75,1567.0,25.98,0,1095.12,2636.1400000000003,Female,56,No,No,No,Yes,2,1,9.875,0,0,Passive
5606,No,0,27,,Yes,20.18,No,No,No internet,0,No,No,No,No,No,No,No,No,One Year,No,Credit Card,19.15,501.35,0.0,0,544.86,1046.21,Female,36,No,No,No,No,0,1,9.575,0,0,Promoter
3520,Yes,2,7,,No,0.0,No,Yes,Cable,30,Yes,No,No,Yes,No,No,No,Yes,Month-to-Month,Yes,Bank Withdrawal,34.5,279.25,0.0,0,0.0,279.25,Male,61,No,No,Yes,Yes,6,3,8.625,1,1,Detractor
4351,No,0,16,Offer D,Yes,39.52,No,Yes,Fiber Optic,17,No,No,No,No,No,Yes,Yes,Yes,Month-to-Month,Yes,Bank Withdrawal,78.75,1218.25,0.0,0,632.32,1850.57,Male,68,No,Yes,No,No,0,4,15.75,0,1,Passive
4766,No,0,2,Offer E,Yes,27.17,Yes,Yes,Fiber Optic,23,Yes,No,No,No,No,Yes,Yes,Yes,Month-to-Month,No,Credit Card,90.75,174.75,0.0,0,54.34,229.09,Male,55,No,No,No,No,0,6,12.964285714285714,1,0,Detractor
2145,No,0,9,,Yes,7.11,No,Yes,DSL,12,No,No,No,Yes,No,No,No,Yes,Two Year,No,Mailed Check,49.2,447.9,0.0,0,63.99,511.89,Male,74,No,Yes,No,No,0,3,12.3,1,0,Passive
5197,Yes,2,72,Offer A,Yes,1.72,Yes,Yes,Cable,7,Yes,Yes,Yes,Yes,Yes,Yes,Yes,Yes,Two Year,Yes,Bank Withdrawal,93.25,6688.95,0.0,0,123.84,6812.79,Female,62,No,No,Yes,No,0,10,8.477272727272727,0,1,Detractor
4568,No,0,62,,Yes,33.68,No,No,No internet,0,No,No,No,No,No,No,No,No,Two Year,Yes,Credit Card,20.05,1201.65,0.0,0,2088.16,3289.81,Male,19,Yes,No,No,No,0,1,10.025,0,0,Passive
4852,No,0,3,Offer E,Yes,46.36,No,Yes,Fiber Optic,4,No,Yes,No,No,Yes,No,No,Yes,Month-to-Month,No,Bank Withdrawal,83.75,247.25,0.0,0,139.07999999999998,386.33,Female,55,No,No,No,No,0,4,16.75,1,1,Detractor
5219,No,0,70,,Yes,26.85,No,No,No internet,0,No,No,No,No,No,No,No,No,Two Year,Yes,Credit Card,20.15,1411.2,0.0,0,1879.5,3290.7,Female,32,No,No,Yes,Yes,1,1,10.075,0,0,Detractor
3031,No,0,31,,Yes,42.05,Yes,Yes,Fiber Optic,12,No,Yes,No,No,No,No,No,Yes,Month-to-Month,Yes,Bank Withdrawal,81.15,2640.55,0.0,0,1303.55,3944.1,Male,60,No,No,No,No,0,4,16.23,0,1,Detractor
2990,Yes,10,31,,Yes,9.56,No,No,No internet,0,No,No,No,No,No,No,No,No,Month-to-Month,Yes,Bank Withdrawal,20.65,702.05,43.76,0,296.36,954.65,Male,31,No,No,Yes,Yes,1,1,10.325,0,1,Passive
4669,Yes,7,34,,Yes,26.03,No,No,No internet,0,No,No,No,No,No,No,No,No,One Year,No,Credit Card,19.6,678.8,0.0,0,885.02,1563.82,Male,53,No,No,Yes,No,0,1,9.8,0,0,Promoter
5533,No,0,1,Offer E,Yes,19.98,No,Yes,Fiber Optic,5,No,No,No,No,No,Yes,Yes,Yes,Month-to-Month,Yes,Bank Withdrawal,79.25,79.25,0.0,0,19.98,99.23,Male,49,No,No,No,No,0,4,15.85,1,1,Detractor
5826,No,0,65,Offer B,Yes,45.87,Yes,No,No internet,0,No,No,No,No,No,No,No,No,One Year,No,Credit Card,24.8,1600.95,0.0,0,2981.55,4582.5,Male,50,No,No,No,No,0,2,8.266666666666667,0,0,Passive
3114,Yes,8,26,Offer C,Yes,18.66,Yes,Yes,Fiber Optic,11,No,No,Yes,No,Yes,Yes,No,Yes,Two Year,Yes,Bank Withdrawal,98.1,2510.7,44.17,0,485.16,2951.69,Female,79,No,Yes,Yes,No,0,6,14.014285714285714,0,1,Passive
4304,No,0,48,,Yes,10.5,Yes,Yes,Fiber Optic,12,No,No,Yes,Yes,Yes,Yes,Yes,Yes,Month-to-Month,Yes,Bank Withdrawal,103.85,4946.05,0.0,0,504.0,5450.05,Female,35,No,No,No,No,0,8,11.538888888888888,0,1,Promoter
5794,Yes,3,53,Offer B,Yes,33.31,Yes,No,No internet,0,No,No,No,No,No,No,No,No,Two Year,No,Credit Card,25.55,1336.1,37.37,0,1765.43,3064.16,Male,37,No,No,Yes,Yes,3,2,8.516666666666667,0,0,Detractor
3712,Yes,4,30,,Yes,5.56,Yes,Yes,DSL,8,No,No,No,No,No,No,No,No,Month-to-Month,No,Bank Withdrawal,49.9,1441.95,0.0,100,166.79999999999998,1708.75,Male,62,No,No,Yes,No,0,2,16.633333333333333,0,1,Passive
4445,Yes,10,23,,No,0.0,No,Yes,DSL,42,Yes,No,No,Yes,No,No,No,Yes,Two Year,No,Credit Card,34.6,813.45,0.0,0,0.0,813.45,Female,27,Yes,No,Yes,No,0,3,8.65,0,0,Passive
4428,Yes,1,52,,Yes,4.11,Yes,Yes,Fiber Optic,17,Yes,Yes,Yes,No,Yes,Yes,No,Yes,Two Year,Yes,Bank Withdrawal,109.1,5647.95,0.0,0,213.72000000000003,5861.67,Female,67,No,Yes,Yes,No,0,8,12.122222222222222,0,1,Promoter
4275,Yes,3,72,Offer A,Yes,19.04,Yes,No,No internet,0,No,No,No,No,No,No,No,No,Two Year,No,Bank Withdrawal,25.0,1738.9,0.0,0,1370.88,3109.78,Male,22,Yes,No,Yes,Yes,2,2,8.333333333333334,0,1,Passive
5295,Yes,10,59,,Yes,4.21,No,Yes,Fiber Optic,21,Yes,Yes,Yes,No,No,No,No,Yes,One Year,Yes,Credit Card,82.95,4903.15,0.0,0,248.39,5151.54,Male,75,No,Yes,Yes,No,0,5,13.825,0,0,Passive
3378,No,0,46,,Yes,15.78,Yes,Yes,Fiber Optic,3,Yes,Yes,No,No,No,Yes,Yes,Yes,Month-to-Month,Yes,Bank Withdrawal,93.7,4154.8,0.0,0,725.88,4880.68,Male,48,No,No,No,No,0,7,11.7125,0,1,Detractor
5600,Yes,1,33,,No,0.0,No,Yes,DSL,4,No,Yes,Yes,Yes,Yes,No,No,Yes,Two Year,Yes,Bank Withdrawal,50.0,1750.85,0.0,0,0.0,1750.85,Male,80,No,Yes,Yes,No,0,5,8.333333333333334,0,1,Detractor
3207,No,0,40,Offer B,Yes,44.86,No,Yes,Fiber Optic,4,Yes,Yes,No,No,No,No,No,Yes,Month-to-Month,Yes,Credit Card,79.2,3233.85,0.0,0,1794.4,5028.25,Female,65,No,Yes,No,No,0,4,15.84,0,0,Detractor
3736,No,0,7,,Yes,34.49,No,Yes,Cable,22,Yes,No,No,No,No,No,No,Yes,Month-to-Month,Yes,Mailed Check,51.0,354.05,0.0,0,241.43,595.48,Male,56,No,No,No,No,0,3,12.75,1,0,Detractor
5100,Yes,9,5,,No,0.0,No,Yes,DSL,19,No,Yes,No,Yes,No,No,No,Yes,Month-to-Month,No,Bank Withdrawal,34.25,163.55,0.0,0,0.0,163.55,Female,52,No,No,Yes,Yes,2,3,8.5625,1,1,Promoter
6058,Yes,10,69,Offer A,Yes,28.19,No,No,No internet,0,No,No,No,No,No,No,No,No,Two Year,No,Bank Withdrawal,19.9,1356.7,0.0,0,1945.11,3301.8100000000004,Male,49,No,No,Yes,Yes,2,1,9.95,0,1,Detractor
2471,Yes,1,44,,Yes,34.94,No,No,No internet,0,No,No,No,No,No,No,No,No,One Year,No,Bank Withdrawal,20.6,926.0,0.0,0,1537.36,2463.36,Male,37,No,No,Yes,Yes,2,1,10.3,0,1,Promoter
4188,Yes,5,67,,Yes,43.01,Yes,Yes,Cable,16,Yes,Yes,No,Yes,Yes,No,No,Yes,Two Year,No,Credit Card,74.0,4868.4,0.0,0,2881.67,7750.07,Female,49,No,No,Yes,Yes,2,7,9.25,0,0,Detractor
5735,No,0,55,,Yes,44.85,Yes,Yes,Fiber Optic,48,Yes,No,Yes,No,No,No,No,Yes,One Year,Yes,Credit Card,84.25,4589.85,0.0,0,2466.75,7056.6,Female,19,Yes,No,No,No,0,5,14.041666666666666,0,0,Passive
3280,No,0,2,Offer E,Yes,16.14,No,Yes,Fiber Optic,2,No,No,Yes,Yes,No,No,No,Yes,Month-to-Month,Yes,Bank Withdrawal,79.85,152.45,0.0,0,32.28,184.73,Male,46,No,No,No,No,0,4,15.97,1,1,Detractor
4952,Yes,6,51,,Yes,9.5,Yes,Yes,Fiber Optic,51,No,Yes,No,Yes,No,No,No,Yes,One Year,No,Bank Withdrawal,84.2,4299.75,39.68,0,484.5,4744.57,Male,36,No,No,Yes,Yes,3,5,14.033333333333331,0,1,Promoter
3671,Yes,7,36,,No,0.0,No,Yes,DSL,24,Yes,No,Yes,Yes,Yes,Yes,Yes,Yes,One Year,No,Credit Card,60.7,2234.55,0.0,0,0.0,2234.55,Male,59,No,No,Yes,No,0,7,7.5875,0,0,Detractor
5994,No,0,2,,Yes,25.92,No,No,No internet,0,No,No,No,No,No,No,No,No,Month-to-Month,No,Credit Card,20.35,45.3,0.0,0,51.84,97.14,Female,52,No,No,No,No,0,1,10.175,1,0,Detractor
4333,No,0,18,Offer D,Yes,18.2,No,No,No internet,0,No,No,No,No,No,No,No,No,Month-to-Month,No,Credit Card,19.65,391.7,0.0,0,327.6,719.3,Female,44,No,No,No,No,0,1,9.825,0,0,Detractor
4798,No,0,50,Offer B,Yes,37.52,No,Yes,DSL,71,Yes,No,Yes,Yes,Yes,No,No,Yes,One Year,Yes,Credit Card,70.8,3478.15,0.0,0,1876.0,5354.150000000001,Female,25,Yes,No,No,Yes,2,6,10.114285714285714,0,0,Passive
4167,Yes,4,15,Offer D,Yes,17.43,No,No,No internet,0,No,No,No,No,No,No,No,No,Month-to-Month,No,Mailed Check,19.8,272.95,18.55,0,261.45,515.8499999999999,Female,49,No,No,Yes,Yes,1,1,9.9,0,0,Passive
3816,Yes,2,24,,Yes,44.93,Yes,Yes,Fiber Optic,82,No,No,Yes,No,No,No,Yes,Yes,Month-to-Month,Yes,Credit Card,79.65,1928.7,0.0,0,1078.32,3007.02,Female,24,Yes,No,Yes,No,0,5,13.275,0,0,Passive
4010,No,0,7,Offer E,Yes,31.84,No,Yes,Cable,58,No,No,Yes,Yes,Yes,No,No,Yes,Month-to-Month,No,Bank Withdrawal,64.3,445.95,0.0,0,222.88,668.8299999999999,Male,19,Yes,No,No,No,0,5,10.716666666666669,1,1,Passive
4210,No,0,46,,Yes,37.5,Yes,Yes,Fiber Optic,22,No,Yes,Yes,Yes,Yes,Yes,Yes,Yes,Two Year,No,Bank Withdrawal,108.65,4903.2,0.0,0,1725.0,6628.2,Male,51,No,No,No,No,0,9,10.865,0,1,Passive
2577,No,0,12,Offer D,Yes,44.71,Yes,Yes,Cable,25,No,No,No,No,Yes,Yes,Yes,Yes,Month-to-Month,Yes,Bank Withdrawal,96.05,1148.1,0.0,0,536.52,1684.62,Male,39,No,No,No,No,0,6,13.721428571428572,1,1,Detractor
4993,No,0,38,Offer C,Yes,42.24,No,Yes,DSL,22,Yes,Yes,No,Yes,Yes,No,No,Yes,One Year,No,Credit Card,70.6,2708.2,0.0,0,1605.12,4313.32,Male,55,No,No,No,No,0,6,10.085714285714284,0,0,Detractor
4633,No,0,71,Offer A,Yes,4.76,No,Yes,DSL,52,Yes,Yes,Yes,Yes,Yes,No,No,Yes,Two Year,Yes,Credit Card,76.9,5522.7,0.0,0,337.96,5860.66,Male,20,Yes,No,No,Yes,3,7,9.6125,0,0,Detractor
2437,No,0,12,,No,0.0,No,Yes,DSL,10,No,No,Yes,Yes,No,Yes,No,Yes,Month-to-Month,Yes,Bank Withdrawal,43.65,526.95,0.0,0,0.0,526.95,Male,77,No,Yes,No,No,0,4,8.73,1,1,Detractor
5940,Yes,4,72,,Yes,21.21,Yes,Yes,DSL,27,Yes,No,Yes,Yes,Yes,Yes,Yes,No,Two Year,Yes,Credit Card,83.55,6093.3,0.0,90,1527.12,7710.42,Male,25,Yes,No,Yes,Yes,2,8,9.283333333333331,0,0,Detractor
4067,No,0,1,Offer E,Yes,7.14,No,Yes,DSL,52,No,No,No,No,No,No,Yes,Yes,Month-to-Month,Yes,Bank Withdrawal,44.4,44.4,0.0,0,7.14,51.54,Male,29,Yes,No,No,Yes,3,3,11.1,1,1,Detractor
2247,Yes,1,8,Offer E,Yes,46.13,No,No,No internet,0,No,No,No,No,No,No,No,No,One Year,Yes,Credit Card,19.75,145.0,0.0,0,369.04,514.04,Female,44,No,No,Yes,No,0,1,9.875,1,0,Detractor
4628,Yes,6,52,Offer B,Yes,41.34,Yes,Yes,Cable,24,Yes,Yes,Yes,Yes,No,Yes,Yes,Yes,One Year,Yes,Credit Card,81.4,4354.45,0.0,0,2149.6800000000003,6504.13,Male,64,No,No,Yes,No,0,9,8.14,0,0,Passive
5039,No,0,2,Offer E,Yes,21.9,Yes,Yes,Fiber Optic,22,No,No,No,No,No,Yes,No,Yes,Two Year,Yes,Bank Withdrawal,84.05,186.05,0.0,0,43.8,229.85,Female,70,No,Yes,No,No,0,4,16.81,1,1,Detractor
4937,No,0,62,,Yes,24.03,No,No,No internet,0,No,No,No,No,No,No,No,No,Two Year,Yes,Credit Card,19.2,1123.65,0.0,0,1489.86,2613.51,Female,45,No,No,No,No,0,1,9.6,0,0,Passive
5068,No,0,14,Offer D,Yes,36.42,No,No,No internet,0,No,No,No,No,No,No,No,No,One Year,No,Bank Withdrawal,20.4,275.7,0.0,0,509.88,785.5799999999999,Male,23,Yes,No,No,No,0,1,10.2,0,1,Promoter
5437,No,0,1,,No,0.0,No,Yes,Cable,9,No,No,No,No,No,No,No,Yes,Month-to-Month,Yes,Bank Withdrawal,25.1,25.1,0.0,0,0.0,25.1,Male,67,No,Yes,No,No,0,1,12.55,1,1,Detractor
5092,Yes,4,72,,Yes,16.82,No,Yes,Fiber Optic,25,Yes,No,Yes,Yes,Yes,Yes,No,No,Two Year,Yes,Credit Card,104.1,7447.7,0.0,40,1211.04,8698.74,Male,67,No,Yes,Yes,Yes,2,6,14.87142857142857,0,0,Detractor
3861,Yes,1,13,Offer D,Yes,1.47,No,Yes,Fiber Optic,5,No,Yes,No,Yes,No,Yes,No,Yes,Month-to-Month,Yes,Bank Withdrawal,89.05,1169.35,0.0,0,19.11,1188.4599999999998,Male,76,No,Yes,Yes,No,0,5,14.841666666666669,0,1,Detractor
3716,No,0,5,Offer E,Yes,43.51,No,Yes,Fiber Optic,17,No,No,No,Yes,No,Yes,Yes,Yes,Month-to-Month,Yes,Credit Card,85.4,425.9,0.0,0,217.55,643.4499999999999,Female,62,No,No,No,No,0,5,14.233333333333334,1,0,Detractor
6174,Yes,5,60,,Yes,22.22,No,Yes,DSL,16,Yes,Yes,No,Yes,No,No,No,Yes,Two Year,Yes,Credit Card,61.35,3766.2,0.0,0,1333.1999999999998,5099.4,Male,45,No,No,Yes,No,0,5,10.225,0,0,Detractor
5972,Yes,5,67,Offer A,Yes,7.91,No,No,No internet,0,No,No,No,No,No,No,No,No,One Year,Yes,Bank Withdrawal,20.85,1327.4,0.0,0,529.97,1857.37,Female,57,No,No,Yes,No,0,1,10.425,0,1,Promoter
5774,No,0,47,,Yes,26.35,No,Yes,Cable,5,Yes,Yes,No,Yes,No,No,No,Yes,One Year,Yes,Credit Card,58.9,2813.05,0.0,0,1238.45,4051.5,Female,55,No,No,No,No,0,5,9.816666666666666,0,0,Passive
6047,Yes,6,65,Offer B,Yes,41.34,Yes,Yes,Fiber Optic,15,No,Yes,Yes,Yes,Yes,Yes,Yes,Yes,One Year,Yes,Credit Card,108.05,7118.9,0.0,0,2687.1000000000004,9806.0,Female,32,No,No,Yes,No,0,9,10.805,0,0,Detractor
4801,Yes,3,58,Offer B,Yes,27.93,No,No,No internet,0,No,No,No,No,No,No,No,No,One Year,Yes,Bank Withdrawal,19.55,1108.8,0.0,0,1619.94,2728.74,Male,54,No,No,Yes,No,0,1,9.775,0,1,Detractor
3359,Yes,6,24,,Yes,44.57,No,Yes,Cable,26,Yes,Yes,No,Yes,No,Yes,Yes,Yes,Month-to-Month,Yes,Credit Card,70.3,1706.45,0.0,0,1069.68,2776.13,Male,30,No,No,Yes,Yes,2,7,8.7875,0,0,Detractor
4474,No,0,58,Offer B,Yes,47.47,No,Yes,DSL,69,No,Yes,Yes,Yes,Yes,No,No,Yes,Two Year,No,Bank Withdrawal,70.1,4048.95,0.0,0,2753.26,6802.209999999999,Male,26,Yes,No,No,No,0,6,10.014285714285714,0,1,Passive
3591,No,0,4,Offer E,Yes,21.62,No,Yes,Fiber Optic,59,No,No,No,No,Yes,No,Yes,No,Month-to-Month,Yes,Bank Withdrawal,81.0,340.85,0.0,50,86.48,477.33,Male,25,Yes,No,No,No,0,3,20.25,1,1,Detractor
4931,No,0,25,Offer C,Yes,19.75,Yes,No,No internet,0,No,No,No,No,No,No,No,No,Two Year,No,Credit Card,24.75,692.1,0.0,0,493.75,1185.85,Female,61,No,No,No,No,0,2,8.25,0,0,Detractor
4165,No,0,66,,No,0.0,No,Yes,DSL,15,Yes,Yes,Yes,Yes,Yes,Yes,Yes,Yes,Two Year,Yes,Bank Withdrawal,62.5,4136.4,0.0,0,0.0,4136.4,Female,52,No,No,No,No,0,8,6.944444444444445,0,1,Passive
5811,No,0,8,,Yes,19.49,No,Yes,Fiber Optic,10,No,No,Yes,No,Yes,Yes,Yes,No,Month-to-Month,Yes,Bank Withdrawal,94.7,740.3,0.0,80,155.92,976.22,Male,44,No,No,No,No,0,5,15.783333333333331,1,1,Detractor
5306,Yes,1,25,Offer C,Yes,4.57,No,No,No internet,0,No,No,No,No,No,No,No,No,Two Year,No,Credit Card,20.1,486.05,0.0,0,114.25,600.3,Female,25,Yes,No,Yes,Yes,3,1,10.05,0,0,Detractor
2330,Yes,5,3,,Yes,2.97,Yes,Yes,Fiber Optic,7,No,No,No,No,Yes,Yes,Yes,Yes,Month-to-Month,No,Bank Withdrawal,94.9,273.2,0.0,0,8.91,282.11,Female,51,No,No,Yes,No,0,6,13.55714285714286,1,1,Promoter
2384,No,0,2,,Yes,26.47,No,Yes,Fiber Optic,10,No,No,No,No,No,Yes,Yes,No,Month-to-Month,Yes,Bank Withdrawal,80.2,181.1,0.0,10,52.94,244.04,Male,58,No,No,No,No,0,3,20.05,1,1,Detractor
4626,No,0,72,Offer A,Yes,23.43,No,No,No internet,0,No,No,No,No,No,No,No,No,Two Year,Yes,Credit Card,20.8,1521.2,0.0,0,1686.96,3208.16,Male,31,No,No,No,No,0,1,10.4,0,0,Promoter
3895,No,0,13,,Yes,44.99,No,Yes,Fiber Optic,27,No,No,No,No,No,Yes,Yes,Yes,Month-to-Month,Yes,Bank Withdrawal,80.5,1011.8,24.99,0,584.87,1571.6799999999998,Female,22,Yes,No,No,No,0,4,16.1,0,1,Passive
2853,No,0,15,Offer D,Yes,45.84,Yes,No,No internet,0,No,No,No,No,No,No,No,No,Month-to-Month,Yes,Credit Card,25.4,399.6,0.0,0,687.6,1087.2,Female,22,Yes,No,No,No,0,2,8.466666666666667,0,0,Detractor
3488,No,0,2,,Yes,31.45,No,No,No internet,0,No,No,No,No,No,No,No,No,One Year,No,Credit Card,19.95,47.7,0.0,0,62.9,110.6,Male,47,No,No,No,No,0,1,9.975,1,0,Passive
5242,No,0,24,Offer C,Yes,31.73,No,Yes,Fiber Optic,13,No,No,No,No,No,No,No,No,One Year,No,Credit Card,70.0,1732.6,0.0,140,761.52,2634.12,Male,74,No,Yes,No,No,0,1,35.0,0,0,Detractor
4115,Yes,1,3,Offer E,Yes,37.61,No,No,No internet,0,No,No,No,No,No,No,No,No,Month-to-Month,Yes,Credit Card,20.55,51.15,0.0,0,112.83,163.98,Male,41,No,No,Yes,No,0,1,10.275,1,0,Detractor
5015,Yes,2,68,Offer A,Yes,24.01,Yes,Yes,Fiber Optic,48,Yes,Yes,No,Yes,Yes,Yes,Yes,Yes,Month-to-Month,Yes,Bank Withdrawal,107.7,7320.9,0.0,0,1632.68,8953.58,Male,25,Yes,No,Yes,No,0,9,10.77,0,1,Detractor
5460,Yes,2,23,Offer D,Yes,24.88,No,No,No internet,0,No,No,No,No,No,No,No,No,One Year,No,Mailed Check,19.65,436.9,0.0,0,572.24,1009.14,Male,62,No,No,Yes,No,0,1,9.825,0,0,Promoter
5097,No,0,66,,Yes,30.96,No,Yes,Fiber Optic,11,Yes,No,Yes,Yes,Yes,Yes,Yes,Yes,Two Year,Yes,Bank Withdrawal,105.65,6844.5,0.0,0,2043.36,8887.86,Male,44,No,No,No,No,0,8,11.738888888888887,0,1,Passive
2136,Yes,7,11,Offer D,Yes,21.14,No,Yes,DSL,47,No,No,Yes,No,Yes,No,No,Yes,Month-to-Month,Yes,Bank Withdrawal,59.65,683.25,0.0,0,232.54,915.79,Male,25,Yes,No,Yes,Yes,1,4,11.93,1,1,Detractor
4481,Yes,1,72,Offer A,No,0.0,No,Yes,Cable,15,No,Yes,Yes,No,Yes,Yes,Yes,Yes,Two Year,Yes,Bank Withdrawal,54.2,3937.45,0.0,0,0.0,3937.45,Female,51,No,No,Yes,No,0,6,7.742857142857143,0,1,Detractor
3384,No,0,19,Offer D,Yes,40.22,No,Yes,Cable,22,No,No,No,No,No,Yes,Yes,Yes,Month-to-Month,Yes,Bank Withdrawal,56.2,1093.4,0.0,0,764.18,1857.58,Female,57,No,No,No,No,0,4,11.24,0,1,Promoter
4221,Yes,2,45,,Yes,7.48,Yes,Yes,Fiber Optic,27,No,Yes,Yes,Yes,Yes,Yes,Yes,Yes,Two Year,Yes,Bank Withdrawal,109.75,4900.65,0.0,0,336.6,5237.25,Male,62,No,No,Yes,Yes,3,9,10.975,0,1,Detractor
5529,Yes,7,71,Offer A,Yes,46.53,Yes,Yes,DSL,3,Yes,Yes,Yes,Yes,Yes,Yes,Yes,Yes,Two Year,Yes,Credit Card,91.25,6589.6,0.0,0,3303.63,9893.23,Male,59,No,No,Yes,No,0,10,8.295454545454545,0,0,Detractor
5133,Yes,4,64,,Yes,13.95,Yes,Yes,Fiber Optic,11,Yes,No,No,Yes,Yes,Yes,Yes,Yes,One Year,Yes,Bank Withdrawal,104.4,6721.6,0.0,0,892.8,7614.400000000001,Female,42,No,No,Yes,Yes,2,8,11.6,0,1,Passive
2822,No,0,2,Offer E,Yes,26.9,No,No,No internet,0,No,No,No,No,No,No,No,No,Month-to-Month,No,Bank Withdrawal,19.9,57.4,0.0,0,53.8,111.2,Female,52,No,No,No,No,0,1,9.95,1,1,Passive
3977,Yes,5,15,,Yes,14.27,No,No,No internet,0,No,No,No,No,No,No,No,No,One Year,No,Credit Card,18.8,294.95,0.0,0,214.05,509.0,Male,36,No,No,Yes,No,0,1,9.4,0,0,Passive
4859,No,0,69,Offer A,Yes,26.88,Yes,Yes,Fiber Optic,11,No,No,Yes,Yes,Yes,Yes,Yes,Yes,Two Year,Yes,Bank Withdrawal,106.5,7348.8,0.0,0,1854.72,9203.52,Male,58,No,No,No,No,0,8,11.833333333333334,0,1,Detractor
2729,No,0,26,,Yes,24.16,Yes,Yes,Fiber Optic,22,No,No,No,Yes,No,No,No,Yes,Month-to-Month,Yes,Bank Withdrawal,80.5,2088.8,0.0,0,628.16,2716.96,Male,34,No,No,No,No,0,4,16.1,0,1,Detractor
4058,Yes,7,7,,Yes,5.01,No,No,No internet,0,No,No,No,No,No,No,No,No,Month-to-Month,No,Credit Card,20.65,158.95,0.0,0,35.07,194.02,Female,61,No,No,Yes,Yes,1,1,10.325,1,0,Detractor
5203,No,0,14,Offer D,Yes,16.36,Yes,Yes,Fiber Optic,6,No,Yes,No,No,No,No,No,Yes,Month-to-Month,Yes,Bank Withdrawal,78.95,1101.85,0.0,0,229.04,1330.89,Female,65,No,Yes,No,No,0,4,15.79,0,1,Detractor
2492,Yes,2,30,,Yes,22.89,No,No,No internet,0,No,No,No,No,No,No,No,No,One Year,No,Credit Card,20.7,587.1,0.0,0,686.7,1273.8000000000002,Male,45,No,No,Yes,No,0,1,10.35,0,0,Promoter
2730,Yes,1,3,Offer E,No,0.0,No,Yes,DSL,12,No,No,No,No,No,No,No,Yes,Month-to-Month,No,Credit Card,25.0,78.25,0.0,0,0.0,78.25,Male,46,No,No,Yes,No,0,1,12.5,1,0,Passive
4425,Yes,9,60,,Yes,32.12,No,No,No internet,0,No,No,No,No,No,No,No,No,Two Year,Yes,Bank Withdrawal,20.95,1270.55,0.0,0,1927.2,3197.75,Male,45,No,No,Yes,Yes,2,1,10.475,0,1,Promoter
6050,Yes,1,53,,Yes,20.44,No,No,No internet,0,No,No,No,No,No,No,No,No,One Year,No,Credit Card,20.2,1068.15,0.0,0,1083.3200000000002,2151.4700000000003,Male,38,No,No,Yes,Yes,3,1,10.1,0,0,Passive
5323,No,0,1,Offer E,Yes,42.55,No,Yes,DSL,25,No,No,Yes,No,No,No,No,Yes,Month-to-Month,Yes,Bank Withdrawal,49.85,49.85,0.0,0,42.55,92.4,Male,44,No,No,No,Yes,3,3,12.4625,1,1,Passive
4562,No,0,21,,Yes,16.81,No,No,No internet,0,No,No,No,No,No,No,No,No,Two Year,No,Mailed Check,19.6,390.4,0.0,0,353.01,743.41,Male,43,No,No,No,No,0,1,9.8,0,0,Passive
5687,No,0,1,Offer E,Yes,48.96,No,No,No internet,0,No,No,No,No,No,No,No,No,Month-to-Month,Yes,Credit Card,19.45,19.45,0.0,0,48.96,68.41,Male,42,No,No,No,No,0,1,9.725,1,0,Detractor
3923,No,0,1,,No,0.0,No,Yes,DSL,22,No,No,No,Yes,No,No,No,Yes,Month-to-Month,No,Credit Card,29.15,29.15,0.0,0,0.0,29.15,Male,34,No,No,No,No,0,2,9.716666666666669,1,0,Promoter
5421,No,0,1,,No,0.0,No,Yes,Cable,51,No,No,No,No,No,No,No,No,Month-to-Month,Yes,Bank Withdrawal,25.3,25.3,0.0,10,0.0,35.3,Male,20,Yes,No,No,Yes,3,0,25.3,1,1,Detractor
5124,Yes,1,5,,Yes,11.54,Yes,Yes,Fiber Optic,19,No,Yes,No,No,No,No,No,Yes,Month-to-Month,Yes,Bank Withdrawal,80.15,385.0,0.0,0,57.7,442.7,Male,57,No,No,Yes,Yes,1,4,16.03,1,1,Detractor
4162,Yes,9,55,,Yes,13.45,No,Yes,Fiber Optic,53,No,Yes,No,Yes,No,No,No,Yes,Month-to-Month,No,Bank Withdrawal,79.4,4238.45,0.0,0,739.75,4978.2,Male,43,No,No,Yes,Yes,3,4,15.88,0,1,Passive
5095,No,0,9,Offer E,Yes,12.18,Yes,Yes,Fiber Optic,6,No,No,No,No,No,Yes,No,No,Month-to-Month,Yes,Bank Withdrawal,85.05,746.5,0.0,30,109.62,886.12,Male,68,No,Yes,No,No,0,3,21.2625,1,1,Detractor
4910,Yes,7,20,,Yes,7.31,No,No,No internet,0,No,No,No,No,No,No,No,No,One Year,No,Bank Withdrawal,19.7,395.6,0.0,0,146.2,541.8,Female,50,No,No,Yes,Yes,3,1,9.85,0,1,Promoter
2613,Yes,1,3,Offer E,No,0.0,No,Yes,Cable,15,Yes,No,No,No,No,No,No,Yes,Month-to-Month,No,Credit Card,29.7,91.7,0.0,0,0.0,91.7,Female,46,No,No,Yes,Yes,2,2,9.9,1,0,Detractor
5317,No,0,2,,Yes,36.06,No,Yes,Fiber Optic,85,No,No,No,No,No,No,No,Yes,Month-to-Month,No,Credit Card,70.7,140.7,0.0,0,72.12,212.82,Male,21,Yes,No,No,No,0,2,23.566666666666663,1,0,Detractor
5968,Yes,1,18,,Yes,28.04,No,Yes,Fiber Optic,28,No,No,No,Yes,No,Yes,Yes,Yes,Month-to-Month,Yes,Bank Withdrawal,85.6,1601.5,0.0,0,504.72,2106.22,Male,45,No,No,Yes,Yes,3,5,14.266666666666666,0,1,Passive
3215,No,0,12,Offer D,No,0.0,No,Yes,Cable,6,No,Yes,No,Yes,No,No,No,Yes,Month-to-Month,No,Credit Card,34.0,442.45,0.0,0,0.0,442.45,Male,35,No,No,No,No,0,3,8.5,1,0,Detractor
4877,No,0,1,,Yes,47.22,No,Yes,Cable,53,No,No,No,No,No,Yes,Yes,Yes,Month-to-Month,Yes,Bank Withdrawal,55.0,55.0,0.0,0,47.22,102.22,Male,25,Yes,No,No,No,0,4,11.0,1,1,Detractor
6403,Yes,9,62,Offer B,Yes,11.15,No,No,No internet,0,No,No,No,No,No,No,No,No,Two Year,No,Credit Card,20.65,1218.45,0.0,0,691.3000000000001,1909.75,Male,55,No,No,Yes,Yes,2,1,10.325,0,0,Promoter
5989,No,0,63,,Yes,23.62,Yes,Yes,Fiber Optic,21,Yes,Yes,Yes,No,Yes,No,No,Yes,Two Year,No,Credit Card,98.0,6218.45,0.0,0,1488.0600000000002,7706.51,Female,49,No,No,No,No,0,7,12.25,0,0,Passive
5274,Yes,1,61,,Yes,33.75,Yes,Yes,Fiber Optic,29,Yes,Yes,Yes,Yes,No,No,No,Yes,Month-to-Month,Yes,Credit Card,94.2,5895.45,0.0,0,2058.75,7954.2,Female,77,No,Yes,Yes,No,0,7,11.775,0,0,Detractor
2756,No,0,1,,Yes,27.7,Yes,Yes,Fiber Optic,19,No,No,No,No,No,No,No,No,Month-to-Month,Yes,Bank Withdrawal,77.15,77.15,0.0,10,27.7,114.85,Female,32,No,No,No,No,0,2,25.71666666666667,1,1,Detractor
4684,Yes,6,62,Offer B,Yes,13.32,No,Yes,Cable,22,Yes,No,Yes,Yes,Yes,Yes,Yes,Yes,Two Year,No,Mailed Check,81.0,4985.9,0.0,0,825.84,5811.74,Female,49,No,No,Yes,No,0,8,9.0,0,0,Passive
5633,Yes,1,51,,No,0.0,No,Yes,DSL,2,Yes,Yes,Yes,No,Yes,Yes,Yes,Yes,One Year,No,Bank Withdrawal,59.3,3014.65,0.0,0,0.0,3014.65,Male,51,No,No,Yes,No,0,7,7.4125,0,1,Detractor
5358,No,0,32,Offer C,Yes,35.97,No,No,No internet,0,No,No,No,No,No,No,No,No,One Year,No,Bank Withdrawal,20.55,654.55,0.0,0,1151.04,1805.59,Female,61,No,No,No,No,0,1,10.275,0,1,Detractor
2016,No,0,1,,Yes,13.61,Yes,Yes,Fiber Optic,25,No,No,No,No,No,No,No,Yes,Month-to-Month,Yes,Bank Withdrawal,74.5,74.5,0.0,0,13.61,88.11,Female,33,No,No,No,No,0,3,18.625,1,1,Detractor
5831,No,0,19,Offer D,Yes,46.49,No,Yes,Cable,8,No,No,No,Yes,Yes,No,No,Yes,Month-to-Month,Yes,Credit Card,61.55,1093.2,0.0,0,883.3100000000001,1976.51,Male,62,No,No,No,No,0,4,12.31,0,0,Detractor
5806,No,0,52,,Yes,21.38,Yes,Yes,Cable,21,Yes,No,Yes,Yes,Yes,No,No,Yes,One Year,No,Credit Card,74.0,3877.65,0.0,0,1111.76,4989.41,Female,31,No,No,No,No,0,7,9.25,0,0,Detractor
4247,No,0,52,,No,0.0,No,Yes,DSL,7,Yes,Yes,No,Yes,No,No,No,No,Two Year,No,Credit Card,39.1,1982.1,0.0,130,0.0,2112.1,Female,63,No,No,No,No,0,3,9.775,0,0,Detractor
6347,Yes,5,64,,No,0.0,No,Yes,DSL,27,Yes,No,Yes,Yes,No,Yes,Yes,Yes,Two Year,No,Bank Withdrawal,47.85,3147.5,0.0,0,0.0,3147.5,Female,61,No,No,Yes,No,0,6,6.835714285714286,0,1,Detractor
5915,No,0,16,Offer D,Yes,18.99,Yes,Yes,Fiber Optic,30,No,Yes,Yes,No,No,Yes,Yes,Yes,Month-to-Month,Yes,Credit Card,95.6,1555.65,0.0,0,303.84,1859.49,Female,39,No,No,No,No,0,7,11.95,0,0,Detractor
4249,No,0,8,,Yes,11.46,No,No,No internet,0,No,No,No,No,No,No,No,No,Two Year,No,Credit Card,20.85,161.65,0.0,0,91.68,253.33,Female,31,No,No,No,No,0,1,10.425,1,0,Promoter
3773,Yes,4,42,,Yes,36.35,Yes,Yes,DSL,30,Yes,Yes,No,Yes,No,No,No,Yes,Month-to-Month,Yes,Credit Card,66.4,2727.8,0.0,0,1526.7,4254.5,Female,56,No,No,Yes,No,0,6,9.485714285714286,0,0,Detractor
2850,No,0,1,Offer E,Yes,34.47,Yes,Yes,Fiber Optic,59,No,No,No,No,No,Yes,Yes,Yes,Month-to-Month,No,Credit Card,85.8,85.8,0.0,0,34.47,120.27,Female,30,No,No,No,No,0,5,14.3,1,0,Detractor
4337,Yes,7,31,Offer C,No,0.0,No,Yes,Cable,25,Yes,No,Yes,Yes,Yes,Yes,Yes,Yes,One Year,No,Bank Withdrawal,59.95,1848.8,0.0,0,0.0,1848.8,Male,64,No,No,Yes,Yes,2,7,7.49375,0,1,Detractor
5698,Yes,1,49,Offer B,Yes,47.17,Yes,Yes,Fiber Optic,26,Yes,Yes,No,No,Yes,No,No,No,Month-to-Month,Yes,Bank Withdrawal,93.85,4733.1,0.0,30,2311.33,7074.43,Male,30,No,No,Yes,No,0,5,15.641666666666666,0,1,Detractor
2332,No,0,35,,Yes,41.21,Yes,Yes,Fiber Optic,6,No,No,No,No,Yes,No,No,Yes,Month-to-Month,No,Bank Withdrawal,83.15,2848.45,18.84,0,1442.35,4271.96,Male,52,No,No,No,No,0,4,16.630000000000003,0,1,Passive
5227,No,0,8,Offer E,Yes,37.37,No,Yes,Cable,16,No,Yes,No,Yes,Yes,No,No,Yes,Month-to-Month,Yes,Bank Withdrawal,65.45,554.45,0.0,0,298.96,853.4100000000001,Female,36,No,No,No,No,0,5,10.908333333333331,1,1,Promoter
4180,Yes,8,22,,Yes,22.38,No,Yes,Fiber Optic,14,No,No,No,No,Yes,Yes,Yes,Yes,Month-to-Month,Yes,Bank Withdrawal,89.75,1938.9,0.0,0,492.36,2431.26,Male,65,No,Yes,Yes,No,0,5,14.958333333333334,0,1,Detractor
2161,Yes,3,36,,Yes,19.73,No,Yes,DSL,19,Yes,No,No,No,No,No,No,Yes,Month-to-Month,No,Credit Card,51.05,1815.0,0.0,0,710.28,2525.28,Female,32,No,No,Yes,Yes,2,3,12.7625,0,0,Detractor
5479,Yes,6,35,Offer C,Yes,14.19,No,Yes,DSL,17,No,Yes,No,Yes,Yes,Yes,Yes,Yes,One Year,Yes,Bank Withdrawal,76.05,2747.2,0.0,0,496.65,3243.85,Male,77,No,Yes,Yes,Yes,1,7,9.50625,0,1,Promoter
3314,No,0,4,,Yes,31.92,No,Yes,Fiber Optic,4,No,No,Yes,Yes,No,Yes,Yes,Yes,Month-to-Month,Yes,Bank Withdrawal,90.4,356.65,0.0,0,127.68,484.33,Male,55,No,No,No,No,0,6,12.914285714285716,1,1,Detractor
5520,Yes,1,68,Offer A,Yes,7.87,Yes,Yes,Fiber Optic,4,Yes,Yes,No,No,No,No,No,Yes,Two Year,Yes,Bank Withdrawal,84.7,5711.05,0.0,0,535.16,6246.21,Female,52,No,No,Yes,No,0,5,14.116666666666667,0,1,Detractor
2433,No,0,32,,Yes,36.78,No,No,No internet,0,No,No,No,No,No,No,No,No,One Year,No,Credit Card,20.35,707.5,0.0,0,1176.96,1884.46,Male,20,Yes,No,No,No,0,1,10.175,0,0,Promoter
4466,Yes,1,55,Offer B,Yes,1.44,Yes,No,No internet,0,No,No,No,No,No,No,No,No,Two Year,Yes,Credit Card,25.65,1388.0,0.0,0,79.2,1467.2,Female,36,No,No,Yes,Yes,3,2,8.549999999999999,0,0,Promoter
3843,Yes,1,24,Offer C,No,0.0,No,Yes,Cable,29,No,No,Yes,No,No,Yes,No,Yes,Month-to-Month,Yes,Credit Card,40.65,933.3,0.0,0,0.0,933.3,Female,74,No,Yes,Yes,No,0,3,10.1625,0,0,Detractor
3300,No,0,20,,Yes,23.22,Yes,Yes,Fiber Optic,59,No,No,No,Yes,Yes,Yes,Yes,Yes,Month-to-Month,Yes,Mailed Check,98.55,2031.95,0.0,0,464.4,2496.35,Male,26,Yes,No,No,No,0,7,12.31875,0,0,Detractor
5686,No,0,10,,Yes,45.69,No,Yes,Fiber Optic,18,Yes,No,No,No,Yes,No,No,Yes,Month-to-Month,Yes,Mailed Check,84.7,832.05,12.81,0,456.9,1276.14,Female,40,No,No,No,No,0,4,16.94,1,0,Detractor
4734,Yes,5,13,,Yes,35.19,Yes,No,No internet,0,No,No,No,No,No,No,No,No,Two Year,Yes,Bank Withdrawal,25.0,332.5,0.0,0,457.47,789.97,Female,44,No,No,Yes,Yes,3,2,8.333333333333334,0,1,Passive
5699,Yes,3,52,,Yes,9.87,No,No,No internet,0,No,No,No,No,No,No,No,No,Two Year,No,Credit Card,19.35,1031.7,0.0,0,513.24,1544.94,Female,44,No,No,Yes,Yes,2,1,9.675,0,0,Promoter
5813,Yes,1,50,Offer B,Yes,37.12,Yes,Yes,Fiber Optic,4,No,Yes,No,No,Yes,No,No,No,Month-to-Month,Yes,Bank Withdrawal,88.05,4367.35,0.0,100,1856.0,6323.35,Female,79,No,Yes,Yes,No,0,4,17.61,0,1,Detractor
5825,No,0,11,Offer D,Yes,33.48,No,No,No internet,0,No,No,No,No,No,No,No,No,One Year,No,Mailed Check,19.5,226.8,0.0,0,368.28,595.0799999999999,Male,22,Yes,No,No,No,0,1,9.75,1,0,Passive
5190,Yes,3,12,,Yes,19.28,No,No,No internet,0,No,No,No,No,No,No,No,No,Two Year,No,Bank Withdrawal,20.3,224.5,0.0,0,231.36,455.86,Female,48,No,No,Yes,Yes,3,1,10.15,1,1,Promoter
2914,Yes,3,4,Offer E,No,0.0,No,Yes,DSL,5,No,No,Yes,No,No,No,No,Yes,Two Year,Yes,Bank Withdrawal,29.9,118.25,0.0,0,0.0,118.25,Male,78,No,Yes,Yes,No,0,2,9.966666666666669,1,1,Passive
6335,Yes,10,56,Offer B,Yes,11.55,Yes,Yes,Fiber Optic,27,Yes,Yes,Yes,Yes,No,No,No,Yes,One Year,No,Bank Withdrawal,95.65,5471.75,21.71,0,646.8000000000001,6096.84,Female,80,No,Yes,Yes,No,0,7,11.95625,0,1,Detractor
5670,No,0,12,Offer D,Yes,36.24,Yes,Yes,DSL,30,Yes,No,Yes,Yes,No,No,No,Yes,Month-to-Month,Yes,Mailed Check,61.65,713.75,0.0,0,434.88,1148.63,Female,52,No,No,No,No,0,6,8.807142857142857,1,0,Detractor
4757,No,0,43,,No,0.0,No,Yes,DSL,18,Yes,Yes,No,No,No,No,No,No,Two Year,Yes,Credit Card,33.45,1500.25,0.0,40,0.0,1540.25,Female,73,No,Yes,No,No,0,2,11.15,0,0,Detractor
4975,No,0,48,,Yes,13.03,No,Yes,DSL,5,Yes,Yes,No,No,No,No,No,Yes,Two Year,No,Credit Card,55.5,2627.35,0.0,0,625.4399999999999,3252.79,Female,58,No,No,No,No,0,4,11.1,0,0,Passive
4005,No,0,42,Offer B,Yes,40.15,No,Yes,Fiber Optic,28,No,Yes,Yes,Yes,Yes,Yes,Yes,No,Month-to-Month,Yes,Bank Withdrawal,103.8,4327.5,0.0,110,1686.3,6123.8,Female,38,No,No,No,No,0,7,12.975,0,1,Passive
4160,Yes,8,1,,Yes,44.69,No,No,No internet,0,No,No,No,No,No,No,No,No,One Year,Yes,Bank Withdrawal,20.2,20.2,0.0,0,44.69,64.89,Male,32,No,No,Yes,No,0,1,10.1,1,1,Promoter
5544,Yes,8,36,,Yes,49.33,No,Yes,Fiber Optic,23,No,No,No,No,No,Yes,Yes,Yes,Month-to-Month,No,Bank Withdrawal,80.4,2937.65,0.0,0,1775.88,4713.53,Female,59,No,No,Yes,No,0,4,16.080000000000002,0,1,Detractor
2066,No,0,1,,Yes,33.88,No,Yes,Fiber Optic,26,No,No,No,No,No,Yes,Yes,Yes,Month-to-Month,Yes,Bank Withdrawal,79.7,79.7,0.0,0,33.88,113.58,Female,39,No,No,No,No,0,4,15.94,1,1,Detractor
4845,No,0,1,,Yes,30.09,No,No,No internet,0,No,No,No,No,No,No,No,No,Month-to-Month,No,Credit Card,20.45,20.45,0.0,0,30.09,50.54,Male,26,Yes,No,No,No,0,1,10.225,1,0,Passive
5722,Yes,1,22,Offer D,Yes,39.83,No,Yes,Cable,16,No,Yes,Yes,No,No,No,No,Yes,Month-to-Month,Yes,Credit Card,54.7,1178.75,0.0,0,876.26,2055.01,Female,60,No,No,Yes,No,0,4,10.94,0,0,Detractor
4927,No,0,72,Offer A,Yes,35.24,Yes,Yes,Fiber Optic,42,Yes,Yes,Yes,Yes,Yes,Yes,Yes,Yes,Two Year,Yes,Credit Card,112.75,8192.6,0.0,0,2537.28,10729.88,Female,30,No,No,No,No,0,10,10.25,0,0,Passive
4692,No,0,1,Offer E,Yes,44.11,No,Yes,Fiber Optic,69,No,Yes,No,No,No,No,Yes,Yes,Month-to-Month,Yes,Bank Withdrawal,74.7,74.7,0.0,0,44.11,118.81,Female,23,Yes,No,No,No,0,4,14.94,1,1,Detractor
4515,Yes,5,64,Offer B,Yes,26.64,No,Yes,DSL,71,Yes,No,Yes,No,Yes,Yes,Yes,Yes,One Year,Yes,Credit Card,73.05,4688.65,0.0,0,1704.96,6393.61,Male,20,Yes,No,Yes,No,0,7,9.13125,0,0,Detractor
2185,No,0,45,,Yes,10.36,No,Yes,DSL,6,Yes,No,Yes,No,Yes,Yes,Yes,Yes,Month-to-Month,Yes,Bank Withdrawal,75.95,3273.8,0.0,0,466.2,3740.0,Male,61,No,No,No,No,0,7,9.49375,0,1,Passive
3051,No,0,44,Offer B,No,0.0,No,Yes,Cable,4,No,Yes,Yes,No,Yes,Yes,Yes,Yes,One Year,Yes,Credit Card,53.95,2375.4,0.0,0,0.0,2375.4,Male,38,No,No,No,No,0,6,7.707142857142857,0,0,Detractor
4332,Yes,1,72,,Yes,25.48,Yes,Yes,Fiber Optic,3,Yes,No,Yes,Yes,Yes,No,No,Yes,Two Year,Yes,Bank Withdrawal,98.2,7015.9,0.0,0,1834.56,8850.46,Female,32,No,No,Yes,No,0,7,12.275,0,1,Detractor
3555,No,0,1,,Yes,31.34,No,Yes,Fiber Optic,52,No,No,No,No,Yes,No,Yes,Yes,Month-to-Month,Yes,Bank Withdrawal,79.05,79.05,0.0,0,31.34,110.39,Male,24,Yes,No,No,No,0,4,15.81,1,1,Detractor
5918,No,0,41,,Yes,31.62,No,No,No internet,0,No,No,No,No,No,No,No,No,Two Year,No,Credit Card,20.65,835.15,0.0,0,1296.42,2131.57,Female,53,No,No,No,No,0,1,10.325,0,0,Promoter
2438,Yes,9,46,Offer B,Yes,35.46,Yes,No,No internet,0,No,No,No,No,No,No,No,No,One Year,Yes,Bank Withdrawal,24.45,1066.15,0.0,0,1631.16,2697.3100000000004,Female,55,No,No,Yes,No,0,2,8.15,0,1,Passive
4476,No,0,28,,Yes,26.09,No,No,No internet,0,No,No,No,No,No,No,No,No,Month-to-Month,No,Credit Card,20.25,535.35,0.0,0,730.52,1265.87,Female,27,Yes,No,No,Yes,3,1,10.125,0,0,Promoter
4310,Yes,10,24,Offer C,Yes,32.86,No,Yes,Cable,30,Yes,No,No,Yes,Yes,Yes,Yes,Yes,One Year,No,Bank Withdrawal,74.4,1712.9,0.0,0,788.64,2501.54,Male,61,No,No,Yes,No,0,7,9.3,0,1,Detractor
6088,No,0,72,Offer A,Yes,10.87,Yes,Yes,Fiber Optic,16,No,Yes,Yes,No,Yes,Yes,Yes,Yes,Two Year,Yes,Bank Withdrawal,103.65,7634.8,0.0,0,782.64,8417.44,Male,64,No,No,No,No,0,8,11.516666666666667,0,1,Promoter
2136,Yes,9,8,Offer E,Yes,22.4,No,Yes,DSL,23,Yes,No,No,No,Yes,No,No,Yes,One Year,No,Bank Withdrawal,60.9,551.95,16.58,0,179.2,714.5699999999999,Male,76,No,Yes,Yes,No,0,4,12.18,1,1,Detractor
5420,Yes,10,65,Offer B,Yes,17.43,Yes,Yes,DSL,30,Yes,Yes,No,No,No,Yes,Yes,Yes,Two Year,Yes,Mailed Check,69.55,4459.15,23.61,0,1132.95,5568.49,Male,40,No,No,Yes,No,0,7,8.69375,0,0,Detractor
5052,Yes,1,62,,Yes,7.11,Yes,Yes,Fiber Optic,16,No,Yes,Yes,No,Yes,Yes,Yes,Yes,One Year,Yes,Bank Withdrawal,103.75,6383.35,0.0,0,440.82,6824.17,Male,77,No,Yes,Yes,No,0,8,11.52777777777778,0,1,Detractor
5322,No,0,33,Offer C,No,0.0,No,Yes,Cable,11,No,No,Yes,Yes,Yes,Yes,No,Yes,One Year,Yes,Bank Withdrawal,54.6,1803.7,0.0,0,0.0,1803.7,Male,74,No,Yes,No,No,0,5,9.1,0,1,Passive
5157,Yes,1,49,Offer B,Yes,20.48,Yes,Yes,Fiber Optic,22,No,Yes,No,No,Yes,Yes,Yes,Yes,Month-to-Month,Yes,Bank Withdrawal,99.05,4853.75,14.24,0,1003.52,5843.030000000001,Male,54,No,No,Yes,No,0,7,12.38125,0,1,Detractor
2130,No,0,17,,Yes,13.02,No,Yes,Cable,73,No,No,No,No,No,No,No,Yes,One Year,No,Credit Card,44.6,681.4,0.0,0,221.34,902.74,Male,27,Yes,No,No,No,0,2,14.866666666666667,0,0,Passive
5578,No,0,27,,Yes,18.51,No,Yes,DSL,9,Yes,No,No,No,No,No,No,No,Month-to-Month,No,Credit Card,50.35,1411.35,0.0,150,499.77,2061.12,Male,59,No,No,No,No,0,2,16.783333333333335,0,0,Detractor
4873,Yes,2,42,Offer B,Yes,10.79,Yes,Yes,Cable,41,No,No,No,No,No,No,No,Yes,Month-to-Month,Yes,Bank Withdrawal,50.25,2203.65,28.49,0,453.18,2628.34,Female,30,No,No,Yes,No,0,3,12.5625,0,1,Detractor
5880,Yes,5,70,,Yes,43.81,Yes,Yes,DSL,17,Yes,No,No,Yes,Yes,Yes,Yes,Yes,Two Year,Yes,Bank Withdrawal,80.6,5460.2,0.0,0,3066.7000000000003,8526.9,Female,37,No,No,Yes,No,0,8,8.955555555555556,0,1,Detractor
6312,Yes,2,65,Offer B,Yes,18.07,No,No,No internet,0,No,No,No,No,No,No,No,No,Two Year,No,Credit Card,19.9,1292.6,0.0,0,1174.55,2467.15,Male,30,No,No,Yes,No,0,1,9.95,0,0,Passive
4057,Yes,10,51,Offer B,Yes,14.54,No,No,No internet,0,No,No,No,No,No,No,No,No,Two Year,No,Credit Card,19.95,1028.75,0.0,0,741.54,1770.29,Female,60,No,No,Yes,Yes,1,1,9.975,0,0,Passive
4369,No,0,3,,Yes,31.81,No,No,No internet,0,No,No,No,No,No,No,No,No,Month-to-Month,No,Bank Withdrawal,20.2,65.95,0.0,0,95.43,161.38,Female,64,No,No,No,No,0,1,10.1,1,1,Promoter
3213,Yes,5,27,,Yes,40.21,No,Yes,DSL,13,Yes,Yes,Yes,Yes,No,No,No,Yes,One Year,No,Credit Card,66.15,1874.45,0.0,0,1085.67,2960.12,Female,46,No,No,Yes,No,0,6,9.45,0,0,Detractor
3061,No,0,1,,Yes,45.86,No,No,No internet,0,No,No,No,No,No,No,No,No,Month-to-Month,No,Bank Withdrawal,20.7,20.7,0.0,0,45.86,66.56,Female,27,Yes,No,No,No,0,1,10.35,1,1,Promoter
4845,Yes,9,66,Offer A,Yes,45.03,No,No,No internet,0,No,No,No,No,No,No,No,No,One Year,Yes,Bank Withdrawal,20.35,1359.5,0.0,0,2971.98,4331.48,Male,59,No,No,Yes,No,0,1,10.175,0,1,Promoter
2168,No,0,1,,Yes,38.31,No,Yes,Cable,26,No,No,No,No,No,No,No,Yes,Month-to-Month,Yes,Credit Card,45.4,45.4,0.0,0,38.31,83.71000000000001,Female,32,No,No,No,No,0,2,15.133333333333333,1,0,Detractor
3628,No,0,9,,Yes,34.43,No,Yes,DSL,51,Yes,No,Yes,Yes,Yes,No,Yes,Yes,Month-to-Month,Yes,Credit Card,69.5,653.25,0.0,0,309.87,963.12,Male,24,Yes,No,No,No,0,7,8.6875,1,0,Detractor
2792,Yes,1,30,Offer C,Yes,28.85,Yes,Yes,Fiber Optic,6,Yes,Yes,No,No,Yes,No,No,No,Month-to-Month,Yes,Bank Withdrawal,94.4,2838.7,0.0,80,865.5,3784.2,Male,52,No,No,Yes,No,0,5,15.733333333333334,0,1,Detractor
4815,No,0,25,Offer C,Yes,17.3,No,Yes,Fiber Optic,26,Yes,No,No,No,No,No,No,Yes,Month-to-Month,No,Bank Withdrawal,74.3,1952.25,40.54,0,432.5,2344.21,Male,53,No,No,No,No,0,3,18.575,0,1,Passive
3958,No,0,1,,No,0.0,No,Yes,DSL,26,No,No,No,No,No,Yes,Yes,Yes,Month-to-Month,Yes,Bank Withdrawal,35.55,35.55,0.0,0,0.0,35.55,Male,38,No,No,No,No,0,3,8.8875,1,1,Detractor
5596,No,0,70,,Yes,19.88,Yes,Yes,Fiber Optic,26,No,No,Yes,No,Yes,Yes,Yes,Yes,One Year,Yes,Bank Withdrawal,101.75,7069.3,0.0,0,1391.6,8460.9,Female,19,Yes,No,Yes,No,0,7,12.71875,0,1,Detractor
3561,No,0,5,,No,0.0,No,Yes,DSL,15,No,No,No,No,Yes,Yes,No,Yes,Month-to-Month,No,Bank Withdrawal,45.7,198.0,0.0,0,0.0,198.0,Female,79,No,Yes,No,No,0,3,11.425,1,1,Detractor
4607,Yes,6,57,,Yes,15.48,No,Yes,Cable,15,Yes,No,No,Yes,No,No,No,Yes,Month-to-Month,No,Bank Withdrawal,55.7,3171.6,34.59,0,882.36,4019.37,Male,31,No,No,Yes,No,0,4,11.14,0,1,Detractor
4095,No,0,1,,No,0.0,No,Yes,Cable,9,No,No,No,No,No,No,No,Yes,Month-to-Month,Yes,Mailed Check,25.7,25.7,0.0,0,0.0,25.7,Female,68,No,Yes,No,No,0,1,12.85,1,0,Detractor
5097,No,0,35,,No,0.0,No,Yes,DSL,21,No,No,No,No,No,No,No,No,Month-to-Month,No,Bank Withdrawal,24.15,812.5,0.0,40,0.0,852.5,Female,54,No,No,No,No,0,0,24.15,0,1,Passive
5847,Yes,4,67,,Yes,17.43,Yes,No,No internet,0,No,No,No,No,No,No,No,No,Two Year,Yes,Credit Card,24.9,1680.25,0.0,0,1167.81,2848.06,Female,54,No,No,Yes,Yes,1,2,8.299999999999999,0,0,Promoter
5789,Yes,1,47,,Yes,31.35,Yes,Yes,Fiber Optic,16,No,Yes,No,No,Yes,Yes,Yes,Yes,Month-to-Month,Yes,Bank Withdrawal,99.35,4749.15,0.0,0,1473.45,6222.599999999999,Male,61,No,No,Yes,Yes,1,7,12.41875,0,1,Detractor
2050,No,0,24,,Yes,47.31,No,No,No internet,0,No,No,No,No,No,No,No,No,One Year,No,Bank Withdrawal,21.05,531.55,0.0,0,1135.44,1666.99,Female,55,No,No,No,No,0,1,10.525,0,1,Promoter
4806,Yes,1,61,,Yes,17.73,No,Yes,Fiber Optic,2,No,Yes,Yes,Yes,No,Yes,Yes,Yes,Month-to-Month,No,Credit Card,94.15,5731.85,0.0,0,1081.53,6813.38,Male,63,No,No,Yes,No,0,7,11.76875,0,0,Detractor
2548,No,0,1,,No,0.0,No,Yes,DSL,9,No,No,No,No,No,Yes,Yes,Yes,Month-to-Month,Yes,Bank Withdrawal,35.25,35.25,0.0,0,0.0,35.25,Male,53,No,No,No,No,0,3,8.8125,1,1,Detractor
5216,No,0,23,Offer D,Yes,33.44,Yes,Yes,Fiber Optic,11,No,Yes,No,No,No,No,No,Yes,Month-to-Month,Yes,Bank Withdrawal,79.15,1676.95,0.0,0,769.1199999999999,2446.07,Female,51,No,No,No,No,0,4,15.830000000000002,0,1,Detractor
2885,No,0,28,,Yes,3.25,Yes,Yes,Cable,11,No,No,No,Yes,No,No,No,Yes,Month-to-Month,Yes,Credit Card,54.9,1505.15,0.0,0,91.0,1596.15,Female,37,No,No,No,No,0,4,10.98,0,0,Detractor
3792,No,0,27,,Yes,20.66,No,No,No internet,0,No,No,No,No,No,No,No,No,Month-to-Month,Yes,Bank Withdrawal,19.4,529.8,0.0,0,557.82,1087.62,Male,26,Yes,No,No,No,0,1,9.7,0,1,Promoter
5393,No,0,9,,Yes,13.86,No,Yes,Fiber Optic,76,Yes,No,No,No,No,No,Yes,Yes,Month-to-Month,Yes,Credit Card,74.25,639.65,0.0,0,124.74,764.39,Female,23,Yes,No,No,No,0,4,14.85,1,0,Detractor
3624,Yes,1,19,,Yes,45.37,Yes,Yes,Fiber Optic,52,No,Yes,No,No,No,Yes,Yes,Yes,Month-to-Month,Yes,Bank Withdrawal,89.1,1620.8,0.0,0,862.03,2482.83,Female,30,No,No,Yes,No,0,6,12.728571428571428,0,1,Promoter
3860,No,0,1,Offer E,Yes,22.16,No,Yes,Fiber Optic,47,No,No,Yes,No,No,No,No,No,Month-to-Month,Yes,Mailed Check,74.6,74.6,0.0,10,22.16,106.76,Female,23,Yes,No,No,No,0,2,24.866666666666664,1,0,Detractor
3864,No,0,5,Offer E,Yes,31.76,No,No,No internet,0,No,No,No,No,No,No,No,No,Month-to-Month,No,Mailed Check,19.35,126.05,0.0,0,158.8,284.85,Male,53,No,No,Yes,No,0,1,9.675,1,0,Detractor
4022,No,0,70,Offer A,No,0.0,No,Yes,Cable,13,No,Yes,Yes,No,Yes,No,No,Yes,One Year,Yes,Credit Card,44.05,3011.65,0.0,0,0.0,3011.65,Male,68,No,Yes,No,No,0,4,8.809999999999999,0,0,Detractor
5396,Yes,1,42,,Yes,34.02,No,Yes,Fiber Optic,18,No,No,No,No,Yes,No,No,Yes,Month-to-Month,Yes,Credit Card,77.95,3384.0,0.0,0,1428.84,4812.84,Female,53,No,No,Yes,No,0,3,19.4875,0,0,Detractor
4583,Yes,4,71,Offer A,Yes,43.99,Yes,Yes,Fiber Optic,17,Yes,No,No,No,No,No,No,Yes,Two Year,Yes,Credit Card,80.7,5676.0,0.0,0,3123.29,8799.29,Female,73,No,Yes,Yes,No,0,4,16.14,0,0,Detractor
5360,Yes,1,14,Offer D,No,0.0,No,Yes,DSL,12,No,No,No,No,Yes,Yes,Yes,Yes,Month-to-Month,No,Bank Withdrawal,46.35,667.7,0.0,0,0.0,667.7,Male,53,No,No,Yes,No,0,4,9.27,0,1,Detractor
4530,No,0,63,Offer B,Yes,4.01,Yes,No,No internet,0,No,No,No,No,No,No,No,No,Two Year,No,Mailed Check,25.25,1559.3,0.0,0,252.63,1811.93,Male,28,Yes,No,No,No,0,2,8.416666666666666,0,0,Passive
3058,No,0,23,Offer D,Yes,1.2,No,No,No internet,0,No,No,No,No,No,No,No,No,One Year,No,Credit Card,19.8,465.45,0.0,0,27.6,493.05,Male,50,No,No,No,Yes,3,1,9.9,0,0,Detractor
6281,Yes,1,64,,Yes,35.25,Yes,No,No internet,0,No,No,No,No,No,No,No,No,Two Year,Yes,Credit Card,24.8,1514.85,0.0,0,2256.0,3770.85,Male,62,No,No,Yes,Yes,1,2,8.266666666666667,0,0,Detractor
3632,No,0,21,Offer D,Yes,44.01,No,No,No internet,0,No,No,No,No,No,No,No,No,Month-to-Month,Yes,Credit Card,19.95,416.4,0.0,0,924.21,1340.61,Male,34,No,No,No,No,0,1,9.975,0,0,Promoter
2514,Yes,1,42,,Yes,10.73,Yes,Yes,Fiber Optic,22,No,No,Yes,Yes,No,No,No,Yes,Month-to-Month,Yes,Bank Withdrawal,84.3,3588.4,0.0,0,450.66,4039.06,Female,58,No,No,Yes,No,0,5,14.05,0,1,Detractor
4477,No,0,41,Offer B,Yes,6.33,Yes,Yes,Fiber Optic,15,No,Yes,Yes,No,Yes,Yes,No,Yes,Month-to-Month,Yes,Bank Withdrawal,104.4,4133.95,0.0,0,259.53000000000003,4393.48,Female,78,No,Yes,No,No,0,7,13.05,0,1,Promoter
2717,No,0,17,,Yes,27.66,No,No,No internet,0,No,No,No,No,No,No,No,No,Two Year,No,Credit Card,19.15,343.45,28.63,0,470.22,785.04,Male,35,No,No,No,No,0,1,9.575,0,0,Detractor
5979,Yes,9,66,Offer A,Yes,8.39,No,Yes,DSL,16,Yes,No,No,No,Yes,No,No,Yes,Two Year,Yes,Bank Withdrawal,59.75,3996.8,0.0,0,553.74,4550.54,Female,58,No,No,Yes,Yes,2,4,11.95,0,1,Detractor
2654,No,0,19,,Yes,36.16,No,No,No internet,0,No,No,No,No,No,No,No,No,Two Year,No,Credit Card,20.85,467.5,0.0,0,687.04,1154.54,Male,62,No,No,No,Yes,2,1,10.425,0,0,Passive
6097,No,0,51,,Yes,47.43,No,No,No internet,0,No,No,No,No,No,No,No,No,Two Year,No,Credit Card,20.45,1042.65,0.0,0,2418.93,3461.58,Male,36,No,No,No,No,0,1,10.225,0,0,Passive
3506,No,0,7,,Yes,15.51,Yes,Yes,Fiber Optic,23,No,No,No,No,Yes,Yes,Yes,Yes,Month-to-Month,Yes,Bank Withdrawal,93.85,635.6,0.0,0,108.57,744.1700000000001,Male,60,No,No,No,No,0,6,13.407142857142857,1,1,Detractor
5448,No,0,24,Offer C,Yes,47.33,Yes,No,No internet,0,No,No,No,No,No,No,No,No,One Year,No,Bank Withdrawal,24.6,592.65,0.0,0,1135.92,1728.5700000000002,Male,60,No,No,No,No,0,2,8.200000000000001,0,1,Detractor
2590,Yes,5,23,Offer D,Yes,14.53,Yes,Yes,Cable,48,No,No,No,Yes,Yes,Yes,Yes,Yes,Month-to-Month,Yes,Credit Card,73.65,1642.75,0.0,0,334.19,1976.94,Female,20,Yes,No,Yes,No,0,7,9.20625,0,0,Promoter
5038,Yes,6,64,,Yes,19.23,Yes,No,No internet,0,No,No,No,No,No,No,No,No,One Year,No,Credit Card,24.9,1595.5,0.0,0,1230.72,2826.2200000000003,Female,50,No,No,Yes,Yes,1,2,8.299999999999999,0,0,Passive
5980,No,0,26,Offer C,Yes,2.48,No,Yes,Fiber Optic,19,No,Yes,Yes,Yes,Yes,Yes,Yes,Yes,Two Year,Yes,Bank Withdrawal,105.45,2715.3,0.0,0,64.48,2779.78,Female,63,No,No,No,Yes,1,8,11.716666666666669,0,1,Promoter
4158,Yes,9,2,,Yes,32.86,No,No,No internet,0,No,No,No,No,No,No,No,No,Month-to-Month,No,Bank Withdrawal,20.1,43.15,0.0,0,65.72,108.87,Female,38,No,No,Yes,No,0,1,10.05,1,1,Detractor
5712,Yes,5,55,,Yes,36.17,No,Yes,DSL,69,Yes,No,No,No,No,Yes,Yes,No,One Year,No,Credit Card,59.45,3157.0,0.0,40,1989.35,5186.35,Male,24,Yes,No,Yes,No,0,4,11.89,0,0,Passive
3824,Yes,1,33,,Yes,15.66,No,Yes,Fiber Optic,24,Yes,No,Yes,Yes,Yes,Yes,Yes,No,One Year,Yes,Bank Withdrawal,103.75,3361.05,0.0,100,516.78,3977.83,Female,47,No,No,Yes,No,0,7,12.96875,0,1,Detractor
2844,Yes,2,45,Offer B,Yes,40.19,No,No,No internet,0,No,No,No,No,No,No,No,No,Two Year,No,Mailed Check,20.85,892.15,0.0,0,1808.55,2700.7,Female,24,Yes,No,Yes,Yes,1,1,10.425,0,0,Passive
5514,No,0,8,Offer E,Yes,11.58,Yes,Yes,Fiber Optic,7,No,No,No,No,No,No,No,Yes,Month-to-Month,Yes,Bank Withdrawal,74.85,572.45,0.0,0,92.64,665.09,Male,64,No,No,No,No,0,3,18.7125,1,1,Passive
5152,Yes,1,61,Offer B,Yes,47.19,Yes,Yes,DSL,28,Yes,Yes,Yes,Yes,Yes,Yes,Yes,Yes,Two Year,No,Mailed Check,88.1,5526.75,0.0,0,2878.59,8405.34,Female,62,No,No,Yes,No,0,10,8.009090909090908,0,0,Passive
5390,No,0,2,,Yes,15.33,No,Yes,Fiber Optic,26,No,No,No,No,No,No,No,Yes,Month-to-Month,Yes,Bank Withdrawal,70.95,137.95,0.0,0,30.66,168.61,Female,45,No,No,No,No,0,2,23.65,1,1,Detractor
5753,No,0,2,,Yes,19.87,No,Yes,DSL,19,Yes,No,No,Yes,No,No,No,Yes,Month-to-Month,Yes,Credit Card,54.45,87.3,0.0,0,39.74,127.04,Male,32,No,No,No,No,0,4,10.89,1,0,Detractor
2426,Yes,1,1,Offer E,Yes,9.73,No,Yes,DSL,29,No,No,Yes,No,No,No,No,Yes,Month-to-Month,No,Mailed Check,50.45,50.45,0.0,0,9.73,60.18000000000001,Female,47,No,No,Yes,Yes,2,3,12.6125,1,0,Detractor
6468,No,0,62,,Yes,24.35,Yes,Yes,Fiber Optic,16,Yes,Yes,No,No,No,Yes,Yes,Yes,One Year,Yes,Bank Withdrawal,92.3,5731.45,0.0,0,1509.7,7241.15,Male,35,No,No,No,No,0,7,11.5375,0,1,Passive
5853,Yes,1,25,,Yes,24.64,No,Yes,Fiber Optic,5,No,Yes,Yes,No,Yes,No,No,Yes,Month-to-Month,Yes,Bank Withdrawal,89.15,2257.75,0.0,0,616.0,2873.75,Female,36,No,No,Yes,No,0,5,14.858333333333334,0,1,Detractor
4981,Yes,1,15,,Yes,45.25,Yes,Yes,Cable,22,No,No,No,No,No,Yes,No,Yes,Month-to-Month,Yes,Bank Withdrawal,85.6,1345.55,0.0,0,678.75,2024.3,Male,74,No,Yes,Yes,No,0,4,17.119999999999997,0,1,Detractor
2627,Yes,1,1,Offer E,Yes,37.83,No,Yes,Fiber Optic,51,No,No,No,Yes,Yes,No,No,Yes,Month-to-Month,Yes,Bank Withdrawal,84.8,84.8,0.0,0,37.83,122.63,Male,21,Yes,No,Yes,No,0,4,16.96,1,1,Detractor
2468,No,0,28,Offer C,Yes,30.28,Yes,Yes,Fiber Optic,30,No,Yes,No,No,No,Yes,Yes,Yes,Month-to-Month,Yes,Bank Withdrawal,89.95,2625.55,0.0,0,847.84,3473.3900000000003,Female,56,No,No,No,No,0,6,12.85,0,1,Detractor
3631,Yes,1,47,,Yes,44.26,No,Yes,Cable,23,No,No,Yes,No,No,Yes,Yes,Yes,Month-to-Month,Yes,Bank Withdrawal,85.3,4045.65,0.0,0,2080.22,6125.87,Female,40,No,No,Yes,No,0,5,14.216666666666669,0,1,Detractor
3159,Yes,1,47,,Yes,10.07,Yes,No,No internet,0,No,No,No,No,No,No,No,No,Month-to-Month,No,Bank Withdrawal,25.4,1139.2,0.0,0,473.29,1612.49,Male,20,Yes,No,Yes,No,0,2,8.466666666666667,0,1,Detractor
5346,No,0,6,Offer E,Yes,7.72,No,No,No internet,0,No,No,No,No,No,No,No,No,Month-to-Month,No,Credit Card,20.7,112.75,0.0,0,46.32,159.07,Female,31,No,No,No,No,0,1,10.35,1,0,Promoter
5348,No,0,49,,Yes,24.84,Yes,Yes,Fiber Optic,14,Yes,No,No,No,Yes,Yes,Yes,Yes,One Year,No,Credit Card,101.55,5070.4,0.0,0,1217.16,6287.56,Female,76,No,Yes,No,No,0,7,12.69375,0,0,Detractor
2313,No,0,1,,Yes,11.1,No,No,No internet,0,No,No,No,No,No,No,No,No,Month-to-Month,No,Credit Card,20.05,20.05,0.0,0,11.1,31.15,Male,30,No,No,No,No,0,1,10.025,1,0,Passive
2399,No,0,42,,Yes,13.51,Yes,Yes,Fiber Optic,19,No,Yes,No,No,No,No,No,Yes,One Year,Yes,Bank Withdrawal,79.35,3344.1,0.0,0,567.42,3911.52,Male,66,No,Yes,No,No,0,4,15.87,0,1,Passive
4432,Yes,1,72,,Yes,34.87,Yes,Yes,Fiber Optic,8,Yes,Yes,Yes,Yes,Yes,Yes,Yes,Yes,One Year,Yes,Bank Withdrawal,117.8,8684.8,0.0,0,2510.64,11195.44,Male,31,No,No,Yes,No,0,10,10.709090909090907,0,1,Detractor
4388,Yes,1,44,,Yes,37.68,No,Yes,DSL,24,No,Yes,Yes,Yes,No,No,No,Yes,Month-to-Month,Yes,Credit Card,61.9,2924.05,0.0,0,1657.92,4581.97,Male,41,No,No,Yes,Yes,3,5,10.316666666666666,0,0,Passive
3320,No,0,10,,Yes,16.85,No,Yes,Fiber Optic,30,No,No,Yes,No,No,Yes,Yes,Yes,Month-to-Month,Yes,Credit Card,84.6,865.55,0.0,0,168.5,1034.05,Female,70,No,Yes,No,No,0,5,14.1,1,0,Detractor
3443,No,0,4,Offer E,Yes,39.9,No,Yes,Cable,20,No,No,No,No,No,No,No,Yes,Month-to-Month,Yes,Credit Card,45.3,196.95,0.0,0,159.6,356.54999999999995,Female,36,No,No,No,No,0,2,15.1,1,0,Detractor
4948,No,0,69,,Yes,23.4,Yes,Yes,Fiber Optic,27,Yes,No,Yes,Yes,Yes,Yes,Yes,Yes,Two Year,No,Credit Card,110.25,7467.55,0.0,0,1614.6,9082.15,Female,72,No,Yes,No,No,0,9,11.025,0,0,Detractor
5098,No,0,2,,Yes,15.19,Yes,Yes,Fiber Optic,30,No,No,No,No,No,No,No,Yes,Month-to-Month,Yes,Mailed Check,72.6,154.3,0.0,0,30.38,184.68,Male,73,No,Yes,No,No,0,3,18.15,1,0,Detractor
5322,Yes,1,45,,Yes,22.31,Yes,Yes,Fiber Optic,19,No,Yes,Yes,No,No,Yes,Yes,Yes,Month-to-Month,Yes,Bank Withdrawal,95.95,4456.65,0.0,0,1003.95,5460.599999999999,Male,54,No,No,Yes,Yes,2,7,11.99375,0,1,Promoter
4126,No,0,30,,Yes,12.17,No,Yes,Fiber Optic,16,No,Yes,No,No,Yes,Yes,Yes,Yes,One Year,Yes,Bank Withdrawal,97.0,3021.3,0.0,0,365.1,3386.4,Male,44,No,No,No,No,0,6,13.857142857142858,0,1,Promoter
4965,Yes,8,14,Offer D,Yes,45.57,Yes,Yes,Fiber Optic,10,No,Yes,Yes,No,No,No,No,Yes,Month-to-Month,Yes,Bank Withdrawal,82.65,1185.0,0.0,0,637.98,1822.98,Male,37,No,No,Yes,No,0,5,13.775,0,1,Promoter
4194,No,0,8,,No,0.0,No,Yes,DSL,51,Yes,No,No,No,No,Yes,Yes,Yes,Month-to-Month,Yes,Bank Withdrawal,38.5,330.8,0.0,0,0.0,330.8,Female,22,Yes,No,No,Yes,1,4,7.7,1,1,Detractor
6349,Yes,3,62,,Yes,40.66,Yes,Yes,Fiber Optic,21,Yes,Yes,Yes,Yes,Yes,Yes,Yes,Yes,Two Year,No,Bank Withdrawal,115.55,7159.05,0.0,0,2520.92,9679.97,Male,56,No,No,Yes,Yes,3,10,10.504545454545454,0,1,Detractor
4544,No,0,70,Offer A,Yes,12.19,Yes,Yes,Fiber Optic,42,Yes,No,No,Yes,Yes,Yes,Yes,Yes,Two Year,Yes,Credit Card,104.0,7250.15,0.0,0,853.3,8103.45,Male,25,Yes,No,No,No,0,8,11.555555555555555,0,0,Detractor
5179,Yes,1,62,,Yes,39.67,No,Yes,Fiber Optic,41,Yes,Yes,No,No,No,No,No,Yes,One Year,Yes,Credit Card,81.45,4983.05,14.15,0,2459.54,7428.44,Male,27,Yes,No,Yes,Yes,3,4,16.29,0,0,Detractor
5921,Yes,2,48,Offer B,Yes,36.18,No,Yes,Fiber Optic,29,Yes,No,Yes,No,Yes,Yes,Yes,Yes,One Year,Yes,Bank Withdrawal,99.7,4977.2,0.0,0,1736.64,6713.84,Female,53,No,No,Yes,Yes,2,7,12.4625,0,1,Detractor
5971,Yes,7,60,,Yes,30.14,No,No,No internet,0,No,No,No,No,No,No,No,No,Two Year,No,Credit Card,19.95,1258.15,0.0,0,1808.4,3066.55,Male,39,No,No,Yes,No,0,1,9.975,0,0,Passive
6019,No,0,66,Offer A,Yes,23.81,Yes,No,No internet,0,No,No,No,No,No,No,No,No,Two Year,Yes,Credit Card,25.3,1673.8,0.0,0,1571.4599999999998,3245.26,Male,64,No,No,No,Yes,3,2,8.433333333333334,0,0,Passive
5250,No,0,11,Offer D,Yes,22.36,Yes,Yes,Cable,3,No,No,No,Yes,Yes,No,No,Yes,Month-to-Month,No,Bank Withdrawal,90.15,987.95,0.0,0,245.96,1233.91,Female,46,No,No,No,No,0,5,15.025,1,1,Detractor
6034,No,0,51,,Yes,4.14,No,Yes,Fiber Optic,21,No,No,Yes,No,Yes,Yes,Yes,Yes,One Year,Yes,Bank Withdrawal,94.0,4905.75,0.0,0,211.14,5116.89,Male,69,No,Yes,No,No,0,6,13.428571428571429,0,1,Passive
3065,No,0,1,Offer E,No,0.0,No,Yes,Cable,48,No,No,No,No,No,No,No,No,Month-to-Month,No,Credit Card,24.7,24.7,0.0,70,0.0,94.7,Female,29,Yes,No,No,Yes,1,0,24.7,1,0,Promoter
2452,Yes,1,14,Offer D,Yes,26.58,Yes,Yes,Fiber Optic,53,No,No,No,No,Yes,No,No,Yes,Month-to-Month,Yes,Bank Withdrawal,84.8,1203.9,0.0,0,372.12,1576.02,Female,46,No,No,Yes,Yes,3,4,16.96,0,1,Detractor
5438,No,0,22,Offer D,Yes,39.58,No,Yes,Fiber Optic,12,No,Yes,Yes,No,Yes,No,No,Yes,Month-to-Month,Yes,Bank Withdrawal,89.4,2001.5,0.0,0,870.76,2872.26,Male,39,No,No,No,No,0,5,14.9,0,1,Detractor
4883,No,0,13,,Yes,6.56,No,No,No internet,0,No,No,No,No,No,No,No,No,Two Year,Yes,Credit Card,20.4,261.3,0.0,0,85.28,346.58000000000004,Female,23,Yes,No,No,No,0,1,10.2,0,0,Promoter
5558,Yes,5,18,,Yes,1.28,Yes,Yes,DSL,30,No,Yes,No,No,No,No,No,Yes,Month-to-Month,No,Credit Card,56.8,1074.65,0.0,0,23.04,1097.69,Male,19,Yes,No,Yes,No,0,4,11.36,0,0,Promoter
5243,Yes,9,56,,Yes,29.06,Yes,No,No internet,0,No,No,No,No,No,No,No,No,Two Year,Yes,Credit Card,24.95,1468.9,0.0,0,1627.36,3096.26,Female,40,No,No,Yes,Yes,2,2,8.316666666666666,0,0,Promoter
3108,No,0,1,Offer E,Yes,21.72,No,Yes,Fiber Optic,52,No,No,No,No,No,Yes,Yes,Yes,Month-to-Month,Yes,Bank Withdrawal,79.6,79.6,0.0,0,21.72,101.32,Female,20,Yes,No,No,No,0,4,15.919999999999998,1,1,Detractor
4137,No,0,20,Offer D,Yes,48.03,No,No,No internet,0,No,No,No,No,No,No,No,No,Month-to-Month,No,Bank Withdrawal,19.25,375.25,0.0,0,960.6,1335.85,Female,49,No,No,Yes,No,0,1,9.625,0,1,Detractor
5813,No,0,24,,Yes,38.79,Yes,Yes,Fiber Optic,4,No,Yes,Yes,No,Yes,Yes,Yes,No,Month-to-Month,Yes,Bank Withdrawal,104.15,2494.65,0.0,40,930.96,3465.61,Female,48,No,No,No,No,0,7,13.01875,0,1,Promoter
4848,Yes,1,72,,Yes,39.74,Yes,Yes,Fiber Optic,5,Yes,Yes,Yes,No,Yes,Yes,Yes,Yes,Two Year,Yes,Bank Withdrawal,110.75,7751.7,0.0,0,2861.28,10612.98,Female,48,No,No,Yes,No,0,9,11.075,0,1,Passive
4761,No,0,29,,No,0.0,No,Yes,Cable,59,No,No,No,Yes,No,No,No,Yes,Month-to-Month,Yes,Bank Withdrawal,31.2,926.2,0.0,0,0.0,926.2,Female,30,No,No,No,No,0,2,10.4,0,1,Promoter
5903,No,0,35,,Yes,20.07,Yes,Yes,Fiber Optic,23,Yes,No,Yes,Yes,Yes,Yes,Yes,Yes,Two Year,Yes,Bank Withdrawal,108.95,4025.5,0.0,0,702.45,4727.95,Male,42,No,No,No,No,0,9,10.895,0,1,Detractor
3927,No,0,43,,Yes,22.83,Yes,Yes,Fiber Optic,47,No,No,Yes,Yes,Yes,Yes,Yes,Yes,One Year,Yes,Credit Card,104.3,4451.85,0.0,0,981.69,5433.54,Male,20,Yes,No,Yes,Yes,2,8,11.588888888888889,0,0,Promoter
2325,Yes,6,46,,Yes,4.72,No,No,No internet,0,No,No,No,No,No,No,No,No,One Year,Yes,Bank Withdrawal,20.2,845.6,0.0,0,217.12,1062.72,Male,44,No,No,Yes,No,0,1,10.1,0,1,Detractor
3423,Yes,1,44,,No,0.0,No,Yes,DSL,69,No,No,Yes,Yes,Yes,Yes,Yes,No,One Year,Yes,Bank Withdrawal,54.3,2317.1,0.0,10,0.0,2327.1,Male,25,Yes,No,Yes,Yes,1,5,9.05,0,1,Promoter
3106,No,0,1,,Yes,49.6,Yes,Yes,Fiber Optic,20,No,No,Yes,No,Yes,No,No,No,Month-to-Month,Yes,Bank Withdrawal,88.8,88.8,0.0,10,49.6,148.4,Male,77,No,Yes,No,No,0,4,17.759999999999998,1,1,Detractor
4288,Yes,9,72,Offer A,Yes,22.41,Yes,Yes,DSL,59,Yes,Yes,Yes,Yes,Yes,No,No,No,Two Year,No,Credit Card,79.2,5401.9,0.0,20,1613.52,7035.42,Female,21,Yes,No,Yes,No,0,7,9.9,0,0,Passive
4004,Yes,9,72,,Yes,24.08,No,Yes,Fiber Optic,19,Yes,Yes,Yes,Yes,Yes,Yes,Yes,Yes,Two Year,No,Bank Withdrawal,111.95,8033.1,0.0,0,1733.7599999999998,9766.86,Male,47,No,No,Yes,Yes,1,9,11.195,0,1,Detractor
2385,No,0,10,Offer D,Yes,1.48,No,Yes,DSL,25,No,Yes,No,No,Yes,No,No,No,Month-to-Month,Yes,Credit Card,59.65,638.95,0.0,90,14.8,743.75,Male,36,No,No,No,No,0,3,14.9125,1,0,Detractor
4206,No,0,10,Offer D,Yes,12.78,No,Yes,Fiber Optic,2,No,No,No,No,Yes,Yes,Yes,Yes,Month-to-Month,Yes,Bank Withdrawal,89.5,863.1,0.0,0,127.8,990.9,Male,55,No,No,No,No,0,5,14.916666666666666,1,1,Detractor
5154,No,0,49,,Yes,22.52,Yes,Yes,Fiber Optic,25,No,Yes,No,Yes,Yes,Yes,Yes,No,One Year,Yes,Bank Withdrawal,106.65,5168.1,0.0,130,1103.48,6401.58,Male,45,No,No,No,No,0,7,13.33125,0,1,Promoter
4226,Yes,10,70,,Yes,49.67,No,Yes,Fiber Optic,19,Yes,Yes,Yes,Yes,Yes,No,No,Yes,Two Year,Yes,Credit Card,101.1,6994.8,0.0,0,3476.9,10471.7,Male,52,No,No,Yes,Yes,2,7,12.6375,0,0,Detractor
3202,No,0,17,,Yes,45.61,No,Yes,DSL,53,Yes,No,No,No,No,No,No,Yes,Month-to-Month,Yes,Credit Card,50.3,846.8,0.0,0,775.37,1622.17,Male,35,No,No,No,Yes,3,3,12.575,0,0,Detractor
4107,No,0,14,Offer D,Yes,10.3,No,Yes,Fiber Optic,29,No,No,No,No,Yes,Yes,Yes,Yes,Month-to-Month,Yes,Credit Card,89.8,1129.1,0.0,0,144.20000000000002,1273.3,Female,57,No,No,No,No,0,5,14.966666666666669,0,0,Detractor
5396,Yes,1,52,,No,0.0,No,Yes,DSL,17,No,Yes,Yes,Yes,Yes,No,No,Yes,Two Year,No,Credit Card,50.2,2554.0,27.01,0,0.0,2526.99,Male,35,No,No,Yes,Yes,2,5,8.366666666666667,0,0,Passive
5757,Yes,6,59,,Yes,31.43,No,No,No internet,0,No,No,No,No,No,No,No,No,One Year,No,Credit Card,20.35,1267.0,0.0,0,1854.37,3121.37,Female,29,Yes,No,Yes,No,0,1,10.175,0,0,Promoter
2776,Yes,8,4,Offer E,Yes,35.09,No,Yes,DSL,30,No,No,No,No,No,No,No,Yes,Month-to-Month,No,Credit Card,45.25,155.35,0.0,0,140.36,295.71000000000004,Male,33,No,No,Yes,Yes,2,2,15.083333333333334,1,0,Promoter
5352,Yes,7,65,,Yes,2.95,Yes,No,No internet,0,No,No,No,No,No,No,No,No,Two Year,No,Credit Card,26.0,1654.85,0.0,0,191.75,1846.6,Female,48,No,No,Yes,Yes,1,2,8.666666666666666,0,0,Detractor
5228,Yes,1,17,Offer D,Yes,28.83,No,Yes,Fiber Optic,5,No,No,Yes,No,Yes,Yes,Yes,Yes,One Year,Yes,Bank Withdrawal,96.65,1588.25,0.0,0,490.11,2078.36,Male,33,No,No,Yes,No,0,6,13.80714285714286,0,1,Promoter
3875,No,0,25,Offer C,Yes,13.93,No,No,No internet,0,No,No,No,No,No,No,No,No,Two Year,No,Credit Card,19.8,475.2,0.0,0,348.25,823.45,Female,42,No,No,No,No,0,1,9.9,0,0,Detractor
4081,No,0,67,Offer A,Yes,37.32,Yes,Yes,DSL,59,Yes,Yes,Yes,Yes,Yes,Yes,Yes,Yes,One Year,Yes,Bank Withdrawal,88.8,5903.15,0.0,0,2500.44,8403.59,Male,19,Yes,No,No,No,0,10,8.072727272727272,0,1,Detractor
6009,Yes,10,71,Offer A,Yes,41.71,Yes,Yes,Cable,20,Yes,Yes,Yes,Yes,Yes,Yes,Yes,Yes,Two Year,Yes,Credit Card,90.55,6239.05,0.0,0,2961.41,9200.46,Female,43,No,No,Yes,Yes,3,10,8.231818181818182,0,0,Passive
5239,Yes,8,61,Offer B,Yes,12.32,Yes,Yes,Fiber Optic,7,No,Yes,Yes,Yes,Yes,Yes,Yes,Yes,Month-to-Month,Yes,Bank Withdrawal,114.1,7132.15,0.0,0,751.52,7883.67,Male,48,No,No,Yes,No,0,9,11.41,0,1,Passive
5625,Yes,7,29,,Yes,32.46,No,Yes,DSL,7,No,No,Yes,Yes,Yes,Yes,Yes,Yes,Two Year,No,Credit Card,75.55,2054.4,0.0,0,941.34,2995.74,Male,60,No,No,Yes,No,0,7,9.44375,0,0,Promoter
3849,Yes,1,39,,Yes,35.32,Yes,Yes,Fiber Optic,30,No,Yes,Yes,Yes,No,No,No,Yes,One Year,Yes,Bank Withdrawal,89.55,3474.45,0.0,0,1377.48,4851.93,Female,50,No,No,Yes,No,0,6,12.792857142857144,0,1,Detractor
5276,No,0,56,,Yes,35.59,No,Yes,Fiber Optic,69,No,Yes,No,No,No,No,Yes,Yes,Month-to-Month,Yes,Bank Withdrawal,73.85,4092.85,0.0,0,1993.04,6085.89,Female,22,Yes,No,No,No,0,4,14.77,0,1,Detractor
3350,No,0,2,,Yes,23.46,Yes,Yes,Fiber Optic,25,No,No,No,No,No,No,No,Yes,Month-to-Month,Yes,Credit Card,75.45,158.4,0.0,0,46.92,205.32,Female,77,No,Yes,No,No,0,3,18.8625,1,0,Detractor
5281,No,0,4,,Yes,37.7,No,Yes,DSL,2,No,No,No,Yes,Yes,No,No,No,Month-to-Month,Yes,Bank Withdrawal,61.3,249.4,0.0,10,150.8,410.2,Male,54,No,No,No,No,0,3,15.325,1,1,Detractor
5624,No,0,8,Offer E,Yes,35.21,No,No,No internet,0,No,No,No,No,No,No,No,No,Month-to-Month,Yes,Credit Card,20.45,162.3,0.0,0,281.68,443.98,Male,23,Yes,No,No,No,0,1,10.225,1,0,Detractor
3355,No,0,11,Offer D,Yes,26.84,No,Yes,Fiber Optic,15,No,No,No,No,No,Yes,Yes,No,Month-to-Month,Yes,Credit Card,79.15,827.7,0.0,140,295.24,1262.94,Male,80,No,Yes,No,No,0,3,19.7875,1,0,Promoter
3664,Yes,4,29,Offer C,No,0.0,No,Yes,DSL,22,No,No,No,No,Yes,No,No,Yes,Month-to-Month,No,Credit Card,33.75,1009.25,0.0,0,0.0,1009.25,Male,47,No,No,Yes,No,0,2,11.25,0,0,Detractor
5411,Yes,10,72,Offer A,Yes,29.0,Yes,Yes,Fiber Optic,22,Yes,Yes,Yes,Yes,Yes,Yes,Yes,Yes,Two Year,Yes,Bank Withdrawal,113.65,8182.75,0.0,0,2088.0,10270.75,Female,35,No,No,Yes,No,0,10,10.331818181818182,0,1,Detractor
5428,Yes,5,24,,Yes,34.01,Yes,Yes,Cable,4,Yes,No,No,Yes,No,No,No,Yes,One Year,Yes,Bank Withdrawal,58.35,1346.9,0.0,0,816.24,2163.1400000000003,Male,50,No,No,Yes,No,0,5,9.725,0,1,Detractor
2564,Yes,3,14,Offer D,Yes,5.17,No,Yes,Cable,25,No,Yes,Yes,Yes,Yes,Yes,Yes,Yes,Two Year,No,Credit Card,81.95,1181.75,0.0,0,72.38,1254.13,Male,48,No,No,Yes,No,0,8,9.105555555555556,0,0,Detractor
5242,No,0,8,Offer E,Yes,41.85,No,Yes,Fiber Optic,5,No,No,No,No,No,No,No,Yes,Two Year,Yes,Bank Withdrawal,69.7,572.85,0.0,0,334.8,907.65,Male,66,No,Yes,No,No,0,2,23.23333333333333,1,1,Passive
3663,No,0,1,Offer E,Yes,22.12,No,No,No internet,0,No,No,No,No,No,No,No,No,Month-to-Month,No,Mailed Check,20.4,20.4,0.0,0,22.12,42.52,Female,31,No,No,No,No,0,1,10.2,1,0,Detractor
5278,No,0,68,,No,0.0,No,Yes,DSL,58,Yes,No,Yes,Yes,No,No,No,Yes,Two Year,No,Credit Card,38.9,2719.2,0.0,0,0.0,2719.2,Female,21,Yes,No,No,No,0,4,7.779999999999999,0,0,Detractor
4382,Yes,1,72,Offer A,Yes,39.3,Yes,No,No internet,0,No,No,No,No,No,No,No,No,Two Year,No,Bank Withdrawal,25.2,1787.35,0.0,0,2829.6,4616.95,Female,64,No,No,Yes,Yes,3,2,8.4,0,1,Detractor
4442,Yes,7,25,,Yes,38.59,No,Yes,Fiber Optic,24,No,No,No,No,No,No,No,Yes,Two Year,Yes,Bank Withdrawal,69.3,1813.1,0.0,0,964.75,2777.85,Female,75,No,Yes,Yes,No,0,2,23.1,0,1,Passive
5750,Yes,1,27,,Yes,18.74,Yes,Yes,Fiber Optic,59,No,No,Yes,No,No,Yes,Yes,Yes,Month-to-Month,No,Bank Withdrawal,90.15,2423.4,0.0,0,505.98,2929.38,Female,25,Yes,No,Yes,No,0,6,12.87857142857143,0,1,Passive
5007,No,0,9,,Yes,19.22,Yes,Yes,Fiber Optic,10,No,No,No,No,Yes,Yes,Yes,Yes,Month-to-Month,Yes,Bank Withdrawal,95.5,829.1,0.0,0,172.98,1002.08,Male,45,No,No,No,No,0,6,13.642857142857142,1,1,Detractor
3810,No,0,7,Offer E,Yes,49.66,No,No,No internet,0,No,No,No,No,No,No,No,No,One Year,No,Credit Card,20.05,96.8,0.0,0,347.62,444.42,Female,56,No,No,No,Yes,3,1,10.025,1,0,Promoter
4078,No,0,25,,Yes,36.36,Yes,Yes,Fiber Optic,6,No,Yes,No,No,No,Yes,No,Yes,Month-to-Month,Yes,Bank Withdrawal,89.7,2187.55,23.33,0,909.0,3073.2200000000003,Female,72,No,Yes,No,No,0,5,14.95,0,1,Detractor
5119,Yes,3,11,Offer D,Yes,11.5,Yes,Yes,Fiber Optic,27,No,Yes,No,No,No,No,No,Yes,Month-to-Month,Yes,Bank Withdrawal,80.5,896.9,0.0,0,126.5,1023.4,Male,42,No,No,Yes,No,0,4,16.1,1,1,Detractor
5011,Yes,1,61,,Yes,45.7,Yes,Yes,Fiber Optic,24,No,Yes,Yes,No,Yes,Yes,Yes,Yes,Month-to-Month,Yes,Bank Withdrawal,105.55,6281.45,0.0,0,2787.7000000000003,9069.15,Male,44,No,No,Yes,No,0,8,11.727777777777778,0,1,Detractor
4612,No,0,7,Offer E,Yes,48.82,Yes,Yes,Cable,19,No,No,No,Yes,Yes,Yes,Yes,Yes,Month-to-Month,Yes,Bank Withdrawal,74.65,521.1,28.35,0,341.74,834.49,Female,33,No,No,No,No,0,7,9.33125,1,1,Detractor
3056,No,0,2,,Yes,15.67,No,Yes,Fiber Optic,8,No,No,No,No,No,No,No,Yes,Month-to-Month,Yes,Bank Withdrawal,69.7,135.2,0.0,0,31.34,166.54,Female,54,No,No,No,No,0,2,23.23333333333333,1,1,Promoter
5137,No,0,18,,Yes,38.79,Yes,Yes,Fiber Optic,14,No,Yes,No,No,No,No,No,Yes,Month-to-Month,Yes,Credit Card,80.55,1411.65,0.0,0,698.22,2109.87,Male,67,No,Yes,No,No,0,4,16.11,0,0,Promoter
5398,No,0,72,Offer A,Yes,29.29,Yes,No,No internet,0,No,No,No,No,No,No,No,No,Two Year,No,Bank Withdrawal,24.75,1777.6,0.0,0,2108.88,3886.48,Male,25,Yes,No,No,No,0,2,8.25,0,1,Promoter
4665,No,0,7,Offer E,No,0.0,No,Yes,Cable,48,No,No,No,No,No,No,No,Yes,One Year,Yes,Credit Card,24.35,150.85,0.0,0,0.0,150.85,Male,23,Yes,No,No,No,0,1,12.175,1,0,Passive
4780,No,0,15,Offer D,Yes,47.57,Yes,Yes,DSL,26,Yes,No,No,No,No,Yes,Yes,Yes,Month-to-Month,Yes,Bank Withdrawal,64.65,994.55,0.0,0,713.55,1708.1,Female,51,No,No,No,No,0,6,9.235714285714286,0,1,Detractor
4639,Yes,1,49,Offer B,Yes,39.6,Yes,Yes,Fiber Optic,20,No,No,No,No,Yes,No,No,Yes,Month-to-Month,No,Bank Withdrawal,84.5,4254.85,0.0,0,1940.4,6195.25,Male,55,No,No,Yes,No,0,4,16.9,0,1,Detractor
2959,No,0,1,Offer E,Yes,23.16,No,No,No internet,0,No,No,No,No,No,No,No,No,Month-to-Month,No,Mailed Check,20.25,20.25,0.0,0,23.16,43.41,Male,41,No,No,No,No,0,1,10.125,1,0,Detractor
3212,No,0,4,Offer E,Yes,12.24,Yes,Yes,Fiber Optic,11,No,Yes,No,No,No,Yes,Yes,No,Month-to-Month,Yes,Bank Withdrawal,90.05,368.1,0.0,30,48.96,447.06,Male,42,No,No,No,No,0,5,15.008333333333333,1,1,Detractor
4565,Yes,8,41,,Yes,2.43,No,Yes,DSL,69,Yes,Yes,Yes,No,No,No,Yes,Yes,One Year,Yes,Bank Withdrawal,60.3,2511.3,0.0,0,99.63,2610.9300000000003,Male,20,Yes,No,Yes,No,0,6,8.614285714285714,0,1,Detractor
4855,No,0,2,Offer E,Yes,22.56,No,Yes,Fiber Optic,15,Yes,Yes,No,No,Yes,Yes,Yes,No,Month-to-Month,No,Bank Withdrawal,100.2,198.5,0.0,10,45.12,253.62,Male,49,No,No,No,No,0,6,14.314285714285717,1,1,Detractor
2584,No,0,3,Offer E,Yes,25.04,No,Yes,Cable,17,No,No,No,Yes,Yes,Yes,Yes,Yes,Month-to-Month,No,Credit Card,70.7,225.65,0.0,0,75.12,300.77,Male,44,No,No,No,Yes,1,6,10.1,1,0,Detractor
4415,Yes,1,65,Offer B,Yes,26.75,Yes,Yes,Cable,51,Yes,Yes,Yes,No,No,Yes,Yes,Yes,One Year,No,Credit Card,72.45,4653.85,14.23,0,1738.75,6378.370000000001,Male,24,Yes,No,Yes,No,0,8,8.05,0,0,Detractor
6181,Yes,2,72,Offer A,Yes,6.89,Yes,Yes,Fiber Optic,73,Yes,Yes,Yes,No,Yes,Yes,Yes,No,Two Year,Yes,Bank Withdrawal,109.65,7880.25,0.0,10,496.08,8386.33,Male,20,Yes,No,Yes,No,0,8,12.183333333333334,0,1,Passive
4323,No,0,10,,Yes,8.35,No,Yes,Cable,29,No,No,No,Yes,No,Yes,Yes,Yes,Month-to-Month,Yes,Credit Card,60.95,629.55,0.0,0,83.5,713.05,Female,58,No,No,No,No,0,5,10.158333333333331,1,0,Detractor
5154,No,0,35,Offer C,Yes,39.87,Yes,Yes,Fiber Optic,23,Yes,Yes,Yes,Yes,No,No,No,No,Month-to-Month,Yes,Credit Card,96.75,3403.4,0.0,130,1395.4499999999998,4928.85,Male,62,No,No,No,No,0,6,13.821428571428571,0,0,Detractor
5900,No,0,5,,Yes,45.69,No,Yes,Cable,4,No,No,Yes,Yes,Yes,Yes,Yes,Yes,Month-to-Month,No,Bank Withdrawal,75.15,392.65,0.0,0,228.45,621.0999999999999,Male,51,No,No,No,No,0,7,9.39375,1,1,Passive
2158,No,0,3,Offer E,Yes,32.01,No,No,No internet,0,No,No,No,No,No,No,No,No,Month-to-Month,No,Mailed Check,19.85,64.55,0.0,0,96.03,160.57999999999998,Male,29,Yes,No,No,No,0,1,9.925,1,0,Detractor
5332,No,0,2,,Yes,16.76,No,Yes,Fiber Optic,27,No,Yes,No,No,Yes,Yes,Yes,Yes,Month-to-Month,No,Bank Withdrawal,95.65,167.3,0.0,0,33.52,200.82,Male,34,No,No,No,No,0,6,13.664285714285716,1,1,Detractor
4352,Yes,6,34,,Yes,40.67,No,Yes,DSL,7,No,No,No,Yes,No,No,No,Yes,Month-to-Month,No,Bank Withdrawal,50.2,1815.3,0.0,0,1382.78,3198.08,Female,33,No,No,Yes,No,0,3,12.55,0,1,Promoter
5597,No,0,52,Offer B,Yes,42.9,Yes,Yes,Fiber Optic,14,No,Yes,No,No,No,No,No,Yes,One Year,Yes,Credit Card,80.2,4297.6,0.0,0,2230.8,6528.4,Female,43,No,No,No,No,0,4,16.04,0,0,Passive
2608,Yes,2,48,,Yes,9.77,No,No,No internet,0,No,No,No,No,No,No,No,No,Two Year,No,Credit Card,20.0,935.9,0.0,0,468.96,1404.86,Female,19,Yes,No,Yes,Yes,3,1,10.0,0,0,Promoter
2968,No,0,12,,Yes,40.06,No,Yes,Fiber Optic,41,No,No,No,No,No,Yes,Yes,Yes,Month-to-Month,Yes,Bank Withdrawal,79.95,1043.4,0.0,0,480.72,1524.12,Male,23,Yes,No,No,No,0,4,15.99,1,1,Promoter
5643,Yes,5,42,Offer B,Yes,6.37,Yes,Yes,Fiber Optic,69,Yes,Yes,No,No,Yes,No,No,No,One Year,Yes,Credit Card,94.45,3923.8,0.0,140,267.54,4331.34,Female,21,Yes,No,Yes,Yes,3,5,15.741666666666667,0,0,Detractor
3666,No,0,19,Offer D,Yes,20.26,No,Yes,Fiber Optic,25,No,Yes,Yes,No,No,No,No,Yes,Month-to-Month,Yes,Bank Withdrawal,78.25,1490.95,0.0,0,384.94000000000005,1875.89,Male,59,No,No,No,No,0,4,15.65,0,1,Detractor
4359,No,0,23,,Yes,38.69,Yes,Yes,Cable,69,No,No,No,Yes,Yes,No,Yes,Yes,Month-to-Month,Yes,Bank Withdrawal,90.6,1943.2,4.73,0,889.8699999999999,2828.34,Male,21,Yes,No,No,No,0,6,12.94285714285714,0,1,Detractor
4128,No,0,29,Offer C,Yes,32.43,No,No,No internet,0,No,No,No,No,No,No,No,No,One Year,No,Credit Card,20.0,599.3,0.0,0,940.47,1539.77,Female,30,No,No,No,No,0,1,10.0,0,0,Promoter
5374,Yes,1,12,Offer D,Yes,6.97,No,Yes,Fiber Optic,19,No,No,No,No,No,Yes,No,Yes,Month-to-Month,Yes,Bank Withdrawal,80.45,950.2,0.0,0,83.64,1033.84,Male,77,No,Yes,Yes,No,0,3,20.1125,1,1,Detractor
5580,Yes,5,27,Offer C,Yes,19.32,No,Yes,DSL,30,No,Yes,No,No,No,No,No,Yes,Month-to-Month,No,Credit Card,49.85,1336.15,0.0,0,521.64,1857.79,Female,37,No,No,Yes,Yes,5,3,12.4625,0,0,Detractor
2704,No,0,3,,Yes,43.72,Yes,Yes,Fiber Optic,21,No,No,Yes,No,No,Yes,Yes,Yes,Month-to-Month,No,Bank Withdrawal,91.85,257.05,0.0,0,131.16,388.21,Male,53,No,No,No,No,0,6,13.12142857142857,1,1,Detractor
4667,Yes,5,29,,Yes,24.64,No,No,No internet,0,No,No,No,No,No,No,No,No,Month-to-Month,Yes,Mailed Check,20.65,654.85,0.0,0,714.5600000000001,1369.41,Male,20,Yes,No,Yes,Yes,1,1,10.325,0,0,Detractor
3167,No,0,15,Offer D,Yes,17.19,Yes,Yes,DSL,19,No,No,No,Yes,No,No,No,Yes,Month-to-Month,No,Credit Card,55.0,757.1,0.0,0,257.85,1014.95,Female,73,No,Yes,No,No,0,4,11.0,0,0,Detractor
3016,No,0,30,,No,0.0,No,Yes,Cable,7,No,No,Yes,No,Yes,No,No,No,Month-to-Month,Yes,Bank Withdrawal,40.3,1172.95,0.0,100,0.0,1272.95,Female,74,No,Yes,No,No,0,2,13.433333333333332,0,1,Detractor
6409,No,0,58,Offer B,Yes,32.67,No,Yes,Fiber Optic,14,Yes,Yes,No,No,Yes,Yes,Yes,Yes,One Year,No,Bank Withdrawal,99.15,5720.95,0.0,0,1894.86,7615.809999999999,Male,54,No,No,No,No,0,7,12.39375,0,1,Detractor
4455,No,0,4,,Yes,9.77,No,Yes,Cable,16,Yes,No,No,No,No,No,No,No,Month-to-Month,Yes,Bank Withdrawal,49.4,184.4,0.0,10,39.08,233.48,Male,44,No,No,No,Yes,2,2,16.466666666666665,1,1,Detractor
3415,No,0,10,Offer D,Yes,7.65,No,Yes,DSL,17,Yes,No,No,Yes,Yes,No,No,Yes,Month-to-Month,No,Bank Withdrawal,62.25,612.95,0.0,0,76.5,689.45,Male,32,No,No,No,No,0,5,10.375,1,1,Detractor
4630,No,0,52,,Yes,49.29,No,Yes,Fiber Optic,51,No,Yes,Yes,Yes,Yes,Yes,Yes,Yes,One Year,Yes,Bank Withdrawal,105.0,5426.85,0.0,0,2563.08,7989.93,Male,21,Yes,No,No,No,0,8,11.666666666666666,0,1,Detractor
4105,No,0,60,,Yes,10.7,Yes,Yes,Fiber Optic,71,No,Yes,Yes,No,Yes,Yes,Yes,Yes,Month-to-Month,Yes,Bank Withdrawal,105.9,6396.45,0.0,0,642.0,7038.45,Female,20,Yes,No,No,No,0,8,11.766666666666667,0,1,Detractor
4556,No,0,54,,Yes,18.74,No,Yes,DSL,16,Yes,Yes,No,No,Yes,No,No,Yes,Two Year,Yes,Bank Withdrawal,65.3,3512.9,0.0,0,1011.96,4524.86,Male,47,No,No,No,No,0,5,10.883333333333333,0,1,Detractor
4795,Yes,1,30,,Yes,4.65,No,Yes,DSL,29,No,Yes,No,No,No,No,No,Yes,Month-to-Month,Yes,Bank Withdrawal,50.4,1527.5,0.0,0,139.5,1667.0,Male,71,No,Yes,Yes,No,0,3,12.6,0,1,Detractor
5971,No,0,8,Offer E,No,0.0,No,Yes,DSL,4,No,No,Yes,No,No,No,No,Yes,Month-to-Month,Yes,Bank Withdrawal,29.4,221.9,0.0,0,0.0,221.9,Male,65,No,Yes,No,No,0,2,9.8,1,1,Detractor
5993,No,0,18,Offer D,Yes,48.68,No,Yes,DSL,48,Yes,No,Yes,Yes,Yes,No,No,Yes,Month-to-Month,Yes,Bank Withdrawal,68.35,1299.8,0.0,0,876.24,2176.04,Male,22,Yes,No,No,No,0,6,9.764285714285714,0,1,Detractor
3452,No,0,26,Offer C,Yes,6.24,No,Yes,Fiber Optic,25,No,Yes,Yes,No,Yes,No,No,Yes,Month-to-Month,No,Bank Withdrawal,89.8,2335.3,0.0,0,162.24,2497.54,Male,49,No,No,No,No,0,5,14.966666666666669,0,1,Detractor
3764,Yes,1,35,Offer C,Yes,20.85,No,No,No internet,0,No,No,No,No,No,No,No,No,Two Year,No,Credit Card,19.6,686.95,0.0,0,729.75,1416.7,Male,52,No,No,Yes,Yes,3,1,9.8,0,0,Passive
4546,Yes,2,57,,Yes,6.63,Yes,Yes,Cable,27,No,Yes,Yes,Yes,Yes,No,No,Yes,One Year,No,Bank Withdrawal,74.6,4368.95,0.0,0,377.91,4746.86,Female,25,Yes,No,Yes,No,0,7,9.325,0,1,Passive
4142,Yes,1,1,,Yes,24.33,No,Yes,Fiber Optic,59,No,No,No,No,Yes,Yes,Yes,Yes,Month-to-Month,Yes,Bank Withdrawal,90.1,90.1,0.0,0,24.33,114.43,Male,20,Yes,No,Yes,Yes,3,5,15.016666666666666,1,1,Detractor
2666,No,0,20,,Yes,48.73,Yes,Yes,Fiber Optic,12,No,Yes,Yes,No,No,Yes,No,No,Month-to-Month,Yes,Bank Withdrawal,94.1,1782.4,0.0,80,974.6,2837.0,Female,77,No,Yes,No,No,0,5,15.683333333333332,0,1,Detractor
3005,No,0,2,Offer E,Yes,41.64,No,Yes,DSL,25,No,No,Yes,Yes,Yes,Yes,Yes,Yes,Month-to-Month,No,Bank Withdrawal,76.4,160.8,0.0,0,83.28,244.08,Female,39,No,No,No,No,0,7,9.55,1,1,Detractor
5746,Yes,1,50,,Yes,4.6,No,Yes,Cable,24,No,No,No,No,No,No,No,Yes,Month-to-Month,Yes,Bank Withdrawal,71.05,3444.85,0.0,0,230.0,3674.85,Female,69,No,Yes,Yes,No,0,2,23.683333333333334,0,1,Detractor
3904,No,0,24,,Yes,26.64,Yes,No,No internet,0,No,No,No,No,No,No,No,No,Two Year,No,Credit Card,25.15,553.0,0.0,0,639.36,1192.36,Female,19,Yes,No,No,No,0,2,8.383333333333333,0,0,Promoter
2667,No,0,2,,Yes,49.81,No,Yes,DSL,41,No,No,No,No,No,No,Yes,Yes,Month-to-Month,Yes,Credit Card,46.0,84.5,0.0,0,99.62,184.12,Male,19,Yes,No,No,No,0,3,11.5,1,0,Detractor
4941,No,0,68,,Yes,11.22,Yes,Yes,Fiber Optic,7,Yes,Yes,Yes,No,Yes,No,No,Yes,One Year,No,Bank Withdrawal,101.35,7110.75,0.0,0,762.96,7873.71,Male,56,No,No,No,No,0,7,12.66875,0,1,Passive
5140,Yes,4,55,,Yes,22.74,Yes,Yes,Fiber Optic,21,No,Yes,Yes,Yes,No,No,No,Yes,Two Year,No,Bank Withdrawal,90.45,5044.8,12.48,0,1250.6999999999998,6283.02,Female,68,No,Yes,Yes,No,0,6,12.921428571428573,0,1,Passive
4754,Yes,5,64,Offer B,Yes,26.7,No,Yes,Cable,17,Yes,No,No,Yes,Yes,No,No,No,One Year,No,Mailed Check,65.8,4068.0,27.79,20,1708.8,5769.01,Female,39,No,No,Yes,Yes,2,4,13.16,0,0,Detractor
4280,Yes,1,46,,Yes,45.95,No,Yes,Cable,10,Yes,No,Yes,Yes,Yes,Yes,Yes,Yes,Two Year,No,Mailed Check,81.0,3846.35,0.0,0,2113.7000000000003,5960.05,Male,37,No,No,Yes,Yes,1,8,9.0,0,0,Passive
3612,No,0,19,,Yes,11.86,Yes,No,No internet,0,No,No,No,No,No,No,No,No,Month-to-Month,No,Bank Withdrawal,24.7,465.85,1.65,0,225.34,689.54,Female,62,No,No,No,No,0,2,8.233333333333333,0,1,Promoter
4795,Yes,1,71,Offer A,No,0.0,No,Yes,DSL,16,Yes,Yes,Yes,Yes,No,No,No,Yes,Two Year,Yes,Bank Withdrawal,47.6,3377.8,0.0,0,0.0,3377.8,Female,44,No,No,Yes,No,0,5,7.933333333333334,0,1,Detractor
3016,Yes,1,9,,Yes,17.47,No,Yes,Fiber Optic,6,No,Yes,Yes,Yes,Yes,No,No,Yes,Month-to-Month,Yes,Credit Card,94.85,890.6,0.0,0,157.23,1047.83,Male,54,No,No,Yes,No,0,6,13.55,1,0,Detractor
4556,No,0,1,Offer E,Yes,32.73,Yes,No,No internet,0,No,No,No,No,No,No,No,No,Month-to-Month,No,Mailed Check,25.4,25.4,0.0,0,32.73,58.13,Female,21,Yes,No,No,Yes,1,2,8.466666666666667,1,0,Detractor
4997,No,0,27,Offer C,Yes,35.76,Yes,Yes,Fiber Optic,4,Yes,Yes,Yes,No,Yes,Yes,No,Yes,One Year,Yes,Bank Withdrawal,110.5,2857.6,0.0,0,965.52,3823.12,Female,70,No,Yes,No,No,0,8,12.27777777777778,0,1,Detractor
4302,Yes,1,61,,Yes,43.48,Yes,Yes,DSL,20,Yes,Yes,Yes,Yes,No,Yes,Yes,Yes,Two Year,Yes,Bank Withdrawal,80.8,4860.85,17.17,0,2652.28,7495.96,Male,53,No,No,Yes,No,0,9,8.08,0,1,Passive
5530,No,0,13,Offer D,Yes,33.95,No,Yes,DSL,59,No,No,No,Yes,No,No,Yes,Yes,Month-to-Month,Yes,Credit Card,50.55,610.75,0.0,0,441.35,1052.1,Male,28,Yes,No,No,No,0,4,10.11,0,0,Promoter
5876,Yes,1,71,Offer A,Yes,28.34,Yes,Yes,Fiber Optic,59,No,Yes,No,No,Yes,Yes,Yes,Yes,One Year,No,Bank Withdrawal,100.55,7113.75,16.99,0,2012.14,9108.9,Male,22,Yes,No,Yes,Yes,1,7,12.56875,0,1,Promoter
5460,Yes,8,70,,No,0.0,No,Yes,Cable,26,Yes,No,Yes,Yes,No,Yes,Yes,Yes,Two Year,Yes,Bank Withdrawal,49.85,3370.2,0.0,0,0.0,3370.2,Female,46,No,No,Yes,No,0,6,7.121428571428572,0,1,Detractor
4709,Yes,1,59,,Yes,29.6,No,Yes,Fiber Optic,12,Yes,No,Yes,No,No,No,No,Yes,One Year,Yes,Credit Card,81.25,4639.45,0.0,0,1746.4,6385.85,Female,43,No,No,Yes,No,0,4,16.25,0,0,Detractor
2798,No,0,44,,Yes,47.53,No,No,No internet,0,No,No,No,No,No,No,No,No,Two Year,No,Credit Card,20.05,845.25,15.31,0,2091.32,2921.26,Male,28,Yes,No,No,No,0,1,10.025,0,0,Detractor
3113,No,0,1,,Yes,39.6,No,Yes,DSL,17,No,No,No,Yes,No,No,No,Yes,Month-to-Month,Yes,Mailed Check,49.9,49.9,0.0,0,39.6,89.5,Male,34,No,No,No,Yes,1,3,12.475,1,0,Detractor
5273,Yes,4,5,Offer E,Yes,45.76,Yes,Yes,Fiber Optic,22,No,No,No,No,No,No,No,Yes,Month-to-Month,Yes,Bank Withdrawal,74.35,334.8,0.0,0,228.8,563.6,Female,72,No,Yes,Yes,No,0,3,18.5875,1,1,Detractor
6069,Yes,3,52,Offer B,Yes,18.02,Yes,Yes,Fiber Optic,3,Yes,No,Yes,Yes,No,No,No,No,Two Year,Yes,Credit Card,91.6,4627.8,0.0,60,937.04,5624.84,Male,61,No,No,Yes,No,0,5,15.266666666666666,0,0,Detractor
5952,Yes,9,71,,Yes,33.67,Yes,Yes,Fiber Optic,75,No,Yes,No,Yes,No,No,No,Yes,Two Year,Yes,Bank Withdrawal,84.8,6152.4,0.0,0,2390.57,8542.97,Male,40,No,No,Yes,Yes,3,5,14.133333333333333,0,1,Detractor
4235,No,0,29,,Yes,20.98,Yes,Yes,Fiber Optic,16,No,No,No,Yes,Yes,Yes,No,Yes,Month-to-Month,No,Bank Withdrawal,98.65,2862.75,0.0,0,608.42,3471.17,Female,76,No,Yes,No,No,0,6,14.092857142857143,0,1,Detractor
4763,Yes,5,60,Offer B,Yes,10.4,Yes,Yes,Fiber Optic,5,No,No,No,Yes,Yes,Yes,No,No,Two Year,Yes,Bank Withdrawal,99.0,6017.9,0.0,150,624.0,6791.9,Male,69,No,Yes,Yes,No,0,5,16.5,0,1,Detractor
3179,No,0,42,,No,0.0,No,Yes,DSL,13,Yes,Yes,Yes,Yes,No,Yes,Yes,No,One Year,Yes,Bank Withdrawal,54.75,2348.45,0.0,80,0.0,2428.45,Female,51,No,No,No,No,0,6,7.821428571428571,0,1,Detractor
3336,Yes,1,33,,Yes,14.34,Yes,Yes,Fiber Optic,28,No,No,No,No,No,Yes,Yes,Yes,Month-to-Month,No,Credit Card,86.15,2745.7,0.0,0,473.22,3218.92,Female,63,No,No,Yes,No,0,5,14.358333333333334,0,0,Detractor
4072,Yes,1,19,,Yes,5.93,Yes,Yes,Fiber Optic,51,No,No,No,Yes,Yes,Yes,Yes,Yes,One Year,Yes,Bank Withdrawal,100.95,1875.55,0.0,0,112.67,1988.22,Male,29,Yes,No,Yes,No,0,7,12.61875,0,1,Detractor
4353,Yes,4,60,,Yes,19.68,Yes,Yes,Fiber Optic,53,Yes,Yes,No,No,No,Yes,No,Yes,One Year,Yes,Bank Withdrawal,93.25,5774.55,0.0,0,1180.8,6955.35,Male,70,No,Yes,Yes,Yes,3,6,13.321428571428571,0,1,Detractor
5789,No,0,57,,Yes,17.55,No,Yes,Fiber Optic,15,No,No,Yes,No,Yes,Yes,Yes,Yes,Two Year,Yes,Bank Withdrawal,95.25,5464.65,0.0,0,1000.35,6465.0,Female,39,No,No,No,No,0,6,13.607142857142858,0,1,Detractor
5684,No,0,1,,Yes,45.59,No,Yes,DSL,5,No,No,No,No,No,No,No,Yes,Month-to-Month,No,Credit Card,43.95,43.95,0.0,0,45.59,89.54,Female,38,No,No,No,No,0,2,14.65,1,0,Promoter
2834,No,0,5,,Yes,4.59,No,Yes,Fiber Optic,11,No,No,No,No,Yes,Yes,No,Yes,Month-to-Month,Yes,Bank Withdrawal,91.4,449.75,0.0,0,22.95,472.7,Male,79,No,Yes,No,No,0,4,18.28,1,1,Detractor
4109,No,0,5,Offer E,Yes,34.49,Yes,Yes,Fiber Optic,46,No,No,No,No,Yes,No,Yes,Yes,Month-to-Month,Yes,Bank Withdrawal,85.2,474.8,0.0,0,172.45000000000002,647.25,Female,26,Yes,No,No,No,0,5,14.2,1,1,Detractor
5091,No,0,16,Offer D,Yes,6.86,No,Yes,DSL,8,No,Yes,No,Yes,No,No,No,No,Month-to-Month,Yes,Credit Card,53.9,834.15,0.0,40,109.76,983.91,Female,36,No,No,No,No,0,3,13.475,0,0,Detractor
4193,Yes,1,65,,Yes,27.69,Yes,Yes,Fiber Optic,52,No,Yes,Yes,Yes,Yes,Yes,Yes,Yes,Two Year,Yes,Bank Withdrawal,107.65,7082.85,0.0,0,1799.85,8882.7,Female,25,Yes,No,Yes,No,0,9,10.765,0,1,Promoter
6439,Yes,2,53,Offer B,Yes,42.18,Yes,Yes,Fiber Optic,53,No,No,No,Yes,No,Yes,Yes,No,One Year,Yes,Bank Withdrawal,91.15,4862.5,0.0,150,2235.54,7248.04,Female,21,Yes,No,Yes,No,0,5,15.191666666666668,0,1,Promoter
5000,Yes,4,31,,Yes,3.73,Yes,Yes,Fiber Optic,13,No,No,Yes,Yes,Yes,Yes,Yes,Yes,Month-to-Month,Yes,Bank Withdrawal,104.2,3243.45,17.01,0,115.63,3342.07,Female,51,No,No,Yes,No,0,8,11.577777777777778,0,1,Detractor
5136,Yes,5,72,Offer A,Yes,13.59,Yes,Yes,DSL,5,Yes,Yes,Yes,Yes,Yes,Yes,Yes,No,Two Year,No,Credit Card,92.3,6719.9,0.0,0,978.48,7698.379999999999,Male,42,No,No,Yes,No,0,9,9.23,0,0,Passive
5254,Yes,6,64,,Yes,16.61,Yes,Yes,Cable,4,Yes,Yes,Yes,Yes,No,Yes,Yes,Yes,Two Year,Yes,Mailed Check,81.3,5129.3,22.34,0,1063.04,6170.0,Female,33,No,No,Yes,No,0,9,8.129999999999999,0,0,Passive
2776,No,0,46,Offer B,Yes,30.99,No,No,No internet,0,No,No,No,No,No,No,No,No,Two Year,No,Credit Card,19.2,908.15,0.0,0,1425.54,2333.69,Male,49,No,No,No,No,0,1,9.6,0,0,Passive
2719,Yes,2,41,Offer B,Yes,9.85,No,Yes,Fiber Optic,14,Yes,Yes,Yes,No,Yes,Yes,Yes,Yes,One Year,Yes,Bank Withdrawal,104.45,4162.05,0.0,0,403.85,4565.900000000001,Female,45,No,No,Yes,No,0,8,11.605555555555556,0,1,Detractor
3900,Yes,4,39,Offer C,Yes,48.14,No,Yes,Cable,23,No,No,Yes,No,Yes,No,No,Yes,Month-to-Month,Yes,Credit Card,59.85,2341.5,0.0,0,1877.46,4218.96,Female,32,No,No,Yes,Yes,2,4,11.97,0,0,Detractor
5230,No,0,1,,Yes,44.98,No,Yes,DSL,27,No,Yes,No,No,No,No,No,Yes,Month-to-Month,No,Bank Withdrawal,49.95,49.95,0.0,0,44.98,94.93,Female,37,No,No,No,No,0,3,12.4875,1,1,Detractor
4604,Yes,5,21,,Yes,42.95,No,Yes,DSL,30,Yes,Yes,No,No,No,Yes,No,Yes,One Year,Yes,Bank Withdrawal,64.95,1339.8,0.0,0,901.95,2241.75,Male,79,No,Yes,Yes,No,0,5,10.825,0,1,Passive
3831,Yes,9,10,Offer D,Yes,49.6,No,No,No internet,0,No,No,No,No,No,No,No,No,Month-to-Month,Yes,Bank Withdrawal,19.95,187.75,0.0,0,496.0,683.75,Female,21,Yes,No,Yes,No,0,1,9.975,1,1,Passive
5880,No,0,29,Offer C,Yes,49.52,No,No,No internet,0,No,No,No,No,No,No,No,No,One Year,No,Credit Card,19.1,529.5,0.0,0,1436.0800000000002,1965.58,Male,40,No,No,No,No,0,1,9.55,0,0,Passive
4971,No,0,54,,Yes,31.55,Yes,Yes,Fiber Optic,8,No,Yes,No,No,Yes,Yes,Yes,Yes,Two Year,Yes,Bank Withdrawal,97.2,5129.45,0.0,0,1703.7,6833.15,Female,39,No,No,No,No,0,7,12.15,0,1,Promoter
5357,No,0,22,Offer D,Yes,11.46,Yes,Yes,Fiber Optic,16,No,No,No,No,No,Yes,Yes,Yes,Month-to-Month,No,Bank Withdrawal,83.05,1799.3,0.0,0,252.12,2051.42,Male,35,No,No,No,No,0,5,13.841666666666669,0,1,Passive
5956,Yes,4,66,,Yes,7.67,Yes,Yes,DSL,69,No,No,No,Yes,No,Yes,Yes,Yes,Month-to-Month,No,Bank Withdrawal,63.85,4264.6,0.0,0,506.22,4770.820000000001,Male,21,Yes,No,Yes,No,0,6,9.121428571428572,0,1,Detractor
3524,No,0,19,,Yes,7.95,No,Yes,Fiber Optic,12,Yes,Yes,No,Yes,Yes,Yes,No,No,One Year,Yes,Mailed Check,105.0,2007.25,0.0,20,151.05,2178.3,Female,67,No,Yes,No,No,0,6,15.0,0,0,Detractor
6436,Yes,10,72,Offer A,Yes,27.97,No,No,No internet,0,No,No,No,No,No,No,No,No,Two Year,No,Credit Card,19.7,1421.9,0.0,0,2013.84,3435.74,Male,23,Yes,No,Yes,No,0,1,9.85,0,0,Detractor
3964,Yes,1,1,Offer E,Yes,15.28,No,Yes,Fiber Optic,30,No,No,No,No,No,No,No,Yes,Month-to-Month,Yes,Mailed Check,70.45,70.45,0.0,0,15.28,85.73,Female,76,No,Yes,Yes,Yes,2,2,23.48333333333333,1,0,Detractor
5308,Yes,10,72,,Yes,26.32,Yes,Yes,Fiber Optic,53,Yes,Yes,Yes,Yes,Yes,Yes,Yes,Yes,Two Year,Yes,Bank Withdrawal,113.1,8248.5,0.0,0,1895.04,10143.54,Female,43,No,No,Yes,Yes,5,10,10.28181818181818,0,1,Detractor
4175,Yes,7,36,,Yes,21.77,No,No,No internet,0,No,No,No,No,No,No,No,No,One Year,No,Mailed Check,20.0,666.75,0.0,0,783.72,1450.47,Male,47,No,No,Yes,No,0,1,10.0,0,0,Detractor
5748,Yes,3,68,Offer A,Yes,9.29,No,Yes,Fiber Optic,18,Yes,Yes,No,Yes,No,Yes,Yes,Yes,Two Year,No,Bank Withdrawal,95.1,6683.4,0.0,0,631.7199999999999,7315.12,Male,31,No,No,Yes,Yes,2,7,11.8875,0,1,Detractor
5247,Yes,1,32,,Yes,33.74,Yes,Yes,Fiber Optic,6,No,No,No,No,Yes,Yes,No,Yes,Month-to-Month,Yes,Bank Withdrawal,93.2,2931.0,17.88,0,1079.68,3992.8,Female,69,No,Yes,Yes,No,0,5,15.533333333333331,0,1,Detractor
5144,No,0,47,,Yes,30.06,No,Yes,DSL,57,No,Yes,No,Yes,No,Yes,Yes,No,Two Year,No,Bank Withdrawal,63.8,3007.25,0.0,80,1412.82,4500.07,Female,32,No,No,Yes,Yes,3,5,10.633333333333333,0,1,Detractor
5212,Yes,1,13,,No,0.0,No,Yes,Cable,71,Yes,No,No,Yes,Yes,Yes,Yes,Yes,Month-to-Month,Yes,Bank Withdrawal,54.45,706.85,0.0,0,0.0,706.85,Male,28,Yes,No,Yes,No,0,6,7.778571428571429,0,1,Detractor
3344,Yes,1,7,Offer E,Yes,44.66,No,Yes,Fiber Optic,26,No,No,Yes,No,Yes,No,No,Yes,Month-to-Month,Yes,Bank Withdrawal,86.25,587.1,0.0,0,312.62,899.72,Female,63,No,No,Yes,No,0,4,17.25,1,1,Detractor
2300,Yes,2,35,,Yes,4.16,Yes,Yes,Fiber Optic,28,No,No,Yes,No,No,No,No,Yes,One Year,Yes,Bank Withdrawal,81.6,2815.25,0.0,0,145.6,2960.85,Male,76,No,Yes,Yes,No,0,4,16.32,0,1,Detractor
6367,No,0,50,Offer B,Yes,40.83,No,Yes,Fiber Optic,21,Yes,Yes,No,Yes,No,Yes,Yes,Yes,Month-to-Month,Yes,Credit Card,93.5,4747.5,0.0,0,2041.5,6789.0,Male,64,No,No,No,No,0,7,11.6875,0,0,Passive
5401,Yes,6,61,Offer B,Yes,18.03,Yes,Yes,Fiber Optic,22,No,No,Yes,Yes,Yes,Yes,Yes,Yes,One Year,Yes,Bank Withdrawal,103.3,6518.35,0.0,0,1099.8300000000002,7618.18,Female,63,No,No,Yes,No,0,8,11.477777777777778,0,1,Promoter
5715,Yes,10,70,Offer A,Yes,24.08,No,Yes,DSL,46,Yes,Yes,Yes,No,Yes,Yes,Yes,Yes,Two Year,Yes,Credit Card,80.15,5600.15,0.0,0,1685.6,7285.75,Male,28,Yes,No,Yes,No,0,8,8.905555555555557,0,0,Detractor
5573,No,0,2,,No,0.0,No,Yes,DSL,6,No,No,No,No,No,No,No,Yes,Month-to-Month,Yes,Credit Card,24.45,47.5,0.0,0,0.0,47.5,Male,66,No,Yes,No,No,0,1,12.225,1,0,Detractor
2362,Yes,1,17,Offer D,Yes,21.15,Yes,Yes,Fiber Optic,4,Yes,No,No,No,No,No,No,Yes,Month-to-Month,No,Bank Withdrawal,78.9,1348.95,0.0,0,359.54999999999995,1708.5,Female,53,No,No,Yes,No,0,4,15.78,0,1,Detractor
6263,Yes,4,65,,Yes,36.5,Yes,No,No internet,0,No,No,No,No,No,No,No,No,Two Year,No,Credit Card,24.75,1715.1,0.0,0,2372.5,4087.6,Male,52,No,No,Yes,Yes,2,2,8.25,0,0,Promoter
5184,No,0,10,,Yes,14.53,Yes,Yes,Fiber Optic,30,No,No,No,Yes,Yes,Yes,Yes,No,Month-to-Month,Yes,Bank Withdrawal,98.5,1058.25,0.0,110,145.29999999999998,1313.55,Female,33,No,No,No,No,0,6,14.071428571428571,1,1,Detractor
5571,No,0,9,,Yes,27.21,Yes,Yes,Fiber Optic,29,No,No,No,No,Yes,Yes,Yes,Yes,Month-to-Month,No,Bank Withdrawal,94.4,857.25,0.0,0,244.89,1102.14,Female,41,No,No,No,Yes,2,6,13.485714285714286,1,1,Detractor
4818,Yes,1,46,,No,0.0,No,Yes,DSL,8,No,No,No,No,Yes,Yes,Yes,Yes,Month-to-Month,Yes,Bank Withdrawal,43.95,2007.85,0.0,0,0.0,2007.85,Female,47,No,No,Yes,No,0,4,8.790000000000001,0,1,Detractor
2016,No,0,13,Offer D,Yes,10.11,No,No,No internet,0,No,No,No,No,No,No,No,No,Two Year,No,Credit Card,19.75,265.75,0.0,0,131.43,397.18,Male,56,No,No,No,No,0,1,9.875,0,0,Promoter
5519,Yes,5,64,Offer B,Yes,13.8,Yes,Yes,Fiber Optic,48,Yes,Yes,Yes,No,No,No,No,Yes,One Year,No,Bank Withdrawal,89.45,5692.65,0.0,0,883.2,6575.849999999999,Male,30,No,No,Yes,No,0,6,12.778571428571428,0,1,Detractor
4501,Yes,3,33,Offer C,Yes,1.71,Yes,No,No internet,0,No,No,No,No,No,No,No,No,One Year,No,Credit Card,24.15,800.3,0.0,0,56.43,856.7299999999999,Female,22,Yes,No,Yes,Yes,1,2,8.049999999999999,0,0,Passive
4296,No,0,14,Offer D,Yes,27.8,No,Yes,Fiber Optic,17,No,No,No,No,Yes,Yes,Yes,Yes,Month-to-Month,Yes,Bank Withdrawal,92.9,1337.45,0.0,0,389.2,1726.65,Male,47,No,No,No,No,0,5,15.483333333333334,0,1,Detractor
2466,No,0,18,Offer D,Yes,42.45,Yes,Yes,DSL,28,Yes,No,No,No,No,Yes,Yes,Yes,Month-to-Month,No,Bank Withdrawal,64.8,1166.7,0.0,0,764.1,1930.8,Female,45,No,No,No,Yes,3,6,9.257142857142856,0,1,Passive
2333,No,0,4,Offer E,Yes,44.16,Yes,Yes,Fiber Optic,82,Yes,No,No,No,No,No,No,Yes,Month-to-Month,Yes,Bank Withdrawal,80.1,336.15,0.0,0,176.64,512.79,Male,27,Yes,No,No,No,0,4,16.02,1,1,Detractor
4212,No,0,1,Offer E,Yes,25.39,Yes,Yes,DSL,52,No,No,Yes,No,No,No,No,Yes,Month-to-Month,No,Bank Withdrawal,54.35,54.35,0.0,0,25.39,79.74000000000001,Male,30,No,No,No,No,0,4,10.87,1,1,Detractor
2843,No,0,2,,Yes,29.81,No,No,No internet,0,No,No,No,No,No,No,No,No,Month-to-Month,Yes,Bank Withdrawal,19.6,35.85,0.0,0,59.62,95.47,Female,31,No,No,No,Yes,5,1,9.8,1,1,Detractor
3163,Yes,6,13,,Yes,27.62,No,No,No internet,0,No,No,No,No,No,No,No,No,Two Year,No,Credit Card,20.85,272.35,0.0,0,359.06,631.4100000000001,Female,56,No,No,Yes,Yes,3,1,10.425,0,0,Passive
5916,No,0,11,,No,0.0,No,Yes,DSL,19,No,No,No,No,No,No,No,Yes,Month-to-Month,No,Bank Withdrawal,25.2,321.05,0.0,0,0.0,321.05,Female,49,No,No,No,Yes,1,1,12.6,1,1,Detractor
5207,Yes,1,65,Offer B,Yes,40.47,No,Yes,DSL,30,Yes,No,No,Yes,Yes,Yes,Yes,Yes,Two Year,Yes,Bank Withdrawal,74.8,4820.15,0.0,0,2630.55,7450.699999999999,Male,56,No,No,Yes,No,0,7,9.35,0,1,Detractor
3123,Yes,1,8,,Yes,29.94,No,Yes,Cable,17,No,No,No,Yes,Yes,Yes,Yes,Yes,Month-to-Month,Yes,Bank Withdrawal,68.55,564.35,0.0,0,239.52,803.87,Female,33,No,No,Yes,Yes,1,6,9.792857142857144,1,1,Detractor
3253,No,0,44,,Yes,7.72,No,Yes,DSL,17,No,No,Yes,Yes,Yes,Yes,Yes,Yes,One Year,No,Bank Withdrawal,74.85,3268.05,17.91,0,339.68,3589.82,Female,76,No,Yes,No,No,0,7,9.35625,0,1,Promoter
2571,No,0,27,,Yes,42.91,Yes,Yes,Fiber Optic,5,No,Yes,No,No,No,No,No,Yes,Month-to-Month,Yes,Bank Withdrawal,81.45,2122.05,0.0,0,1158.57,3280.62,Male,80,No,Yes,No,No,0,4,16.29,0,1,Detractor
6110,Yes,5,65,Offer B,Yes,49.33,Yes,Yes,Fiber Optic,16,Yes,Yes,Yes,No,No,No,No,Yes,One Year,No,Bank Withdrawal,89.75,5769.6,18.72,0,3206.45,8957.33,Male,39,No,No,Yes,No,0,6,12.821428571428571,0,1,Detractor
3836,No,0,32,,Yes,25.89,No,No,No internet,0,No,No,No,No,No,No,No,No,One Year,No,Credit Card,19.8,587.7,0.0,0,828.48,1416.18,Male,79,No,Yes,No,No,0,1,9.9,0,0,Passive
4582,Yes,3,66,,Yes,21.79,Yes,Yes,Fiber Optic,9,No,Yes,Yes,Yes,Yes,Yes,No,Yes,One Year,Yes,Bank Withdrawal,108.45,7076.35,0.0,0,1438.14,8514.49,Male,77,No,Yes,Yes,No,0,8,12.05,0,1,Promoter
5514,No,0,7,Offer E,Yes,18.99,Yes,Yes,Fiber Optic,23,No,No,No,No,No,No,No,Yes,Month-to-Month,Yes,Bank Withdrawal,75.1,552.95,0.0,0,132.92999999999998,685.88,Female,35,No,No,No,No,0,3,18.775,1,1,Detractor
5962,No,0,14,Offer D,Yes,44.14,No,Yes,DSL,24,No,No,Yes,No,Yes,No,No,Yes,Month-to-Month,Yes,Credit Card,59.8,824.85,0.0,0,617.96,1442.81,Female,44,No,No,No,Yes,1,4,11.96,0,0,Passive
5602,Yes,4,45,Offer B,Yes,1.59,Yes,Yes,Fiber Optic,19,No,Yes,No,No,No,No,No,Yes,Month-to-Month,No,Bank Withdrawal,81.4,3775.85,0.0,0,71.55,3847.4,Male,64,No,No,Yes,No,0,4,16.28,0,1,Promoter
2937,Yes,7,21,,Yes,14.81,No,Yes,Fiber Optic,25,No,No,No,Yes,Yes,No,No,Yes,Month-to-Month,Yes,Bank Withdrawal,86.05,1818.9,0.0,0,311.01,2129.91,Female,40,No,No,Yes,No,0,4,17.21,0,1,Detractor
6212,No,0,67,Offer A,Yes,15.32,No,No,No internet,0,No,No,No,No,No,No,No,No,Two Year,No,Bank Withdrawal,19.95,1311.75,0.0,0,1026.44,2338.19,Male,32,No,No,No,No,0,1,9.975,0,1,Promoter
4133,No,0,4,Offer E,Yes,12.43,No,No,No internet,0,No,No,No,No,No,No,No,No,Month-to-Month,No,Credit Card,20.35,76.35,0.0,0,49.72,126.07,Female,34,No,No,Yes,No,0,1,10.175,1,0,Detractor
5636,Yes,5,35,,Yes,15.41,No,No,No internet,0,No,No,No,No,No,No,No,No,Two Year,No,Credit Card,19.7,730.4,0.0,0,539.35,1269.75,Female,62,No,No,Yes,Yes,2,1,9.85,0,0,Passive
4915,No,0,20,Offer D,Yes,25.51,Yes,Yes,Fiber Optic,9,No,No,No,No,Yes,No,No,No,Two Year,Yes,Bank Withdrawal,84.35,1745.2,0.0,10,510.2000000000001,2265.4,Male,78,No,Yes,No,No,0,3,21.0875,0,1,Passive
5798,No,0,69,Offer A,Yes,5.71,Yes,Yes,Fiber Optic,73,Yes,Yes,Yes,No,Yes,Yes,Yes,Yes,Two Year,Yes,Credit Card,110.05,7430.75,23.16,0,393.99,7801.58,Male,27,Yes,No,No,No,0,9,11.005,0,0,Detractor
5875,Yes,2,55,Offer B,Yes,5.08,Yes,Yes,Fiber Optic,9,Yes,No,No,No,Yes,No,No,Yes,Month-to-Month,Yes,Bank Withdrawal,89.8,4959.6,0.0,0,279.4,5239.0,Female,37,No,No,Yes,No,0,5,14.966666666666669,0,1,Detractor
6284,No,0,72,Offer A,Yes,15.03,No,Yes,Cable,22,Yes,Yes,Yes,Yes,Yes,No,No,Yes,Two Year,Yes,Bank Withdrawal,75.1,5336.35,0.0,0,1082.16,6418.51,Male,32,No,No,No,No,0,7,9.3875,0,1,Detractor
5428,Yes,5,62,,Yes,11.41,Yes,Yes,Fiber Optic,25,No,Yes,Yes,No,Yes,No,No,Yes,One Year,Yes,Credit Card,97.95,5936.55,0.0,0,707.42,6643.97,Female,65,No,Yes,Yes,No,0,6,13.992857142857144,0,0,Promoter
4538,Yes,9,63,Offer B,Yes,17.38,No,No,No internet,0,No,No,No,No,No,No,No,No,Two Year,No,Credit Card,19.25,1237.65,0.0,0,1094.9399999999998,2332.59,Male,57,No,No,Yes,No,0,1,9.625,0,0,Detractor
3208,No,0,1,,Yes,2.24,No,Yes,Fiber Optic,6,No,No,No,No,No,No,No,Yes,Month-to-Month,Yes,Mailed Check,70.15,70.15,0.0,0,2.24,72.39,Female,34,No,No,No,No,0,2,23.383333333333336,1,0,Detractor
5282,Yes,1,13,Offer D,Yes,44.05,No,Yes,Fiber Optic,19,No,No,Yes,No,Yes,Yes,Yes,Yes,Month-to-Month,No,Bank Withdrawal,97.0,1334.45,0.0,0,572.65,1907.1,Male,60,No,No,Yes,Yes,1,6,13.857142857142858,0,1,Detractor
5338,Yes,1,23,Offer D,Yes,19.2,Yes,Yes,Fiber Optic,7,Yes,Yes,Yes,No,Yes,No,No,Yes,Month-to-Month,Yes,Bank Withdrawal,99.25,2186.4,0.0,0,441.6,2628.0,Male,33,No,No,Yes,No,0,7,12.40625,0,1,Detractor
4794,Yes,1,70,Offer A,Yes,29.59,Yes,Yes,Fiber Optic,3,No,Yes,No,No,Yes,Yes,Yes,No,Two Year,No,Bank Withdrawal,98.3,6859.5,0.0,20,2071.3,8950.8,Male,34,No,No,Yes,No,0,6,14.042857142857144,0,1,Detractor
3540,No,0,9,Offer E,Yes,4.81,Yes,Yes,Fiber Optic,69,No,Yes,No,No,Yes,Yes,Yes,Yes,Month-to-Month,Yes,Credit Card,99.3,918.75,0.0,0,43.29,962.04,Male,30,No,No,No,No,0,7,12.4125,1,0,Detractor
4025,Yes,1,23,,Yes,41.88,No,Yes,Fiber Optic,12,Yes,No,No,No,Yes,Yes,Yes,Yes,One Year,Yes,Bank Withdrawal,95.1,2326.05,0.0,0,963.24,3289.29,Female,67,No,Yes,Yes,No,0,6,13.585714285714284,0,1,Detractor
5598,No,0,12,,Yes,28.16,Yes,Yes,Fiber Optic,42,No,No,No,Yes,Yes,Yes,Yes,No,Month-to-Month,Yes,Credit Card,99.95,1132.75,0.0,120,337.92,1590.67,Male,20,Yes,No,No,No,0,6,14.278571428571428,1,0,Detractor
5292,Yes,1,29,,Yes,4.0,Yes,Yes,Fiber Optic,48,No,No,Yes,No,No,Yes,Yes,Yes,Month-to-Month,Yes,Bank Withdrawal,89.2,2698.35,0.0,0,116.0,2814.35,Male,25,Yes,No,Yes,No,0,6,12.742857142857144,0,1,Detractor
4325,Yes,7,49,Offer B,Yes,27.38,Yes,Yes,Fiber Optic,57,No,Yes,No,No,Yes,Yes,Yes,Yes,Month-to-Month,Yes,Bank Withdrawal,98.35,4889.2,0.0,0,1341.62,6230.82,Female,52,No,No,Yes,Yes,3,7,12.29375,0,1,Promoter
2668,No,0,15,Offer D,Yes,4.28,Yes,Yes,Fiber Optic,6,No,Yes,No,No,No,Yes,No,Yes,Month-to-Month,No,Bank Withdrawal,89.85,1424.95,0.0,0,64.2,1489.15,Female,67,No,Yes,No,No,0,5,14.975,0,1,Detractor
5691,Yes,1,4,Offer E,Yes,8.58,Yes,Yes,DSL,57,No,No,No,No,No,No,No,Yes,Month-to-Month,Yes,Bank Withdrawal,50.9,225.6,0.0,0,34.32,259.92,Male,55,No,No,Yes,Yes,3,3,12.725,1,1,Detractor
2061,Yes,5,22,,No,0.0,No,Yes,Cable,18,Yes,No,No,No,No,Yes,No,Yes,Month-to-Month,No,Mailed Check,40.05,880.2,0.0,0,0.0,880.2,Male,80,No,Yes,Yes,Yes,2,3,10.0125,0,0,Detractor
3367,No,0,19,Offer D,Yes,36.88,Yes,Yes,DSL,27,No,No,Yes,No,No,No,No,Yes,Month-to-Month,Yes,Credit Card,56.1,1033.9,0.0,0,700.72,1734.62,Female,54,No,No,No,No,0,4,11.22,0,0,Detractor
4890,Yes,5,10,Offer E,Yes,46.23,No,No,No internet,0,No,No,No,No,No,No,No,No,One Year,Yes,Credit Card,19.7,197.54,0.0,0,462.3,659.8399999999999,Male,38,No,No,Yes,Yes,2,1,9.85,1,0,Promoter
3438,No,0,1,Offer E,Yes,34.51,No,Yes,Fiber Optic,15,No,No,No,No,No,No,No,Yes,Month-to-Month,Yes,Bank Withdrawal,69.6,69.6,0.0,0,34.51,104.11,Female,72,No,Yes,No,No,0,2,23.2,1,1,Detractor
5613,Yes,8,2,Offer E,Yes,42.55,No,Yes,DSL,53,Yes,Yes,No,Yes,No,No,No,Yes,Two Year,No,Mailed Check,59.5,130.5,0.0,0,85.1,215.6,Male,49,No,No,Yes,Yes,4,5,9.916666666666666,1,0,Passive
5099,Yes,7,34,,Yes,9.66,No,No,No internet,0,No,No,No,No,No,No,No,No,Month-to-Month,No,Credit Card,20.65,716.4,0.0,0,328.44,1044.84,Female,39,No,No,Yes,Yes,1,1,10.325,0,0,Detractor
4579,No,0,21,Offer D,Yes,13.39,Yes,Yes,Fiber Optic,24,Yes,No,No,No,No,No,No,Yes,Month-to-Month,No,Bank Withdrawal,80.35,1747.2,0.0,0,281.19,2028.39,Male,61,No,No,No,Yes,2,4,16.07,0,1,Detractor
4446,No,0,19,Offer D,Yes,43.11,No,Yes,Fiber Optic,2,No,No,No,Yes,No,Yes,Yes,Yes,One Year,Yes,Credit Card,87.7,1725.95,0.0,0,819.09,2545.04,Male,49,No,No,No,No,0,5,14.616666666666667,0,0,Detractor
5314,No,0,65,Offer B,Yes,4.75,Yes,Yes,DSL,69,Yes,Yes,No,Yes,Yes,Yes,Yes,No,Two Year,Yes,Bank Withdrawal,82.5,5215.1,0.0,40,308.75,5563.85,Female,23,Yes,No,Yes,Yes,2,8,9.166666666666666,0,1,Detractor
3077,Yes,1,7,Offer E,Yes,13.63,No,Yes,Fiber Optic,27,No,No,No,No,Yes,Yes,No,Yes,Month-to-Month,Yes,Bank Withdrawal,89.5,676.7,0.0,0,95.41,772.11,Male,75,No,Yes,Yes,No,0,4,17.9,1,1,Detractor
5535,No,0,4,Offer E,Yes,32.54,No,No,No internet,0,No,No,No,No,No,No,No,No,Month-to-Month,No,Credit Card,20.15,84.5,0.0,0,130.16,214.66,Female,35,No,No,No,No,0,1,10.075,1,0,Passive
4656,No,0,56,Offer B,Yes,48.32,Yes,Yes,DSL,59,Yes,Yes,No,Yes,No,No,No,Yes,One Year,Yes,Bank Withdrawal,64.65,3665.55,0.0,0,2705.92,6371.47,Male,22,Yes,No,No,No,0,6,9.235714285714286,0,1,Detractor
6334,No,0,71,,Yes,44.84,Yes,No,No internet,0,No,No,No,No,No,No,No,No,Two Year,No,Credit Card,25.05,1873.7,0.0,0,3183.6400000000003,5057.34,Female,46,No,No,Yes,No,0,2,8.35,0,0,Promoter
5393,No,0,30,Offer C,Yes,24.73,No,Yes,Fiber Optic,20,Yes,Yes,Yes,No,No,No,No,No,Month-to-Month,Yes,Credit Card,84.3,2438.6,0.0,130,741.9,3310.5,Male,52,No,No,No,No,0,4,16.86,0,0,Passive
4328,Yes,5,53,,Yes,40.62,No,Yes,Fiber Optic,73,No,No,Yes,No,Yes,Yes,Yes,Yes,One Year,Yes,Bank Withdrawal,94.85,5000.2,18.55,0,2152.86,7134.509999999999,Female,24,Yes,No,Yes,No,0,6,13.55,0,1,Detractor
3522,No,0,1,Offer E,Yes,32.44,No,Yes,DSL,12,No,No,No,No,No,No,No,Yes,Month-to-Month,No,Mailed Check,44.4,44.4,0.0,0,32.44,76.84,Male,45,No,No,No,No,0,2,14.8,1,0,Detractor
4280,No,0,68,,Yes,11.5,Yes,Yes,DSL,29,Yes,Yes,No,Yes,Yes,Yes,Yes,Yes,Two Year,Yes,Bank Withdrawal,86.5,5882.75,0.0,0,782.0,6664.75,Male,62,No,No,No,No,0,9,8.65,0,1,Passive
2394,Yes,1,1,,Yes,31.27,Yes,Yes,Fiber Optic,11,No,No,No,No,No,No,No,No,Month-to-Month,Yes,Bank Withdrawal,74.45,74.45,0.0,10,31.27,115.72,Female,73,No,Yes,Yes,No,0,2,24.816666666666663,1,1,Detractor
4697,No,0,2,,Yes,6.34,No,Yes,Cable,28,No,No,No,Yes,No,No,No,No,Month-to-Month,Yes,Credit Card,50.2,109.25,0.0,10,12.68,131.93,Male,61,No,No,No,No,0,2,16.733333333333334,1,0,Passive
3875,No,0,23,Offer D,Yes,8.5,Yes,Yes,Fiber Optic,6,No,No,Yes,Yes,Yes,No,No,Yes,Month-to-Month,Yes,Credit Card,96.9,2085.45,0.0,0,195.5,2280.95,Male,61,No,No,No,No,0,6,13.842857142857143,0,0,Passive
5721,Yes,8,35,,Yes,48.3,Yes,Yes,Fiber Optic,73,No,Yes,Yes,Yes,Yes,Yes,Yes,Yes,Month-to-Month,Yes,Bank Withdrawal,109.95,3782.4,31.9,0,1690.5,5441.0,Male,24,Yes,No,Yes,Yes,3,9,10.995,0,1,Detractor
5053,Yes,4,4,,Yes,3.63,No,No,No internet,0,No,No,No,No,No,No,No,No,Month-to-Month,Yes,Mailed Check,20.5,77.6,0.0,0,14.52,92.12,Male,39,No,No,Yes,Yes,2,1,10.25,1,0,Passive
4097,Yes,4,70,,Yes,40.94,Yes,Yes,DSL,8,Yes,Yes,Yes,Yes,Yes,Yes,No,Yes,Two Year,Yes,Credit Card,88.55,6306.5,0.0,0,2865.8,9172.3,Male,69,No,Yes,Yes,No,0,9,8.855,0,0,Detractor
2499,Yes,2,25,,Yes,47.1,Yes,Yes,DSL,25,No,No,No,Yes,No,No,No,Yes,One Year,Yes,Credit Card,55.1,1466.1,0.0,0,1177.5,2643.6,Male,34,No,No,Yes,Yes,1,4,11.02,0,0,Passive
4739,No,0,22,,Yes,12.19,Yes,Yes,Fiber Optic,23,No,No,No,Yes,Yes,No,No,Yes,Month-to-Month,Yes,Bank Withdrawal,90.0,1993.8,0.0,0,268.18,2261.98,Female,60,No,No,No,No,0,5,15.0,0,1,Detractor
2812,No,0,18,Offer D,Yes,47.34,Yes,Yes,DSL,7,Yes,Yes,No,No,No,No,No,Yes,Two Year,Yes,Credit Card,58.4,964.9,0.0,0,852.1200000000001,1817.02,Male,73,No,Yes,No,No,0,5,9.733333333333333,0,0,Passive
4888,No,0,1,Offer E,Yes,5.12,No,Yes,DSL,30,No,No,No,No,No,No,Yes,Yes,Month-to-Month,No,Credit Card,45.95,45.95,0.0,0,5.12,51.07,Female,23,Yes,No,No,No,0,3,11.4875,1,0,Detractor
5351,No,0,3,Offer E,Yes,11.94,Yes,Yes,Cable,30,No,No,Yes,No,Yes,Yes,Yes,No,Month-to-Month,Yes,Bank Withdrawal,100.95,329.95,0.0,10,35.82,375.77,Male,32,No,No,No,No,0,6,14.421428571428573,1,1,Detractor
5248,Yes,1,10,,No,0.0,No,Yes,Cable,53,No,No,No,No,No,Yes,No,Yes,One Year,Yes,Bank Withdrawal,34.55,362.6,0.0,0,0.0,362.6,Male,73,No,Yes,Yes,Yes,3,2,11.516666666666666,1,1,Passive
3606,No,0,32,,Yes,25.21,No,Yes,Fiber Optic,26,No,No,No,Yes,Yes,Yes,Yes,Yes,Month-to-Month,Yes,Bank Withdrawal,96.2,3183.4,0.0,0,806.72,3990.12,Male,45,No,No,No,No,0,6,13.742857142857144,0,1,Detractor
2568,Yes,4,29,,Yes,39.5,Yes,Yes,Fiber Optic,16,No,Yes,Yes,No,No,No,No,No,Month-to-Month,Yes,Bank Withdrawal,85.8,2440.25,0.0,150,1145.5,3735.75,Male,62,No,No,Yes,No,0,4,17.16,0,1,Detractor
3696,Yes,1,16,,Yes,31.73,No,Yes,Fiber Optic,25,No,Yes,Yes,No,Yes,No,No,Yes,Month-to-Month,Yes,Credit Card,89.45,1430.25,0.0,0,507.68,1937.93,Female,41,No,No,Yes,No,0,5,14.908333333333331,0,0,Detractor
5584,Yes,1,44,,Yes,4.17,No,No,No internet,0,No,No,No,No,No,No,No,No,Month-to-Month,No,Credit Card,19.6,780.25,0.0,0,183.48,963.73,Female,21,Yes,No,Yes,Yes,2,1,9.8,0,0,Promoter
5153,No,0,24,Offer C,No,0.0,No,Yes,DSL,52,No,Yes,Yes,No,Yes,Yes,Yes,Yes,Month-to-Month,Yes,Credit Card,54.15,1240.25,0.0,0,0.0,1240.25,Female,25,Yes,No,No,No,0,6,7.735714285714286,0,0,Detractor
3950,No,0,8,,Yes,39.01,No,Yes,Fiber Optic,28,No,Yes,No,No,Yes,No,No,Yes,Month-to-Month,Yes,Bank Withdrawal,87.1,713.6,0.0,0,312.08,1025.68,Female,80,No,Yes,No,No,0,4,17.419999999999998,1,1,Promoter
2231,No,0,6,,Yes,15.5,No,No,No internet,0,No,No,No,No,No,No,No,No,Month-to-Month,No,Mailed Check,19.65,100.9,0.0,0,93.0,193.9,Male,52,No,No,No,Yes,2,1,9.825,1,0,Promoter
4146,Yes,10,16,,Yes,12.82,No,No,No internet,0,No,No,No,No,No,No,No,No,Month-to-Month,No,Credit Card,19.35,275.9,33.24,0,205.12,447.78,Female,40,No,No,Yes,Yes,3,1,9.675,0,0,Promoter
4176,No,0,1,,Yes,21.85,Yes,Yes,Fiber Optic,29,No,No,No,No,Yes,Yes,No,Yes,Month-to-Month,Yes,Bank Withdrawal,94.0,94.0,0.0,0,21.85,115.85,Male,76,No,Yes,No,No,0,5,15.666666666666666,1,1,Detractor
4020,Yes,2,69,Offer A,Yes,48.8,Yes,Yes,Fiber Optic,26,No,No,Yes,No,Yes,Yes,Yes,Yes,Month-to-Month,Yes,Credit Card,99.45,7007.6,0.0,0,3367.2,10374.8,Male,30,No,No,Yes,No,0,7,12.43125,0,0,Detractor
4094,No,0,59,Offer B,Yes,31.23,Yes,Yes,Fiber Optic,16,No,Yes,Yes,No,No,No,No,Yes,Month-to-Month,Yes,Bank Withdrawal,83.25,4949.1,0.0,0,1842.57,6791.67,Female,48,No,No,No,No,0,5,13.875,0,1,Detractor
5169,Yes,5,72,Offer A,Yes,6.95,No,Yes,Fiber Optic,57,Yes,No,Yes,Yes,Yes,Yes,Yes,Yes,Two Year,Yes,Credit Card,104.9,7559.55,0.0,0,500.4,8059.95,Male,43,No,No,Yes,Yes,3,8,11.655555555555557,0,0,Passive
4825,No,0,29,Offer C,Yes,10.06,No,Yes,DSL,25,No,No,Yes,No,No,No,No,Yes,Month-to-Month,No,Bank Withdrawal,48.95,1323.7,0.0,0,291.74,1615.44,Male,34,No,No,No,No,0,3,12.2375,0,1,Detractor
5630,Yes,1,21,,Yes,5.07,No,Yes,Fiber Optic,26,No,Yes,No,No,No,No,No,Yes,Month-to-Month,Yes,Bank Withdrawal,74.05,1565.7,0.0,0,106.47,1672.17,Female,32,No,No,Yes,No,0,3,18.5125,0,1,Detractor
2151,Yes,1,29,Offer C,Yes,35.38,Yes,Yes,Fiber Optic,21,No,Yes,Yes,No,No,Yes,Yes,No,Month-to-Month,Yes,Bank Withdrawal,95.9,2745.2,0.0,50,1026.02,3821.22,Male,70,No,Yes,Yes,No,0,6,13.7,0,1,Detractor
5691,No,0,21,,Yes,37.4,Yes,Yes,Fiber Optic,16,No,No,No,No,Yes,Yes,No,Yes,Month-to-Month,Yes,Bank Withdrawal,95.4,2025.1,0.0,0,785.4,2810.5,Female,77,No,Yes,No,No,0,5,15.9,0,1,Passive
2425,Yes,6,31,,Yes,30.67,Yes,Yes,DSL,59,No,No,No,No,No,Yes,Yes,Yes,Month-to-Month,No,Bank Withdrawal,59.7,1825.5,0.0,0,950.77,2776.27,Male,21,Yes,No,Yes,Yes,1,5,9.95,0,1,Promoter
2030,No,0,35,,No,0.0,No,Yes,Cable,26,No,No,Yes,No,Yes,No,No,Yes,Two Year,Yes,Bank Withdrawal,39.85,1434.6,0.0,0,0.0,1434.6,Female,77,No,Yes,No,No,0,3,9.9625,0,1,Passive
4050,Yes,1,31,Offer C,Yes,47.95,No,Yes,Fiber Optic,21,No,No,Yes,Yes,Yes,Yes,No,Yes,Month-to-Month,Yes,Bank Withdrawal,98.9,2911.3,0.0,0,1486.45,4397.75,Female,70,No,Yes,Yes,No,0,6,14.12857142857143,0,1,Detractor
4620,Yes,7,59,Offer B,Yes,41.15,Yes,Yes,Fiber Optic,48,Yes,Yes,Yes,Yes,No,Yes,Yes,No,One Year,Yes,Credit Card,107.0,6152.3,0.0,0,2427.85,8580.15,Female,20,Yes,No,Yes,No,0,8,11.88888888888889,0,0,Passive
4505,Yes,3,72,,Yes,24.48,Yes,Yes,Cable,69,Yes,No,Yes,Yes,Yes,Yes,Yes,No,Two Year,Yes,Bank Withdrawal,83.3,6042.7,0.0,80,1762.56,7885.26,Female,28,Yes,No,Yes,Yes,3,8,9.255555555555556,0,1,Detractor
4519,No,0,15,Offer D,Yes,40.66,Yes,Yes,DSL,8,Yes,No,No,No,No,No,No,Yes,Month-to-Month,Yes,Mailed Check,55.7,899.8,0.0,0,609.9,1509.6999999999998,Female,60,No,No,No,No,0,4,11.14,0,0,Detractor
6438,Yes,2,63,,Yes,48.14,Yes,Yes,Cable,28,No,Yes,No,Yes,No,Yes,Yes,No,Two Year,No,Credit Card,67.25,4234.15,0.0,150,3032.82,7416.969999999999,Male,52,No,No,Yes,No,0,6,9.607142857142858,0,0,Passive
5499,Yes,5,38,,Yes,46.27,No,Yes,Cable,30,Yes,Yes,No,No,No,No,No,Yes,Month-to-Month,No,Bank Withdrawal,54.5,2076.05,0.0,0,1758.2600000000002,3834.31,Female,30,No,No,Yes,Yes,3,4,10.9,0,1,Detractor
3469,Yes,1,11,Offer D,Yes,13.33,No,Yes,Fiber Optic,19,No,No,No,No,Yes,No,No,No,Month-to-Month,Yes,Bank Withdrawal,79.5,868.5,0.0,50,146.63,1065.13,Male,61,No,No,Yes,No,0,2,26.5,1,1,Detractor
4454,No,0,32,,Yes,32.02,Yes,Yes,DSL,3,No,Yes,No,No,No,No,No,Yes,Month-to-Month,Yes,Bank Withdrawal,54.2,1739.6,0.0,0,1024.64,2764.24,Female,42,No,No,No,No,0,4,10.84,0,1,Promoter
6020,Yes,9,64,Offer B,Yes,23.33,Yes,Yes,Fiber Optic,29,No,Yes,Yes,No,No,Yes,No,Yes,Two Year,Yes,Bank Withdrawal,94.25,6081.4,0.0,0,1493.12,7574.519999999999,Male,79,No,Yes,Yes,No,0,6,13.464285714285714,0,1,Detractor
3130,No,0,26,Offer C,Yes,24.67,Yes,Yes,Cable,59,No,No,No,No,No,No,No,Yes,One Year,Yes,Credit Card,51.55,1295.4,0.0,0,641.4200000000001,1936.82,Male,29,Yes,No,No,No,0,3,12.8875,0,0,Detractor
5681,Yes,1,8,Offer E,Yes,12.41,Yes,Yes,DSL,53,No,Yes,No,No,No,No,No,Yes,Month-to-Month,No,Bank Withdrawal,55.75,446.8,0.0,0,99.28,546.08,Female,62,No,No,Yes,Yes,3,4,11.15,1,1,Passive
4099,Yes,9,1,,No,0.0,No,Yes,DSL,14,No,No,No,No,No,Yes,Yes,Yes,Month-to-Month,No,Bank Withdrawal,35.0,35.0,0.0,0,0.0,35.0,Female,33,No,No,Yes,No,0,3,8.75,1,1,Detractor
2297,No,0,27,Offer C,Yes,48.91,No,Yes,DSL,59,No,Yes,Yes,Yes,Yes,Yes,Yes,Yes,One Year,No,Credit Card,78.2,2078.95,0.0,0,1320.57,3399.5199999999995,Female,20,Yes,No,No,No,0,8,8.68888888888889,0,0,Detractor
4799,Yes,9,64,Offer B,Yes,45.35,Yes,Yes,Fiber Optic,30,No,No,Yes,No,No,Yes,Yes,Yes,One Year,No,Credit Card,90.25,5629.15,0.0,0,2902.4,8531.55,Male,57,No,No,Yes,Yes,2,6,12.892857142857142,0,0,Passive
6064,No,0,67,Offer A,Yes,32.58,No,Yes,DSL,8,No,No,No,Yes,No,No,No,Yes,Two Year,No,Bank Withdrawal,50.55,3260.1,0.0,0,2182.86,5442.959999999999,Male,60,No,No,No,No,0,3,12.6375,0,1,Promoter
2653,No,0,46,Offer B,No,0.0,No,Yes,DSL,2,Yes,No,Yes,Yes,No,No,No,Yes,Two Year,No,Credit Card,38.25,1755.35,0.0,0,0.0,1755.35,Male,40,No,No,No,No,0,4,7.65,0,0,Detractor
6059,Yes,6,70,Offer A,Yes,10.46,Yes,No,No internet,0,No,No,No,No,No,No,No,No,Two Year,No,Credit Card,25.35,1715.15,0.0,0,732.2,2447.3500000000004,Male,63,No,No,Yes,Yes,1,2,8.450000000000001,0,0,Detractor
4117,Yes,1,70,Offer A,No,0.0,No,Yes,Cable,19,No,Yes,Yes,Yes,Yes,Yes,Yes,Yes,One Year,Yes,Bank Withdrawal,58.4,4113.15,32.53,0,0.0,4080.62,Female,52,No,No,Yes,Yes,2,7,7.3,0,1,Promoter
4138,No,0,51,,Yes,36.59,No,Yes,DSL,20,No,No,No,Yes,No,No,No,Yes,One Year,No,Credit Card,47.85,2356.75,18.39,0,1866.09,4204.450000000001,Male,48,No,No,No,No,0,3,11.9625,0,0,Passive
2370,No,0,6,,Yes,34.42,Yes,Yes,Fiber Optic,42,No,Yes,No,No,Yes,No,No,No,Month-to-Month,Yes,Bank Withdrawal,89.75,552.65,0.0,60,206.52,819.17,Female,23,Yes,No,No,No,0,4,17.95,1,1,Promoter
5583,Yes,9,70,,Yes,5.46,Yes,Yes,Fiber Optic,30,No,No,Yes,Yes,Yes,Yes,Yes,No,Two Year,Yes,Bank Withdrawal,104.3,7188.5,0.0,30,382.2,7600.7,Female,50,No,No,Yes,No,0,7,13.0375,0,1,Passive
3298,Yes,1,20,,No,0.0,No,Yes,DSL,10,No,No,No,No,No,No,No,Yes,Month-to-Month,Yes,Bank Withdrawal,24.45,482.8,0.0,0,0.0,482.8,Female,44,No,No,Yes,No,0,1,12.225,0,1,Detractor
4900,Yes,10,61,Offer B,Yes,20.09,Yes,No,No internet,0,No,No,No,No,No,No,No,No,Two Year,No,Mailed Check,24.4,1417.9,0.0,0,1225.49,2643.3900000000003,Female,20,Yes,No,Yes,No,0,2,8.133333333333333,0,0,Promoter
4116,No,0,53,Offer B,Yes,10.32,No,No,No internet,0,No,No,No,No,No,No,No,No,Two Year,No,Mailed Check,18.7,1005.7,0.0,0,546.96,1552.66,Female,62,No,No,No,No,0,1,9.35,0,0,Promoter
6158,Yes,1,72,,Yes,21.89,Yes,Yes,Fiber Optic,58,Yes,Yes,Yes,Yes,Yes,Yes,Yes,No,Two Year,No,Bank Withdrawal,114.55,8306.05,21.6,40,1576.08,9900.53,Male,47,No,No,Yes,Yes,3,9,11.455,0,1,Detractor
2923,No,0,30,Offer C,Yes,48.43,No,Yes,Fiber Optic,58,No,No,Yes,No,No,Yes,Yes,Yes,One Year,No,Bank Withdrawal,86.45,2538.05,0.0,0,1452.9,3990.95,Female,53,No,No,Yes,Yes,3,5,14.408333333333331,0,1,Detractor
4697,No,0,34,,No,0.0,No,Yes,DSL,42,Yes,No,No,No,No,No,No,Yes,One Year,No,Bank Withdrawal,30.4,938.65,0.0,0,0.0,938.65,Male,23,Yes,No,Yes,No,0,2,10.133333333333333,0,1,Passive
5302,Yes,7,24,,Yes,20.74,Yes,No,No internet,0,No,No,No,No,No,No,No,No,Two Year,No,Mailed Check,24.7,571.75,0.0,0,497.76,1069.51,Female,42,No,No,Yes,Yes,3,2,8.233333333333333,0,0,Detractor
2143,No,0,32,Offer C,Yes,1.12,Yes,Yes,Fiber Optic,5,No,No,Yes,No,No,No,No,Yes,One Year,Yes,Credit Card,81.1,2619.25,19.25,0,35.84,2635.84,Male,77,No,Yes,No,No,0,4,16.22,0,0,Passive
2980,No,0,2,Offer E,Yes,1.57,No,Yes,Fiber Optic,26,No,No,No,No,No,No,No,Yes,Month-to-Month,Yes,Bank Withdrawal,70.3,144.0,0.0,0,3.14,147.14,Male,51,No,No,No,No,0,2,23.433333333333334,1,1,Passive
2121,No,0,1,,No,0.0,No,Yes,Cable,2,No,No,No,No,No,No,No,Yes,Month-to-Month,Yes,Mailed Check,24.45,24.45,0.0,0,0.0,24.45,Male,44,No,No,No,No,0,1,12.225,1,0,Detractor
5035,Yes,10,70,,Yes,39.06,Yes,Yes,Fiber Optic,75,Yes,Yes,Yes,Yes,Yes,Yes,Yes,Yes,Two Year,No,Credit Card,114.75,7842.3,0.0,0,2734.2000000000003,10576.5,Male,54,No,No,Yes,Yes,3,10,10.431818181818182,0,0,Detractor
3573,Yes,1,24,Offer C,Yes,32.86,No,No,No internet,0,No,No,No,No,No,No,No,No,One Year,No,Credit Card,20.15,456.85,0.0,0,788.64,1245.49,Female,33,No,No,Yes,No,0,1,10.075,0,0,Detractor
3401,Yes,1,5,,Yes,1.16,Yes,Yes,Fiber Optic,7,No,Yes,No,No,No,No,No,No,Month-to-Month,Yes,Bank Withdrawal,78.75,412.1,0.0,10,5.8,427.9,Male,55,No,No,Yes,No,0,3,19.6875,1,1,Detractor
3749,No,0,19,Offer D,Yes,4.03,No,Yes,Cable,26,No,No,No,Yes,No,No,No,Yes,Month-to-Month,No,Credit Card,48.8,953.65,0.0,0,76.57000000000001,1030.22,Female,59,No,No,No,Yes,2,3,12.2,0,0,Detractor
3086,No,0,1,,Yes,36.07,No,Yes,Fiber Optic,41,No,No,Yes,No,Yes,No,Yes,Yes,Month-to-Month,Yes,Bank Withdrawal,84.85,84.85,0.0,0,36.07,120.92,Male,25,Yes,No,No,No,0,5,14.141666666666666,1,1,Detractor
5514,Yes,1,72,,Yes,36.03,Yes,No,No internet,0,No,No,No,No,No,No,No,No,Two Year,No,Credit Card,25.85,1872.2,5.73,0,2594.16,4460.63,Male,36,No,No,Yes,No,0,2,8.616666666666667,0,0,Promoter
5493,Yes,7,60,Offer B,No,0.0,No,Yes,Cable,4,Yes,Yes,Yes,No,No,Yes,Yes,Yes,One Year,No,Bank Withdrawal,50.05,2911.5,0.0,0,0.0,2911.5,Female,31,No,No,Yes,No,0,6,7.15,0,1,Detractor
4621,Yes,4,52,,Yes,29.15,Yes,Yes,Fiber Optic,9,No,Yes,Yes,No,Yes,Yes,Yes,Yes,One Year,Yes,Bank Withdrawal,105.1,5376.4,0.0,0,1515.8,6892.2,Male,79,No,Yes,Yes,No,0,8,11.677777777777775,0,1,Passive
5418,Yes,7,69,Offer A,Yes,22.08,Yes,No,No internet,0,No,No,No,No,No,No,No,No,One Year,Yes,Bank Withdrawal,26.3,1763.55,0.0,0,1523.52,3287.07,Female,23,Yes,No,Yes,No,0,2,8.766666666666667,0,1,Passive
4612,Yes,1,14,Offer D,Yes,44.95,No,Yes,DSL,19,No,No,No,No,No,No,No,Yes,One Year,No,Bank Withdrawal,44.6,641.25,0.0,0,629.3000000000001,1270.5500000000002,Male,57,No,No,Yes,No,0,2,14.866666666666667,0,1,Detractor
3880,Yes,1,11,Offer D,Yes,12.95,No,Yes,Cable,6,No,No,No,No,No,No,No,Yes,Month-to-Month,Yes,Bank Withdrawal,45.9,521.9,0.0,0,142.45,664.3499999999999,Male,54,No,No,Yes,No,0,2,15.3,1,1,Promoter
2519,Yes,4,26,,No,0.0,No,Yes,DSL,51,Yes,No,Yes,No,No,No,No,Yes,One Year,No,Credit Card,35.4,978.6,0.0,0,0.0,978.6,Female,24,Yes,No,Yes,No,0,3,8.85,0,0,Detractor
4891,Yes,6,15,,Yes,30.09,No,Yes,Fiber Optic,71,No,Yes,No,No,No,No,No,Yes,Month-to-Month,No,Bank Withdrawal,75.35,1114.55,0.0,0,451.35,1565.9,Female,22,Yes,No,Yes,No,0,3,18.8375,0,1,Promoter
5637,No,0,66,,Yes,21.23,No,No,No internet,0,No,No,No,No,No,No,No,No,Two Year,No,Bank Withdrawal,19.35,1240.8,0.0,0,1401.18,2641.98,Male,58,No,No,No,No,0,1,9.675,0,1,Detractor
4120,Yes,1,46,Offer B,Yes,10.13,Yes,Yes,Fiber Optic,3,No,Yes,Yes,No,Yes,No,No,Yes,One Year,Yes,Bank Withdrawal,94.65,4312.5,0.0,0,465.98,4778.48,Male,44,No,No,Yes,No,0,6,13.521428571428572,0,1,Passive
5840,No,0,56,,Yes,17.33,Yes,Yes,Fiber Optic,16,No,Yes,Yes,Yes,Yes,No,No,Yes,Two Year,Yes,Bank Withdrawal,99.9,5706.3,0.0,0,970.48,6676.78,Female,80,No,Yes,No,No,0,7,12.4875,0,1,Detractor
2486,Yes,1,30,,Yes,15.36,No,No,No internet,0,No,No,No,No,No,No,No,No,Month-to-Month,No,Bank Withdrawal,19.65,655.85,0.0,0,460.8,1116.65,Female,42,No,No,Yes,No,0,1,9.825,0,1,Detractor
4858,Yes,9,70,Offer A,Yes,22.67,Yes,Yes,DSL,29,Yes,No,Yes,No,Yes,No,No,Yes,Two Year,No,Credit Card,68.95,4858.7,0.0,0,1586.9,6445.6,Male,49,No,No,Yes,Yes,1,6,9.85,0,0,Detractor
5517,No,0,48,Offer B,Yes,23.76,Yes,No,No internet,0,No,No,No,No,No,No,No,No,One Year,No,Bank Withdrawal,24.55,1203.95,36.04,0,1140.48,2308.3900000000003,Female,63,No,No,No,No,0,2,8.183333333333334,0,1,Promoter
5066,No,0,8,,Yes,5.27,No,No,No internet,0,No,No,No,No,No,No,No,No,One Year,Yes,Bank Withdrawal,20.2,140.95,0.0,0,42.16,183.11,Female,26,Yes,No,No,No,0,1,10.1,1,1,Passive
3711,Yes,3,3,Offer E,Yes,39.51,No,Yes,Fiber Optic,17,No,Yes,No,No,No,No,No,No,Month-to-Month,Yes,Bank Withdrawal,74.6,239.05,0.0,30,118.53,387.58,Female,80,No,Yes,Yes,No,0,2,24.866666666666664,1,1,Promoter
2904,No,0,37,Offer C,Yes,17.46,Yes,Yes,Fiber Optic,22,No,No,Yes,No,Yes,Yes,Yes,Yes,Month-to-Month,Yes,Bank Withdrawal,100.05,3810.55,0.0,0,646.02,4456.57,Female,64,No,No,No,No,0,7,12.50625,0,1,Promoter
5748,Yes,1,51,,Yes,17.87,Yes,Yes,Fiber Optic,9,Yes,No,No,No,No,No,No,Yes,Month-to-Month,Yes,Bank Withdrawal,77.5,3807.35,0.0,0,911.37,4718.72,Female,69,No,Yes,Yes,No,0,4,15.5,0,1,Detractor
6019,Yes,3,50,,Yes,22.3,Yes,No,No internet,0,No,No,No,No,No,No,No,No,Two Year,No,Credit Card,24.95,1261.45,0.0,0,1115.0,2376.45,Male,33,No,No,Yes,Yes,1,2,8.316666666666666,0,0,Promoter
4474,No,0,72,Offer A,Yes,26.87,Yes,Yes,Fiber Optic,20,No,Yes,Yes,Yes,Yes,Yes,Yes,Yes,Two Year,Yes,Bank Withdrawal,108.1,7774.05,0.0,0,1934.64,9708.69,Female,65,No,Yes,No,No,0,9,10.81,0,1,Promoter
5053,Yes,7,60,,Yes,27.2,No,Yes,DSL,21,No,Yes,No,Yes,Yes,Yes,Yes,Yes,Two Year,No,Bank Withdrawal,76.95,4543.95,0.0,0,1632.0,6175.95,Male,39,No,No,Yes,Yes,3,7,9.61875,0,1,Passive
5472,No,0,17,,Yes,24.31,Yes,Yes,DSL,21,No,No,Yes,No,No,No,No,Yes,One Year,Yes,Mailed Check,55.85,937.5,0.0,0,413.27,1350.77,Female,50,No,No,No,No,0,4,11.17,0,0,Detractor
4533,Yes,9,65,,Yes,34.03,Yes,No,No internet,0,No,No,No,No,No,No,No,No,Two Year,Yes,Bank Withdrawal,25.3,1748.55,0.0,0,2211.9500000000003,3960.5,Female,25,Yes,No,Yes,Yes,3,2,8.433333333333334,0,1,Passive
5612,Yes,1,1,Offer E,Yes,16.44,No,No,No internet,0,No,No,No,No,No,No,No,No,Month-to-Month,No,Bank Withdrawal,19.45,19.45,0.0,0,16.44,35.89,Female,38,No,No,Yes,Yes,2,1,9.725,1,1,Detractor
5442,Yes,9,32,Offer C,Yes,33.28,Yes,Yes,DSL,51,No,Yes,Yes,No,No,No,Yes,Yes,Month-to-Month,No,Bank Withdrawal,62.45,2045.55,0.0,0,1064.96,3110.51,Female,29,Yes,No,Yes,Yes,1,6,8.921428571428573,0,1,Detractor
5137,Yes,7,58,,No,0.0,No,Yes,DSL,29,Yes,Yes,No,No,Yes,No,No,Yes,One Year,Yes,Bank Withdrawal,45.35,2540.1,4.08,0,0.0,2536.02,Female,55,No,No,Yes,No,0,4,9.07,0,1,Detractor
4528,Yes,1,72,,Yes,34.97,Yes,Yes,Cable,11,Yes,Yes,Yes,Yes,Yes,Yes,Yes,Yes,Two Year,Yes,Credit Card,90.6,6441.85,0.0,0,2517.84,8959.69,Male,57,No,No,Yes,No,0,10,8.236363636363636,0,0,Detractor
5475,Yes,1,72,,Yes,41.14,Yes,Yes,Fiber Optic,53,Yes,Yes,Yes,Yes,Yes,Yes,Yes,Yes,Two Year,Yes,Bank Withdrawal,118.75,8672.45,0.0,0,2962.08,11634.53,Female,33,No,No,Yes,Yes,3,10,10.795454545454543,0,1,Passive
4133,Yes,2,57,,No,0.0,No,Yes,DSL,69,No,Yes,Yes,Yes,Yes,Yes,Yes,No,Two Year,Yes,Bank Withdrawal,57.5,3265.95,0.0,150,0.0,3415.95,Male,27,Yes,No,Yes,No,0,6,8.214285714285714,0,1,Passive
3192,No,0,24,Offer C,Yes,30.42,Yes,Yes,Fiber Optic,14,No,No,No,No,Yes,Yes,Yes,No,Month-to-Month,Yes,Bank Withdrawal,94.1,2322.85,0.0,110,730.08,3162.93,Male,60,No,No,No,No,0,5,15.683333333333332,0,1,Detractor
2725,No,0,30,,Yes,19.41,No,Yes,Cable,27,Yes,Yes,No,No,No,No,No,Yes,Month-to-Month,Yes,Bank Withdrawal,55.3,1530.6,0.0,0,582.3,2112.9,Female,25,Yes,No,No,No,0,4,11.06,0,1,Passive
3481,No,0,35,,Yes,42.8,No,No,No internet,0,No,No,No,No,No,No,No,No,Two Year,Yes,Credit Card,20.2,684.4,0.0,0,1498.0,2182.4,Male,64,No,No,No,No,0,1,10.1,0,0,Detractor
4954,Yes,9,7,,Yes,39.98,No,No,No internet,0,No,No,No,No,No,No,No,No,Month-to-Month,No,Credit Card,20.25,144.35,0.0,0,279.86,424.2099999999999,Male,31,No,No,Yes,Yes,1,1,10.125,1,0,Detractor
5685,No,0,4,Offer E,Yes,6.36,Yes,No,No internet,0,No,No,No,No,No,No,No,No,One Year,No,Bank Withdrawal,23.9,97.5,0.0,0,25.44,122.94,Female,33,No,No,No,No,0,2,7.966666666666666,1,1,Passive
2356,Yes,1,32,,Yes,5.99,No,Yes,Fiber Optic,5,No,No,No,No,No,No,No,Yes,Month-to-Month,Yes,Bank Withdrawal,69.75,2347.9,19.67,0,191.68,2519.91,Male,37,No,No,Yes,No,0,2,23.25,0,1,Detractor
5176,Yes,6,72,,Yes,43.12,No,Yes,Cable,22,Yes,Yes,Yes,No,Yes,No,No,Yes,Two Year,Yes,Credit Card,70.65,5011.15,0.0,0,3104.64,8115.789999999999,Female,59,No,No,Yes,No,0,6,10.092857142857143,0,0,Detractor
5040,Yes,7,47,Offer B,No,0.0,No,Yes,DSL,47,Yes,No,Yes,Yes,No,No,No,Yes,One Year,No,Bank Withdrawal,40.3,1794.8,0.0,0,0.0,1794.8,Male,27,Yes,No,Yes,Yes,1,4,8.059999999999999,0,1,Detractor
5989,Yes,1,58,,Yes,3.65,Yes,Yes,Fiber Optic,20,Yes,Yes,No,No,No,Yes,Yes,Yes,Month-to-Month,Yes,Bank Withdrawal,93.4,5435.6,0.0,0,211.7,5647.3,Female,37,No,No,Yes,No,0,7,11.675,0,1,Detractor
2176,No,0,2,,Yes,5.11,No,Yes,Fiber Optic,6,No,No,No,No,No,Yes,Yes,Yes,Month-to-Month,No,Bank Withdrawal,80.75,159.45,0.0,0,10.22,169.67,Female,41,No,No,No,No,0,4,16.15,1,1,Detractor
5014,Yes,4,7,,Yes,31.43,No,Yes,DSL,24,No,No,No,No,No,No,No,No,Month-to-Month,Yes,Credit Card,44.25,313.45,0.0,0,220.01,533.46,Female,61,No,No,Yes,No,0,1,22.125,1,0,Promoter
5702,No,0,10,,No,0.0,No,Yes,Cable,20,No,No,No,Yes,No,No,No,No,Month-to-Month,Yes,Bank Withdrawal,29.65,291.4,0.0,110,0.0,401.4,Female,76,No,Yes,No,No,0,1,14.825,1,1,Detractor
5432,Yes,1,16,,Yes,25.83,Yes,Yes,Fiber Optic,46,No,No,No,No,No,No,No,Yes,Month-to-Month,Yes,Bank Withdrawal,75.4,1189.4,0.0,0,413.28,1602.68,Male,25,Yes,No,Yes,No,0,3,18.85,0,1,Promoter
4382,Yes,6,43,,Yes,15.2,No,Yes,Fiber Optic,21,Yes,No,Yes,Yes,No,No,No,Yes,One Year,Yes,Bank Withdrawal,84.25,3539.25,0.0,0,653.6,4192.85,Male,61,No,No,Yes,No,0,5,14.041666666666666,0,1,Detractor
2159,Yes,1,22,,Yes,32.11,No,Yes,Fiber Optic,52,No,No,No,No,No,No,No,Yes,Month-to-Month,Yes,Bank Withdrawal,69.25,1554.0,0.0,0,706.42,2260.42,Female,19,Yes,No,Yes,No,0,2,23.08333333333333,0,1,Detractor
4835,No,0,56,Offer B,Yes,30.86,No,Yes,DSL,22,Yes,No,Yes,Yes,No,No,No,Yes,One Year,Yes,Credit Card,60.25,3282.75,0.0,0,1728.16,5010.91,Female,32,No,No,No,No,0,5,10.041666666666666,0,0,Passive
4460,No,0,33,,Yes,16.76,Yes,Yes,Fiber Optic,85,Yes,No,No,No,No,Yes,Yes,Yes,Month-to-Month,Yes,Bank Withdrawal,90.65,2989.6,0.0,0,553.08,3542.68,Female,26,Yes,No,No,No,0,6,12.95,0,1,Passive
3770,Yes,1,28,Offer C,Yes,9.62,Yes,Yes,Fiber Optic,24,Yes,Yes,No,No,Yes,Yes,Yes,Yes,One Year,No,Bank Withdrawal,106.1,2847.4,0.0,0,269.36,3116.76,Male,58,No,No,Yes,No,0,8,11.788888888888888,0,1,Detractor
4262,No,0,56,Offer B,Yes,22.47,Yes,No,No internet,0,No,No,No,No,No,No,No,No,Two Year,Yes,Credit Card,24.8,1424.2,0.0,0,1258.32,2682.52,Male,48,No,No,No,Yes,3,2,8.266666666666667,0,0,Detractor
5514,Yes,7,70,Offer A,Yes,24.93,No,Yes,DSL,15,Yes,Yes,No,Yes,No,Yes,Yes,Yes,Two Year,No,Credit Card,67.95,4664.15,0.0,0,1745.1,6409.25,Male,41,No,No,Yes,No,0,7,8.49375,0,0,Detractor
4472,No,0,27,,Yes,25.21,No,Yes,DSL,9,Yes,Yes,No,No,No,No,No,Yes,Month-to-Month,Yes,Credit Card,56.7,1652.95,0.0,0,680.6700000000001,2333.62,Female,35,No,No,No,No,0,4,11.34,0,0,Detractor
4563,No,0,1,Offer E,Yes,46.17,No,Yes,Cable,19,No,No,No,No,No,No,No,Yes,Month-to-Month,No,Mailed Check,45.95,45.95,0.0,0,46.17,92.12,Female,49,No,No,No,Yes,1,2,15.316666666666668,1,0,Detractor
5936,No,0,32,Offer C,Yes,31.57,No,Yes,Fiber Optic,4,No,No,No,No,Yes,Yes,No,Yes,Two Year,No,Bank Withdrawal,90.95,2897.95,25.55,0,1010.24,3882.64,Female,80,No,Yes,No,No,0,4,18.19,0,1,Passive
2857,No,0,5,,Yes,22.01,Yes,Yes,Cable,85,No,No,No,No,No,No,Yes,Yes,Month-to-Month,No,Bank Withdrawal,47.15,223.15,0.0,0,110.05,333.20000000000005,Male,25,Yes,No,No,No,0,4,9.43,1,1,Detractor
4404,Yes,5,72,Offer A,Yes,21.37,Yes,Yes,Fiber Optic,13,Yes,Yes,Yes,Yes,Yes,Yes,Yes,No,Two Year,Yes,Bank Withdrawal,116.05,8404.9,0.0,120,1538.64,10063.54,Male,75,No,Yes,Yes,No,0,9,11.605,0,1,Detractor
6120,No,0,65,,Yes,41.88,Yes,Yes,Fiber Optic,7,Yes,No,Yes,Yes,Yes,Yes,Yes,Yes,Two Year,No,Bank Withdrawal,108.65,6937.95,0.0,0,2722.2000000000003,9660.15,Male,53,No,No,Yes,No,0,9,10.865,0,1,Detractor
3785,No,0,20,,Yes,22.78,No,No,No internet,0,No,No,No,No,No,No,No,No,Month-to-Month,Yes,Bank Withdrawal,19.4,374.5,0.0,0,455.6,830.1,Male,30,No,No,No,Yes,3,1,9.7,0,1,Detractor
3093,Yes,5,39,,Yes,13.8,No,Yes,DSL,13,Yes,Yes,Yes,No,No,No,No,No,One Year,No,Bank Withdrawal,59.8,2343.85,0.0,140,538.2,3022.05,Male,60,No,No,Yes,Yes,2,4,11.96,0,1,Detractor
6434,No,0,49,Offer B,Yes,27.2,Yes,Yes,Fiber Optic,24,No,No,No,No,No,Yes,Yes,Yes,Month-to-Month,Yes,Bank Withdrawal,84.5,3906.7,0.0,0,1332.8,5239.5,Female,49,No,No,No,No,0,5,14.083333333333334,0,1,Promoter
2872,No,0,7,,Yes,18.1,Yes,Yes,Fiber Optic,15,No,No,No,No,No,No,No,Yes,Month-to-Month,No,Credit Card,75.45,480.75,0.0,0,126.70000000000002,607.45,Female,35,No,No,No,No,0,3,18.8625,1,0,Detractor
2866,Yes,7,6,Offer E,No,0.0,No,Yes,Cable,10,No,Yes,Yes,Yes,No,No,No,No,Two Year,No,Credit Card,40.55,217.5,0.0,50,0.0,267.5,Female,61,No,No,Yes,Yes,2,3,10.1375,1,0,Promoter
4413,Yes,9,11,Offer D,Yes,29.15,No,Yes,Fiber Optic,2,No,No,No,Yes,Yes,No,No,Yes,One Year,Yes,Bank Withdrawal,82.9,880.05,0.0,0,320.65,1200.6999999999998,Female,68,No,Yes,Yes,No,0,4,16.580000000000002,1,1,Passive
2632,No,0,8,,Yes,23.89,Yes,Yes,Fiber Optic,14,No,Yes,Yes,No,Yes,No,No,Yes,Month-to-Month,Yes,Bank Withdrawal,94.0,773.65,0.0,0,191.12,964.77,Male,59,No,No,No,No,0,6,13.428571428571429,1,1,Detractor
5811,Yes,3,1,,Yes,16.02,No,No,No internet,0,No,No,No,No,No,No,No,No,Month-to-Month,No,Credit Card,20.05,20.05,0.0,0,16.02,36.07,Female,61,No,No,Yes,Yes,3,1,10.025,1,0,Promoter
4634,Yes,10,72,,Yes,15.09,Yes,Yes,Fiber Optic,85,No,Yes,Yes,No,Yes,Yes,Yes,Yes,Two Year,Yes,Bank Withdrawal,106.3,7565.35,0.0,0,1086.48,8651.83,Male,22,Yes,No,Yes,No,0,8,11.81111111111111,0,1,Promoter
2524,Yes,1,15,,Yes,12.27,No,Yes,Fiber Optic,76,No,No,No,No,Yes,Yes,Yes,Yes,Month-to-Month,No,Bank Withdrawal,88.15,1390.6,0.0,0,184.05,1574.65,Female,21,Yes,No,Yes,No,0,5,14.691666666666668,0,1,Detractor
3066,No,0,37,,Yes,30.72,Yes,Yes,Fiber Optic,42,No,No,No,Yes,Yes,Yes,Yes,Yes,Month-to-Month,No,Bank Withdrawal,98.8,3475.55,0.0,0,1136.64,4612.1900000000005,Male,27,Yes,No,No,No,0,7,12.35,0,1,Detractor
2269,Yes,5,16,Offer D,Yes,9.16,Yes,Yes,DSL,59,Yes,Yes,No,Yes,Yes,Yes,Yes,Yes,Month-to-Month,No,Bank Withdrawal,84.9,1398.25,0.0,0,146.56,1544.81,Male,22,Yes,No,Yes,Yes,2,9,8.49,0,1,Detractor
5052,Yes,7,56,,Yes,21.21,Yes,No,No internet,0,No,No,No,No,No,No,No,No,One Year,No,Bank Withdrawal,24.3,1261.7,0.0,0,1187.76,2449.46,Female,23,Yes,No,Yes,No,0,2,8.1,0,1,Promoter
4986,No,0,64,Offer B,Yes,9.95,No,Yes,Fiber Optic,2,Yes,Yes,No,No,Yes,Yes,Yes,Yes,One Year,Yes,Credit Card,100.3,6603.8,0.0,0,636.8,7240.6,Male,51,No,No,No,No,0,7,12.5375,0,0,Promoter
3194,No,0,37,Offer C,Yes,12.69,Yes,Yes,Fiber Optic,69,Yes,No,No,No,Yes,No,No,No,Month-to-Month,Yes,Bank Withdrawal,91.15,3369.25,17.5,50,469.53,3871.28,Male,29,Yes,No,No,No,0,4,18.23,0,1,Detractor
5561,Yes,2,51,Offer B,Yes,21.07,No,Yes,Fiber Optic,46,Yes,Yes,Yes,No,Yes,No,No,Yes,One Year,Yes,Bank Withdrawal,93.5,4619.55,0.0,0,1074.57,5694.12,Female,27,Yes,No,Yes,No,0,6,13.357142857142858,0,1,Detractor
2158,Yes,5,8,,Yes,43.05,No,No,No internet,0,No,No,No,No,No,No,No,No,Month-to-Month,No,Credit Card,21.05,139.75,0.0,0,344.4,484.15,Female,54,No,No,Yes,Yes,3,1,10.525,1,0,Detractor
4334,Yes,1,61,,Yes,46.95,Yes,Yes,Cable,21,Yes,Yes,No,No,Yes,Yes,Yes,Yes,One Year,Yes,Bank Withdrawal,106.0,6547.7,0.0,0,2863.9500000000003,9411.65,Male,52,No,No,Yes,No,0,8,11.77777777777778,0,1,Detractor
5774,No,0,1,,Yes,44.09,No,No,No internet,0,No,No,No,No,No,No,No,No,Month-to-Month,No,Credit Card,20.35,20.35,0.0,0,44.09,64.44,Female,47,No,No,No,No,0,1,10.175,1,0,Detractor
2004,Yes,4,40,,Yes,29.42,Yes,Yes,Fiber Optic,23,No,Yes,Yes,No,Yes,No,No,Yes,Month-to-Month,Yes,Credit Card,96.35,3915.4,0.0,0,1176.8000000000002,5092.200000000001,Female,51,No,No,Yes,Yes,2,6,13.764285714285714,0,0,Promoter
5404,Yes,1,61,,Yes,15.15,Yes,Yes,Fiber Optic,28,Yes,No,Yes,Yes,Yes,No,No,Yes,Month-to-Month,No,Bank Withdrawal,99.4,5943.65,0.0,0,924.15,6867.799999999999,Male,49,No,No,Yes,No,0,7,12.425,0,1,Passive
2056,No,0,14,,No,0.0,No,Yes,Cable,5,No,No,No,No,Yes,Yes,Yes,Yes,Two Year,Yes,Bank Withdrawal,46.35,672.7,0.0,0,0.0,672.7,Female,71,No,Yes,No,No,0,4,9.27,0,1,Passive
2293,No,0,1,,Yes,26.41,No,Yes,Cable,26,No,No,No,No,No,No,No,Yes,Month-to-Month,Yes,Bank Withdrawal,45.3,45.3,0.0,0,26.41,71.71,Female,37,No,No,No,No,0,2,15.1,1,1,Detractor
3960,Yes,7,1,Offer E,Yes,18.63,No,No,No internet,0,No,No,No,No,No,No,No,No,Month-to-Month,Yes,Bank Withdrawal,20.15,20.15,0.0,0,18.63,38.78,Male,25,Yes,No,Yes,Yes,2,1,10.075,1,1,Detractor
6141,No,0,72,Offer A,Yes,26.01,Yes,No,No internet,0,No,No,No,No,No,No,No,No,Two Year,No,Bank Withdrawal,25.4,1809.35,0.0,0,1872.72,3682.07,Male,80,No,Yes,No,No,0,2,8.466666666666667,0,1,Detractor
5025,No,0,17,,Yes,36.47,No,Yes,Cable,15,Yes,Yes,No,No,No,No,No,Yes,One Year,No,Credit Card,56.1,946.95,0.0,0,619.99,1566.94,Male,58,No,No,No,No,0,4,11.22,0,0,Detractor
4040,Yes,2,60,,Yes,22.95,Yes,Yes,Fiber Optic,15,No,Yes,Yes,No,Yes,Yes,Yes,Yes,One Year,Yes,Bank Withdrawal,104.35,6339.45,41.23,0,1377.0,7675.22,Male,80,No,Yes,Yes,No,0,8,11.594444444444443,0,1,Passive
4181,Yes,4,70,Offer A,Yes,16.87,Yes,Yes,Fiber Optic,3,No,No,No,No,No,No,No,Yes,Two Year,Yes,Credit Card,75.65,5411.4,25.67,0,1180.9,6566.629999999999,Female,72,No,Yes,Yes,No,0,3,18.9125,0,0,Passive
5691,Yes,6,35,,No,0.0,No,Yes,DSL,30,No,No,No,Yes,Yes,No,No,Yes,One Year,No,Credit Card,40.9,1383.6,0.0,0,0.0,1383.6,Female,36,No,No,Yes,Yes,1,3,10.225,0,0,Detractor
3260,Yes,1,47,,Yes,1.44,No,No,No internet,0,No,No,No,No,No,No,No,No,Two Year,No,Credit Card,20.05,1016.7,0.0,0,67.67999999999999,1084.38,Female,52,No,No,Yes,Yes,1,1,10.025,0,0,Promoter
2608,Yes,1,19,,Yes,43.95,No,Yes,Fiber Optic,20,No,Yes,No,Yes,Yes,Yes,Yes,Yes,One Year,No,Bank Withdrawal,100.0,1888.65,0.0,0,835.0500000000001,2723.7000000000003,Male,56,No,No,Yes,No,0,7,12.5,0,1,Detractor
4495,No,0,67,Offer A,Yes,33.88,Yes,Yes,Fiber Optic,71,Yes,Yes,Yes,Yes,Yes,Yes,Yes,Yes,Two Year,No,Credit Card,116.2,7752.3,0.0,0,2269.96,10022.26,Male,25,Yes,No,No,No,0,10,10.563636363636364,0,0,Detractor
3200,No,0,40,Offer B,Yes,26.41,No,No,No internet,0,No,No,No,No,No,No,No,No,One Year,Yes,Bank Withdrawal,20.4,854.9,32.55,0,1056.4,1878.75,Male,58,No,No,No,Yes,3,1,10.2,0,1,Promoter
3123,Yes,1,21,,Yes,16.67,No,Yes,Fiber Optic,3,No,Yes,Yes,Yes,Yes,Yes,Yes,Yes,Month-to-Month,Yes,Bank Withdrawal,102.8,2110.15,0.0,0,350.07000000000005,2460.2200000000003,Female,52,No,No,Yes,No,0,8,11.422222222222222,0,1,Detractor
5709,No,0,58,,Yes,22.71,Yes,Yes,Fiber Optic,14,Yes,No,No,No,No,No,No,Yes,Month-to-Month,Yes,Bank Withdrawal,79.8,4526.85,0.0,0,1317.18,5844.030000000001,Female,47,No,No,No,No,0,4,15.96,0,1,Passive
5607,Yes,9,68,,No,0.0,No,Yes,Cable,28,Yes,Yes,Yes,No,No,No,No,Yes,Two Year,Yes,Bank Withdrawal,41.95,2965.75,0.0,0,0.0,2965.75,Male,79,No,Yes,Yes,No,0,4,8.39,0,1,Detractor
5313,No,0,18,,Yes,7.51,No,Yes,Fiber Optic,24,No,Yes,No,No,No,No,No,Yes,Two Year,Yes,Bank Withdrawal,73.55,1359.45,0.0,0,135.18,1494.63,Female,71,No,Yes,No,No,0,3,18.3875,0,1,Detractor
3660,No,0,7,,Yes,11.01,No,Yes,Cable,18,No,Yes,No,No,No,No,No,Yes,Two Year,Yes,Credit Card,51.3,419.35,0.0,0,77.07,496.42,Female,73,No,Yes,No,No,0,3,12.825,1,0,Passive
5636,No,0,5,,Yes,8.6,No,Yes,DSL,59,No,Yes,No,Yes,No,Yes,Yes,Yes,Month-to-Month,Yes,Bank Withdrawal,65.6,339.9,0.0,0,43.0,382.9,Male,22,Yes,No,No,No,0,6,9.37142857142857,1,1,Passive
2841,No,0,4,Offer E,Yes,6.5,Yes,Yes,Fiber Optic,73,Yes,No,No,No,No,No,No,Yes,Month-to-Month,Yes,Bank Withdrawal,80.15,319.85,0.0,0,26.0,345.85,Female,27,Yes,No,No,No,0,4,16.03,1,1,Detractor
2283,Yes,6,40,Offer B,Yes,11.5,Yes,Yes,Fiber Optic,22,Yes,Yes,No,Yes,Yes,Yes,Yes,Yes,Month-to-Month,Yes,Credit Card,110.1,4469.1,0.0,0,460.0,4929.1,Male,59,No,No,Yes,Yes,3,9,11.01,0,0,Detractor
4134,No,0,25,,Yes,18.87,No,No,No internet,0,No,No,No,No,No,No,No,No,One Year,No,Bank Withdrawal,19.9,505.45,0.0,0,471.75,977.2,Male,47,No,No,Yes,Yes,1,1,9.95,0,1,Promoter
4008,No,0,72,Offer A,Yes,14.94,Yes,Yes,Fiber Optic,30,Yes,Yes,Yes,Yes,Yes,Yes,Yes,Yes,Two Year,Yes,Credit Card,117.35,8436.25,0.0,0,1075.68,9511.93,Female,78,No,Yes,No,No,0,10,10.668181818181818,0,0,Passive
4030,No,0,71,Offer A,Yes,14.91,No,No,No internet,0,No,No,No,No,No,No,No,No,Two Year,Yes,Bank Withdrawal,20.9,1493.2,0.0,0,1058.61,2551.81,Female,44,No,No,Yes,No,0,1,10.45,0,1,Passive
4667,No,0,1,,Yes,14.93,No,Yes,DSL,4,No,No,No,Yes,No,No,No,Yes,Month-to-Month,Yes,Bank Withdrawal,49.9,49.9,0.0,0,14.93,64.83,Female,33,No,No,No,No,0,3,12.475,1,1,Detractor
3575,Yes,2,7,Offer E,Yes,41.64,No,No,No internet,0,No,No,No,No,No,No,No,No,One Year,No,Mailed Check,20.65,134.05,0.0,0,291.48,425.53,Female,20,Yes,No,Yes,No,0,1,10.325,1,0,Passive
6236,Yes,8,66,Offer A,Yes,35.01,Yes,Yes,DSL,59,No,Yes,Yes,No,Yes,Yes,Yes,Yes,Two Year,No,Bank Withdrawal,79.85,5234.95,0.0,0,2310.66,7545.61,Male,25,Yes,No,Yes,Yes,1,8,8.872222222222222,0,1,Promoter
3208,No,0,1,Offer E,Yes,22.5,No,Yes,Fiber Optic,27,No,No,No,No,No,No,No,No,Month-to-Month,Yes,Bank Withdrawal,69.95,69.95,0.0,10,22.5,102.45,Female,73,No,Yes,No,No,0,1,34.975,1,1,Detractor
5902,No,0,69,,Yes,1.85,Yes,Yes,Fiber Optic,13,No,No,Yes,Yes,Yes,Yes,Yes,Yes,Two Year,No,Bank Withdrawal,104.0,7028.5,0.0,0,127.65,7156.15,Female,44,No,No,No,No,0,8,11.555555555555555,0,1,Promoter
4785,Yes,1,7,Offer E,Yes,9.1,Yes,Yes,DSL,28,No,No,No,No,No,No,No,Yes,Month-to-Month,No,Bank Withdrawal,48.8,349.8,0.0,0,63.7,413.5,Female,56,No,No,Yes,Yes,2,3,12.2,1,1,Passive
4969,Yes,4,52,,Yes,49.82,No,Yes,Fiber Optic,51,Yes,Yes,Yes,Yes,Yes,Yes,Yes,Yes,Two Year,Yes,Bank Withdrawal,106.3,5487.0,0.0,0,2590.64,8077.639999999999,Male,26,Yes,No,Yes,No,0,9,10.63,0,1,Detractor
3704,No,0,1,Offer E,Yes,7.99,No,Yes,Cable,11,No,Yes,No,No,No,No,No,Yes,Month-to-Month,Yes,Bank Withdrawal,48.6,48.6,0.0,0,7.99,56.59,Female,51,No,No,No,No,0,3,12.15,1,1,Promoter
2176,No,0,27,,Yes,47.65,No,No,No internet,0,No,No,No,No,No,No,No,No,Two Year,No,Credit Card,19.85,470.0,0.0,0,1286.55,1756.55,Male,27,Yes,No,No,No,0,1,9.925,0,0,Passive
2860,No,0,20,Offer D,Yes,30.13,No,No,No internet,0,No,No,No,No,No,No,No,No,One Year,Yes,Mailed Check,19.7,415.9,0.0,0,602.6,1018.5,Male,59,No,No,No,No,0,1,9.85,0,0,Passive
3518,No,0,1,,No,0.0,No,Yes,Cable,21,No,No,No,No,No,No,No,No,Month-to-Month,Yes,Bank Withdrawal,24.7,24.7,0.0,0,0.0,24.7,Male,47,No,No,No,Yes,3,0,24.7,1,1,Passive
4163,Yes,7,51,Offer B,Yes,2.21,Yes,Yes,Fiber Optic,10,Yes,No,Yes,No,No,Yes,No,Yes,One Year,Yes,Bank Withdrawal,93.65,4839.15,0.0,0,112.71,4951.86,Male,76,No,Yes,Yes,No,0,6,13.37857142857143,0,1,Passive
3366,No,0,15,,Yes,2.74,No,No,No internet,0,No,No,No,No,No,No,No,No,Month-to-Month,No,Mailed Check,19.9,320.45,0.0,0,41.1,361.55,Female,46,No,No,No,No,0,1,9.95,0,0,Passive
5208,No,0,17,Offer D,Yes,9.84,Yes,No,No internet,0,No,No,No,No,No,No,No,No,Month-to-Month,No,Credit Card,24.8,475.25,37.06,0,167.28,605.47,Female,64,No,No,No,No,0,2,8.266666666666667,0,0,Promoter
5638,Yes,1,11,Offer D,Yes,29.01,No,No,No internet,0,No,No,No,No,No,No,No,No,Month-to-Month,Yes,Credit Card,19.25,180.3,0.0,0,319.11,499.41,Female,35,No,No,Yes,Yes,3,1,9.625,1,0,Detractor
6307,Yes,2,60,,No,0.0,No,Yes,Cable,51,No,Yes,No,No,Yes,Yes,Yes,Yes,Month-to-Month,Yes,Bank Withdrawal,49.75,3069.45,0.0,0,0.0,3069.45,Female,39,No,No,Yes,Yes,3,5,8.291666666666666,0,1,Detractor
4327,No,0,16,Offer D,Yes,21.04,No,No,No internet,0,No,No,No,No,No,No,No,No,Month-to-Month,No,Bank Withdrawal,20.25,327.45,0.0,0,336.64,664.0899999999999,Male,24,Yes,No,No,No,0,1,10.125,0,1,Detractor
5112,No,0,66,,No,0.0,No,Yes,Cable,15,No,No,No,Yes,No,No,No,Yes,One Year,No,Credit Card,29.45,1983.15,0.0,0,0.0,1983.15,Male,45,No,No,No,No,0,2,9.816666666666666,0,0,Detractor
6153,No,0,65,,Yes,27.68,Yes,Yes,Fiber Optic,6,No,Yes,Yes,No,Yes,No,No,No,One Year,Yes,Bank Withdrawal,95.5,6153.85,0.0,80,1799.2,8033.05,Female,59,No,No,No,No,0,5,15.916666666666666,0,1,Promoter
2818,No,0,3,Offer E,Yes,9.22,Yes,Yes,Fiber Optic,14,No,Yes,No,No,No,No,No,Yes,Month-to-Month,Yes,Bank Withdrawal,81.35,233.7,0.0,0,27.660000000000004,261.36,Male,77,No,Yes,No,No,0,4,16.27,1,1,Detractor
2699,No,0,1,,Yes,27.89,No,Yes,Fiber Optic,20,No,No,No,No,No,No,No,Yes,Month-to-Month,Yes,Bank Withdrawal,70.05,70.05,0.0,0,27.89,97.94,Male,38,No,No,No,No,0,2,23.35,1,1,Detractor
4684,No,0,31,,Yes,37.07,Yes,Yes,Fiber Optic,23,No,Yes,No,No,No,No,No,Yes,Month-to-Month,Yes,Bank Withdrawal,80.45,2429.1,0.0,0,1149.17,3578.27,Male,43,No,No,No,No,0,4,16.09,0,1,Passive
4588,Yes,8,70,Offer A,Yes,46.2,Yes,Yes,Fiber Optic,14,Yes,Yes,Yes,Yes,Yes,Yes,No,Yes,Two Year,Yes,Credit Card,113.0,7987.6,0.0,0,3234.0,11221.6,Female,74,No,Yes,Yes,No,0,9,11.3,0,0,Detractor
5369,No,0,8,Offer E,No,0.0,No,Yes,Cable,8,Yes,No,No,No,No,No,No,No,Month-to-Month,No,Credit Card,29.35,216.45,0.0,10,0.0,226.45,Male,47,No,No,No,No,0,1,14.675,1,0,Passive
3535,Yes,1,12,Offer D,Yes,19.48,No,No,No internet,0,No,No,No,No,No,No,No,No,Month-to-Month,No,Credit Card,19.0,233.55,0.0,0,233.76,467.31,Female,48,No,No,Yes,No,0,1,9.5,1,0,Detractor
3260,Yes,8,8,Offer E,Yes,17.09,No,No,No internet,0,No,No,No,No,No,No,No,No,Two Year,Yes,Credit Card,19.85,146.6,0.0,0,136.72,283.32,Female,44,No,No,Yes,No,0,1,9.925,1,0,Promoter
2047,Yes,8,18,,Yes,14.6,No,No,No internet,0,No,No,No,No,No,No,No,No,Month-to-Month,No,Credit Card,20.45,357.0,0.0,0,262.8,619.8,Female,39,No,No,Yes,Yes,2,1,10.225,0,0,Passive
3290,No,0,29,,No,0.0,No,Yes,DSL,21,Yes,Yes,Yes,Yes,No,No,No,Yes,Month-to-Month,Yes,Credit Card,45.0,1242.45,12.26,0,0.0,1230.19,Male,57,No,No,No,Yes,1,5,7.5,0,0,Passive
5578,No,0,10,,Yes,5.63,Yes,Yes,Fiber Optic,26,No,No,No,No,No,No,No,Yes,Month-to-Month,Yes,Bank Withdrawal,74.75,799.65,0.0,0,56.3,855.9499999999999,Female,39,No,No,No,No,0,3,18.6875,1,1,Detractor
5325,Yes,3,41,,Yes,13.23,No,Yes,Fiber Optic,16,No,Yes,Yes,Yes,No,No,No,Yes,One Year,Yes,Bank Withdrawal,86.2,3339.05,0.0,0,542.4300000000001,3881.480000000001,Female,53,No,No,Yes,No,0,5,14.366666666666667,0,1,Detractor
5655,No,0,2,,Yes,43.66,No,Yes,DSL,25,No,No,No,No,No,No,No,Yes,Month-to-Month,Yes,Bank Withdrawal,44.15,92.65,0.0,0,87.32,179.97,Male,78,No,Yes,No,No,0,2,14.716666666666669,1,1,Detractor
3762,No,0,15,,Yes,13.58,Yes,Yes,DSL,19,No,No,No,No,No,No,No,Yes,Month-to-Month,No,Credit Card,48.85,631.4,32.09,0,203.7,803.01,Female,64,No,No,No,No,0,3,12.2125,0,0,Passive
6350,No,0,69,Offer A,Yes,20.44,Yes,Yes,Fiber Optic,3,No,Yes,No,Yes,Yes,Yes,Yes,Yes,One Year,Yes,Bank Withdrawal,104.7,7220.35,0.0,0,1410.36,8630.710000000001,Male,52,No,No,No,No,0,8,11.633333333333333,0,1,Detractor
4740,No,0,48,Offer B,Yes,21.39,Yes,Yes,DSL,3,No,Yes,Yes,Yes,Yes,No,No,No,One Year,Yes,Bank Withdrawal,73.85,3581.4,0.0,60,1026.72,4668.12,Female,49,No,No,No,No,0,6,10.55,0,1,Passive
5605,No,0,4,Offer E,No,0.0,No,Yes,Cable,20,No,No,No,No,Yes,Yes,Yes,No,Month-to-Month,Yes,Bank Withdrawal,44.55,174.3,0.0,10,0.0,184.3,Male,44,No,No,No,No,0,3,11.1375,1,1,Detractor
4764,No,0,3,Offer E,Yes,34.76,No,Yes,Fiber Optic,21,No,No,No,No,No,No,No,Yes,Month-to-Month,Yes,Bank Withdrawal,69.85,199.85,0.0,0,104.28,304.13,Female,53,No,No,No,No,0,2,23.28333333333333,1,1,Promoter
3560,Yes,10,27,,Yes,9.01,No,Yes,DSL,5,Yes,No,No,No,No,No,No,Yes,One Year,No,Credit Card,48.7,1421.75,0.0,0,243.27,1665.02,Male,33,No,No,Yes,No,0,3,12.175,0,0,Detractor
4876,Yes,1,46,Offer B,Yes,48.62,No,Yes,Fiber Optic,3,No,No,No,No,No,Yes,No,No,Month-to-Month,Yes,Bank Withdrawal,80.4,3605.2,0.0,20,2236.52,5861.719999999999,Male,71,No,Yes,Yes,No,0,2,26.8,0,1,Detractor
5461,Yes,9,38,Offer C,Yes,42.08,Yes,Yes,Fiber Optic,15,Yes,No,Yes,Yes,Yes,Yes,Yes,Yes,One Year,Yes,Bank Withdrawal,110.7,4428.6,0.0,0,1599.04,6027.64,Male,59,No,No,Yes,No,0,9,11.07,0,1,Detractor
3642,Yes,1,25,Offer C,Yes,8.91,Yes,Yes,Fiber Optic,10,No,No,Yes,Yes,Yes,Yes,Yes,Yes,Month-to-Month,Yes,Bank Withdrawal,104.95,2566.5,0.0,0,222.75,2789.25,Female,48,No,No,Yes,No,0,8,11.661111111111111,0,1,Detractor
3063,No,0,1,,Yes,39.55,No,Yes,Fiber Optic,21,No,No,No,Yes,No,No,No,Yes,Month-to-Month,Yes,Mailed Check,74.3,74.3,0.0,0,39.55,113.85,Male,37,No,No,No,No,0,3,18.575,1,0,Promoter
5121,No,0,58,Offer B,Yes,46.7,Yes,Yes,Fiber Optic,19,Yes,Yes,Yes,No,Yes,Yes,Yes,Yes,One Year,Yes,Bank Withdrawal,107.75,6332.75,0.0,0,2708.6000000000004,9041.35,Female,51,No,No,No,No,0,9,10.775,0,1,Detractor
5842,No,0,72,Offer A,Yes,44.46,Yes,Yes,DSL,48,No,Yes,Yes,Yes,Yes,Yes,Yes,Yes,Two Year,Yes,Bank Withdrawal,88.6,6201.95,0.0,0,3201.12,9403.07,Male,26,Yes,No,No,No,0,9,8.86,0,1,Detractor
5768,No,0,1,,No,0.0,No,Yes,DSL,12,No,No,No,No,No,No,No,Yes,Month-to-Month,No,Bank Withdrawal,24.6,24.6,0.0,0,0.0,24.6,Female,39,No,No,No,No,0,1,12.3,1,1,Detractor
4112,No,0,44,Offer B,Yes,32.83,No,Yes,Fiber Optic,24,No,Yes,Yes,No,Yes,No,No,Yes,Month-to-Month,Yes,Credit Card,88.15,3973.2,0.0,0,1444.52,5417.719999999999,Female,35,No,No,No,No,0,5,14.691666666666668,0,0,Passive
3713,No,0,12,Offer D,Yes,8.25,No,No,No internet,0,No,No,No,No,No,No,No,No,Month-to-Month,No,Bank Withdrawal,19.4,198.1,0.0,0,99.0,297.1,Female,48,No,No,Yes,Yes,1,1,9.7,1,1,Detractor
5504,Yes,7,72,,Yes,15.96,No,Yes,DSL,26,Yes,Yes,No,Yes,Yes,No,No,Yes,Two Year,No,Bank Withdrawal,68.4,4855.35,0.0,0,1149.12,6004.47,Male,52,No,No,Yes,Yes,1,6,9.771428571428572,0,1,Detractor
5863,Yes,1,50,Offer B,Yes,31.56,Yes,Yes,Fiber Optic,4,No,Yes,Yes,No,Yes,No,No,No,Month-to-Month,Yes,Bank Withdrawal,95.05,4888.7,0.0,50,1578.0,6516.7,Female,67,No,Yes,Yes,No,0,5,15.841666666666669,0,1,Detractor
5279,No,0,1,Offer E,Yes,33.02,No,No,No internet,0,No,No,No,No,No,No,No,No,Month-to-Month,Yes,Credit Card,19.5,19.5,0.0,0,33.02,52.52,Female,57,No,No,No,No,0,1,9.75,1,0,Passive
5083,Yes,1,45,,Yes,45.21,No,Yes,Cable,59,Yes,No,No,Yes,No,No,No,Yes,Two Year,No,Bank Withdrawal,54.65,2553.7,0.0,0,2034.45,4588.15,Male,21,Yes,No,Yes,Yes,1,4,10.93,0,1,Detractor
3000,No,0,13,Offer D,No,0.0,No,Yes,DSL,27,No,No,Yes,No,Yes,Yes,Yes,Yes,Month-to-Month,No,Bank Withdrawal,49.15,649.4,0.0,0,0.0,649.4,Female,47,No,No,No,No,0,5,8.191666666666666,0,1,Detractor
5446,Yes,4,59,Offer B,Yes,8.28,No,Yes,DSL,22,No,Yes,No,Yes,Yes,Yes,Yes,Yes,Two Year,Yes,Credit Card,75.95,4542.35,0.0,0,488.52,5030.870000000001,Female,40,No,No,Yes,No,0,7,9.49375,0,0,Detractor
2578,No,0,9,Offer E,Yes,1.34,No,Yes,Fiber Optic,9,No,No,No,No,Yes,Yes,Yes,Yes,Month-to-Month,Yes,Bank Withdrawal,90.8,809.75,0.0,0,12.06,821.81,Female,53,No,No,No,No,0,5,15.133333333333333,1,1,Detractor
3931,Yes,8,17,Offer D,Yes,45.24,Yes,No,No internet,0,No,No,No,No,No,No,No,No,Two Year,Yes,Credit Card,25.15,412.6,0.0,0,769.08,1181.68,Male,33,No,No,Yes,Yes,3,2,8.383333333333333,0,0,Detractor
5038,Yes,7,64,Offer B,Yes,1.27,Yes,Yes,Fiber Optic,13,Yes,No,Yes,No,Yes,No,No,Yes,Two Year,Yes,Credit Card,94.6,5948.7,0.0,0,81.28,6029.98,Female,45,No,No,Yes,No,0,6,13.514285714285714,0,0,Passive
5090,No,0,20,,Yes,22.31,No,Yes,DSL,21,Yes,No,No,Yes,No,No,No,Yes,One Year,No,Credit Card,54.0,1055.9,0.0,0,446.2,1502.1,Male,68,No,Yes,No,No,0,4,10.8,0,0,Passive
4145,No,0,50,,Yes,27.04,Yes,Yes,DSL,2,No,No,Yes,Yes,No,Yes,Yes,Yes,Two Year,No,Bank Withdrawal,69.5,3418.2,5.73,0,1352.0,4764.469999999999,Male,63,No,No,No,No,0,7,8.6875,0,1,Promoter
2655,Yes,1,13,,No,0.0,No,Yes,DSL,8,No,No,Yes,No,Yes,Yes,Yes,Yes,Month-to-Month,Yes,Bank Withdrawal,48.75,633.4,0.0,0,0.0,633.4,Female,42,No,No,Yes,No,0,5,8.125,0,1,Detractor
5280,No,0,71,Offer A,Yes,23.41,Yes,Yes,DSL,53,Yes,No,Yes,Yes,Yes,Yes,Yes,Yes,One Year,No,Bank Withdrawal,85.45,6300.85,0.0,0,1662.11,7962.96,Male,57,No,No,Yes,Yes,3,9,8.545,0,1,Passive
4803,Yes,9,62,,Yes,47.96,No,No,No internet,0,No,No,No,No,No,No,No,No,One Year,No,Bank Withdrawal,19.95,1244.8,0.0,0,2973.52,4218.32,Male,28,Yes,No,Yes,Yes,2,1,9.975,0,1,Passive
5065,Yes,3,72,,Yes,24.42,Yes,No,No internet,0,No,No,No,No,No,No,No,No,Two Year,No,Bank Withdrawal,24.65,1830.05,0.0,0,1758.2400000000002,3588.29,Female,64,No,No,Yes,No,0,2,8.216666666666667,0,1,Promoter
6055,No,0,64,,No,0.0,No,Yes,DSL,21,No,Yes,No,Yes,Yes,No,No,No,Month-to-Month,Yes,Bank Withdrawal,43.85,2751.0,0.0,30,0.0,2781.0,Female,77,No,Yes,No,No,0,3,10.9625,0,1,Promoter
4369,Yes,1,55,Offer B,Yes,10.61,Yes,Yes,Fiber Optic,76,No,No,Yes,Yes,Yes,Yes,Yes,Yes,One Year,Yes,Bank Withdrawal,104.15,5743.05,0.0,0,583.55,6326.6,Male,21,Yes,No,Yes,No,0,8,11.572222222222225,0,1,Detractor
5455,No,0,30,,No,0.0,No,Yes,Cable,42,No,No,No,Yes,No,Yes,Yes,Yes,One Year,Yes,Credit Card,40.35,1187.05,0.0,0,0.0,1187.05,Female,23,Yes,No,No,No,0,4,8.07,0,0,Passive
5557,No,0,24,Offer C,Yes,44.09,Yes,Yes,Fiber Optic,9,No,No,Yes,No,Yes,No,No,Yes,Month-to-Month,Yes,Credit Card,88.95,2072.75,0.0,0,1058.16,3130.91,Female,63,No,No,No,No,0,5,14.825,0,0,Detractor
5610,No,0,71,Offer A,Yes,2.93,Yes,Yes,Fiber Optic,10,Yes,Yes,Yes,No,Yes,Yes,Yes,Yes,Two Year,Yes,Credit Card,106.75,7283.25,0.0,0,208.03,7491.28,Female,57,No,No,No,No,0,9,10.675,0,0,Detractor
3275,Yes,7,41,Offer B,Yes,14.73,Yes,Yes,Fiber Optic,82,Yes,Yes,Yes,No,No,Yes,Yes,Yes,One Year,Yes,Bank Withdrawal,101.6,3930.55,0.0,0,603.9300000000001,4534.4800000000005,Female,21,Yes,No,Yes,Yes,1,8,11.288888888888888,0,1,Detractor
3866,No,0,26,Offer C,Yes,25.4,Yes,Yes,DSL,10,Yes,Yes,No,No,Yes,No,No,Yes,Month-to-Month,Yes,Bank Withdrawal,69.5,1800.05,0.0,0,660.4,2460.45,Female,54,No,No,No,No,0,6,9.928571428571429,0,1,Passive
4885,Yes,1,45,Offer B,Yes,33.54,Yes,Yes,Fiber Optic,4,Yes,Yes,Yes,Yes,Yes,Yes,Yes,Yes,One Year,No,Mailed Check,113.3,5032.25,0.0,0,1509.3,6541.55,Female,57,No,No,Yes,No,0,10,10.3,0,0,Detractor
5256,Yes,8,65,Offer B,Yes,41.57,Yes,Yes,DSL,16,No,Yes,Yes,Yes,Yes,Yes,Yes,Yes,Two Year,Yes,Bank Withdrawal,84.2,5324.5,0.0,0,2702.05,8026.55,Male,51,No,No,Yes,No,0,9,8.42,0,1,Promoter
5574,No,0,17,,Yes,12.69,No,Yes,Cable,22,Yes,Yes,No,Yes,Yes,Yes,Yes,Yes,One Year,No,Credit Card,79.85,1387.35,0.0,0,215.73,1603.08,Female,45,No,No,No,No,0,8,8.872222222222222,0,0,Detractor
4924,No,0,11,,Yes,30.57,No,Yes,Fiber Optic,15,No,No,Yes,No,No,Yes,Yes,Yes,Month-to-Month,No,Bank Withdrawal,84.8,888.75,0.0,0,336.27,1225.02,Male,54,No,No,No,No,0,5,14.133333333333333,1,1,Passive
2308,Yes,7,37,Offer C,No,0.0,No,Yes,Cable,52,Yes,No,Yes,Yes,No,No,No,Yes,One Year,Yes,Bank Withdrawal,40.2,1525.35,0.0,0,0.0,1525.35,Male,23,Yes,No,Yes,Yes,2,4,8.040000000000001,0,1,Passive
2591,No,0,1,Offer E,Yes,30.07,Yes,Yes,Fiber Optic,26,No,No,No,No,No,No,No,Yes,Month-to-Month,Yes,Bank Withdrawal,74.95,74.95,0.0,0,30.07,105.02,Male,59,No,No,No,No,0,3,18.7375,1,1,Detractor
4094,No,0,22,Offer D,Yes,28.42,Yes,Yes,Fiber Optic,73,No,Yes,No,No,Yes,Yes,Yes,Yes,Month-to-Month,Yes,Bank Withdrawal,100.65,2415.95,5.01,0,625.24,3036.1799999999994,Male,26,Yes,No,No,No,0,7,12.58125,0,1,Promoter
4252,Yes,8,49,Offer B,Yes,36.3,No,Yes,Fiber Optic,9,No,Yes,No,No,Yes,Yes,Yes,No,Two Year,Yes,Bank Withdrawal,94.8,4690.65,0.0,70,1778.6999999999998,6539.349999999999,Male,58,No,No,Yes,No,0,5,15.8,0,1,Passive
3636,Yes,6,19,,Yes,46.91,No,No,No internet,0,No,No,No,No,No,No,No,No,Month-to-Month,No,Mailed Check,20.2,382.2,0.0,0,891.29,1273.49,Female,47,No,No,Yes,Yes,2,1,10.1,0,0,Passive
6171,Yes,4,71,Offer A,Yes,32.16,Yes,Yes,Fiber Optic,59,Yes,No,Yes,Yes,No,Yes,Yes,Yes,Two Year,No,Bank Withdrawal,100.45,7159.7,16.12,0,2283.36,9426.94,Female,25,Yes,No,Yes,Yes,2,8,11.161111111111111,0,1,Detractor
4974,Yes,3,72,Offer A,Yes,5.7,No,No,No internet,0,No,No,No,No,No,No,No,No,Two Year,No,Bank Withdrawal,21.0,1493.75,0.0,0,410.4,1904.15,Male,19,Yes,No,Yes,Yes,1,1,10.5,0,1,Promoter
6466,Yes,1,54,,Yes,28.87,Yes,No,No internet,0,No,No,No,No,No,No,No,No,One Year,Yes,Bank Withdrawal,24.75,1342.15,0.0,0,1558.98,2901.13,Female,40,No,No,Yes,Yes,2,2,8.25,0,1,Detractor
6295,Yes,9,61,Offer B,Yes,26.94,Yes,Yes,Fiber Optic,11,No,Yes,No,Yes,Yes,No,No,Yes,Two Year,Yes,Bank Withdrawal,94.1,5638.3,0.0,0,1643.34,7281.64,Male,46,No,No,Yes,No,0,6,13.44285714285714,0,1,Detractor
4183,Yes,1,72,,Yes,41.55,No,Yes,Fiber Optic,25,Yes,Yes,Yes,Yes,Yes,Yes,Yes,No,Two Year,Yes,Bank Withdrawal,108.3,7679.65,36.13,50,2991.6,10685.12,Female,51,No,No,Yes,Yes,2,8,12.033333333333331,0,1,Passive
2827,No,0,16,,Yes,20.44,No,Yes,Fiber Optic,59,Yes,No,No,No,Yes,Yes,Yes,No,Month-to-Month,Yes,Bank Withdrawal,94.25,1483.25,0.0,140,327.04,1950.29,Male,27,Yes,No,No,No,0,5,15.708333333333334,0,1,Detractor
3527,No,0,2,,Yes,11.19,No,Yes,Fiber Optic,14,No,No,No,No,No,No,No,No,Month-to-Month,Yes,Bank Withdrawal,69.8,146.65,0.0,10,22.38,179.03,Male,31,No,No,No,No,0,1,34.9,1,1,Detractor
3212,Yes,1,3,Offer E,Yes,48.38,No,Yes,Fiber Optic,14,No,No,No,No,No,Yes,Yes,Yes,Month-to-Month,Yes,Bank Withdrawal,80.3,250.05,0.0,0,145.14,395.19000000000005,Female,37,No,No,Yes,No,0,4,16.06,1,1,Detractor
4689,No,0,4,Offer E,Yes,36.76,Yes,Yes,Fiber Optic,20,No,Yes,No,No,Yes,No,No,Yes,Month-to-Month,No,Credit Card,89.6,365.65,0.0,0,147.04,512.6899999999999,Female,64,No,No,No,No,0,5,14.933333333333332,1,0,Detractor
2421,No,0,4,Offer E,No,0.0,No,Yes,Cable,52,Yes,Yes,Yes,No,Yes,Yes,Yes,Yes,Month-to-Month,Yes,Credit Card,57.2,223.75,0.0,0,0.0,223.75,Female,31,No,No,No,Yes,3,7,7.15,1,0,Detractor
3968,No,0,15,,Yes,16.82,No,Yes,Fiber Optic,26,No,Yes,Yes,No,Yes,Yes,Yes,Yes,Month-to-Month,Yes,Bank Withdrawal,101.25,1457.25,0.0,0,252.3,1709.55,Female,43,No,No,No,No,0,7,12.65625,0,1,Detractor
3565,No,0,7,Offer E,Yes,30.04,No,Yes,DSL,6,No,No,No,No,No,No,No,Yes,Month-to-Month,No,Credit Card,43.9,278.4,0.0,0,210.28,488.68,Male,41,No,No,No,No,0,2,14.633333333333333,1,0,Promoter
3742,Yes,10,23,,Yes,17.82,No,No,No internet,0,No,No,No,No,No,No,No,No,One Year,No,Credit Card,20.05,415.1,0.0,0,409.86,824.96,Female,44,No,No,Yes,No,0,1,10.025,0,0,Passive
6034,Yes,1,51,Offer B,Yes,47.72,Yes,Yes,Fiber Optic,23,No,No,Yes,No,Yes,Yes,Yes,No,One Year,Yes,Bank Withdrawal,98.85,4947.55,0.0,130,2433.72,7511.27,Female,34,No,No,Yes,No,0,6,14.12142857142857,0,1,Promoter
4998,No,0,12,,Yes,36.11,No,Yes,DSL,13,No,No,No,No,No,No,No,Yes,Month-to-Month,Yes,Bank Withdrawal,45.0,524.35,0.0,0,433.32,957.67,Female,47,No,No,No,No,0,2,15.0,1,1,Detractor
3404,Yes,1,47,,Yes,6.56,No,Yes,DSL,11,Yes,No,Yes,No,Yes,No,No,No,One Year,Yes,Credit Card,66.05,3021.45,0.0,40,308.32,3369.77,Female,49,No,No,Yes,No,0,4,13.21,0,0,Passive
4760,No,0,43,Offer B,Yes,39.37,Yes,Yes,Fiber Optic,23,No,No,No,Yes,Yes,Yes,Yes,No,One Year,Yes,Bank Withdrawal,100.0,4211.55,0.0,140,1692.91,6044.46,Male,56,No,No,No,No,0,6,14.285714285714286,0,1,Detractor
5393,No,0,38,Offer C,Yes,6.71,Yes,Yes,Fiber Optic,11,No,Yes,Yes,No,No,Yes,Yes,Yes,Month-to-Month,Yes,Credit Card,95.1,3691.2,0.0,0,254.98,3946.18,Male,47,No,No,No,No,0,7,11.8875,0,0,Detractor
6205,No,0,54,,No,0.0,No,Yes,DSL,21,Yes,No,No,Yes,No,Yes,Yes,Yes,One Year,No,Bank Withdrawal,44.1,2369.7,0.0,0,0.0,2369.7,Female,52,No,No,No,No,0,5,7.35,0,1,Detractor
4745,No,0,10,,Yes,17.4,No,No,No internet,0,No,No,No,No,No,No,No,No,One Year,No,Credit Card,20.35,176.3,0.0,0,174.0,350.3,Male,40,No,No,No,No,0,1,10.175,1,0,Promoter
3594,Yes,5,24,,Yes,46.3,No,No,No internet,0,No,No,No,No,No,No,No,No,Two Year,Yes,Credit Card,19.7,494.05,0.0,0,1111.1999999999998,1605.2499999999998,Female,43,No,No,Yes,Yes,3,1,9.85,0,0,Promoter
4412,Yes,4,44,,Yes,46.54,No,Yes,DSL,52,No,Yes,No,Yes,No,No,No,No,Month-to-Month,Yes,Bank Withdrawal,54.9,2549.1,0.0,130,2047.76,4726.86,Male,58,No,No,Yes,Yes,3,3,13.725,0,1,Passive
4295,No,0,39,,Yes,49.95,Yes,No,No internet,0,No,No,No,No,No,No,No,No,Two Year,No,Credit Card,25.0,1004.35,0.0,0,1948.05,2952.4,Male,52,No,No,No,Yes,3,2,8.333333333333334,0,0,Passive
4808,Yes,1,18,Offer D,Yes,45.18,No,No,No internet,0,No,No,No,No,No,No,No,No,One Year,No,Bank Withdrawal,19.8,342.3,0.0,0,813.24,1155.54,Male,39,No,No,Yes,Yes,3,1,9.9,0,1,Promoter
3461,No,0,21,,No,0.0,No,Yes,DSL,11,Yes,Yes,Yes,Yes,Yes,No,No,Yes,Two Year,No,Credit Card,53.15,1183.2,19.13,0,0.0,1164.07,Female,59,No,No,No,Yes,1,6,7.5928571428571425,0,0,Passive
5712,No,0,65,,No,0.0,No,Yes,DSL,25,No,Yes,No,Yes,Yes,No,No,Yes,Two Year,No,Credit Card,45.25,2933.95,0.0,0,0.0,2933.95,Female,33,No,No,No,Yes,2,4,9.05,0,0,Promoter
6378,Yes,6,72,Offer A,Yes,32.22,Yes,Yes,Fiber Optic,25,Yes,Yes,Yes,Yes,No,Yes,Yes,Yes,Two Year,Yes,Credit Card,104.9,7732.65,0.0,0,2319.84,10052.49,Male,38,No,No,Yes,Yes,3,9,10.49,0,0,Passive
5701,No,0,5,Offer E,Yes,40.15,Yes,Yes,Fiber Optic,19,No,No,No,No,Yes,Yes,Yes,Yes,Month-to-Month,Yes,Bank Withdrawal,94.85,462.8,0.0,0,200.75,663.55,Male,44,No,No,No,No,0,6,13.55,1,1,Detractor
3804,No,0,8,Offer E,Yes,30.8,No,Yes,DSL,27,No,Yes,No,Yes,Yes,No,No,Yes,Month-to-Month,Yes,Bank Withdrawal,66.65,520.95,0.0,0,246.4,767.35,Male,41,No,No,No,No,0,5,11.108333333333334,1,1,Passive
4079,No,0,2,Offer E,Yes,34.57,No,No,No internet,0,No,No,No,No,No,No,No,No,Month-to-Month,No,Credit Card,19.95,38.15,0.0,0,69.14,107.29,Female,33,No,No,No,No,0,1,9.975,1,0,Passive
4715,Yes,8,70,,Yes,29.38,Yes,Yes,DSL,23,Yes,Yes,No,No,Yes,No,No,No,Two Year,Yes,Credit Card,69.2,4872.35,0.0,80,2056.6,7008.950000000001,Female,52,No,No,Yes,No,0,5,11.533333333333331,0,0,Detractor
3878,Yes,1,6,Offer E,Yes,1.86,No,Yes,DSL,19,No,Yes,Yes,No,No,No,No,Yes,Month-to-Month,Yes,Mailed Check,55.3,324.25,0.0,0,11.16,335.41,Male,49,No,No,Yes,Yes,1,4,11.06,1,0,Detractor
5747,Yes,2,71,,Yes,9.2,Yes,No,No internet,0,No,No,No,No,No,No,No,No,Two Year,No,Credit Card,25.35,1847.55,0.0,0,653.1999999999999,2500.75,Male,21,Yes,No,Yes,Yes,2,2,8.450000000000001,0,0,Promoter
5355,No,0,1,Offer E,Yes,43.03,No,Yes,DSL,3,No,Yes,No,No,No,No,No,Yes,Month-to-Month,Yes,Bank Withdrawal,50.75,50.75,0.0,0,43.03,93.78,Male,61,No,No,No,No,0,3,12.6875,1,1,Detractor
4507,No,0,62,Offer B,No,0.0,No,Yes,Cable,30,No,Yes,Yes,No,No,Yes,Yes,Yes,Two Year,Yes,Credit Card,43.6,2748.7,0.0,0,0.0,2748.7,Female,38,No,No,No,No,0,5,7.266666666666667,0,0,Passive
3962,No,0,4,Offer E,Yes,3.69,Yes,No,No internet,0,No,No,No,No,No,No,No,No,Month-to-Month,No,Credit Card,25.25,101.9,0.0,0,14.76,116.66,Male,64,No,No,No,No,0,2,8.416666666666666,1,0,Promoter
4369,No,0,1,,Yes,36.92,Yes,Yes,Fiber Optic,6,No,No,No,No,No,No,No,Yes,Month-to-Month,Yes,Bank Withdrawal,73.55,73.55,0.0,0,36.92,110.47,Male,75,No,Yes,Yes,No,0,3,18.3875,1,1,Detractor
4233,Yes,1,37,,Yes,36.29,Yes,Yes,Fiber Optic,27,No,No,Yes,No,Yes,Yes,Yes,Yes,Month-to-Month,Yes,Bank Withdrawal,99.5,3762.0,0.0,0,1342.73,5104.73,Female,26,Yes,No,Yes,No,0,7,12.4375,0,1,Detractor
5792,Yes,7,67,Offer A,Yes,42.07,No,Yes,Cable,12,Yes,Yes,No,Yes,No,No,No,Yes,One Year,Yes,Bank Withdrawal,60.95,4119.4,17.19,0,2818.69,6920.9,Male,79,No,Yes,Yes,No,0,5,10.158333333333331,0,1,Detractor
5636,Yes,10,57,,Yes,46.62,No,Yes,Fiber Optic,4,No,Yes,Yes,No,Yes,No,No,Yes,One Year,Yes,Bank Withdrawal,90.65,5199.8,0.0,0,2657.34,7857.139999999999,Male,66,No,Yes,Yes,No,0,5,15.108333333333334,0,1,Passive
4452,No,0,36,Offer C,No,0.0,No,Yes,Cable,2,No,Yes,No,Yes,No,No,No,Yes,Month-to-Month,Yes,Bank Withdrawal,34.85,1267.2,0.0,0,0.0,1267.2,Female,41,No,No,No,No,0,3,8.7125,0,1,Passive
5907,Yes,5,27,Offer C,Yes,3.43,Yes,Yes,DSL,21,No,Yes,Yes,Yes,Yes,Yes,Yes,Yes,Month-to-Month,No,Bank Withdrawal,83.85,2310.2,0.0,0,92.61,2402.81,Female,76,No,Yes,Yes,No,0,9,8.385,0,1,Promoter
2686,No,0,2,,Yes,46.78,No,Yes,Fiber Optic,12,Yes,Yes,No,No,Yes,No,No,No,Month-to-Month,Yes,Bank Withdrawal,91.15,168.5,0.0,10,93.56,272.06,Female,36,No,No,No,No,0,4,18.23,1,1,Detractor
4025,No,0,44,Offer B,Yes,48.95,No,Yes,Fiber Optic,59,No,No,Yes,Yes,Yes,Yes,Yes,Yes,Two Year,No,Bank Withdrawal,100.1,4378.35,0.0,0,2153.8,6532.150000000001,Male,30,No,No,No,No,0,7,12.5125,0,1,Detractor
4551,No,0,63,Offer B,Yes,22.73,Yes,Yes,Fiber Optic,73,No,Yes,No,Yes,Yes,Yes,Yes,No,Month-to-Month,No,Bank Withdrawal,105.4,6713.2,0.0,130,1431.99,8275.19,Male,25,Yes,No,No,No,0,7,13.175,0,1,Passive
2166,Yes,10,31,Offer C,No,0.0,No,Yes,DSL,21,Yes,Yes,Yes,No,No,Yes,No,Yes,One Year,Yes,Credit Card,50.4,1580.1,0.0,0,0.0,1580.1,Female,72,No,Yes,Yes,No,0,5,8.4,0,0,Detractor
4571,Yes,5,68,Offer A,Yes,22.83,Yes,No,No internet,0,No,No,No,No,No,No,No,No,Two Year,No,Bank Withdrawal,25.25,1728.2,0.0,0,1552.4399999999998,3280.64,Male,47,No,No,Yes,No,0,2,8.416666666666666,0,1,Detractor
6321,Yes,6,51,,Yes,2.53,No,Yes,Fiber Optic,71,Yes,Yes,No,No,No,No,No,Yes,Month-to-Month,Yes,Bank Withdrawal,79.15,4018.55,0.0,0,129.03,4147.58,Female,29,Yes,No,Yes,Yes,2,4,15.830000000000002,0,1,Detractor
5388,No,0,69,,No,0.0,No,Yes,Cable,18,Yes,Yes,No,Yes,Yes,Yes,Yes,Yes,Two Year,Yes,Bank Withdrawal,60.05,4176.7,41.21,0,0.0,4135.49,Male,62,No,No,No,No,0,7,7.50625,0,1,Detractor
5271,No,0,28,Offer C,Yes,28.42,No,Yes,DSL,48,Yes,No,No,Yes,No,No,No,No,One Year,No,Credit Card,54.3,1546.3,0.0,150,795.76,2492.06,Female,19,Yes,No,No,No,0,3,13.575,0,0,Detractor
2039,Yes,1,26,,Yes,22.33,Yes,Yes,DSL,13,No,Yes,No,Yes,No,No,No,Yes,Month-to-Month,Yes,Bank Withdrawal,60.05,1616.15,0.0,0,580.5799999999999,2196.73,Female,35,No,No,Yes,No,0,5,10.008333333333333,0,1,Detractor
5182,No,0,68,,Yes,9.82,Yes,No,No internet,0,No,No,No,No,No,No,No,No,Two Year,No,Bank Withdrawal,25.5,1821.8,16.85,0,667.76,2472.71,Female,50,No,No,No,No,0,2,8.5,0,1,Promoter
4499,Yes,4,68,,Yes,34.13,No,Yes,DSL,25,No,No,Yes,Yes,Yes,Yes,Yes,Yes,Two Year,Yes,Bank Withdrawal,72.95,4953.25,0.0,0,2320.84,7274.09,Male,45,No,No,Yes,Yes,1,7,9.11875,0,1,Passive
4471,Yes,1,57,,Yes,40.13,Yes,Yes,Fiber Optic,25,No,Yes,Yes,No,Yes,Yes,Yes,Yes,Month-to-Month,Yes,Credit Card,104.5,5921.35,0.0,0,2287.4100000000003,8208.76,Female,47,No,No,Yes,No,0,8,11.61111111111111,0,0,Detractor
3043,No,0,12,,Yes,7.97,No,Yes,Cable,10,Yes,No,No,Yes,No,No,No,Yes,Month-to-Month,No,Credit Card,56.65,654.85,0.0,0,95.64,750.49,Male,42,No,No,No,No,0,4,11.33,1,0,Detractor
2499,No,0,23,Offer D,Yes,9.04,No,Yes,DSL,8,No,Yes,Yes,No,No,No,No,Yes,One Year,No,Bank Withdrawal,55.8,1327.85,0.0,0,207.92,1535.77,Female,55,No,No,No,No,0,4,11.16,0,1,Detractor
4790,No,0,72,Offer A,Yes,3.43,No,No,No internet,0,No,No,No,No,No,No,No,No,Two Year,No,Bank Withdrawal,19.85,1434.1,0.0,0,246.96,1681.06,Male,52,No,No,No,No,0,1,9.925,0,1,Promoter
6111,Yes,4,67,Offer A,Yes,6.15,Yes,Yes,Fiber Optic,53,No,Yes,No,No,No,Yes,Yes,Yes,Month-to-Month,Yes,Bank Withdrawal,89.55,6373.1,0.0,0,412.05,6785.150000000001,Male,38,No,No,Yes,Yes,3,6,12.792857142857144,0,1,Passive
2111,Yes,3,23,,Yes,36.14,No,No,No internet,0,No,No,No,No,No,No,No,No,One Year,No,Credit Card,19.3,486.2,0.0,0,831.22,1317.42,Male,60,No,No,Yes,No,0,1,9.65,0,0,Promoter
2934,No,0,26,,Yes,17.53,Yes,Yes,Fiber Optic,15,No,No,No,No,No,No,No,Yes,Month-to-Month,Yes,Bank Withdrawal,74.95,1834.95,0.0,0,455.78,2290.73,Female,48,No,No,No,No,0,3,18.7375,0,1,Detractor
4574,No,0,22,,No,0.0,No,Yes,DSL,19,No,No,Yes,Yes,Yes,Yes,Yes,Yes,Two Year,No,Bank Withdrawal,56.75,1304.85,0.0,0,0.0,1304.85,Male,62,No,No,No,No,0,6,8.107142857142858,0,1,Passive
5531,Yes,2,33,,Yes,9.97,Yes,No,No internet,0,No,No,No,No,No,No,No,No,Month-to-Month,No,Bank Withdrawal,24.25,838.5,0.0,0,329.01000000000005,1167.51,Female,49,No,No,Yes,Yes,2,2,8.083333333333334,0,1,Promoter
2905,No,0,1,,Yes,16.06,No,Yes,Fiber Optic,3,No,No,No,No,Yes,Yes,Yes,Yes,Month-to-Month,Yes,Bank Withdrawal,89.1,89.1,0.0,0,16.06,105.16,Male,44,No,No,No,No,0,5,14.85,1,1,Detractor
4196,No,0,26,,Yes,16.34,Yes,Yes,DSL,19,No,No,No,No,No,No,No,No,Month-to-Month,Yes,Credit Card,49.5,1265.65,0.0,150,424.84,1840.49,Female,53,No,No,No,Yes,1,2,16.5,0,0,Promoter
2482,No,0,30,,Yes,45.88,Yes,Yes,Fiber Optic,19,Yes,Yes,Yes,No,No,No,No,Yes,Month-to-Month,No,Credit Card,91.7,2758.15,0.0,0,1376.4,4134.55,Female,69,No,Yes,No,No,0,6,13.1,0,0,Detractor
2976,No,0,15,Offer D,Yes,20.11,No,Yes,Cable,73,Yes,Yes,Yes,Yes,No,No,Yes,Yes,One Year,No,Credit Card,65.6,1010.0,0.0,0,301.65,1311.65,Female,26,Yes,No,No,No,0,7,8.2,0,0,Detractor
5096,Yes,10,72,Offer A,Yes,44.27,Yes,Yes,Fiber Optic,8,Yes,Yes,Yes,Yes,Yes,No,No,No,Two Year,Yes,Bank Withdrawal,103.95,7556.9,0.0,70,3187.44,10814.34,Female,33,No,No,Yes,No,0,7,12.99375,0,1,Detractor
4032,Yes,10,72,,Yes,15.82,Yes,Yes,DSL,13,Yes,Yes,Yes,Yes,No,Yes,Yes,Yes,Two Year,No,Bank Withdrawal,78.45,5682.25,0.0,0,1139.04,6821.29,Female,68,No,Yes,Yes,No,0,9,7.845000000000001,0,1,Detractor
2125,Yes,2,38,,Yes,13.67,Yes,Yes,Cable,30,No,Yes,Yes,No,Yes,Yes,Yes,Yes,One Year,No,Credit Card,78.95,2862.55,0.0,0,519.46,3382.01,Male,56,No,No,Yes,Yes,3,8,8.772222222222222,0,0,Promoter
3739,Yes,1,35,Offer C,Yes,18.29,No,No,No internet,0,No,No,No,No,No,No,No,No,One Year,No,Credit Card,19.65,708.8,0.0,0,640.15,1348.9499999999998,Female,30,No,No,Yes,Yes,2,1,9.825,0,0,Detractor
3740,Yes,4,18,Offer D,Yes,35.96,No,Yes,DSL,17,No,No,No,Yes,No,No,No,Yes,Month-to-Month,Yes,Credit Card,50.3,908.75,0.0,0,647.28,1556.03,Female,42,No,No,Yes,No,0,3,12.575,0,0,Detractor
4329,No,0,7,,Yes,45.93,Yes,Yes,Fiber Optic,48,No,No,No,No,Yes,Yes,Yes,Yes,Month-to-Month,No,Bank Withdrawal,96.2,639.7,0.0,0,321.51,961.21,Male,22,Yes,No,No,No,0,6,13.742857142857144,1,1,Promoter
2716,No,0,32,,Yes,47.3,No,Yes,Fiber Optic,24,No,No,No,No,Yes,Yes,Yes,Yes,Month-to-Month,No,Bank Withdrawal,91.05,2871.5,0.0,0,1513.6,4385.1,Male,40,No,No,No,No,0,5,15.175,0,1,Passive
5433,Yes,6,46,,Yes,44.75,No,Yes,DSL,27,Yes,Yes,No,Yes,No,Yes,Yes,Yes,One Year,No,Credit Card,70.6,3231.05,0.0,0,2058.5,5289.55,Female,45,No,No,Yes,No,0,7,8.825,0,0,Detractor
3244,No,0,35,Offer C,Yes,36.42,No,Yes,Fiber Optic,2,No,No,Yes,Yes,Yes,Yes,Yes,Yes,One Year,Yes,Bank Withdrawal,99.25,3532.0,0.0,0,1274.7,4806.7,Female,38,No,No,No,No,0,7,12.40625,0,1,Detractor
6114,Yes,6,72,,Yes,15.35,Yes,Yes,DSL,41,Yes,Yes,No,Yes,Yes,Yes,Yes,Yes,Two Year,Yes,Bank Withdrawal,86.4,6058.95,0.0,0,1105.2,7164.15,Female,21,Yes,No,Yes,No,0,9,8.64,0,1,Detractor
3967,Yes,1,12,,Yes,48.5,Yes,Yes,Fiber Optic,4,No,Yes,No,No,Yes,Yes,No,Yes,Month-to-Month,Yes,Bank Withdrawal,101.35,1218.55,0.0,0,582.0,1800.55,Male,66,No,Yes,Yes,No,0,6,14.478571428571428,1,1,Detractor
2522,No,0,43,Offer B,No,0.0,No,Yes,DSL,11,No,No,Yes,Yes,No,Yes,Yes,Yes,One Year,No,Bank Withdrawal,44.15,1931.3,0.0,0,0.0,1931.3,Male,63,No,No,No,No,0,5,7.358333333333333,0,1,Passive
5703,Yes,3,67,,Yes,2.67,Yes,Yes,Fiber Optic,25,Yes,Yes,Yes,Yes,No,Yes,No,Yes,One Year,Yes,Credit Card,105.4,7035.6,0.0,0,178.89,7214.490000000001,Female,70,No,Yes,Yes,No,0,8,11.711111111111112,0,0,Passive
2876,No,0,3,Offer E,Yes,22.56,Yes,Yes,Cable,3,No,No,No,No,No,No,No,Yes,Month-to-Month,Yes,Mailed Check,50.65,151.3,0.0,0,67.67999999999999,218.98,Female,51,No,No,No,No,0,3,12.6625,1,0,Detractor
4852,No,0,3,,Yes,35.59,No,No,No internet,0,No,No,No,No,No,No,No,No,Month-to-Month,Yes,Credit Card,19.65,68.35,0.0,0,106.77,175.12,Male,46,No,No,No,No,0,1,9.825,1,0,Promoter
2119,Yes,1,1,Offer E,No,0.0,No,Yes,Cable,18,No,No,No,No,No,No,No,Yes,Month-to-Month,No,Bank Withdrawal,25.05,25.05,0.0,0,0.0,25.05,Male,74,No,Yes,Yes,No,0,1,12.525,1,1,Detractor
4154,Yes,1,12,,Yes,40.63,Yes,Yes,Fiber Optic,59,No,Yes,Yes,No,No,No,Yes,Yes,Month-to-Month,Yes,Bank Withdrawal,84.5,916.9,0.0,0,487.56000000000006,1404.46,Female,28,Yes,No,Yes,No,0,6,12.071428571428571,1,1,Detractor
4113,No,0,71,Offer A,Yes,47.86,Yes,Yes,Fiber Optic,16,No,No,Yes,No,Yes,Yes,No,Yes,Two Year,No,Bank Withdrawal,104.05,7413.55,0.0,0,3398.06,10811.61,Female,75,No,Yes,No,No,0,6,14.864285714285714,0,1,Promoter
5091,Yes,4,42,,Yes,34.66,No,No,No internet,0,No,No,No,No,No,No,No,No,One Year,Yes,Bank Withdrawal,19.05,761.85,0.0,0,1455.7199999999998,2217.57,Female,31,No,No,Yes,Yes,3,1,9.525,0,1,Passive
5192,Yes,1,18,Offer D,Yes,24.16,No,Yes,Fiber Optic,19,Yes,No,Yes,No,Yes,No,No,Yes,Month-to-Month,Yes,Mailed Check,87.9,1500.5,0.0,0,434.88,1935.38,Male,32,No,No,Yes,Yes,1,5,14.65,0,0,Passive
4451,Yes,4,68,Offer A,Yes,38.38,Yes,Yes,DSL,20,Yes,Yes,Yes,Yes,Yes,Yes,Yes,Yes,Two Year,Yes,Credit Card,92.2,6392.85,0.0,0,2609.84,9002.69,Male,39,No,No,Yes,No,0,10,8.381818181818183,0,0,Detractor
4562,No,0,7,,Yes,30.99,No,Yes,Fiber Optic,42,No,No,No,No,No,No,No,Yes,Month-to-Month,Yes,Credit Card,69.9,497.3,0.0,0,216.93,714.23,Female,25,Yes,No,No,No,0,2,23.3,1,0,Passive
2641,Yes,1,26,,Yes,15.37,No,Yes,Fiber Optic,11,No,No,No,No,Yes,Yes,Yes,Yes,Month-to-Month,Yes,Bank Withdrawal,90.8,2361.8,0.0,0,399.62,2761.42,Female,47,No,No,Yes,No,0,5,15.133333333333333,0,1,Detractor
4403,No,0,31,Offer C,Yes,31.14,Yes,Yes,Cable,52,Yes,No,Yes,Yes,No,No,No,No,Month-to-Month,No,Credit Card,65.25,1994.3,0.0,120,965.34,3079.6400000000003,Female,29,Yes,No,No,No,0,5,10.875,0,0,Detractor
4368,Yes,1,56,,Yes,26.82,Yes,Yes,Cable,18,Yes,Yes,Yes,Yes,No,No,No,Yes,One Year,Yes,Credit Card,68.45,4014.0,0.0,0,1501.92,5515.92,Female,75,No,Yes,Yes,No,0,7,8.55625,0,0,Passive
5624,No,0,52,,Yes,20.8,Yes,Yes,Fiber Optic,30,Yes,No,Yes,Yes,Yes,Yes,Yes,No,Two Year,Yes,Bank Withdrawal,109.3,5731.4,3.85,60,1081.6,6869.15,Male,54,No,No,No,No,0,8,12.144444444444444,0,1,Passive
4149,No,0,2,,Yes,6.2,No,Yes,Fiber Optic,6,No,Yes,No,No,Yes,No,No,Yes,Month-to-Month,Yes,Bank Withdrawal,87.15,183.75,0.0,0,12.4,196.15,Female,50,No,No,No,No,0,4,17.43,1,1,Detractor
5185,No,0,52,,No,0.0,No,Yes,DSL,23,No,Yes,Yes,Yes,Yes,No,No,Yes,Two Year,Yes,Bank Withdrawal,50.5,2566.3,0.0,0,0.0,2566.3,Female,78,No,Yes,No,No,0,5,8.416666666666666,0,1,Detractor
4159,No,0,60,,Yes,16.11,Yes,Yes,Cable,18,No,No,Yes,Yes,Yes,Yes,Yes,Yes,One Year,No,Credit Card,80.55,4847.05,0.0,0,966.6,5813.65,Female,32,No,No,No,No,0,8,8.95,0,0,Promoter
5188,No,0,10,,Yes,29.95,Yes,Yes,DSL,19,Yes,Yes,No,Yes,No,No,No,Yes,Two Year,Yes,Bank Withdrawal,61.9,619.0,0.0,0,299.5,918.5,Male,56,No,No,No,Yes,1,6,8.842857142857143,1,1,Passive
4322,No,0,52,,Yes,32.02,Yes,Yes,DSL,28,Yes,Yes,No,Yes,Yes,Yes,Yes,Yes,Two Year,Yes,Credit Card,85.15,4461.85,0.0,0,1665.0400000000002,6126.89,Male,63,No,No,No,No,0,9,8.515,0,0,Detractor
4116,No,0,1,,Yes,20.55,No,Yes,Fiber Optic,5,No,Yes,No,No,No,No,No,Yes,Month-to-Month,Yes,Bank Withdrawal,73.0,73.0,0.0,0,20.55,93.55,Female,72,No,Yes,No,No,0,3,18.25,1,1,Detractor
3154,Yes,9,25,,Yes,30.6,Yes,Yes,DSL,2,Yes,No,No,Yes,Yes,No,No,Yes,One Year,Yes,Credit Card,69.5,1752.65,0.0,0,765.0,2517.65,Female,65,No,Yes,Yes,No,0,6,9.928571428571429,0,0,Passive
4361,Yes,8,67,,Yes,28.06,Yes,Yes,DSL,15,Yes,Yes,Yes,Yes,No,No,No,Yes,Two Year,No,Credit Card,70.9,4677.1,0.0,0,1880.02,6557.120000000001,Male,38,No,No,Yes,No,0,7,8.8625,0,0,Detractor
2294,No,0,1,Offer E,Yes,13.01,No,Yes,Cable,4,No,No,No,No,No,Yes,Yes,Yes,Month-to-Month,Yes,Bank Withdrawal,55.4,55.4,0.0,0,13.01,68.41,Female,37,No,No,No,No,0,4,11.08,1,1,Detractor
5975,Yes,4,38,,Yes,31.45,No,Yes,DSL,76,Yes,Yes,Yes,Yes,Yes,No,No,Yes,One Year,No,Bank Withdrawal,74.05,2802.3,0.0,0,1195.1,3997.4,Male,59,No,No,Yes,Yes,3,7,9.25625,0,1,Detractor
5447,No,0,71,,Yes,12.27,Yes,Yes,DSL,21,Yes,Yes,Yes,Yes,No,Yes,Yes,Yes,Two Year,No,Bank Withdrawal,80.6,5708.2,0.0,0,871.17,6579.37,Male,51,No,No,No,No,0,9,8.059999999999999,0,1,Passive
5824,Yes,7,70,,Yes,2.5,Yes,Yes,Cable,13,Yes,Yes,Yes,Yes,Yes,Yes,Yes,Yes,Two Year,Yes,Credit Card,90.15,6237.05,0.0,0,175.0,6412.05,Male,31,No,No,Yes,Yes,1,10,8.195454545454545,0,0,Detractor
4415,Yes,4,62,,Yes,4.76,Yes,Yes,Fiber Optic,3,Yes,Yes,Yes,No,No,No,No,Yes,Month-to-Month,Yes,Bank Withdrawal,89.1,5618.3,0.0,0,295.12,5913.42,Male,68,No,Yes,Yes,No,0,6,12.728571428571428,0,1,Passive
2833,No,0,1,,Yes,44.36,No,Yes,DSL,58,Yes,Yes,No,No,No,No,Yes,Yes,Month-to-Month,Yes,Bank Withdrawal,54.9,54.9,0.0,0,44.36,99.26,Female,19,Yes,No,No,No,0,5,9.15,1,1,Detractor
3972,Yes,1,3,Offer E,Yes,35.18,Yes,Yes,Fiber Optic,13,No,No,No,No,No,No,No,Yes,Month-to-Month,Yes,Credit Card,74.75,229.5,0.0,0,105.54,335.04,Female,39,No,No,Yes,No,0,3,18.6875,1,0,Detractor
4202,Yes,4,72,,Yes,6.23,Yes,Yes,Fiber Optic,27,Yes,No,No,No,No,No,No,No,Two Year,No,Bank Withdrawal,80.45,5737.6,0.0,130,448.56000000000006,6316.160000000001,Female,59,No,No,Yes,No,0,3,20.1125,0,1,Passive
3677,No,0,14,,Yes,29.3,No,Yes,Fiber Optic,26,No,Yes,No,No,No,Yes,Yes,No,Month-to-Month,Yes,Bank Withdrawal,86.3,1180.95,0.0,10,410.2,1601.15,Female,64,No,No,No,No,0,4,17.259999999999998,0,1,Detractor
5574,No,0,1,Offer E,Yes,9.81,Yes,Yes,Fiber Optic,28,Yes,No,No,No,No,No,No,Yes,Month-to-Month,Yes,Bank Withdrawal,81.7,81.7,0.0,0,9.81,91.51,Male,31,No,No,No,No,0,4,16.34,1,1,Detractor
5449,No,0,65,Offer B,Yes,20.43,Yes,No,No internet,0,No,No,No,No,No,No,No,No,Two Year,Yes,Bank Withdrawal,25.1,1725.0,0.0,0,1327.95,3052.95,Male,22,Yes,No,No,No,0,2,8.366666666666667,0,1,Passive
6018,Yes,10,50,,No,0.0,No,Yes,DSL,23,Yes,No,No,No,Yes,No,No,Yes,Month-to-Month,Yes,Credit Card,39.45,2021.35,0.0,0,0.0,2021.35,Male,44,No,No,Yes,Yes,3,3,9.8625,0,0,Detractor
3189,No,0,10,,Yes,5.46,No,Yes,Fiber Optic,24,No,Yes,No,No,No,No,No,No,Month-to-Month,Yes,Bank Withdrawal,72.85,688.65,0.0,30,54.6,773.25,Male,69,No,Yes,No,No,0,2,24.28333333333333,1,1,Detractor
5111,No,0,16,Offer D,Yes,22.02,Yes,Yes,Fiber Optic,5,No,No,No,No,No,No,No,Yes,Two Year,Yes,Bank Withdrawal,74.45,1261.35,0.0,0,352.32,1613.6699999999998,Male,70,No,Yes,No,No,0,3,18.6125,0,1,Promoter
5822,No,0,62,,Yes,48.93,Yes,No,No internet,0,No,No,No,No,No,No,No,No,Two Year,No,Bank Withdrawal,23.4,1429.65,0.0,0,3033.66,4463.31,Male,43,No,No,No,No,0,2,7.8,0,1,Passive
4535,No,0,62,Offer B,Yes,2.83,Yes,No,No internet,0,No,No,No,No,No,No,No,No,Two Year,No,Bank Withdrawal,26.0,1638.7,0.0,0,175.46,1814.16,Female,51,No,No,No,Yes,3,2,8.666666666666666,0,1,Detractor
4745,Yes,1,35,,Yes,15.98,Yes,Yes,Cable,22,Yes,Yes,No,Yes,Yes,No,No,Yes,Month-to-Month,Yes,Bank Withdrawal,100.5,3653.35,0.0,0,559.3000000000001,4212.65,Female,65,No,Yes,Yes,No,0,7,12.5625,0,1,Detractor
5968,No,0,2,Offer E,Yes,36.96,No,Yes,DSL,24,Yes,No,No,No,No,No,No,Yes,Month-to-Month,No,Credit Card,50.95,123.05,0.0,0,73.92,196.97,Female,42,No,No,No,No,0,3,12.7375,1,0,Detractor
5723,Yes,4,14,Offer D,Yes,42.64,No,Yes,DSL,69,Yes,Yes,No,Yes,No,No,No,Yes,Month-to-Month,No,Bank Withdrawal,59.45,780.85,0.0,0,596.96,1377.81,Female,29,Yes,No,Yes,Yes,2,5,9.908333333333331,0,1,Detractor
5355,No,0,1,Offer E,Yes,45.49,No,No,No internet,0,No,No,No,No,No,No,No,No,Month-to-Month,Yes,Credit Card,20.2,20.2,0.0,0,45.49,65.69,Male,38,No,No,No,No,0,1,10.1,1,0,Detractor
5043,No,0,41,Offer B,Yes,37.55,Yes,Yes,DSL,30,No,No,Yes,No,No,Yes,Yes,No,One Year,No,Mailed Check,65.0,2531.8,0.0,140,1539.55,4211.35,Male,35,No,No,No,No,0,5,10.833333333333334,0,0,Passive
4166,No,0,62,,Yes,19.52,Yes,Yes,Fiber Optic,3,No,No,No,No,Yes,No,No,Yes,One Year,No,Bank Withdrawal,84.45,4959.15,0.0,0,1210.24,6169.389999999999,Female,69,No,Yes,No,No,0,4,16.89,0,1,Passive
5883,Yes,8,72,,Yes,5.32,Yes,Yes,DSL,5,Yes,Yes,Yes,Yes,Yes,Yes,Yes,No,Two Year,Yes,Credit Card,92.0,6782.15,0.0,10,383.04,7175.19,Male,55,No,No,Yes,No,0,9,9.2,0,0,Detractor
4407,No,0,2,Offer E,Yes,9.86,No,Yes,Fiber Optic,21,No,No,No,No,No,No,No,Yes,Month-to-Month,No,Bank Withdrawal,70.75,154.85,0.0,0,19.72,174.57,Female,74,No,Yes,No,No,0,2,23.58333333333333,1,1,Detractor
5498,Yes,9,72,,No,0.0,No,Yes,DSL,53,No,Yes,No,Yes,Yes,Yes,Yes,Yes,Two Year,No,Credit Card,53.65,3784.0,0.0,0,0.0,3784.0,Female,49,No,No,Yes,Yes,3,6,7.664285714285714,0,0,Detractor
4219,Yes,1,67,,Yes,45.25,No,Yes,DSL,18,Yes,Yes,Yes,No,Yes,Yes,Yes,Yes,Two Year,No,Credit Card,81.35,5398.6,0.0,0,3031.75,8430.35,Male,60,No,No,Yes,No,0,8,9.038888888888888,0,0,Detractor
5398,Yes,4,72,Offer A,Yes,35.71,Yes,Yes,Fiber Optic,58,Yes,Yes,Yes,Yes,Yes,Yes,Yes,Yes,Two Year,No,Bank Withdrawal,115.15,8349.45,0.0,0,2571.12,10920.57,Male,29,Yes,No,Yes,No,0,10,10.46818181818182,0,1,Passive
5371,No,0,57,Offer B,Yes,9.1,Yes,Yes,DSL,16,No,Yes,Yes,No,Yes,Yes,No,Yes,Two Year,Yes,Bank Withdrawal,79.75,4438.2,0.0,0,518.6999999999999,4956.9,Male,72,No,Yes,No,No,0,7,9.96875,0,1,Passive
4710,Yes,8,72,Offer A,No,0.0,No,Yes,DSL,82,Yes,Yes,Yes,No,No,No,No,Yes,Two Year,No,Credit Card,38.5,2763.0,0.0,0,0.0,2763.0,Male,25,Yes,No,Yes,Yes,3,4,7.7,0,0,Passive
2872,No,0,31,,Yes,6.71,Yes,Yes,DSL,3,No,Yes,No,Yes,Yes,Yes,Yes,Yes,One Year,Yes,Mailed Check,79.45,2587.7,0.0,0,208.01,2795.71,Male,37,No,No,No,No,0,8,8.827777777777778,0,0,Detractor
5775,Yes,9,4,,Yes,41.93,No,Yes,Fiber Optic,53,No,No,No,No,Yes,No,No,Yes,Month-to-Month,Yes,Credit Card,78.9,299.75,37.01,0,167.72,430.46,Female,35,No,No,Yes,Yes,3,3,19.725,1,0,Passive
3195,Yes,1,9,Offer E,No,0.0,No,Yes,DSL,15,No,No,No,No,No,No,No,Yes,One Year,No,Bank Withdrawal,24.1,259.8,0.0,0,0.0,259.8,Male,53,No,No,Yes,No,0,1,12.05,1,1,Detractor
5230,Yes,1,25,,Yes,23.69,Yes,No,No internet,0,No,No,No,No,No,No,No,No,Two Year,No,Credit Card,25.5,630.6,44.42,0,592.25,1178.43,Male,31,No,No,Yes,Yes,3,2,8.5,0,0,Detractor
4751,Yes,1,52,,Yes,46.59,Yes,Yes,Fiber Optic,26,No,No,Yes,Yes,No,Yes,Yes,No,Two Year,Yes,Bank Withdrawal,96.25,4990.25,0.0,120,2422.6800000000003,7532.93,Male,63,No,No,Yes,No,0,6,13.75,0,1,Detractor
5566,No,0,1,,Yes,2.85,No,No,No internet,0,No,No,No,No,No,No,No,No,Month-to-Month,No,Credit Card,19.4,19.4,0.0,0,2.85,22.25,Female,49,No,No,No,No,0,1,9.7,1,0,Detractor
4180,Yes,1,41,Offer B,Yes,21.28,No,No,No internet,0,No,No,No,No,No,No,No,No,Two Year,No,Bank Withdrawal,19.3,772.4,0.0,0,872.48,1644.88,Female,34,No,No,Yes,Yes,1,1,9.65,0,1,Detractor
5068,Yes,2,12,,Yes,7.97,No,Yes,DSL,52,No,No,Yes,No,Yes,No,No,Yes,Month-to-Month,Yes,Credit Card,58.35,740.55,0.0,0,95.64,836.1899999999999,Female,51,No,No,Yes,Yes,3,4,11.67,1,0,Passive
4359,No,0,15,,Yes,9.74,No,No,No internet,0,No,No,No,No,No,No,No,No,One Year,No,Credit Card,20.1,302.45,0.0,0,146.1,448.55,Female,58,No,No,No,No,0,1,10.05,0,0,Promoter
3441,No,0,34,,Yes,17.09,No,Yes,DSL,16,Yes,No,Yes,No,No,No,No,Yes,One Year,No,Mailed Check,56.95,1889.5,0.0,0,581.06,2470.56,Male,46,No,No,No,No,0,4,11.39,0,0,Detractor
2924,No,0,27,,Yes,8.55,No,No,No internet,0,No,No,No,No,No,No,No,No,Two Year,No,Credit Card,20.6,581.85,0.0,0,230.85,812.7,Male,42,No,No,No,Yes,2,1,10.3,0,0,Passive
5687,No,0,1,,Yes,11.35,No,Yes,DSL,9,Yes,No,No,No,No,No,No,Yes,Month-to-Month,Yes,Credit Card,48.55,48.55,0.0,0,11.35,59.9,Male,37,No,No,No,No,0,3,12.1375,1,0,Detractor
4832,No,0,1,,Yes,33.58,No,No,No internet,0,No,No,No,No,No,No,No,No,Month-to-Month,No,Credit Card,20.15,20.15,0.0,0,33.58,53.73,Male,29,Yes,No,No,No,0,1,10.075,1,0,Detractor
3531,No,0,1,,Yes,24.24,No,Yes,DSL,28,No,No,No,No,No,No,No,Yes,Month-to-Month,No,Bank Withdrawal,45.75,45.75,0.0,0,24.24,69.99,Male,36,No,No,No,No,0,2,15.25,1,1,Detractor
3486,No,0,44,,Yes,42.92,No,Yes,Fiber Optic,23,No,Yes,No,Yes,Yes,Yes,Yes,Yes,Month-to-Month,No,Bank Withdrawal,100.55,4398.15,0.0,0,1888.48,6286.629999999999,Male,41,No,No,No,No,0,7,12.56875,0,1,Detractor
2554,No,0,31,,Yes,16.63,Yes,Yes,Fiber Optic,12,No,No,No,Yes,No,No,No,Yes,Month-to-Month,Yes,Credit Card,79.85,2404.15,0.0,0,515.53,2919.6800000000003,Female,58,No,No,No,No,0,4,15.97,0,0,Detractor
3835,Yes,5,23,Offer D,Yes,1.39,No,Yes,DSL,18,No,No,No,Yes,Yes,No,No,Yes,One Year,No,Bank Withdrawal,60.0,1347.15,0.0,0,31.97,1379.12,Female,55,No,No,Yes,No,0,4,12.0,0,1,Passive
3273,No,0,1,,Yes,41.2,No,Yes,Fiber Optic,15,No,No,No,No,No,No,No,No,Month-to-Month,Yes,Bank Withdrawal,69.5,69.5,0.0,80,41.2,190.7,Male,75,No,Yes,No,No,0,1,34.75,1,1,Detractor
5348,Yes,2,65,,Yes,38.32,No,Yes,Fiber Optic,25,Yes,Yes,Yes,No,No,Yes,Yes,Yes,One Year,No,Bank Withdrawal,94.4,6126.15,0.0,0,2490.8,8616.95,Female,77,No,Yes,Yes,No,0,7,11.8,0,1,Passive
5113,Yes,3,63,Offer B,Yes,12.15,Yes,Yes,DSL,21,Yes,No,Yes,Yes,No,Yes,Yes,Yes,Two Year,No,Credit Card,75.7,4676.7,0.0,0,765.45,5442.15,Male,35,No,No,Yes,No,0,8,8.411111111111111,0,0,Detractor
5060,Yes,1,6,Offer E,Yes,6.48,No,No,No internet,0,No,No,No,No,No,No,No,No,Month-to-Month,No,Credit Card,19.85,119.3,0.0,0,38.88,158.18,Female,40,No,No,Yes,Yes,1,1,9.925,1,0,Detractor
5948,No,0,3,Offer E,Yes,47.51,Yes,Yes,Fiber Optic,85,No,No,No,No,No,No,No,Yes,Month-to-Month,Yes,Bank Withdrawal,75.5,220.6,0.0,0,142.53,363.13,Female,30,No,No,No,No,0,3,18.875,1,1,Detractor
3361,No,0,9,,Yes,8.91,No,No,No internet,0,No,No,No,No,No,No,No,No,Month-to-Month,No,Credit Card,20.25,178.5,0.0,0,80.19,258.69,Male,37,No,No,No,No,0,1,10.125,1,0,Detractor
4330,No,0,24,,Yes,8.66,Yes,Yes,Cable,27,No,Yes,No,No,No,No,No,No,Two Year,No,Credit Card,54.8,1291.3,0.0,110,207.84,1609.14,Male,74,No,Yes,No,No,0,3,13.7,0,0,Promoter
5653,Yes,1,58,Offer B,Yes,43.75,Yes,Yes,Fiber Optic,69,No,Yes,No,Yes,Yes,No,No,Yes,One Year,Yes,Credit Card,94.7,5430.35,0.0,0,2537.5,7967.85,Male,30,No,No,Yes,Yes,3,6,13.528571428571428,0,0,Passive
2115,No,0,23,Offer D,Yes,27.61,Yes,Yes,Fiber Optic,23,No,No,No,No,No,No,No,Yes,Month-to-Month,No,Bank Withdrawal,75.6,1758.6,0.0,0,635.03,2393.63,Female,47,No,No,No,No,0,3,18.9,0,1,Detractor
4017,Yes,1,72,Offer A,Yes,36.82,Yes,Yes,Fiber Optic,10,Yes,Yes,Yes,Yes,Yes,Yes,Yes,Yes,Two Year,Yes,Bank Withdrawal,115.5,8425.15,42.29,0,2651.04,11033.899999999998,Female,53,No,No,Yes,Yes,1,10,10.5,0,1,Passive
5463,Yes,1,55,Offer B,Yes,8.8,No,Yes,DSL,48,Yes,Yes,No,Yes,No,No,No,No,Two Year,No,Bank Withdrawal,57.55,3046.4,0.0,60,484.00000000000006,3590.4,Male,28,Yes,No,Yes,No,0,4,11.51,0,1,Detractor
4173,No,0,60,,No,0.0,No,Yes,Cable,4,Yes,No,Yes,No,Yes,Yes,Yes,Yes,Two Year,No,Bank Withdrawal,53.6,3237.05,0.0,0,0.0,3237.05,Female,61,No,No,No,No,0,6,7.6571428571428575,0,1,Detractor
4193,No,0,57,,Yes,1.69,No,No,No internet,0,No,No,No,No,No,No,No,No,Two Year,No,Bank Withdrawal,20.65,1125.6,0.0,0,96.33,1221.9299999999998,Male,60,No,No,No,No,0,1,10.325,0,1,Promoter
2562,No,0,3,,Yes,42.68,Yes,Yes,Cable,27,No,No,No,Yes,Yes,No,No,Yes,Month-to-Month,Yes,Credit Card,65.25,209.9,0.0,0,128.04,337.94,Male,32,No,No,No,No,0,5,10.875,1,0,Promoter
4161,Yes,1,33,Offer C,Yes,41.8,No,Yes,Fiber Optic,41,No,No,Yes,No,Yes,Yes,Yes,No,One Year,Yes,Bank Withdrawal,95.8,3036.75,0.0,60,1379.4,4476.15,Male,24,Yes,No,Yes,No,0,5,15.966666666666669,0,1,Detractor
2860,No,0,2,,No,0.0,No,Yes,DSL,18,No,No,No,Yes,No,No,No,Yes,Month-to-Month,Yes,Bank Withdrawal,30.9,59.05,0.0,0,0.0,59.05,Female,53,No,No,No,No,0,2,10.3,1,1,Detractor
2492,Yes,10,5,Offer E,Yes,35.6,No,Yes,Cable,19,No,No,No,No,No,No,No,Yes,Month-to-Month,No,Credit Card,44.8,220.45,0.0,0,178.0,398.45,Female,45,No,No,Yes,Yes,2,2,14.933333333333332,1,0,Detractor
5096,Yes,2,72,,Yes,45.66,Yes,Yes,DSL,47,Yes,Yes,Yes,Yes,Yes,Yes,Yes,Yes,Two Year,No,Credit Card,90.95,6652.45,0.0,0,3287.5199999999995,9939.97,Female,20,Yes,No,Yes,Yes,1,10,8.268181818181818,0,0,Detractor
4904,No,0,36,,Yes,49.85,No,No,No internet,0,No,No,No,No,No,No,No,No,One Year,Yes,Bank Withdrawal,19.25,679.8,0.0,0,1794.6,2474.4,Female,44,No,No,No,No,0,1,9.625,0,1,Detractor
5269,No,0,67,,Yes,38.85,Yes,Yes,Fiber Optic,19,No,No,Yes,No,Yes,Yes,No,Yes,Two Year,Yes,Credit Card,101.4,6841.05,0.0,0,2602.9500000000003,9444.0,Male,76,No,Yes,No,No,0,6,14.485714285714286,0,0,Passive
3847,Yes,6,48,,Yes,13.4,No,Yes,Fiber Optic,75,Yes,No,Yes,Yes,Yes,Yes,Yes,Yes,Two Year,Yes,Bank Withdrawal,104.5,5068.05,0.0,0,643.2,5711.25,Female,79,No,Yes,Yes,Yes,3,8,11.61111111111111,0,1,Detractor
5512,Yes,2,72,Offer A,Yes,34.29,Yes,No,No internet,0,No,No,No,No,No,No,No,No,Two Year,No,Credit Card,25.4,1710.9,0.0,0,2468.88,4179.780000000001,Male,61,No,No,Yes,No,0,2,8.466666666666667,0,0,Detractor
6332,Yes,1,65,Offer B,Yes,45.21,Yes,Yes,Fiber Optic,19,No,Yes,Yes,Yes,Yes,Yes,Yes,Yes,Two Year,Yes,Credit Card,110.8,7245.9,0.0,0,2938.65,10184.55,Female,33,No,No,Yes,Yes,2,9,11.08,0,0,Detractor
3056,No,0,1,Offer E,Yes,1.23,Yes,Yes,Fiber Optic,69,No,Yes,No,No,No,No,No,Yes,Month-to-Month,Yes,Mailed Check,80.2,80.2,0.0,0,1.23,81.43,Female,25,Yes,No,No,No,0,4,16.04,1,0,Detractor
5422,Yes,1,40,Offer B,No,0.0,No,Yes,DSL,21,Yes,Yes,Yes,No,No,No,No,Yes,One Year,Yes,Bank Withdrawal,42.35,1716.45,0.0,0,0.0,1716.45,Male,39,No,No,Yes,No,0,4,8.47,0,1,Detractor
3967,No,0,35,,Yes,17.2,No,No,No internet,0,No,No,No,No,No,No,No,No,Two Year,No,Bank Withdrawal,21.45,705.45,0.0,0,602.0,1307.45,Male,47,No,No,No,No,0,1,10.725,0,1,Detractor
6117,No,0,54,,Yes,43.47,Yes,Yes,Fiber Optic,82,Yes,No,Yes,No,Yes,Yes,Yes,Yes,One Year,Yes,Bank Withdrawal,103.95,5639.05,0.0,0,2347.38,7986.43,Female,20,Yes,No,No,No,0,8,11.55,0,1,Detractor
2572,Yes,10,23,,Yes,33.02,Yes,Yes,DSL,12,Yes,No,Yes,Yes,Yes,No,No,Yes,Two Year,Yes,Bank Withdrawal,77.15,1759.4,0.0,0,759.46,2518.86,Female,62,No,No,Yes,Yes,2,7,9.64375,0,1,Detractor
5655,No,0,64,Offer B,Yes,4.03,Yes,No,No internet,0,No,No,No,No,No,No,No,No,One Year,No,Mailed Check,24.7,1642.75,0.0,0,257.92,1900.67,Female,53,No,No,No,No,0,2,8.233333333333333,0,0,Promoter
4603,Yes,6,65,Offer B,Yes,19.53,Yes,Yes,Fiber Optic,19,Yes,Yes,Yes,Yes,No,No,No,Yes,Two Year,No,Credit Card,94.55,6078.75,0.0,0,1269.45,7348.2,Male,35,No,No,Yes,Yes,2,7,11.81875,0,0,Passive
3442,Yes,10,6,Offer E,Yes,42.66,Yes,Yes,Cable,85,No,No,No,No,No,No,No,Yes,Month-to-Month,No,Bank Withdrawal,50.35,314.55,0.0,0,255.96,570.51,Female,30,No,No,Yes,No,0,3,12.5875,1,1,Detractor
6063,Yes,8,72,,Yes,22.62,Yes,Yes,Cable,27,Yes,Yes,No,Yes,No,No,No,Yes,Two Year,No,Credit Card,66.75,4760.3,0.0,0,1628.64,6388.9400000000005,Female,56,No,No,Yes,Yes,3,6,9.535714285714286,0,0,Detractor
2014,Yes,1,3,,Yes,38.09,Yes,Yes,Fiber Optic,30,No,No,No,No,No,Yes,Yes,Yes,Month-to-Month,Yes,Bank Withdrawal,84.75,264.85,0.0,0,114.27,379.12,Female,47,No,No,Yes,No,0,5,14.125,1,1,Detractor
4735,No,0,45,,Yes,12.67,Yes,Yes,Fiber Optic,4,Yes,Yes,No,Yes,Yes,No,No,Yes,Two Year,Yes,Bank Withdrawal,97.05,4385.05,0.0,0,570.15,4955.2,Female,71,No,Yes,No,No,0,7,12.13125,0,1,Detractor
4033,No,0,2,,No,0.0,No,Yes,DSL,48,No,No,No,No,No,No,No,No,Month-to-Month,Yes,Credit Card,24.9,49.7,0.0,10,0.0,59.7,Male,22,Yes,No,No,No,0,0,24.9,1,0,Detractor
4118,No,0,1,,Yes,40.87,No,Yes,Cable,21,No,No,No,No,No,No,No,Yes,Month-to-Month,No,Credit Card,44.75,44.75,0.0,0,40.87,85.62,Female,35,No,No,No,No,0,2,14.916666666666666,1,0,Promoter
3239,No,0,13,Offer D,No,0.0,No,Yes,Cable,13,No,No,Yes,Yes,No,No,No,No,Two Year,No,Credit Card,35.4,450.4,0.0,100,0.0,550.4,Female,58,No,No,No,No,0,2,11.8,0,0,Detractor
2941,No,0,29,Offer C,Yes,2.0,No,No,No internet,0,No,No,No,No,No,No,No,No,One Year,No,Mailed Check,19.85,535.05,0.0,0,58.0,593.05,Male,54,No,No,No,Yes,3,1,9.925,0,0,Passive
3010,No,0,3,Offer E,Yes,6.61,No,No,No internet,0,No,No,No,No,No,No,No,No,Month-to-Month,No,Credit Card,18.8,56.0,0.0,0,19.83,75.83,Female,44,No,No,No,No,0,1,9.4,1,0,Passive
3464,Yes,3,3,,Yes,7.38,No,Yes,Fiber Optic,11,No,No,No,Yes,Yes,No,No,Yes,Month-to-Month,Yes,Credit Card,83.9,267.4,0.0,0,22.14,289.54,Female,75,No,Yes,Yes,No,0,4,16.78,1,0,Detractor
3682,No,0,45,,Yes,1.57,Yes,Yes,Fiber Optic,30,Yes,Yes,No,No,No,Yes,Yes,Yes,One Year,No,Bank Withdrawal,96.75,4442.75,0.0,0,70.65,4513.4,Female,58,No,No,No,No,0,7,12.09375,0,1,Passive
2382,Yes,7,47,,Yes,11.68,Yes,No,No internet,0,No,No,No,No,No,No,No,No,One Year,No,Bank Withdrawal,26.9,1250.85,0.0,0,548.96,1799.81,Female,20,Yes,No,Yes,No,0,2,8.966666666666667,0,1,Passive
2151,No,0,1,Offer E,Yes,45.8,No,Yes,Fiber Optic,10,No,No,No,No,No,No,No,Yes,Month-to-Month,Yes,Bank Withdrawal,69.6,69.6,0.0,0,45.8,115.4,Female,68,No,Yes,No,No,0,2,23.2,1,1,Detractor
2691,No,0,22,,Yes,35.4,No,No,No internet,0,No,No,No,No,No,No,No,No,One Year,Yes,Credit Card,19.25,412.55,0.0,0,778.8,1191.35,Female,50,No,No,No,No,0,1,9.625,0,0,Detractor
4114,Yes,2,68,,Yes,27.41,Yes,Yes,DSL,9,Yes,Yes,Yes,Yes,No,No,No,Yes,Two Year,No,Credit Card,70.9,4911.35,49.37,0,1863.88,6725.860000000001,Female,48,No,No,Yes,No,0,7,8.8625,0,0,Passive
4000,Yes,6,43,,Yes,12.98,Yes,Yes,DSL,8,No,No,No,Yes,Yes,No,No,Yes,One Year,Yes,Bank Withdrawal,64.85,2908.2,0.0,0,558.14,3466.34,Female,64,No,No,Yes,No,0,5,10.808333333333332,0,1,Detractor
4049,Yes,1,14,Offer D,Yes,20.4,Yes,Yes,DSL,30,Yes,No,No,No,Yes,No,No,Yes,Month-to-Month,Yes,Bank Withdrawal,64.7,941.0,0.0,0,285.6,1226.6,Female,51,No,No,Yes,No,0,5,10.783333333333331,0,1,Detractor
5882,No,0,63,Offer B,Yes,48.75,Yes,Yes,Fiber Optic,21,No,Yes,Yes,No,Yes,Yes,Yes,Yes,Two Year,Yes,Bank Withdrawal,104.75,6536.5,0.0,0,3071.25,9607.75,Male,52,No,No,No,No,0,8,11.63888888888889,0,1,Promoter
4254,No,0,16,,Yes,14.26,No,Yes,DSL,53,Yes,No,No,No,No,No,No,Yes,Month-to-Month,Yes,Bank Withdrawal,50.15,762.25,0.0,0,228.16,990.41,Female,21,Yes,No,No,No,0,3,12.5375,0,1,Detractor
5414,No,0,70,Offer A,Yes,26.67,Yes,Yes,Fiber Optic,17,Yes,Yes,Yes,Yes,Yes,Yes,Yes,Yes,Two Year,Yes,Bank Withdrawal,114.6,7882.5,0.0,0,1866.9,9749.4,Male,36,No,No,No,Yes,2,10,10.418181818181818,0,1,Passive
4147,Yes,7,72,Offer A,Yes,20.54,No,Yes,Cable,41,Yes,Yes,Yes,Yes,Yes,Yes,Yes,Yes,Two Year,No,Credit Card,85.1,6155.4,0.0,0,1478.88,7634.28,Female,24,Yes,No,Yes,No,0,9,8.51,0,0,Passive
3449,Yes,7,42,,Yes,18.93,No,Yes,DSL,73,Yes,Yes,No,No,No,No,No,Yes,Month-to-Month,No,Credit Card,54.5,2301.15,0.0,0,795.06,3096.21,Male,30,No,No,Yes,Yes,1,4,10.9,0,0,Passive
5858,No,0,4,Offer E,Yes,26.04,No,Yes,DSL,27,Yes,No,No,No,No,No,No,Yes,Month-to-Month,No,Bank Withdrawal,49.35,219.65,0.0,0,104.16,323.81,Male,40,No,No,No,Yes,1,3,12.3375,1,1,Detractor
4028,No,0,23,Offer D,Yes,1.58,No,Yes,DSL,47,No,Yes,No,Yes,No,No,Yes,Yes,Month-to-Month,Yes,Bank Withdrawal,55.3,1284.2,0.0,0,36.34,1320.54,Male,25,Yes,No,No,Yes,3,5,9.216666666666669,0,1,Passive
3802,No,0,43,,Yes,39.12,No,Yes,Fiber Optic,6,No,No,No,No,Yes,Yes,Yes,Yes,Month-to-Month,Yes,Mailed Check,89.55,3856.75,0.0,0,1682.16,5538.91,Male,74,No,Yes,No,No,0,5,14.925,0,0,Detractor
4478,Yes,1,67,,No,0.0,No,Yes,DSL,52,No,Yes,Yes,Yes,Yes,Yes,Yes,Yes,Two Year,Yes,Bank Withdrawal,59.55,4103.9,0.0,0,0.0,4103.9,Female,19,Yes,No,Yes,No,0,7,7.44375,0,1,Passive
3446,Yes,1,48,Offer B,Yes,38.3,No,Yes,DSL,85,No,Yes,Yes,No,No,No,Yes,Yes,One Year,Yes,Credit Card,55.8,2651.2,0.0,0,1838.4,4489.599999999999,Male,20,Yes,No,Yes,Yes,1,5,9.3,0,0,Passive
4291,Yes,5,55,,Yes,33.21,No,Yes,Fiber Optic,4,No,No,Yes,Yes,Yes,No,No,Yes,Two Year,No,Credit Card,88.8,4805.3,0.0,0,1826.55,6631.85,Female,67,No,Yes,Yes,No,0,5,14.8,0,0,Detractor
3471,No,0,21,,Yes,36.31,No,Yes,Fiber Optic,27,No,Yes,Yes,Yes,Yes,Yes,Yes,Yes,One Year,Yes,Credit Card,104.55,2239.4,0.0,0,762.51,3001.91,Female,48,No,No,No,No,0,8,11.616666666666667,0,0,Passive
6249,Yes,2,64,,Yes,30.82,Yes,Yes,Fiber Optic,11,Yes,No,Yes,No,No,Yes,Yes,Yes,Two Year,No,Bank Withdrawal,93.4,5822.3,0.0,0,1972.48,7794.780000000001,Male,53,No,No,Yes,Yes,1,7,11.675,0,1,Detractor
2643,Yes,1,2,Offer E,No,0.0,No,Yes,DSL,12,No,No,No,No,No,Yes,Yes,No,Month-to-Month,Yes,Bank Withdrawal,35.1,68.75,0.0,10,0.0,78.75,Female,36,No,No,Yes,No,0,2,11.7,1,1,Detractor
3037,Yes,10,44,Offer B,Yes,15.33,Yes,No,No internet,0,No,No,No,No,No,No,No,No,One Year,No,Credit Card,25.7,1110.5,0.0,0,674.52,1785.02,Male,54,No,No,Yes,No,0,2,8.566666666666666,0,0,Detractor
4754,No,0,9,,Yes,46.34,No,Yes,Fiber Optic,59,No,No,No,Yes,Yes,No,No,Yes,Month-to-Month,No,Bank Withdrawal,86.25,770.5,0.0,0,417.06000000000006,1187.56,Male,25,Yes,No,No,No,0,4,17.25,1,1,Promoter
4637,No,0,69,Offer A,Yes,8.46,Yes,Yes,Fiber Optic,21,No,No,No,Yes,Yes,Yes,Yes,Yes,Two Year,Yes,Bank Withdrawal,99.35,6856.45,0.0,0,583.74,7440.19,Male,55,No,No,Yes,Yes,1,7,12.41875,0,1,Passive
2057,No,0,31,,Yes,47.48,No,Yes,Fiber Optic,8,Yes,No,No,No,No,No,No,Yes,Two Year,Yes,Credit Card,73.55,2094.65,0.0,0,1471.88,3566.53,Female,72,No,Yes,No,No,0,3,18.3875,0,0,Detractor
4018,No,0,12,,Yes,16.59,No,No,No internet,0,No,No,No,No,No,No,No,No,One Year,No,Credit Card,20.05,267.0,0.0,0,199.08,466.08,Male,42,No,No,No,No,0,1,10.025,1,0,Detractor
2683,Yes,8,16,Offer D,Yes,46.45,Yes,Yes,Fiber Optic,12,Yes,No,Yes,Yes,Yes,Yes,Yes,Yes,Month-to-Month,Yes,Bank Withdrawal,112.95,1882.55,0.0,0,743.2,2625.75,Female,49,No,No,Yes,Yes,1,9,11.295,0,1,Detractor
4099,No,0,5,Offer E,No,0.0,No,Yes,DSL,26,No,Yes,No,No,No,No,No,Yes,Month-to-Month,No,Bank Withdrawal,28.45,131.05,0.0,0,0.0,131.05,Female,77,No,Yes,No,No,0,2,9.483333333333333,1,1,Detractor
5386,Yes,1,4,,Yes,12.88,Yes,Yes,Cable,22,No,No,No,No,No,No,No,Yes,Month-to-Month,No,Credit Card,50.85,239.55,0.0,0,51.52,291.07,Female,36,No,No,Yes,Yes,1,3,12.7125,1,0,Detractor
3608,No,0,15,Offer D,Yes,1.63,No,Yes,DSL,11,No,No,Yes,Yes,No,No,No,No,One Year,No,Credit Card,55.2,864.55,0.0,80,24.45,969.0,Male,62,No,No,No,Yes,2,3,13.8,0,0,Passive
3100,No,0,12,Offer D,No,0.0,No,Yes,DSL,7,Yes,No,Yes,Yes,No,Yes,Yes,Yes,Two Year,No,Credit Card,49.85,552.1,0.0,0,0.0,552.1,Female,58,No,No,No,No,0,6,7.121428571428572,1,0,Detractor
2828,Yes,8,29,,Yes,5.35,Yes,No,No internet,0,No,No,No,No,No,No,No,No,Two Year,No,Credit Card,26.1,692.55,0.0,0,155.14999999999998,847.6999999999999,Female,62,No,No,Yes,Yes,2,2,8.700000000000001,0,0,Detractor
5187,Yes,2,63,,Yes,18.14,Yes,Yes,Fiber Optic,2,No,Yes,Yes,No,Yes,Yes,Yes,Yes,Month-to-Month,Yes,Bank Withdrawal,103.5,6479.4,0.0,0,1142.82,7622.219999999999,Female,77,No,Yes,Yes,No,0,8,11.5,0,1,Passive
2071,Yes,3,5,Offer E,No,0.0,No,Yes,DSL,53,No,No,No,No,No,No,No,Yes,Month-to-Month,No,Credit Card,25.05,125.5,0.0,0,0.0,125.5,Female,40,No,No,Yes,Yes,3,1,12.525,1,0,Promoter
3176,No,0,43,,No,0.0,No,Yes,DSL,25,Yes,Yes,Yes,No,No,No,No,Yes,Month-to-Month,Yes,Bank Withdrawal,40.45,1912.85,0.0,0,0.0,1912.85,Male,41,No,No,No,Yes,2,4,8.09,0,1,Detractor
3068,No,0,24,,Yes,24.76,No,Yes,Fiber Optic,2,No,No,No,Yes,Yes,Yes,Yes,Yes,Month-to-Month,Yes,Bank Withdrawal,96.0,2122.45,0.0,0,594.24,2716.69,Male,44,No,No,No,No,0,6,13.714285714285714,0,1,Detractor
5137,Yes,1,29,,Yes,25.78,Yes,Yes,Fiber Optic,28,No,No,Yes,No,Yes,Yes,Yes,No,Month-to-Month,Yes,Bank Withdrawal,98.5,3004.15,37.55,40,747.62,3754.22,Male,75,No,Yes,Yes,No,0,6,14.071428571428571,0,1,Detractor
6382,Yes,9,63,,Yes,42.17,No,Yes,DSL,73,Yes,Yes,Yes,Yes,Yes,No,No,Yes,Two Year,No,Credit Card,74.5,4674.55,0.0,0,2656.71,7331.26,Male,22,Yes,No,Yes,Yes,2,7,9.3125,0,0,Passive
4477,Yes,1,18,,Yes,34.17,Yes,Yes,Fiber Optic,16,No,No,No,No,Yes,Yes,Yes,Yes,Month-to-Month,Yes,Bank Withdrawal,94.75,1691.9,0.0,0,615.0600000000001,2306.96,Male,42,No,No,Yes,No,0,6,13.535714285714286,0,1,Passive
5845,Yes,8,56,Offer B,No,0.0,No,Yes,Cable,41,Yes,Yes,No,Yes,Yes,No,No,Yes,One Year,Yes,Credit Card,52.0,2884.9,0.0,0,0.0,2884.9,Male,24,Yes,No,Yes,Yes,2,5,8.666666666666666,0,0,Detractor
4437,No,0,37,,Yes,24.04,Yes,Yes,Fiber Optic,59,No,Yes,Yes,No,Yes,Yes,Yes,Yes,Month-to-Month,Yes,Bank Withdrawal,101.9,3545.35,0.0,0,889.48,4434.83,Female,22,Yes,No,No,No,0,8,11.322222222222225,0,1,Detractor
2198,Yes,5,4,,Yes,45.84,No,No,No internet,0,No,No,No,No,No,No,No,No,Month-to-Month,No,Bank Withdrawal,20.15,91.4,0.0,0,183.36,274.76,Female,35,No,No,Yes,No,0,1,10.075,1,1,Detractor
3740,No,0,24,,Yes,18.39,No,No,No internet,0,No,No,No,No,No,No,No,No,Two Year,Yes,Credit Card,20.3,459.95,0.0,0,441.36,901.31,Female,78,No,Yes,No,No,0,1,10.15,0,0,Promoter
2978,No,0,1,,Yes,38.21,No,Yes,Cable,13,Yes,No,No,No,No,No,No,Yes,Month-to-Month,Yes,Credit Card,49.8,49.8,0.0,0,38.21,88.00999999999999,Male,55,No,No,No,No,0,3,12.45,1,0,Detractor
6255,No,0,67,,Yes,22.66,Yes,Yes,Fiber Optic,27,Yes,Yes,Yes,Yes,Yes,Yes,Yes,Yes,One Year,Yes,Bank Withdrawal,118.35,7804.15,0.0,0,1518.22,9322.37,Male,53,No,No,No,No,0,10,10.759090909090908,0,1,Detractor
2681,No,0,29,,Yes,12.92,No,Yes,Fiber Optic,24,No,Yes,No,Yes,Yes,No,No,No,Month-to-Month,No,Credit Card,89.65,2623.65,0.0,10,374.68,3008.33,Male,39,No,No,No,No,0,4,17.93,0,0,Passive
4260,No,0,57,Offer B,Yes,9.36,Yes,Yes,Cable,20,Yes,Yes,Yes,Yes,Yes,Yes,Yes,Yes,Two Year,No,Mailed Check,89.55,5012.35,30.45,0,533.52,5515.42,Male,55,No,No,No,Yes,2,10,8.14090909090909,0,0,Passive
6190,No,0,58,Offer B,Yes,38.62,Yes,No,No internet,0,No,No,No,No,No,No,No,No,Two Year,No,Credit Card,24.35,1423.85,0.0,0,2239.96,3663.81,Female,31,No,No,No,No,0,2,8.116666666666667,0,0,Detractor
4958,Yes,6,55,,Yes,42.9,Yes,Yes,Fiber Optic,27,No,No,No,No,No,No,No,Yes,Two Year,Yes,Bank Withdrawal,74.0,4052.4,0.0,0,2359.5,6411.9,Male,68,No,Yes,Yes,No,0,3,18.5,0,1,Promoter
2267,Yes,4,23,,Yes,35.86,Yes,No,No internet,0,No,No,No,No,No,No,No,No,Two Year,No,Mailed Check,25.1,611.45,0.0,0,824.78,1436.23,Female,47,No,No,Yes,Yes,2,2,8.366666666666667,0,0,Promoter
4954,Yes,10,72,Offer A,No,0.0,No,Yes,Cable,14,Yes,No,Yes,No,Yes,Yes,Yes,Yes,Two Year,Yes,Credit Card,53.8,3952.45,0.0,0,0.0,3952.45,Female,61,No,No,Yes,Yes,1,6,7.685714285714285,0,0,Detractor
4016,Yes,6,66,Offer A,Yes,42.23,Yes,Yes,Fiber Optic,30,No,Yes,Yes,No,Yes,Yes,Yes,Yes,Month-to-Month,Yes,Bank Withdrawal,105.2,6936.85,0.0,0,2787.18,9724.03,Female,39,No,No,Yes,No,0,8,11.68888888888889,0,1,Passive
5996,No,0,1,Offer E,Yes,39.66,No,Yes,Fiber Optic,8,No,Yes,No,No,No,No,No,Yes,Month-to-Month,Yes,Credit Card,74.3,74.3,0.0,0,39.66,113.96,Female,31,No,No,No,No,0,3,18.575,1,0,Detractor
4858,Yes,1,15,,Yes,31.13,Yes,Yes,DSL,5,No,No,No,No,No,No,No,Yes,Month-to-Month,Yes,Bank Withdrawal,51.1,711.15,0.0,0,466.95,1178.1,Female,60,No,No,Yes,No,0,3,12.775,0,1,Promoter
2734,No,0,1,,Yes,35.77,No,Yes,Fiber Optic,69,No,No,No,No,No,Yes,Yes,Yes,Month-to-Month,No,Bank Withdrawal,80.5,80.5,0.0,0,35.77,116.27,Male,24,Yes,No,No,No,0,4,16.1,1,1,Detractor
5993,Yes,5,72,,Yes,12.02,Yes,Yes,Cable,26,Yes,Yes,Yes,Yes,Yes,Yes,Yes,Yes,Two Year,Yes,Bank Withdrawal,87.1,6230.1,0.0,0,865.4399999999999,7095.54,Male,48,No,No,Yes,No,0,10,7.918181818181818,0,1,Detractor
3239,No,0,1,Offer E,Yes,6.35,No,Yes,DSL,76,No,Yes,No,No,No,No,No,Yes,Month-to-Month,Yes,Bank Withdrawal,49.9,49.9,0.0,0,6.35,56.25,Male,29,Yes,No,No,Yes,1,3,12.475,1,1,Promoter
2755,No,0,3,,Yes,47.68,No,Yes,DSL,82,No,No,No,No,Yes,No,Yes,Yes,Month-to-Month,No,Credit Card,53.4,188.7,0.0,0,143.04,331.74,Male,23,Yes,No,No,No,0,4,10.68,1,0,Detractor
5643,Yes,1,17,Offer D,Yes,41.95,No,Yes,Fiber Optic,51,Yes,No,No,Yes,Yes,No,No,Yes,Month-to-Month,No,Bank Withdrawal,91.85,1574.45,0.0,0,713.1500000000001,2287.6000000000004,Female,30,No,No,Yes,No,0,5,15.308333333333332,0,1,Detractor
5730,No,0,1,,Yes,35.28,No,Yes,Fiber Optic,51,No,No,No,No,No,No,Yes,Yes,Month-to-Month,Yes,Credit Card,71.35,71.35,0.0,0,35.28,106.63,Male,23,Yes,No,No,No,0,3,17.8375,1,0,Detractor
4071,Yes,5,71,,Yes,4.91,Yes,Yes,Fiber Optic,29,Yes,Yes,Yes,Yes,Yes,Yes,Yes,Yes,Two Year,No,Bank Withdrawal,114.6,8100.25,0.0,0,348.61,8448.86,Female,45,No,No,Yes,Yes,3,10,10.418181818181818,0,1,Passive
3706,Yes,1,1,,Yes,14.9,No,Yes,DSL,6,No,No,No,No,No,No,No,Yes,Month-to-Month,Yes,Credit Card,45.85,45.85,0.0,0,14.9,60.75,Male,47,No,No,Yes,No,0,2,15.283333333333331,1,0,Detractor
5247,No,0,50,,Yes,17.88,No,No,No internet,0,No,No,No,No,No,No,No,No,One Year,Yes,Mailed Check,19.35,1033.0,29.5,0,894.0,1897.5,Female,29,Yes,No,No,No,0,1,9.675,0,0,Detractor
4494,No,0,4,,Yes,41.12,No,Yes,Fiber Optic,42,No,No,No,No,No,No,Yes,No,Month-to-Month,No,Bank Withdrawal,70.4,281.0,0.0,70,164.48,515.48,Female,19,Yes,No,No,No,0,2,23.46666666666667,1,1,Detractor
2677,Yes,10,42,,Yes,42.29,Yes,Yes,Fiber Optic,10,No,No,No,No,Yes,Yes,No,No,One Year,Yes,Bank Withdrawal,95.05,3944.5,0.0,100,1776.18,5820.68,Female,76,No,Yes,Yes,No,0,4,19.01,0,1,Passive
3874,No,0,1,Offer E,Yes,31.77,No,No,No internet,0,No,No,No,No,No,No,No,No,Month-to-Month,Yes,Bank Withdrawal,19.85,19.85,0.0,0,31.77,51.620000000000005,Male,32,No,No,No,No,0,1,9.925,1,1,Detractor
4965,No,0,3,Offer E,Yes,26.52,Yes,Yes,Fiber Optic,10,No,No,No,No,No,No,No,Yes,Month-to-Month,Yes,Credit Card,75.1,270.7,0.0,0,79.56,350.26,Female,63,No,No,No,No,0,3,18.775,1,0,Detractor
5282,No,0,54,,Yes,6.7,Yes,Yes,Cable,16,No,Yes,No,No,No,No,No,Yes,Month-to-Month,Yes,Credit Card,55.0,3092.65,0.0,0,361.8,3454.4500000000003,Male,43,No,No,No,Yes,2,4,11.0,0,0,Detractor
5832,No,0,55,,Yes,8.93,Yes,Yes,Fiber Optic,26,No,No,No,No,No,No,No,Yes,Month-to-Month,Yes,Bank Withdrawal,73.1,4144.9,0.0,0,491.15,4636.049999999999,Female,50,No,No,No,No,0,3,18.275,0,1,Passive
3056,No,0,5,,Yes,21.01,No,No,No internet,0,No,No,No,No,No,No,No,No,Month-to-Month,Yes,Credit Card,19.25,86.05,0.0,0,105.05,191.1,Male,32,No,No,No,No,0,1,9.625,1,0,Detractor
6407,Yes,1,58,Offer B,Yes,48.98,Yes,Yes,Cable,76,No,Yes,No,Yes,No,No,No,Yes,Two Year,Yes,Credit Card,59.9,3505.1,0.0,0,2840.84,6345.94,Female,25,Yes,No,Yes,No,0,5,9.983333333333333,0,0,Detractor
4278,No,0,11,,Yes,13.55,No,Yes,Fiber Optic,27,No,Yes,No,No,No,No,No,Yes,Month-to-Month,Yes,Credit Card,75.9,866.4,0.0,0,149.05,1015.45,Male,20,Yes,No,No,No,0,3,18.975,1,0,Passive
3850,Yes,1,5,,Yes,1.38,No,Yes,Fiber Optic,16,No,No,No,No,No,No,No,Yes,Month-to-Month,No,Credit Card,69.95,320.4,0.0,0,6.9,327.29999999999995,Female,47,No,No,Yes,Yes,2,2,23.316666666666663,1,0,Detractor
5513,No,0,59,,Yes,24.27,Yes,Yes,Fiber Optic,9,No,No,Yes,No,Yes,Yes,Yes,Yes,One Year,Yes,Bank Withdrawal,99.5,5890.0,0.0,0,1431.93,7321.93,Female,70,No,Yes,No,No,0,7,12.4375,0,1,Promoter
5873,No,0,35,,Yes,16.91,No,Yes,Fiber Optic,30,No,No,No,No,No,No,No,Yes,Month-to-Month,No,Bank Withdrawal,70.55,2419.0,0.0,0,591.85,3010.85,Female,65,No,Yes,No,No,0,2,23.516666666666666,0,1,Passive
4277,Yes,3,60,,No,0.0,No,Yes,DSL,22,No,Yes,No,No,Yes,Yes,No,No,Two Year,Yes,Credit Card,49.45,2907.55,0.0,40,0.0,2947.55,Female,70,No,Yes,Yes,No,0,3,12.3625,0,0,Detractor
5833,Yes,1,57,,Yes,4.18,No,Yes,Fiber Optic,73,No,Yes,Yes,No,Yes,Yes,Yes,Yes,One Year,Yes,Credit Card,97.55,5598.0,0.0,0,238.26,5836.26,Male,26,Yes,No,Yes,Yes,3,7,12.19375,0,0,Passive
4589,No,0,72,Offer A,Yes,48.37,Yes,Yes,Fiber Optic,5,Yes,Yes,Yes,Yes,Yes,Yes,Yes,Yes,Two Year,Yes,Bank Withdrawal,114.9,8496.7,0.0,0,3482.64,11979.34,Female,56,No,No,No,No,0,10,10.445454545454544,0,1,Passive
4403,No,0,18,Offer D,Yes,34.07,No,Yes,DSL,28,No,No,No,No,No,No,No,No,Month-to-Month,Yes,Credit Card,45.65,747.2,0.0,40,613.26,1400.46,Male,58,No,No,No,Yes,2,1,22.825,0,0,Promoter
5448,No,0,71,Offer A,Yes,3.91,Yes,Yes,Fiber Optic,12,Yes,Yes,No,Yes,Yes,No,No,Yes,One Year,Yes,Credit Card,99.65,7181.25,0.0,0,277.61,7458.86,Female,68,No,Yes,No,No,0,7,12.45625,0,0,Passive
4146,No,0,68,Offer A,No,0.0,No,Yes,DSL,28,Yes,Yes,Yes,Yes,Yes,Yes,Yes,No,Two Year,No,Credit Card,64.35,4539.6,0.0,130,0.0,4669.6,Female,38,No,No,No,No,0,7,8.04375,0,0,Detractor
4811,Yes,1,1,,Yes,25.88,Yes,Yes,Fiber Optic,9,Yes,No,Yes,No,Yes,Yes,Yes,Yes,Month-to-Month,Yes,Bank Withdrawal,102.45,102.45,0.0,0,25.88,128.33,Female,52,No,No,Yes,No,0,8,11.383333333333333,1,1,Detractor
4012,Yes,1,57,Offer B,Yes,49.29,No,Yes,Cable,22,Yes,Yes,No,Yes,No,No,No,Yes,Two Year,Yes,Bank Withdrawal,59.75,3450.15,0.0,0,2809.53,6259.68,Male,50,No,No,Yes,No,0,5,9.958333333333334,0,1,Detractor
3068,Yes,8,1,,Yes,30.38,No,No,No internet,0,No,No,No,No,No,No,No,No,Month-to-Month,No,Bank Withdrawal,19.75,19.75,0.0,0,30.38,50.13,Male,31,No,No,Yes,Yes,2,1,9.875,1,1,Passive
2618,Yes,5,1,,Yes,47.46,No,No,No internet,0,No,No,No,No,No,No,No,No,One Year,No,Credit Card,19.85,19.85,0.0,0,47.46,67.31,Male,55,No,No,Yes,Yes,1,1,9.925,1,0,Detractor
5926,Yes,9,56,,Yes,20.53,Yes,Yes,Fiber Optic,19,No,Yes,Yes,Yes,No,Yes,Yes,Yes,One Year,Yes,Credit Card,99.75,5608.4,0.0,0,1149.68,6758.08,Female,45,No,No,Yes,No,0,8,11.083333333333334,0,0,Passive
5171,Yes,1,1,,No,0.0,No,Yes,DSL,19,Yes,No,No,No,No,No,No,Yes,Month-to-Month,No,Bank Withdrawal,30.5,30.5,0.0,0,0.0,30.5,Female,37,No,No,Yes,Yes,1,2,10.166666666666666,1,1,Detractor
3099,No,0,5,Offer E,Yes,13.96,No,Yes,DSL,5,No,No,Yes,Yes,Yes,No,No,Yes,Month-to-Month,Yes,Credit Card,63.95,318.1,0.0,0,69.80000000000001,387.9,Male,38,No,No,No,No,0,5,10.658333333333331,1,0,Passive
5855,No,0,50,,Yes,27.7,Yes,Yes,Fiber Optic,28,Yes,Yes,No,Yes,Yes,Yes,Yes,Yes,Two Year,Yes,Bank Withdrawal,109.65,5551.15,0.0,0,1385.0,6936.15,Female,63,No,No,No,No,0,9,10.965,0,1,Detractor
4455,Yes,9,58,,Yes,36.45,Yes,No,No internet,0,No,No,No,No,No,No,No,No,One Year,Yes,Credit Card,24.5,1497.9,9.22,0,2114.1000000000004,3602.7800000000007,Female,44,No,No,Yes,No,0,2,8.166666666666666,0,0,Passive
5887,No,0,64,Offer B,Yes,15.93,Yes,No,No internet,0,No,No,No,No,No,No,No,No,One Year,Yes,Bank Withdrawal,24.4,1601.2,0.0,0,1019.52,2620.7200000000003,Female,36,No,No,No,No,0,2,8.133333333333333,0,1,Promoter
2893,No,0,9,Offer E,Yes,40.0,Yes,Yes,Fiber Optic,4,No,No,Yes,No,Yes,No,No,Yes,Month-to-Month,Yes,Bank Withdrawal,90.1,816.8,0.0,0,360.0,1176.8,Female,66,No,Yes,No,No,0,5,15.016666666666666,1,1,Promoter
3595,No,0,10,,Yes,4.76,No,No,No internet,0,No,No,No,No,No,No,No,No,Month-to-Month,Yes,Mailed Check,20.55,187.35,0.0,0,47.6,234.95,Female,63,No,No,No,No,0,1,10.275,1,0,Detractor
4500,Yes,7,70,Offer A,Yes,11.71,No,No,No internet,0,No,No,No,No,No,No,No,No,Two Year,No,Bank Withdrawal,19.8,1397.65,0.0,0,819.7,2217.3500000000004,Female,41,No,No,Yes,No,0,1,9.9,0,1,Passive
5644,No,0,53,,Yes,6.54,Yes,Yes,DSL,4,No,Yes,Yes,Yes,No,Yes,Yes,Yes,Two Year,Yes,Bank Withdrawal,73.9,3958.25,0.0,0,346.62,4304.87,Male,35,No,No,No,No,0,8,8.211111111111112,0,1,Passive
5026,Yes,5,4,,Yes,48.48,No,Yes,Fiber Optic,58,No,No,Yes,No,No,No,Yes,Yes,Month-to-Month,Yes,Bank Withdrawal,73.75,325.45,0.0,0,193.92,519.37,Female,25,Yes,No,Yes,No,0,4,14.75,1,1,Detractor
4715,Yes,10,30,Offer C,Yes,23.16,No,Yes,DSL,6,No,No,Yes,No,No,No,No,Yes,Month-to-Month,Yes,Credit Card,50.0,1474.9,0.0,0,694.8,2169.7,Male,53,No,No,Yes,No,0,3,12.5,0,0,Passive
5612,Yes,1,61,,Yes,49.33,Yes,Yes,Fiber Optic,7,No,Yes,No,No,Yes,Yes,Yes,Yes,Month-to-Month,Yes,Bank Withdrawal,99.15,6010.05,0.0,0,3009.13,9019.18,Female,63,No,No,Yes,No,0,7,12.39375,0,1,Detractor
5407,No,0,13,,Yes,37.03,Yes,Yes,DSL,52,Yes,Yes,Yes,Yes,Yes,Yes,Yes,Yes,Two Year,No,Credit Card,88.95,1161.75,0.0,0,481.39,1643.14,Female,30,No,No,No,No,0,10,8.086363636363636,0,0,Detractor
3898,No,0,29,Offer C,No,0.0,No,Yes,DSL,8,Yes,No,No,Yes,No,No,No,Yes,One Year,No,Mailed Check,35.6,1072.6,0.0,0,0.0,1072.6,Male,46,No,No,No,No,0,3,8.9,0,0,Passive
6090,Yes,1,52,,Yes,7.04,Yes,Yes,DSL,22,No,Yes,Yes,No,Yes,Yes,Yes,Yes,One Year,Yes,Bank Withdrawal,80.85,4079.55,0.0,0,366.08,4445.63,Male,72,No,Yes,Yes,Yes,1,8,8.983333333333333,0,1,Detractor
2675,No,0,38,Offer C,Yes,30.09,No,Yes,Fiber Optic,18,No,No,No,No,Yes,Yes,Yes,No,One Year,Yes,Mailed Check,89.1,3342.0,0.0,90,1143.42,4575.42,Female,63,No,No,No,No,0,4,17.82,0,0,Passive
5980,No,0,6,Offer E,Yes,7.35,No,No,No internet,0,No,No,No,No,No,No,No,No,Two Year,No,Credit Card,19.55,124.45,0.0,0,44.1,168.55,Female,61,No,No,No,No,0,1,9.775,1,0,Promoter
2429,Yes,10,18,Offer D,Yes,35.44,No,No,No internet,0,No,No,No,No,No,No,No,No,Month-to-Month,Yes,Credit Card,20.25,401.95,0.0,0,637.92,1039.87,Female,29,Yes,No,Yes,Yes,1,1,10.125,0,0,Passive
5825,No,0,3,Offer E,No,0.0,No,Yes,DSL,21,No,Yes,No,Yes,No,No,No,Yes,Month-to-Month,Yes,Mailed Check,36.85,108.7,0.0,0,0.0,108.7,Male,44,No,No,No,No,0,3,9.2125,1,0,Detractor
5212,Yes,2,33,,Yes,34.22,No,No,No internet,0,No,No,No,No,No,No,No,No,One Year,No,Credit Card,20.6,690.25,0.0,0,1129.26,1819.51,Male,63,No,No,Yes,No,0,1,10.3,0,0,Promoter
5475,No,0,3,Offer E,Yes,5.2,Yes,Yes,Fiber Optic,23,No,No,No,No,No,No,No,No,Month-to-Month,Yes,Bank Withdrawal,75.8,246.3,0.0,10,15.6,271.90000000000003,Female,63,No,No,No,No,0,2,25.266666666666666,1,1,Detractor
3624,Yes,6,16,Offer D,Yes,40.03,No,Yes,Fiber Optic,20,No,Yes,No,No,No,No,No,Yes,Month-to-Month,No,Bank Withdrawal,73.25,1195.75,0.0,0,640.48,1836.23,Female,58,No,No,Yes,Yes,1,3,18.3125,0,1,Detractor
5565,No,0,12,Offer D,Yes,28.63,No,Yes,Cable,7,No,Yes,Yes,Yes,No,No,No,No,Month-to-Month,Yes,Credit Card,83.8,1029.75,44.58,80,343.56,1408.73,Male,65,No,Yes,No,No,0,4,16.759999999999998,1,0,Detractor
4582,Yes,10,63,Offer B,Yes,20.37,Yes,Yes,Fiber Optic,26,No,Yes,Yes,Yes,Yes,Yes,Yes,Yes,Month-to-Month,Yes,Bank Withdrawal,108.75,6871.7,0.0,0,1283.3100000000002,8155.01,Female,49,No,No,Yes,No,0,9,10.875,0,1,Promoter
2091,No,0,1,,Yes,44.22,No,No,No internet,0,No,No,No,No,No,No,No,No,Month-to-Month,No,Credit Card,19.1,19.1,0.0,0,44.22,63.32,Male,61,No,No,No,No,0,1,9.55,1,0,Passive
3669,Yes,1,7,,Yes,16.05,No,Yes,Fiber Optic,22,No,No,No,No,No,No,No,Yes,Month-to-Month,Yes,Credit Card,70.1,467.55,20.23,0,112.35,559.67,Male,75,No,Yes,Yes,No,0,2,23.366666666666664,1,0,Detractor
5865,Yes,1,24,,Yes,7.37,Yes,No,No internet,0,No,No,No,No,No,No,No,No,Two Year,No,Credit Card,24.2,609.05,0.0,0,176.88,785.93,Male,58,No,No,Yes,Yes,3,2,8.066666666666666,0,0,Promoter
3144,No,0,1,Offer E,Yes,11.89,No,Yes,DSL,12,No,No,No,No,No,No,No,Yes,One Year,No,Bank Withdrawal,45.25,45.25,0.0,0,11.89,57.14,Male,71,No,Yes,No,No,0,2,15.083333333333334,1,1,Detractor
2873,Yes,1,37,,Yes,30.36,Yes,Yes,DSL,11,Yes,No,Yes,Yes,No,No,No,Yes,One Year,No,Credit Card,68.1,2479.25,0.0,0,1123.32,3602.57,Female,64,No,No,Yes,No,0,6,9.728571428571428,0,0,Passive
2008,No,0,13,Offer D,Yes,6.78,Yes,Yes,Fiber Optic,26,Yes,No,No,No,Yes,Yes,Yes,Yes,Month-to-Month,Yes,Bank Withdrawal,100.35,1358.85,34.09,0,88.14,1412.9,Female,54,No,No,No,No,0,7,12.54375,0,1,Detractor
4870,Yes,1,27,,Yes,2.4,No,No,No internet,0,No,No,No,No,No,No,No,No,Two Year,No,Credit Card,19.9,550.1,0.0,0,64.8,614.9,Female,36,No,No,Yes,Yes,3,1,9.95,0,0,Promoter
5491,No,0,29,,Yes,4.53,Yes,No,No internet,0,No,No,No,No,No,No,No,No,Month-to-Month,No,Bank Withdrawal,25.15,702.0,0.0,0,131.37,833.37,Female,47,No,No,No,No,0,2,8.383333333333333,0,1,Passive
3881,No,0,43,,Yes,28.9,Yes,No,No internet,0,No,No,No,No,No,No,No,No,Two Year,No,Bank Withdrawal,26.45,1110.05,0.0,0,1242.7,2352.75,Male,39,No,No,No,No,0,2,8.816666666666666,0,1,Passive
5715,No,0,12,,Yes,18.71,No,No,No internet,0,No,No,No,No,No,No,No,No,Month-to-Month,No,Credit Card,19.7,220.35,0.0,0,224.52,444.87,Female,43,No,No,No,No,0,1,9.85,1,0,Detractor
3503,Yes,6,21,,Yes,31.55,Yes,Yes,DSL,23,Yes,No,No,No,Yes,Yes,Yes,Yes,One Year,Yes,Bank Withdrawal,75.9,1549.75,0.0,0,662.5500000000001,2212.3,Male,42,No,No,Yes,Yes,3,7,9.4875,0,1,Passive
5573,Yes,2,42,,Yes,35.38,Yes,Yes,Fiber Optic,7,Yes,No,Yes,No,Yes,Yes,Yes,Yes,One Year,Yes,Bank Withdrawal,105.2,4599.15,40.46,0,1485.96,6044.65,Female,79,No,Yes,Yes,No,0,8,11.68888888888889,0,1,Detractor
5676,Yes,1,40,,Yes,49.5,Yes,Yes,Fiber Optic,20,No,No,No,No,Yes,Yes,Yes,Yes,Month-to-Month,Yes,Credit Card,94.55,3640.45,0.0,0,1980.0,5620.45,Female,65,No,Yes,Yes,No,0,6,13.507142857142856,0,0,Detractor
5309,Yes,3,71,,Yes,47.02,Yes,Yes,Fiber Optic,12,Yes,Yes,Yes,Yes,No,No,No,Yes,Two Year,Yes,Credit Card,96.35,6766.95,0.0,0,3338.42,10105.37,Female,69,No,Yes,Yes,No,0,7,12.04375,0,0,Passive
4732,Yes,1,68,,Yes,25.16,Yes,Yes,Cable,26,No,Yes,Yes,Yes,Yes,Yes,Yes,Yes,Two Year,No,Bank Withdrawal,85.3,5560.0,0.0,0,1710.88,7270.88,Female,36,No,No,Yes,Yes,2,9,8.53,0,1,Passive
4162,Yes,7,46,Offer B,Yes,20.42,Yes,Yes,Fiber Optic,16,Yes,Yes,No,Yes,Yes,Yes,No,Yes,Two Year,Yes,Bank Withdrawal,110.2,4972.1,0.0,0,939.32,5911.42,Female,76,No,Yes,Yes,Yes,1,8,12.244444444444444,0,1,Detractor
3291,Yes,3,47,,Yes,38.25,No,Yes,Fiber Optic,20,Yes,No,Yes,No,No,Yes,Yes,Yes,Month-to-Month,No,Bank Withdrawal,90.05,4137.2,0.0,0,1797.75,5934.95,Male,57,No,No,Yes,Yes,1,6,12.864285714285714,0,1,Passive
3920,Yes,8,41,Offer B,No,0.0,No,Yes,Cable,9,No,Yes,Yes,No,Yes,Yes,Yes,Yes,Two Year,Yes,Bank Withdrawal,53.95,2215.4,0.0,0,0.0,2215.4,Male,65,No,Yes,Yes,No,0,6,7.707142857142857,0,1,Detractor
6117,Yes,1,66,,Yes,27.75,Yes,Yes,Fiber Optic,11,No,No,Yes,Yes,Yes,Yes,No,Yes,One Year,Yes,Credit Card,105.95,6975.25,0.0,0,1831.5,8806.75,Female,68,No,Yes,Yes,No,0,7,13.24375,0,0,Detractor
4118,Yes,5,13,,No,0.0,No,Yes,DSL,9,No,No,No,No,Yes,Yes,No,Yes,Month-to-Month,No,Bank Withdrawal,45.3,528.45,0.0,0,0.0,528.45,Female,68,No,Yes,Yes,No,0,3,11.325,0,1,Passive
5907,Yes,10,56,Offer B,Yes,25.9,Yes,Yes,Cable,30,Yes,Yes,Yes,Yes,Yes,No,No,Yes,Two Year,No,Credit Card,81.25,4620.4,0.0,0,1450.4,6070.799999999999,Female,51,No,No,Yes,Yes,2,8,9.02777777777778,0,0,Passive
5224,No,0,14,,Yes,36.97,Yes,Yes,Fiber Optic,27,No,Yes,No,No,Yes,Yes,Yes,Yes,Month-to-Month,Yes,Bank Withdrawal,100.55,1415.55,0.0,0,517.5799999999999,1933.13,Male,56,No,No,No,No,0,7,12.56875,0,1,Detractor
5838,No,0,57,,Yes,32.12,Yes,Yes,Fiber Optic,15,No,Yes,No,Yes,Yes,Yes,No,No,Two Year,Yes,Bank Withdrawal,104.9,5913.95,1.69,90,1830.84,7833.1,Male,68,No,Yes,No,No,0,6,14.985714285714286,0,1,Promoter
5546,Yes,5,66,Offer A,Yes,44.4,Yes,Yes,DSL,11,Yes,Yes,Yes,No,No,No,No,No,Two Year,No,Bank Withdrawal,66.9,4370.25,0.0,70,2930.4,7370.65,Female,49,No,No,Yes,No,0,5,11.15,0,1,Passive
5989,Yes,1,53,,Yes,43.39,No,Yes,Fiber Optic,29,No,Yes,Yes,Yes,Yes,Yes,Yes,Yes,Month-to-Month,Yes,Bank Withdrawal,108.25,5935.1,0.0,0,2299.67,8234.77,Female,38,No,No,Yes,Yes,2,8,12.02777777777778,0,1,Passive
5733,Yes,6,63,Offer B,Yes,1.18,No,Yes,DSL,27,Yes,Yes,Yes,Yes,No,No,No,No,Two Year,No,Credit Card,63.55,4014.2,0.0,90,74.33999999999999,4178.54,Female,62,No,No,Yes,Yes,2,5,10.591666666666669,0,0,Detractor
5948,No,0,18,,Yes,7.56,No,Yes,Fiber Optic,20,No,Yes,Yes,No,Yes,Yes,Yes,Yes,Month-to-Month,No,Credit Card,101.3,1794.65,0.0,0,136.07999999999998,1930.73,Male,61,No,No,No,No,0,7,12.6625,0,0,Detractor
2301,No,0,1,Offer E,No,0.0,No,Yes,DSL,22,No,No,No,No,No,Yes,Yes,Yes,Month-to-Month,Yes,Bank Withdrawal,35.45,35.45,0.0,0,0.0,35.45,Male,64,No,No,No,No,0,3,8.8625,1,1,Detractor
5977,Yes,5,17,Offer D,No,0.0,No,Yes,DSL,23,No,Yes,Yes,No,No,No,No,Yes,Month-to-Month,Yes,Credit Card,35.65,646.05,0.0,0,0.0,646.05,Female,48,No,No,Yes,No,0,3,8.9125,0,0,Detractor
3214,Yes,1,8,Offer E,Yes,13.43,No,No,No internet,0,No,No,No,No,No,No,No,No,Two Year,No,Credit Card,19.6,125.0,0.0,0,107.44,232.44,Male,54,No,No,Yes,Yes,3,1,9.8,1,0,Promoter
5339,No,0,3,Offer E,Yes,32.43,No,Yes,Fiber Optic,2,Yes,Yes,No,No,No,No,No,Yes,Month-to-Month,Yes,Bank Withdrawal,79.1,246.5,0.0,0,97.29,343.79,Female,60,No,No,No,No,0,4,15.82,1,1,Detractor
2048,Yes,8,10,,Yes,31.09,No,Yes,DSL,5,Yes,Yes,Yes,No,Yes,Yes,Yes,Yes,Two Year,No,Mailed Check,80.85,808.5,0.0,0,310.9,1119.4,Female,40,No,No,Yes,No,0,8,8.983333333333333,1,0,Detractor
4168,No,0,65,,Yes,32.41,Yes,Yes,Fiber Optic,21,No,Yes,Yes,No,Yes,No,No,Yes,Two Year,Yes,Bank Withdrawal,95.45,6223.3,0.0,0,2106.65,8329.95,Female,69,No,Yes,No,No,0,6,13.635714285714286,0,1,Passive
3744,Yes,10,34,Offer C,Yes,35.29,Yes,Yes,Fiber Optic,47,No,No,Yes,No,Yes,Yes,Yes,Yes,Month-to-Month,Yes,Bank Withdrawal,100.45,3414.65,0.0,0,1199.86,4614.51,Female,20,Yes,No,Yes,No,0,7,12.55625,0,1,Promoter
5408,Yes,10,51,Offer B,Yes,25.45,Yes,Yes,DSL,4,No,Yes,No,Yes,Yes,Yes,Yes,Yes,One Year,Yes,Credit Card,78.65,3950.85,0.0,0,1297.95,5248.8,Female,35,No,No,Yes,No,0,8,8.738888888888889,0,0,Promoter
3700,Yes,1,1,,Yes,32.08,No,Yes,DSL,73,No,No,No,No,No,No,Yes,Yes,Month-to-Month,No,Credit Card,44.7,44.7,0.0,0,32.08,76.78,Male,21,Yes,No,Yes,No,0,3,11.175,1,0,Detractor
4687,Yes,2,57,,Yes,16.78,Yes,Yes,Fiber Optic,29,No,No,Yes,Yes,Yes,Yes,Yes,Yes,Two Year,No,Bank Withdrawal,107.95,5969.85,0.0,0,956.46,6926.31,Male,31,No,No,Yes,No,0,8,11.994444444444444,0,1,Detractor
3013,No,0,9,Offer E,Yes,27.53,No,Yes,Cable,11,Yes,No,No,Yes,No,Yes,Yes,Yes,Month-to-Month,No,Credit Card,64.95,547.8,0.0,0,247.77,795.5699999999999,Male,40,No,No,No,No,0,6,9.278571428571428,1,0,Detractor
4118,No,0,72,Offer A,Yes,6.75,Yes,No,No internet,0,No,No,No,No,No,No,No,No,Two Year,No,Credit Card,25.45,1866.45,0.0,0,486.0,2352.45,Female,39,No,No,No,No,0,2,8.483333333333333,0,0,Passive
3235,Yes,6,20,Offer D,Yes,36.85,Yes,No,No internet,0,No,No,No,No,No,No,No,No,Month-to-Month,Yes,Bank Withdrawal,25.55,507.4,0.0,0,737.0,1244.4,Female,47,No,No,Yes,Yes,7,2,8.516666666666667,0,1,Passive
4548,No,0,1,Offer E,Yes,12.13,No,Yes,Fiber Optic,19,No,No,No,No,No,No,No,Yes,Month-to-Month,Yes,Bank Withdrawal,69.85,69.85,0.0,0,12.13,81.97999999999999,Male,51,No,No,No,No,0,2,23.28333333333333,1,1,Detractor
5629,No,0,2,,Yes,16.7,No,No,No internet,0,No,No,No,No,No,No,No,No,Month-to-Month,Yes,Mailed Check,20.55,33.6,0.0,0,33.4,67.0,Female,30,No,No,No,No,0,1,10.275,1,0,Detractor
6237,Yes,1,60,Offer B,Yes,2.83,Yes,Yes,Fiber Optic,19,No,Yes,No,Yes,Yes,Yes,Yes,Yes,Month-to-Month,Yes,Bank Withdrawal,103.75,5969.95,0.0,0,169.8,6139.75,Male,57,No,No,Yes,Yes,1,8,11.52777777777778,0,1,Passive
5899,No,0,11,Offer D,Yes,7.42,No,Yes,DSL,17,No,No,Yes,Yes,No,No,No,Yes,One Year,No,Bank Withdrawal,53.8,651.55,0.0,0,81.62,733.17,Female,33,No,No,No,No,0,4,10.76,1,1,Promoter
2577,No,0,15,Offer D,Yes,26.54,Yes,Yes,DSL,18,No,No,No,No,No,No,No,Yes,Month-to-Month,Yes,Credit Card,48.8,720.1,0.0,0,398.1,1118.2,Female,34,No,No,No,No,0,3,12.2,0,0,Passive
2132,Yes,1,31,Offer C,Yes,20.76,Yes,Yes,Fiber Optic,57,Yes,No,Yes,Yes,No,No,No,Yes,Month-to-Month,No,Bank Withdrawal,89.3,2823.0,0.0,0,643.5600000000001,3466.56,Male,37,No,No,Yes,Yes,3,6,12.757142857142856,0,1,Detractor
4369,Yes,2,2,Offer E,Yes,4.41,No,Yes,DSL,26,No,Yes,No,Yes,No,Yes,Yes,No,Month-to-Month,Yes,Credit Card,64.2,143.65,0.0,30,8.82,182.47,Male,38,No,No,Yes,No,0,5,10.7,1,0,Passive
4770,No,0,7,,Yes,6.83,No,Yes,DSL,17,Yes,No,No,No,No,Yes,Yes,Yes,One Year,Yes,Bank Withdrawal,59.1,369.25,0.0,0,47.81,417.06,Female,32,No,No,No,No,0,5,9.85,1,1,Detractor
2133,No,0,1,Offer E,Yes,29.15,No,No,No internet,0,No,No,No,No,No,No,No,No,Month-to-Month,No,Credit Card,19.45,19.45,0.0,0,29.15,48.6,Male,34,No,No,No,No,0,1,9.725,1,0,Detractor
5654,No,0,21,Offer D,Yes,32.89,No,No,No internet,0,No,No,No,No,No,No,No,No,Month-to-Month,No,Credit Card,20.5,402.85,0.0,0,690.69,1093.54,Male,31,No,No,No,No,0,1,10.25,0,0,Passive
2809,No,0,44,Offer B,Yes,13.45,No,No,No internet,0,No,No,No,No,No,No,No,No,Two Year,No,Mailed Check,19.9,868.1,0.0,0,591.8,1459.9,Female,42,No,No,No,No,0,1,9.95,0,0,Promoter
4763,Yes,5,55,,Yes,29.53,Yes,Yes,Cable,29,No,No,No,No,No,No,No,Yes,One Year,No,Bank Withdrawal,51.65,2838.55,0.0,0,1624.15,4462.700000000001,Female,75,No,Yes,Yes,No,0,3,12.9125,0,1,Detractor
4590,No,0,64,Offer B,Yes,22.41,No,Yes,Fiber Optic,24,No,Yes,No,Yes,Yes,Yes,Yes,Yes,Month-to-Month,Yes,Credit Card,99.15,6171.2,0.0,0,1434.24,7605.44,Male,31,No,No,No,Yes,1,7,12.39375,0,0,Promoter
2864,No,0,4,,Yes,45.4,No,Yes,DSL,27,No,No,No,No,No,No,No,Yes,Month-to-Month,No,Mailed Check,45.65,191.05,0.0,0,181.6,372.65,Female,47,No,No,No,No,0,2,15.216666666666669,1,0,Detractor
4228,Yes,4,67,Offer A,Yes,7.2,Yes,Yes,Fiber Optic,23,No,No,No,No,Yes,Yes,No,Yes,Two Year,Yes,Credit Card,94.65,6079.0,0.0,0,482.4,6561.4,Male,79,No,Yes,Yes,No,0,5,15.775,0,0,Passive
5900,No,0,62,Offer B,Yes,17.67,Yes,Yes,Fiber Optic,19,No,No,Yes,Yes,Yes,Yes,Yes,Yes,Two Year,Yes,Bank Withdrawal,104.05,6590.5,0.0,0,1095.5400000000002,7686.04,Male,44,No,No,No,Yes,1,8,11.56111111111111,0,1,Passive
3199,Yes,1,35,,Yes,45.13,Yes,Yes,Fiber Optic,10,No,No,Yes,No,Yes,Yes,Yes,Yes,Two Year,No,Bank Withdrawal,102.05,3452.55,0.0,0,1579.5500000000002,5032.1,Female,70,No,Yes,Yes,No,0,7,12.75625,0,1,Promoter
5310,No,0,68,,Yes,5.3,Yes,Yes,DSL,59,Yes,No,No,No,No,No,No,Yes,Month-to-Month,No,Mailed Check,54.45,3687.75,0.0,0,360.4,4048.15,Female,24,Yes,No,No,No,0,4,10.89,0,0,Detractor
5644,Yes,1,1,Offer E,Yes,21.65,No,Yes,Fiber Optic,13,No,No,No,No,No,No,No,Yes,Month-to-Month,Yes,Bank Withdrawal,68.95,68.95,0.0,0,21.65,90.6,Female,64,No,No,Yes,No,0,2,22.98333333333333,1,1,Detractor
4603,Yes,7,71,Offer A,Yes,39.09,Yes,Yes,Fiber Optic,69,Yes,No,No,No,Yes,Yes,Yes,Yes,Two Year,Yes,Bank Withdrawal,97.2,6910.3,0.0,0,2775.3900000000003,9685.69,Male,28,Yes,No,Yes,Yes,2,7,12.15,0,1,Detractor
4134,No,0,2,Offer E,Yes,13.73,No,Yes,DSL,11,Yes,No,No,No,No,No,No,Yes,Month-to-Month,Yes,Bank Withdrawal,47.8,92.45,0.0,0,27.46,119.91,Male,35,No,No,No,No,0,3,11.95,1,1,Detractor
4582,Yes,5,64,Offer B,Yes,17.93,Yes,No,No internet,0,No,No,No,No,No,No,No,No,Two Year,Yes,Mailed Check,24.05,1559.15,0.0,0,1147.52,2706.67,Female,45,No,No,Yes,Yes,3,2,8.016666666666667,0,0,Detractor
5800,Yes,1,56,,Yes,14.43,Yes,Yes,Fiber Optic,25,No,Yes,No,Yes,Yes,Yes,Yes,Yes,One Year,Yes,Bank Withdrawal,107.25,6033.3,0.0,0,808.0799999999999,6841.38,Male,53,No,No,Yes,No,0,8,11.916666666666666,0,1,Detractor
3445,No,0,12,Offer D,Yes,21.93,Yes,Yes,Fiber Optic,16,No,No,No,Yes,No,No,No,Yes,Month-to-Month,Yes,Credit Card,79.55,958.25,0.0,0,263.16,1221.41,Female,47,No,No,No,No,0,4,15.91,1,0,Detractor
3080,No,0,26,,No,0.0,No,Yes,Cable,29,No,No,Yes,Yes,Yes,No,No,Yes,Month-to-Month,Yes,Credit Card,44.45,1183.8,0.0,0,0.0,1183.8,Female,46,No,No,No,No,0,4,8.89,0,0,Passive
4340,Yes,6,60,Offer B,Yes,24.68,Yes,Yes,Fiber Optic,19,No,Yes,No,No,No,Yes,No,No,Two Year,No,Bank Withdrawal,89.45,5294.6,0.0,10,1480.8,6785.400000000001,Female,70,No,Yes,Yes,No,0,4,17.89,0,1,Detractor
3415,No,0,30,,Yes,19.92,Yes,Yes,DSL,30,No,No,Yes,Yes,Yes,No,No,Yes,Two Year,Yes,Credit Card,69.1,2093.9,21.08,0,597.6,2670.42,Male,69,No,Yes,No,No,0,6,9.87142857142857,0,0,Detractor
3670,Yes,1,17,,Yes,47.76,Yes,Yes,Fiber Optic,26,No,No,No,No,No,Yes,Yes,Yes,Month-to-Month,Yes,Bank Withdrawal,85.45,1451.6,0.0,0,811.92,2263.52,Female,29,Yes,No,Yes,No,0,5,14.241666666666667,0,1,Detractor
5166,Yes,1,47,,Yes,8.97,Yes,Yes,Fiber Optic,19,No,No,Yes,No,Yes,Yes,No,Yes,Month-to-Month,Yes,Bank Withdrawal,100.05,4871.05,0.0,0,421.59,5292.64,Male,68,No,Yes,Yes,No,0,6,14.292857142857144,0,1,Detractor
4988,Yes,10,72,Offer A,Yes,1.34,Yes,Yes,Fiber Optic,30,Yes,Yes,Yes,Yes,No,No,No,Yes,Two Year,Yes,Bank Withdrawal,93.05,6735.05,0.0,0,96.48,6831.53,Male,73,No,Yes,Yes,No,0,7,11.63125,0,1,Detractor
5209,Yes,8,12,Offer D,Yes,33.9,No,No,No internet,0,No,No,No,No,No,No,No,No,Month-to-Month,Yes,Bank Withdrawal,21.15,306.05,0.0,0,406.8,712.8499999999999,Male,50,No,No,Yes,Yes,2,1,10.575,1,1,Passive
2196,Yes,10,41,Offer B,Yes,1.6,Yes,Yes,Fiber Optic,59,Yes,Yes,No,No,Yes,No,No,Yes,Month-to-Month,Yes,Bank Withdrawal,94.3,3893.6,0.0,0,65.60000000000001,3959.2,Female,19,Yes,No,Yes,Yes,2,6,13.471428571428572,0,1,Passive
5034,Yes,4,68,Offer A,Yes,14.79,Yes,Yes,Fiber Optic,47,No,Yes,Yes,Yes,Yes,Yes,Yes,Yes,Two Year,Yes,Bank Withdrawal,110.0,7611.85,0.0,0,1005.72,8617.57,Male,26,Yes,No,Yes,No,0,9,11.0,0,1,Detractor
6066,Yes,2,67,Offer A,Yes,14.54,Yes,No,No internet,0,No,No,No,No,No,No,No,No,Two Year,No,Credit Card,26.3,1688.9,0.0,0,974.18,2663.08,Male,54,No,No,Yes,Yes,2,2,8.766666666666667,0,0,Promoter
4753,Yes,4,71,,Yes,15.12,Yes,Yes,DSL,30,No,Yes,Yes,Yes,Yes,Yes,Yes,Yes,Two Year,No,Credit Card,84.2,5956.85,0.0,0,1073.52,7030.370000000001,Male,32,No,No,Yes,No,0,9,8.42,0,0,Passive
3033,No,0,30,,Yes,38.61,No,Yes,DSL,5,Yes,Yes,No,No,Yes,Yes,No,Yes,One Year,Yes,Bank Withdrawal,74.75,2111.3,0.0,0,1158.3,3269.6000000000004,Male,80,No,Yes,No,No,0,6,10.678571428571429,0,1,Passive
3249,Yes,9,19,Offer D,Yes,10.68,No,Yes,Fiber Optic,23,No,No,Yes,No,Yes,Yes,Yes,Yes,Month-to-Month,Yes,Bank Withdrawal,96.8,1743.05,0.0,0,202.92,1945.97,Female,58,No,No,Yes,No,0,6,13.828571428571427,0,1,Promoter
5644,Yes,5,45,,Yes,44.91,Yes,No,No internet,0,No,No,No,No,No,No,No,No,One Year,No,Credit Card,24.7,1174.35,0.0,0,2020.95,3195.3,Male,79,No,Yes,Yes,No,0,2,8.233333333333333,0,0,Passive
4761,No,0,25,Offer C,Yes,3.58,No,No,No internet,0,No,No,No,No,No,No,No,No,One Year,Yes,Bank Withdrawal,19.5,516.3,0.0,0,89.5,605.8,Male,29,Yes,No,No,No,0,1,9.75,0,1,Passive
5011,Yes,1,71,Offer A,Yes,9.96,No,Yes,Fiber Optic,14,Yes,Yes,Yes,Yes,Yes,Yes,Yes,Yes,Two Year,Yes,Bank Withdrawal,109.7,7904.25,0.0,0,707.1600000000001,8611.41,Female,67,No,Yes,Yes,No,0,9,10.97,0,1,Detractor
3241,No,0,27,,Yes,34.98,No,Yes,Fiber Optic,26,No,No,No,No,No,No,No,Yes,Month-to-Month,Yes,Credit Card,69.05,1793.25,22.72,0,944.46,2714.99,Male,26,Yes,No,No,No,0,2,23.016666666666666,0,0,Promoter
4793,Yes,1,25,,Yes,23.24,Yes,Yes,Fiber Optic,25,No,No,Yes,No,No,Yes,Yes,Yes,Month-to-Month,Yes,Bank Withdrawal,89.1,2368.4,0.0,0,581.0,2949.4,Female,36,No,No,Yes,No,0,6,12.728571428571428,0,1,Detractor
5209,Yes,2,70,Offer A,Yes,15.9,No,No,No internet,0,No,No,No,No,No,No,No,No,Two Year,Yes,Credit Card,19.55,1462.05,0.0,0,1113.0,2575.05,Female,73,No,Yes,Yes,No,0,1,9.775,0,0,Detractor
5594,No,0,10,Offer D,Yes,17.01,Yes,No,No internet,0,No,No,No,No,No,No,No,No,Month-to-Month,Yes,Credit Card,24.5,270.15,0.0,0,170.10000000000002,440.25,Female,51,No,No,No,No,0,2,8.166666666666666,1,0,Detractor
4998,No,0,2,,Yes,25.19,Yes,Yes,Fiber Optic,14,No,No,No,No,Yes,Yes,No,Yes,Month-to-Month,Yes,Bank Withdrawal,93.85,196.75,0.0,0,50.38,247.13,Male,70,No,Yes,No,No,0,5,15.641666666666666,1,1,Detractor
6469,No,0,63,,Yes,16.57,No,No,No internet,0,No,No,No,No,No,No,No,No,Two Year,Yes,Credit Card,20.6,1298.7,0.0,0,1043.91,2342.61,Female,25,Yes,No,No,No,0,1,10.3,0,0,Promoter
5718,No,0,64,,Yes,5.68,Yes,Yes,Fiber Optic,24,No,Yes,Yes,Yes,Yes,Yes,Yes,No,Two Year,Yes,Credit Card,110.5,7069.25,0.0,60,363.52,7492.77,Female,42,No,No,No,No,0,8,12.27777777777778,0,0,Promoter
4400,Yes,1,66,,Yes,21.7,Yes,Yes,Cable,3,No,Yes,Yes,No,Yes,Yes,No,Yes,Two Year,Yes,Bank Withdrawal,80.55,5265.1,0.0,0,1432.2,6697.3,Female,74,No,Yes,Yes,No,0,7,10.06875,0,1,Detractor
4521,No,0,54,,No,0.0,No,Yes,DSL,26,No,Yes,Yes,No,Yes,Yes,Yes,Yes,One Year,Yes,Bank Withdrawal,55.45,2966.95,0.0,0,0.0,2966.95,Male,72,No,Yes,No,No,0,6,7.921428571428572,0,1,Detractor
3965,No,0,15,,Yes,32.54,Yes,No,No internet,0,No,No,No,No,No,No,No,No,Month-to-Month,Yes,Bank Withdrawal,24.8,324.15,12.8,0,488.1,799.4499999999999,Male,53,No,No,No,Yes,3,2,8.266666666666667,0,1,Detractor
5497,Yes,6,71,,Yes,11.3,No,No,No internet,0,No,No,No,No,No,No,No,No,Two Year,No,Mailed Check,19.45,1378.45,0.0,0,802.3000000000001,2180.75,Male,21,Yes,No,Yes,Yes,3,1,9.725,0,0,Passive
6153,Yes,6,55,Offer B,Yes,41.18,Yes,Yes,Fiber Optic,18,Yes,No,No,No,Yes,Yes,Yes,Yes,One Year,No,Credit Card,100.9,5448.6,0.0,0,2264.9,7713.5,Female,34,No,No,Yes,Yes,1,7,12.6125,0,0,Passive
5474,No,0,18,Offer D,No,0.0,No,Yes,DSL,26,No,Yes,Yes,No,No,No,No,Yes,Month-to-Month,Yes,Credit Card,33.5,600.0,0.0,0,0.0,600.0,Male,59,No,No,No,No,0,3,8.375,0,0,Detractor
4400,No,0,14,Offer D,Yes,1.69,No,Yes,Fiber Optic,21,No,Yes,No,Yes,No,No,No,Yes,Month-to-Month,Yes,Credit Card,80.05,1112.3,0.0,0,23.66,1135.96,Female,51,No,No,No,No,0,4,16.009999999999998,0,0,Promoter
5122,Yes,1,3,,No,0.0,No,Yes,DSL,19,No,No,No,Yes,No,No,No,No,Month-to-Month,Yes,Credit Card,31.0,95.05,0.0,20,0.0,115.05,Female,43,No,No,Yes,Yes,1,1,15.5,1,0,Detractor
4843,No,0,1,,Yes,38.78,Yes,Yes,Fiber Optic,23,No,No,No,No,Yes,No,No,Yes,Month-to-Month,Yes,Bank Withdrawal,86.05,86.05,0.0,0,38.78,124.83,Male,66,No,Yes,Yes,No,0,4,17.21,1,1,Detractor
4641,Yes,1,72,Offer A,Yes,28.63,Yes,Yes,DSL,19,Yes,Yes,Yes,Yes,Yes,Yes,Yes,Yes,Two Year,No,Credit Card,88.7,6501.35,0.0,0,2061.36,8562.710000000001,Male,64,No,No,Yes,Yes,2,10,8.063636363636364,0,0,Passive
3887,Yes,1,7,,Yes,22.61,Yes,Yes,Fiber Optic,11,No,No,No,No,Yes,No,No,No,Month-to-Month,Yes,Bank Withdrawal,86.5,582.5,0.0,20,158.26999999999998,760.77,Female,62,No,No,Yes,No,0,3,21.625,1,1,Detractor
2929,Yes,10,45,,Yes,43.27,No,Yes,DSL,4,Yes,No,Yes,No,No,No,No,No,Two Year,No,Credit Card,53.3,2296.25,0.0,90,1947.15,4333.4,Male,37,No,No,Yes,No,0,3,13.325,0,0,Detractor
5286,No,0,1,Offer E,Yes,6.43,No,Yes,DSL,27,No,No,No,No,No,Yes,Yes,No,Month-to-Month,Yes,Bank Withdrawal,55.45,55.45,0.0,10,6.43,71.88,Female,63,No,No,No,No,0,3,13.8625,1,1,Passive
3391,No,0,2,,Yes,48.34,Yes,Yes,Fiber Optic,28,No,No,No,No,Yes,Yes,Yes,Yes,Month-to-Month,Yes,Bank Withdrawal,96.0,174.8,0.0,0,96.68,271.48,Female,57,No,No,No,No,0,6,13.714285714285714,1,1,Detractor
2876,No,0,3,,Yes,26.26,No,Yes,Fiber Optic,30,No,No,No,No,No,No,No,Yes,Month-to-Month,Yes,Bank Withdrawal,69.55,222.3,0.0,0,78.78,301.08000000000004,Female,30,No,No,No,No,0,2,23.183333333333334,1,1,Detractor
2313,No,0,9,,Yes,10.66,Yes,Yes,Fiber Optic,15,No,Yes,No,No,Yes,Yes,No,Yes,Month-to-Month,Yes,Credit Card,99.45,919.4,0.0,0,95.94,1015.34,Male,67,No,Yes,No,No,0,6,14.207142857142856,1,0,Detractor
3753,Yes,1,1,Offer E,Yes,16.66,No,No,No internet,0,No,No,No,No,No,No,No,No,Month-to-Month,Yes,Bank Withdrawal,21.0,21.0,0.0,0,16.66,37.66,Female,30,No,No,Yes,No,0,1,10.5,1,1,Detractor
2069,Yes,1,16,Offer D,No,0.0,No,Yes,Cable,53,No,No,No,No,No,Yes,Yes,No,Month-to-Month,Yes,Credit Card,35.5,552.7,0.0,80,0.0,632.7,Female,48,No,No,Yes,Yes,3,2,11.833333333333334,0,0,Promoter
4082,Yes,9,66,,Yes,36.36,Yes,Yes,Cable,3,Yes,Yes,Yes,Yes,Yes,Yes,Yes,Yes,Two Year,No,Credit Card,89.9,5958.85,0.0,0,2399.76,8358.61,Female,31,No,No,Yes,No,0,10,8.172727272727274,0,0,Detractor
5063,Yes,3,71,,Yes,11.18,Yes,No,No internet,0,No,No,No,No,No,No,No,No,Two Year,No,Credit Card,25.6,1888.25,0.0,0,793.78,2682.03,Female,48,No,No,Yes,No,0,2,8.533333333333333,0,0,Promoter
3817,Yes,1,1,Offer E,Yes,22.86,No,No,No internet,0,No,No,No,No,No,No,No,No,Month-to-Month,Yes,Credit Card,20.85,20.85,0.0,0,22.86,43.71,Female,80,No,Yes,Yes,No,0,1,10.425,1,0,Detractor
5100,Yes,3,7,Offer E,No,0.0,No,Yes,DSL,17,Yes,Yes,No,No,No,No,No,Yes,Month-to-Month,No,Credit Card,34.2,256.6,0.0,0,0.0,256.6,Male,47,No,No,Yes,No,0,3,8.55,1,0,Passive
3571,No,0,38,,Yes,1.27,Yes,Yes,Fiber Optic,13,No,Yes,No,No,No,No,No,Yes,Month-to-Month,Yes,Credit Card,81.85,3141.7,0.0,0,48.26,3189.96,Male,44,No,No,No,Yes,2,4,16.369999999999997,0,0,Promoter
4149,Yes,3,59,Offer B,Yes,25.57,No,No,No internet,0,No,No,No,No,No,No,No,No,Two Year,No,Credit Card,19.3,1192.7,0.0,0,1508.63,2701.33,Male,33,No,No,Yes,No,0,1,9.65,0,0,Detractor
3676,Yes,7,28,,Yes,33.09,No,Yes,Fiber Optic,19,No,Yes,Yes,No,No,Yes,Yes,Yes,Month-to-Month,No,Credit Card,89.9,2433.5,0.0,0,926.52,3360.02,Female,56,No,No,Yes,No,0,6,12.842857142857143,0,0,Passive
5849,Yes,5,50,Offer B,Yes,26.95,No,No,No internet,0,No,No,No,No,No,No,No,No,Two Year,No,Bank Withdrawal,20.15,930.9,0.0,0,1347.5,2278.4,Female,37,No,No,Yes,No,0,1,10.075,0,1,Passive
4545,No,0,2,Offer E,Yes,43.56,No,Yes,Fiber Optic,52,No,Yes,No,No,No,No,No,Yes,Month-to-Month,Yes,Bank Withdrawal,74.75,144.8,0.0,0,87.12,231.92,Male,19,Yes,No,No,No,0,3,18.6875,1,1,Detractor
5571,No,0,1,Offer E,Yes,5.1,Yes,Yes,Fiber Optic,10,No,No,Yes,No,No,No,No,Yes,Month-to-Month,Yes,Credit Card,79.55,79.55,0.0,0,5.1,84.64999999999999,Female,56,No,No,No,No,0,4,15.91,1,0,Detractor
6025,No,0,66,Offer A,Yes,49.13,Yes,No,No internet,0,No,No,No,No,No,No,No,No,Two Year,No,Credit Card,25.1,1697.7,0.0,0,3242.5800000000004,4940.280000000001,Male,39,No,No,No,No,0,2,8.366666666666667,0,0,Passive
4850,No,0,31,,Yes,17.18,Yes,Yes,Fiber Optic,76,No,No,No,Yes,No,No,No,Yes,One Year,No,Credit Card,81.7,2548.65,0.0,0,532.58,3081.23,Male,24,Yes,No,No,No,0,4,16.34,0,0,Promoter
3067,Yes,1,38,,Yes,22.05,No,Yes,Cable,73,Yes,No,Yes,Yes,Yes,Yes,Yes,Yes,Two Year,No,Credit Card,81.0,3084.9,0.0,0,837.9,3922.8,Male,28,Yes,No,Yes,No,0,8,9.0,0,0,Passive
5267,Yes,5,69,,Yes,42.49,No,No,No internet,0,No,No,No,No,No,No,No,No,Two Year,No,Bank Withdrawal,20.2,1412.65,0.0,0,2931.81,4344.46,Female,28,Yes,No,Yes,Yes,2,1,10.1,0,1,Promoter
3687,Yes,1,13,,Yes,2.92,Yes,Yes,Fiber Optic,21,No,No,No,No,No,No,No,Yes,Month-to-Month,Yes,Credit Card,74.4,896.75,0.0,0,37.96,934.71,Male,36,No,No,Yes,No,0,3,18.6,0,0,Detractor
4577,Yes,7,35,Offer C,No,0.0,No,Yes,DSL,24,Yes,No,No,Yes,Yes,No,No,No,Two Year,Yes,Credit Card,46.35,1662.05,0.0,140,0.0,1802.05,Female,59,No,No,Yes,No,0,3,11.5875,0,0,Passive
2100,No,0,1,,Yes,4.99,No,Yes,Fiber Optic,28,No,No,No,No,No,No,No,Yes,Month-to-Month,Yes,Mailed Check,69.9,69.9,0.0,0,4.99,74.89,Male,49,No,No,Yes,No,0,2,23.3,1,0,Detractor
2583,No,0,42,,Yes,9.46,Yes,Yes,Fiber Optic,14,No,No,Yes,No,No,No,No,Yes,Month-to-Month,No,Bank Withdrawal,79.9,3313.4,23.47,0,397.3200000000001,3687.250000000001,Male,53,No,No,No,No,0,4,15.98,0,1,Passive
6466,No,0,67,,Yes,43.3,Yes,No,No internet,0,No,No,No,No,No,No,No,No,Two Year,Yes,Credit Card,26.1,1759.55,0.0,0,2901.1,4660.65,Female,45,No,No,No,No,0,2,8.700000000000001,0,0,Detractor
4095,Yes,1,30,Offer C,Yes,10.5,Yes,Yes,Fiber Optic,22,No,No,No,No,Yes,Yes,Yes,Yes,Month-to-Month,Yes,Credit Card,94.05,2866.45,0.0,0,315.0,3181.45,Male,33,No,No,Yes,No,0,6,13.435714285714283,0,0,Detractor
5169,Yes,1,70,Offer A,Yes,48.44,No,No,No internet,0,No,No,No,No,No,No,No,No,Two Year,No,Bank Withdrawal,19.8,1378.75,0.0,0,3390.8,4769.549999999999,Female,38,No,No,Yes,Yes,2,1,9.9,0,1,Passive
2684,No,0,6,,Yes,43.37,Yes,Yes,Fiber Optic,12,No,No,No,Yes,No,Yes,Yes,Yes,Month-to-Month,Yes,Bank Withdrawal,87.95,522.35,0.0,0,260.22,782.5699999999999,Male,37,No,No,No,No,0,6,12.564285714285717,1,1,Detractor
6432,Yes,7,61,Offer B,Yes,27.88,Yes,Yes,DSL,5,No,Yes,Yes,No,Yes,Yes,Yes,No,One Year,Yes,Bank Withdrawal,79.8,4914.8,0.0,70,1700.6799999999998,6685.48,Male,36,No,No,Yes,No,0,7,9.975,0,1,Promoter
4710,No,0,3,,No,0.0,No,Yes,DSL,26,No,No,Yes,No,Yes,No,No,Yes,Month-to-Month,Yes,Mailed Check,40.15,130.75,0.0,0,0.0,130.75,Male,19,Yes,No,No,No,0,3,10.0375,1,0,Detractor
4171,Yes,7,72,,Yes,42.16,No,Yes,Cable,18,No,Yes,Yes,No,Yes,Yes,Yes,Yes,Two Year,Yes,Bank Withdrawal,75.4,5480.25,0.0,0,3035.5199999999995,8515.77,Male,43,No,No,Yes,No,0,7,9.425,0,1,Detractor
2110,No,0,13,Offer D,Yes,17.02,Yes,Yes,Fiber Optic,41,Yes,Yes,No,No,Yes,No,No,Yes,Month-to-Month,Yes,Bank Withdrawal,96.65,1244.5,0.0,0,221.26,1465.76,Female,28,Yes,No,No,No,0,6,13.80714285714286,0,1,Detractor
3901,No,0,1,Offer E,Yes,30.6,No,Yes,Fiber Optic,27,No,No,No,No,No,No,Yes,Yes,Month-to-Month,Yes,Mailed Check,70.8,70.8,0.0,0,30.6,101.4,Female,23,Yes,No,No,No,0,3,17.7,1,0,Detractor
3953,No,0,3,,Yes,5.39,No,Yes,Fiber Optic,10,No,No,No,No,Yes,Yes,Yes,Yes,Month-to-Month,No,Credit Card,90.7,237.65,0.0,0,16.169999999999998,253.82,Male,47,No,No,No,No,0,5,15.116666666666667,1,0,Passive
4177,Yes,5,35,,Yes,9.04,No,No,No internet,0,No,No,No,No,No,No,No,No,Two Year,Yes,Credit Card,19.85,739.35,2.29,0,316.4,1053.46,Female,37,No,No,Yes,Yes,1,1,9.925,0,0,Detractor
5887,Yes,1,67,,Yes,35.34,Yes,No,No internet,0,No,No,No,No,No,No,No,No,Two Year,Yes,Credit Card,25.25,1733.15,0.0,0,2367.78,4100.93,Female,55,No,No,Yes,No,0,2,8.416666666666666,0,0,Promoter
3457,Yes,1,7,,Yes,8.69,No,Yes,Fiber Optic,53,No,No,Yes,No,No,No,No,Yes,Month-to-Month,Yes,Bank Withdrawal,75.15,496.9,0.0,0,60.83,557.73,Female,34,No,No,Yes,Yes,5,3,18.7875,1,1,Detractor
5068,No,0,50,Offer B,Yes,19.8,Yes,Yes,Fiber Optic,21,Yes,Yes,Yes,Yes,Yes,Yes,Yes,No,One Year,No,Credit Card,114.35,5791.1,0.0,10,990.0,6791.1,Male,46,No,No,No,No,0,9,11.435,0,0,Detractor
5666,Yes,3,58,Offer B,Yes,22.14,Yes,Yes,DSL,2,Yes,Yes,Yes,No,Yes,Yes,Yes,No,Two Year,Yes,Bank Withdrawal,86.1,4890.5,0.0,110,1284.12,6284.62,Male,38,No,No,Yes,No,0,8,9.566666666666666,0,1,Detractor
6411,Yes,1,55,Offer B,Yes,41.89,Yes,Yes,Fiber Optic,52,No,No,No,No,No,Yes,Yes,Yes,Month-to-Month,No,Bank Withdrawal,85.5,4713.4,0.0,0,2303.95,7017.349999999999,Male,29,Yes,No,Yes,Yes,2,5,14.25,0,1,Passive
5156,No,0,26,,Yes,29.72,No,Yes,Fiber Optic,11,No,Yes,Yes,Yes,No,No,No,Yes,One Year,Yes,Bank Withdrawal,85.2,2184.6,0.0,0,772.72,2957.32,Male,51,No,No,No,No,0,5,14.2,0,1,Promoter
4163,No,0,10,,Yes,33.98,Yes,Yes,DSL,59,Yes,No,No,No,No,No,No,Yes,Month-to-Month,Yes,Credit Card,54.5,568.2,0.0,0,339.79999999999995,908.0,Male,29,Yes,No,No,No,0,4,10.9,1,0,Passive
5560,Yes,1,2,,Yes,5.67,Yes,Yes,DSL,53,Yes,No,No,No,No,No,No,Yes,Month-to-Month,No,Credit Card,56.7,113.55,0.0,0,11.34,124.89,Male,62,No,No,Yes,Yes,3,4,11.34,1,0,Detractor
4868,No,0,7,Offer E,Yes,45.13,Yes,No,No internet,0,No,No,No,No,No,No,No,No,Month-to-Month,Yes,Bank Withdrawal,25.05,152.95,0.0,0,315.91,468.86,Male,26,Yes,No,No,No,0,2,8.35,1,1,Promoter
3509,Yes,4,10,,Yes,14.04,No,No,No internet,0,No,No,No,No,No,No,No,No,One Year,No,Credit Card,20.1,184.4,0.0,0,140.39999999999998,324.79999999999995,Female,23,Yes,No,Yes,No,0,1,10.05,1,0,Promoter
5620,Yes,9,14,,Yes,19.03,No,No,No internet,0,No,No,No,No,No,No,No,No,One Year,No,Mailed Check,19.55,294.5,0.0,0,266.42,560.9200000000001,Female,56,No,No,Yes,No,0,1,9.775,0,0,Detractor
3145,No,0,1,Offer E,No,0.0,No,Yes,DSL,6,No,No,No,No,No,No,No,Yes,Month-to-Month,Yes,Bank Withdrawal,24.4,24.4,0.0,0,0.0,24.4,Male,40,No,No,No,No,0,1,12.2,1,1,Promoter
4121,Yes,3,42,,Yes,22.89,Yes,Yes,Fiber Optic,12,No,Yes,Yes,No,Yes,No,No,Yes,Month-to-Month,Yes,Bank Withdrawal,95.55,3930.6,0.0,0,961.38,4891.98,Female,66,No,Yes,Yes,No,0,6,13.65,0,1,Detractor
4201,No,0,68,,Yes,48.41,No,No,No internet,0,No,No,No,No,No,No,No,No,Two Year,No,Credit Card,20.5,1424.9,0.0,0,3291.88,4716.78,Female,32,No,No,No,No,0,1,10.25,0,0,Passive
2798,No,0,1,,Yes,18.15,No,No,No internet,0,No,No,No,No,No,No,No,No,Month-to-Month,No,Credit Card,20.05,20.05,0.0,0,18.15,38.2,Male,23,Yes,No,No,No,0,1,10.025,1,0,Promoter
2041,Yes,1,41,,Yes,15.91,Yes,Yes,DSL,29,No,No,Yes,No,Yes,Yes,Yes,Yes,One Year,Yes,Bank Withdrawal,73.0,3001.2,0.0,0,652.3100000000001,3653.51,Male,34,No,No,Yes,No,0,7,9.125,0,1,Detractor
2422,Yes,6,18,,Yes,5.73,No,Yes,DSL,13,Yes,No,No,No,No,Yes,No,Yes,Two Year,Yes,Credit Card,59.1,1011.05,31.05,0,103.14,1083.14,Male,74,No,Yes,Yes,No,0,4,11.82,0,0,Detractor
5763,No,0,54,,Yes,41.83,Yes,Yes,Fiber Optic,9,No,No,No,Yes,Yes,Yes,Yes,Yes,Month-to-Month,Yes,Bank Withdrawal,100.1,5440.9,0.0,0,2258.82,7699.719999999999,Female,38,No,No,No,No,0,7,12.5125,0,1,Detractor
4026,Yes,5,55,,Yes,20.1,Yes,Yes,Fiber Optic,19,Yes,Yes,No,No,No,No,No,Yes,Month-to-Month,Yes,Bank Withdrawal,85.1,4600.95,14.3,0,1105.5,5692.15,Female,51,No,No,Yes,Yes,2,5,14.183333333333332,0,1,Detractor
3190,No,0,3,,Yes,25.96,No,Yes,DSL,7,No,No,No,No,No,Yes,Yes,Yes,Month-to-Month,Yes,Bank Withdrawal,55.3,196.15,0.0,0,77.88,274.03,Female,45,No,No,No,No,0,4,11.06,1,1,Detractor
3469,No,0,6,Offer E,Yes,16.58,No,Yes,Fiber Optic,17,No,No,Yes,No,Yes,Yes,Yes,No,Month-to-Month,No,Mailed Check,94.5,575.45,0.0,10,99.48,684.9300000000001,Male,53,No,No,No,No,0,5,15.75,1,0,Detractor
4686,Yes,1,38,Offer C,Yes,44.32,No,No,No internet,0,No,No,No,No,No,No,No,No,One Year,No,Credit Card,20.3,749.35,10.65,0,1684.16,2422.86,Female,52,No,No,Yes,Yes,3,1,10.15,0,0,Promoter
4797,Yes,1,4,Offer E,Yes,42.13,No,Yes,Cable,52,No,No,No,No,No,No,No,Yes,Month-to-Month,No,Bank Withdrawal,46.0,181.6,0.0,0,168.52,350.12,Female,68,No,Yes,Yes,Yes,3,2,15.333333333333334,1,1,Detractor
4982,Yes,1,71,Offer A,Yes,5.76,Yes,Yes,Fiber Optic,11,No,Yes,Yes,Yes,Yes,Yes,Yes,No,Two Year,Yes,Credit Card,108.6,7690.9,0.0,20,408.96,8119.86,Male,57,No,No,Yes,No,0,8,12.066666666666666,0,0,Detractor
3539,Yes,2,41,,Yes,43.19,No,Yes,Fiber Optic,59,No,No,Yes,No,Yes,Yes,Yes,Yes,Month-to-Month,Yes,Bank Withdrawal,94.9,3848.0,0.0,0,1770.79,5618.79,Female,25,Yes,No,Yes,Yes,3,6,13.55714285714286,0,1,Detractor
4722,No,0,16,,Yes,47.45,Yes,Yes,DSL,30,No,No,Yes,No,No,Yes,Yes,Yes,Month-to-Month,Yes,Credit Card,65.2,1043.35,0.0,0,759.2,1802.55,Female,48,No,No,No,No,0,6,9.314285714285717,0,0,Detractor
4927,Yes,9,58,,Yes,18.68,No,No,No internet,0,No,No,No,No,No,No,No,No,Two Year,No,Credit Card,20.75,1185.95,0.0,0,1083.44,2269.3900000000003,Male,31,No,No,Yes,No,0,1,10.375,0,0,Promoter
5495,Yes,1,29,Offer C,Yes,37.65,Yes,Yes,DSL,9,No,No,No,No,No,No,No,Yes,One Year,Yes,Bank Withdrawal,51.6,1442.0,0.0,0,1091.85,2533.85,Male,77,No,Yes,Yes,No,0,3,12.9,0,1,Promoter
5075,No,0,49,,Yes,20.45,No,Yes,Cable,23,Yes,Yes,Yes,Yes,No,No,No,Yes,Two Year,No,Bank Withdrawal,67.4,3306.85,0.0,0,1002.05,4308.9,Female,37,No,No,No,No,0,6,9.62857142857143,0,1,Detractor
3274,Yes,10,22,,Yes,9.05,No,Yes,Fiber Optic,57,No,Yes,Yes,No,Yes,Yes,Yes,Yes,One Year,Yes,Credit Card,100.05,2090.25,0.0,0,199.1,2289.35,Male,36,No,No,Yes,Yes,3,7,12.50625,0,0,Passive
2534,No,0,11,Offer D,No,0.0,No,Yes,DSL,52,No,No,No,No,Yes,No,No,Yes,Month-to-Month,Yes,Credit Card,35.8,363.15,0.0,0,0.0,363.15,Female,22,Yes,No,No,No,0,2,11.933333333333332,1,0,Promoter
3654,No,0,38,,Yes,46.96,Yes,Yes,Fiber Optic,13,No,No,No,No,Yes,Yes,No,Yes,Two Year,No,Bank Withdrawal,94.75,3653.0,45.82,0,1784.48,5391.66,Male,68,No,Yes,No,No,0,5,15.791666666666666,0,1,Detractor
3368,Yes,1,17,Offer D,Yes,44.97,No,Yes,Fiber Optic,11,No,No,No,No,No,No,No,Yes,Month-to-Month,Yes,Bank Withdrawal,69.0,1149.65,0.0,0,764.49,1914.14,Male,58,No,No,Yes,No,0,2,23.0,0,1,Detractor
3758,Yes,1,8,Offer E,Yes,3.85,No,Yes,DSL,20,No,No,Yes,No,No,No,No,Yes,Month-to-Month,Yes,Bank Withdrawal,51.05,415.05,0.0,0,30.8,445.85,Male,47,No,No,Yes,Yes,1,3,12.7625,1,1,Detractor
4246,No,0,56,,Yes,47.82,Yes,No,No internet,0,No,No,No,No,No,No,No,No,Two Year,Yes,Bank Withdrawal,25.95,1444.05,0.0,0,2677.92,4121.97,Male,52,No,No,No,No,0,2,8.65,0,1,Detractor
2681,No,0,48,,Yes,33.91,No,Yes,DSL,13,Yes,No,Yes,Yes,No,No,No,Yes,One Year,Yes,Credit Card,60.35,2896.4,0.0,0,1627.6799999999998,4524.08,Female,51,No,No,No,No,0,5,10.058333333333334,0,0,Detractor
2739,No,0,5,,Yes,43.02,No,Yes,DSL,42,No,Yes,No,No,No,No,No,Yes,Month-to-Month,No,Bank Withdrawal,50.55,244.75,0.0,0,215.1,459.85,Female,24,Yes,No,No,No,0,3,12.6375,1,1,Detractor
5491,Yes,10,71,,No,0.0,No,Yes,Cable,28,No,Yes,Yes,No,Yes,Yes,Yes,No,Month-to-Month,Yes,Bank Withdrawal,52.3,3765.05,0.0,40,0.0,3805.05,Male,73,No,Yes,Yes,No,0,5,8.716666666666667,0,1,Promoter
3805,No,0,2,,Yes,40.75,No,Yes,DSL,71,No,Yes,No,No,No,No,No,Yes,Month-to-Month,No,Credit Card,49.25,97.0,0.0,0,81.5,178.5,Male,22,Yes,No,No,No,0,3,12.3125,1,0,Promoter
6395,Yes,10,67,,No,0.0,No,Yes,DSL,6,Yes,Yes,No,Yes,No,Yes,Yes,Yes,Two Year,Yes,Bank Withdrawal,50.95,3521.7,0.0,0,0.0,3521.7,Male,39,No,No,Yes,No,0,6,7.278571428571429,0,1,Detractor
2576,Yes,1,40,Offer B,Yes,22.56,Yes,Yes,Cable,4,No,Yes,No,No,Yes,Yes,Yes,Yes,Month-to-Month,Yes,Bank Withdrawal,101.3,4113.1,0.0,0,902.4,5015.5,Male,54,No,No,Yes,No,0,7,12.6625,0,1,Detractor
4699,No,0,3,,No,0.0,No,Yes,DSL,22,No,Yes,No,No,No,No,No,Yes,Month-to-Month,No,Credit Card,29.2,98.5,0.0,0,0.0,98.5,Female,34,No,No,No,No,0,2,9.733333333333333,1,0,Passive
4766,No,0,53,Offer B,Yes,34.58,No,Yes,Fiber Optic,28,Yes,Yes,No,Yes,No,Yes,Yes,Yes,One Year,Yes,Credit Card,96.75,5206.55,0.0,0,1832.74,7039.29,Female,72,No,Yes,No,No,0,7,12.09375,0,0,Passive
5098,Yes,6,72,Offer A,Yes,14.75,Yes,Yes,Fiber Optic,16,Yes,Yes,Yes,Yes,Yes,Yes,No,Yes,Two Year,Yes,Credit Card,116.75,8277.05,0.0,0,1062.0,9339.05,Female,79,No,Yes,Yes,No,0,9,11.675,0,0,Detractor
3676,Yes,3,38,,Yes,12.71,Yes,Yes,Fiber Optic,9,Yes,No,No,No,Yes,No,No,Yes,Month-to-Month,No,Bank Withdrawal,91.7,3479.05,0.0,0,482.98,3962.03,Male,36,No,No,Yes,No,0,5,15.283333333333331,0,1,Detractor
5014,No,0,11,,Yes,2.81,Yes,Yes,DSL,3,Yes,No,No,No,No,No,No,Yes,Two Year,Yes,Bank Withdrawal,55.6,580.8,15.2,0,30.91,596.5099999999999,Female,73,No,Yes,No,No,0,4,11.12,1,1,Passive
4718,Yes,1,19,Offer D,Yes,25.75,No,Yes,Fiber Optic,22,Yes,No,No,No,No,No,No,Yes,Month-to-Month,Yes,Bank Withdrawal,73.2,1441.1,0.0,0,489.25,1930.35,Female,31,No,No,Yes,No,0,3,18.3,0,1,Detractor
4658,Yes,7,71,Offer A,Yes,19.9,Yes,Yes,DSL,27,Yes,Yes,Yes,Yes,Yes,Yes,Yes,Yes,Two Year,No,Credit Card,89.3,6388.65,0.0,0,1412.9,7801.549999999999,Female,38,No,No,Yes,No,0,10,8.118181818181817,0,0,Detractor
4115,Yes,1,31,,Yes,2.12,Yes,Yes,Fiber Optic,17,No,Yes,Yes,No,Yes,No,No,No,Month-to-Month,No,Bank Withdrawal,93.8,3019.5,0.0,50,65.72,3135.22,Male,62,No,No,Yes,No,0,5,15.633333333333333,0,1,Detractor
4368,Yes,9,24,Offer C,Yes,20.6,No,No,No internet,0,No,No,No,No,No,No,No,No,Two Year,Yes,Credit Card,21.1,490.65,0.0,0,494.4,985.05,Female,51,No,No,Yes,Yes,3,1,10.55,0,0,Promoter
5436,Yes,9,69,Offer A,Yes,22.49,Yes,Yes,Fiber Optic,11,No,Yes,Yes,No,Yes,Yes,Yes,Yes,Two Year,Yes,Bank Withdrawal,105.0,7297.75,0.0,0,1551.81,8849.56,Male,47,No,No,Yes,Yes,2,8,11.666666666666666,0,1,Passive
2842,No,0,27,,Yes,10.55,No,Yes,DSL,29,Yes,Yes,No,No,No,No,No,Yes,Two Year,No,Bank Withdrawal,52.85,1498.65,0.0,0,284.85,1783.5,Female,44,No,No,No,No,0,4,10.57,0,1,Detractor
3198,No,0,9,Offer E,Yes,40.71,No,Yes,Fiber Optic,52,No,No,No,No,No,No,No,Yes,Month-to-Month,Yes,Bank Withdrawal,70.5,597.9,0.0,0,366.39,964.29,Male,30,No,No,No,No,0,2,23.5,1,1,Detractor
5542,No,0,33,Offer C,Yes,34.85,No,Yes,Fiber Optic,27,No,Yes,No,Yes,No,No,No,Yes,Two Year,No,Bank Withdrawal,80.6,2651.1,0.0,0,1150.05,3801.15,Male,32,No,No,No,No,0,4,16.119999999999997,0,1,Passive
2793,Yes,1,11,,No,0.0,No,Yes,DSL,17,Yes,No,No,No,No,No,No,Yes,Month-to-Month,Yes,Bank Withdrawal,29.6,346.45,27.24,0,0.0,319.21,Female,32,No,No,Yes,Yes,2,2,9.866666666666667,1,1,Passive
2873,Yes,10,12,Offer D,No,0.0,No,Yes,Cable,82,No,No,Yes,No,Yes,Yes,Yes,Yes,Month-to-Month,Yes,Bank Withdrawal,49.85,617.15,0.0,0,0.0,617.15,Female,24,Yes,No,Yes,No,0,5,8.308333333333334,1,1,Detractor
5154,Yes,10,50,Offer B,Yes,38.29,Yes,Yes,Fiber Optic,16,No,Yes,No,No,Yes,Yes,Yes,Yes,One Year,Yes,Bank Withdrawal,98.25,4858.7,3.55,0,1914.5,6769.65,Male,46,No,No,Yes,No,0,7,12.28125,0,1,Passive
5660,Yes,1,57,,Yes,17.01,No,Yes,DSL,11,Yes,Yes,No,No,No,No,No,Yes,One Year,No,Bank Withdrawal,53.45,3053.0,0.0,0,969.57,4022.57,Female,33,No,No,Yes,Yes,2,4,10.69,0,1,Detractor
5394,Yes,9,71,Offer A,Yes,22.83,No,Yes,DSL,53,Yes,Yes,Yes,Yes,Yes,Yes,Yes,Yes,Two Year,No,Bank Withdrawal,85.45,6029.9,0.0,0,1620.9299999999998,7650.83,Male,35,No,No,Yes,Yes,3,9,8.545,0,1,Detractor
5059,No,0,69,Offer A,Yes,13.91,Yes,Yes,Cable,7,Yes,Yes,No,Yes,No,No,No,Yes,Two Year,Yes,Credit Card,66.9,4577.9,0.0,0,959.79,5537.69,Female,46,No,No,No,No,0,6,9.55714285714286,0,0,Detractor
3727,No,0,31,Offer C,Yes,24.21,Yes,Yes,Fiber Optic,48,Yes,No,Yes,No,No,No,No,Yes,Month-to-Month,Yes,Credit Card,84.75,2613.4,0.0,0,750.51,3363.91,Female,30,No,No,No,No,0,5,14.125,0,0,Detractor
4602,No,0,15,Offer D,Yes,30.22,Yes,Yes,Fiber Optic,12,No,Yes,No,No,Yes,No,No,Yes,Month-to-Month,Yes,Bank Withdrawal,91.0,1430.05,0.0,0,453.3,1883.35,Male,31,No,No,No,Yes,1,5,15.166666666666666,0,1,Passive
5441,No,0,2,Offer E,Yes,39.5,No,Yes,Cable,26,No,No,No,No,No,No,No,Yes,Month-to-Month,Yes,Credit Card,45.25,74.2,0.0,0,79.0,153.2,Female,34,No,No,No,No,0,2,15.083333333333334,1,0,Detractor
5189,No,0,69,Offer A,Yes,26.45,Yes,Yes,DSL,46,Yes,Yes,Yes,Yes,Yes,No,No,No,Two Year,Yes,Credit Card,79.45,5502.55,0.0,80,1825.05,7407.6,Male,23,Yes,No,No,No,0,7,9.93125,0,0,Passive
3971,Yes,6,11,,Yes,26.11,No,No,No internet,0,No,No,No,No,No,No,No,No,One Year,Yes,Credit Card,20.55,184.95,0.0,0,287.21,472.16,Male,34,No,No,Yes,No,0,1,10.275,1,0,Promoter
3301,No,0,45,Offer B,Yes,29.81,Yes,Yes,Fiber Optic,27,No,Yes,Yes,No,Yes,Yes,Yes,Yes,Month-to-Month,Yes,Bank Withdrawal,107.75,4882.8,0.0,0,1341.45,6224.25,Male,50,No,No,Yes,No,0,8,11.97222222222222,0,1,Promoter
4797,No,0,43,,Yes,30.64,Yes,No,No internet,0,No,No,No,No,No,No,No,No,Two Year,Yes,Bank Withdrawal,25.1,1070.15,0.0,0,1317.52,2387.67,Female,31,No,No,No,Yes,3,2,8.366666666666667,0,1,Passive
2305,Yes,2,28,,No,0.0,No,Yes,DSL,21,No,Yes,No,No,No,Yes,Yes,Yes,One Year,Yes,Bank Withdrawal,39.1,1096.6,0.0,0,0.0,1096.6,Female,76,No,Yes,Yes,Yes,3,4,7.82,0,1,Detractor
4442,Yes,9,70,Offer A,Yes,3.51,No,No,No internet,0,No,No,No,No,No,No,No,No,Two Year,No,Credit Card,19.85,1433.8,45.47,0,245.7,1634.03,Male,30,No,No,Yes,No,0,1,9.925,0,0,Promoter
4094,Yes,1,1,Offer E,Yes,19.15,No,Yes,Fiber Optic,18,No,No,No,No,No,No,No,No,Month-to-Month,No,Bank Withdrawal,70.0,70.0,0.0,10,19.15,99.15,Male,41,No,No,Yes,No,0,1,35.0,1,1,Detractor
4642,Yes,8,24,,Yes,30.41,No,No,No internet,0,No,No,No,No,No,No,No,No,Two Year,No,Credit Card,19.7,452.55,0.0,0,729.84,1182.39,Female,51,No,No,Yes,Yes,1,1,9.85,0,0,Passive
6412,Yes,2,71,,Yes,1.23,No,Yes,Fiber Optic,9,No,Yes,Yes,Yes,No,Yes,No,Yes,Two Year,Yes,Credit Card,95.5,6707.15,0.0,0,87.33,6794.48,Male,75,No,Yes,Yes,No,0,6,13.642857142857142,0,0,Passive
3957,No,0,33,,Yes,25.71,Yes,Yes,Fiber Optic,48,Yes,No,No,No,No,No,No,Yes,One Year,No,Bank Withdrawal,80.1,2603.3,0.0,0,848.4300000000001,3451.7300000000005,Male,29,Yes,No,No,No,0,4,16.02,0,1,Passive
4676,Yes,6,52,Offer B,Yes,49.51,Yes,No,No internet,0,No,No,No,No,No,No,No,No,Two Year,No,Mailed Check,25.75,1345.85,0.0,0,2574.52,3920.37,Male,61,No,No,Yes,Yes,2,2,8.583333333333334,0,0,Detractor
2854,No,0,22,,No,0.0,No,Yes,DSL,8,No,No,Yes,No,Yes,Yes,Yes,Yes,Month-to-Month,Yes,Bank Withdrawal,50.6,1073.3,0.0,0,0.0,1073.3,Female,34,No,No,No,No,0,5,8.433333333333334,0,1,Passive
4430,No,0,6,Offer E,Yes,35.88,No,Yes,Fiber Optic,10,No,No,Yes,Yes,No,Yes,Yes,Yes,Month-to-Month,Yes,Bank Withdrawal,89.25,487.05,0.0,0,215.28000000000003,702.33,Female,60,No,No,No,No,0,6,12.75,1,1,Detractor
4985,Yes,1,34,Offer C,Yes,44.54,No,No,No internet,0,No,No,No,No,No,No,No,No,Month-to-Month,No,Credit Card,20.8,635.9,46.07,0,1514.36,2104.19,Male,44,No,No,Yes,Yes,1,1,10.4,0,0,Detractor
5928,Yes,1,15,Offer D,Yes,17.28,No,No,No internet,0,No,No,No,No,No,No,No,No,One Year,No,Credit Card,19.65,332.65,0.0,0,259.20000000000005,591.85,Male,48,No,No,Yes,Yes,3,1,9.825,0,0,Promoter
3337,Yes,10,16,Offer D,Yes,27.27,No,Yes,Fiber Optic,76,Yes,No,Yes,No,Yes,Yes,Yes,Yes,Month-to-Month,No,Bank Withdrawal,100.7,1522.7,0.0,0,436.32,1959.02,Female,57,No,No,Yes,Yes,3,7,12.5875,0,1,Passive
4716,No,0,21,,Yes,34.62,No,Yes,DSL,14,No,No,Yes,No,Yes,No,No,Yes,Month-to-Month,Yes,Bank Withdrawal,60.05,1236.15,0.0,0,727.02,1963.17,Male,80,No,Yes,No,No,0,4,12.01,0,1,Detractor
5622,No,0,1,Offer E,Yes,44.94,No,Yes,Fiber Optic,16,No,No,No,No,No,Yes,Yes,Yes,Month-to-Month,Yes,Bank Withdrawal,81.95,81.95,0.0,0,44.94,126.89,Female,44,No,No,No,No,0,4,16.39,1,1,Detractor
4384,Yes,2,71,Offer A,Yes,40.63,Yes,Yes,DSL,69,Yes,Yes,No,Yes,No,No,Yes,Yes,Two Year,No,Bank Withdrawal,65.15,4681.75,4.7,0,2884.73,7561.780000000001,Male,29,Yes,No,Yes,No,0,7,8.14375,0,1,Detractor
2416,No,0,20,Offer D,Yes,23.18,No,Yes,Fiber Optic,21,No,No,No,No,No,Yes,Yes,Yes,One Year,Yes,Bank Withdrawal,81.45,1671.6,0.0,0,463.6,2135.2,Female,74,No,Yes,No,No,0,4,16.29,0,1,Promoter
4673,No,0,43,,Yes,34.0,No,Yes,Fiber Optic,11,Yes,No,No,No,No,No,No,Yes,Month-to-Month,Yes,Bank Withdrawal,75.2,3198.6,0.0,0,1462.0,4660.6,Male,63,No,No,No,No,0,3,18.8,0,1,Detractor
4929,No,0,4,Offer E,Yes,30.79,No,No,No internet,0,No,No,No,No,No,No,No,No,Month-to-Month,No,Credit Card,20.4,94.5,0.0,0,123.16,217.66,Female,51,No,No,No,Yes,3,1,10.2,1,0,Detractor
5119,Yes,2,71,Offer A,No,0.0,No,Yes,DSL,27,No,Yes,Yes,Yes,Yes,Yes,Yes,Yes,Two Year,Yes,Credit Card,61.4,4310.35,0.0,0,0.0,4310.35,Female,46,No,No,Yes,No,0,7,7.675,0,0,Passive
6251,Yes,1,72,,Yes,13.72,Yes,No,No internet,0,No,No,No,No,No,No,No,No,Two Year,No,Credit Card,24.8,1874.3,16.26,0,987.84,2845.88,Male,38,No,No,Yes,No,0,2,8.266666666666667,0,0,Detractor
3459,Yes,3,7,,Yes,49.98,No,Yes,Cable,25,Yes,No,Yes,Yes,No,Yes,Yes,Yes,Month-to-Month,Yes,Credit Card,71.35,515.75,0.0,0,349.86,865.6099999999999,Male,47,No,No,Yes,Yes,2,7,8.91875,1,0,Detractor
4011,No,0,54,,Yes,38.48,Yes,Yes,Fiber Optic,13,No,No,Yes,No,Yes,Yes,No,No,Month-to-Month,Yes,Credit Card,99.05,5295.7,0.0,40,2077.92,7413.619999999999,Male,67,No,Yes,Yes,No,0,5,16.508333333333333,0,0,Promoter
3443,Yes,1,11,,No,0.0,No,Yes,Cable,41,Yes,No,No,No,Yes,Yes,Yes,Yes,Month-to-Month,No,Bank Withdrawal,50.55,565.35,0.0,0,0.0,565.35,Female,23,Yes,No,Yes,Yes,1,5,8.424999999999999,1,1,Detractor
4521,Yes,10,59,Offer B,Yes,45.75,No,Yes,Fiber Optic,11,No,Yes,No,Yes,Yes,Yes,Yes,Yes,Two Year,Yes,Credit Card,100.05,6034.85,0.0,0,2699.25,8734.1,Female,32,No,No,Yes,No,0,7,12.50625,0,0,Detractor
5753,Yes,1,1,Offer E,Yes,30.62,No,Yes,Fiber Optic,11,No,No,No,No,No,No,No,Yes,Month-to-Month,Yes,Bank Withdrawal,68.5,68.5,0.0,0,30.62,99.12,Male,39,No,No,Yes,No,0,2,22.83333333333333,1,1,Detractor
2951,No,0,28,,Yes,33.84,No,Yes,Fiber Optic,5,No,No,No,No,No,Yes,Yes,Yes,Month-to-Month,Yes,Bank Withdrawal,80.6,2244.95,0.0,0,947.52,3192.47,Female,62,No,No,No,No,0,4,16.119999999999997,0,1,Promoter
3519,Yes,9,10,Offer D,Yes,21.85,No,Yes,DSL,9,Yes,No,No,Yes,No,No,No,Yes,Month-to-Month,Yes,Credit Card,54.95,568.85,0.0,0,218.5,787.35,Male,34,No,No,Yes,No,0,4,10.99,1,0,Detractor
5165,No,0,3,,Yes,5.54,No,Yes,Fiber Optic,16,No,No,No,No,No,No,No,Yes,Month-to-Month,Yes,Bank Withdrawal,70.3,235.5,0.0,0,16.62,252.12,Female,69,No,Yes,No,No,0,2,23.433333333333334,1,1,Detractor
2640,Yes,1,22,,Yes,45.1,No,Yes,Fiber Optic,41,No,No,No,No,Yes,No,No,No,Month-to-Month,Yes,Credit Card,80.0,1706.45,0.0,50,992.2,2748.65,Female,20,Yes,No,Yes,No,0,2,26.666666666666668,0,0,Detractor
2712,No,0,29,,Yes,5.69,No,No,No internet,0,No,No,No,No,No,No,No,No,Month-to-Month,No,Mailed Check,19.85,573.05,0.0,0,165.01000000000002,738.06,Female,46,No,No,Yes,No,0,1,9.925,0,0,Passive
4077,Yes,1,48,Offer B,Yes,44.72,Yes,Yes,DSL,13,Yes,No,No,Yes,No,No,No,No,One Year,Yes,Bank Withdrawal,60.6,2985.25,0.0,100,2146.56,5231.81,Female,35,No,No,Yes,No,0,4,12.12,0,1,Passive
3786,Yes,7,44,,Yes,23.75,No,Yes,Fiber Optic,53,No,No,No,No,Yes,Yes,Yes,Yes,One Year,Yes,Bank Withdrawal,90.65,3974.15,0.0,0,1045.0,5019.15,Male,30,No,No,Yes,No,0,5,15.108333333333334,0,1,Promoter
5758,Yes,5,4,,Yes,42.71,No,Yes,DSL,56,No,Yes,No,Yes,No,No,No,Yes,Month-to-Month,No,Credit Card,56.5,235.1,0.0,0,170.84,405.94,Female,38,No,No,Yes,Yes,3,4,11.3,1,0,Detractor
5718,No,0,14,Offer D,Yes,34.01,No,Yes,Cable,69,No,No,No,Yes,No,Yes,Yes,Yes,One Year,No,Credit Card,59.1,772.85,0.0,0,476.14,1248.99,Female,19,Yes,No,No,No,0,5,9.85,0,0,Passive
3022,No,0,4,,Yes,20.16,No,No,No internet,0,No,No,No,No,No,No,No,No,Month-to-Month,No,Mailed Check,19.0,78.9,0.0,0,80.64,159.54000000000002,Male,31,No,No,No,No,0,1,9.5,1,0,Passive
5582,Yes,5,70,Offer A,Yes,45.24,Yes,Yes,Fiber Optic,42,No,Yes,Yes,Yes,No,Yes,Yes,Yes,Two Year,Yes,Bank Withdrawal,98.7,6858.9,0.0,0,3166.8,10025.7,Male,23,Yes,No,Yes,No,0,8,10.966666666666669,0,1,Detractor
4848,No,0,52,,Yes,8.25,No,No,No internet,0,No,No,No,No,No,No,No,No,One Year,No,Credit Card,19.6,1012.4,46.07,0,429.0,1395.33,Female,41,No,No,Yes,No,0,1,9.8,0,0,Detractor
4708,No,0,72,,Yes,9.47,Yes,Yes,Fiber Optic,21,No,No,Yes,Yes,Yes,Yes,Yes,No,Two Year,Yes,Credit Card,107.5,7853.7,0.0,60,681.84,8595.539999999999,Female,40,No,No,No,No,0,7,13.4375,0,0,Detractor
6402,No,0,52,,Yes,48.13,No,Yes,Fiber Optic,12,No,Yes,No,No,No,Yes,Yes,No,Month-to-Month,Yes,Bank Withdrawal,85.35,4338.6,0.0,90,2502.76,6931.360000000001,Male,46,No,No,No,No,0,4,17.07,0,1,Detractor
5463,No,0,14,Offer D,Yes,28.65,Yes,Yes,Cable,27,No,No,No,Yes,Yes,No,No,Yes,Month-to-Month,Yes,Bank Withdrawal,89.95,1178.4,0.0,0,401.1,1579.5,Male,40,No,No,No,No,0,5,14.991666666666667,0,1,Detractor
2007,No,0,46,Offer B,Yes,46.83,Yes,Yes,DSL,2,Yes,No,Yes,No,Yes,Yes,Yes,Yes,Two Year,No,Mailed Check,79.2,3593.8,0.0,0,2154.18,5747.98,Female,56,No,No,No,No,0,8,8.8,0,0,Passive
3949,No,0,31,,Yes,45.92,No,Yes,Fiber Optic,18,No,Yes,No,No,Yes,Yes,Yes,Yes,Month-to-Month,Yes,Bank Withdrawal,94.5,2979.2,0.0,0,1423.52,4402.719999999999,Male,56,No,No,No,No,0,6,13.5,0,1,Detractor
5441,Yes,4,1,Offer E,Yes,45.77,No,No,No internet,0,No,No,No,No,No,No,No,No,Month-to-Month,No,Mailed Check,19.9,19.9,0.0,0,45.77,65.67,Male,46,No,No,Yes,Yes,1,1,9.95,1,0,Detractor
5341,Yes,3,71,Offer A,Yes,37.25,Yes,No,No internet,0,No,No,No,No,No,No,No,No,Two Year,No,Credit Card,25.45,1789.65,0.0,0,2644.75,4434.4,Male,80,No,Yes,Yes,No,0,2,8.483333333333333,0,0,Promoter
4001,Yes,5,67,Offer A,Yes,17.4,Yes,Yes,Fiber Optic,11,No,Yes,Yes,No,No,Yes,Yes,No,Two Year,Yes,Bank Withdrawal,93.15,6368.2,0.0,90,1165.8,7624.0,Male,42,No,No,Yes,No,0,6,13.30714285714286,0,1,Passive
4073,Yes,9,65,Offer B,Yes,8.59,Yes,Yes,Fiber Optic,7,No,Yes,Yes,No,Yes,Yes,No,Yes,Month-to-Month,Yes,Bank Withdrawal,104.35,6578.55,0.0,0,558.35,7136.900000000001,Male,76,No,Yes,Yes,No,0,7,13.04375,0,1,Promoter
3383,No,0,1,,Yes,17.89,No,No,No internet,0,No,No,No,No,No,No,No,No,Month-to-Month,Yes,Credit Card,19.2,19.2,0.0,0,17.89,37.09,Male,37,No,No,No,Yes,3,1,9.6,1,0,Detractor
2925,Yes,6,44,Offer B,Yes,14.65,Yes,Yes,Fiber Optic,30,No,No,Yes,No,Yes,No,No,Yes,Two Year,Yes,Bank Withdrawal,89.2,4040.2,0.0,0,644.6,4684.8,Male,72,No,Yes,Yes,No,0,5,14.866666666666667,0,1,Passive
5620,No,0,67,Offer A,Yes,37.5,Yes,Yes,Fiber Optic,30,Yes,Yes,Yes,No,Yes,No,No,Yes,Month-to-Month,Yes,Credit Card,102.95,6886.25,0.0,0,2512.5,9398.75,Female,28,Yes,No,No,No,0,7,12.86875,0,0,Detractor
2449,No,0,40,,Yes,23.28,No,Yes,Cable,6,No,No,Yes,No,No,No,No,Yes,One Year,Yes,Credit Card,50.25,2023.55,0.0,0,931.2,2954.75,Female,61,No,No,No,No,0,3,12.5625,0,0,Promoter
3157,No,0,11,,Yes,5.84,Yes,Yes,Fiber Optic,10,No,No,No,No,No,Yes,Yes,No,Month-to-Month,No,Bank Withdrawal,86.2,893.2,0.0,30,64.24,987.44,Male,31,No,No,No,Yes,2,4,17.240000000000002,1,1,Promoter
4769,No,0,1,,No,0.0,No,Yes,Cable,28,No,No,No,No,No,No,No,Yes,Month-to-Month,Yes,Mailed Check,25.1,25.1,0.0,0,0.0,25.1,Female,35,No,No,No,No,0,1,12.55,1,0,Detractor
4544,Yes,3,36,,Yes,24.51,Yes,Yes,Fiber Optic,27,No,Yes,Yes,No,Yes,No,No,Yes,Month-to-Month,Yes,Bank Withdrawal,97.35,3457.9,4.96,0,882.36,4335.3,Female,39,No,No,Yes,No,0,6,13.907142857142857,0,1,Detractor
5271,Yes,1,53,,Yes,21.67,Yes,Yes,Cable,6,Yes,No,No,Yes,No,No,No,No,One Year,Yes,Bank Withdrawal,60.05,3229.65,0.0,100,1148.51,4478.16,Male,71,No,Yes,Yes,No,0,4,12.01,0,1,Detractor
5370,No,0,1,Offer E,Yes,1.48,No,No,No internet,0,No,No,No,No,No,No,No,No,Month-to-Month,No,Credit Card,20.6,20.6,0.0,0,1.48,22.08,Male,55,No,No,No,No,0,1,10.3,1,0,Detractor
2771,No,0,1,,Yes,31.16,No,Yes,DSL,11,Yes,No,No,Yes,No,No,No,Yes,Month-to-Month,Yes,Bank Withdrawal,53.95,53.95,0.0,0,31.16,85.11,Male,49,No,No,No,No,0,4,10.79,1,1,Detractor
2049,Yes,7,10,,Yes,13.83,No,No,No internet,0,No,No,No,No,No,No,No,No,Month-to-Month,Yes,Credit Card,20.05,218.5,0.0,0,138.3,356.8,Male,55,No,No,Yes,Yes,3,1,10.025,1,0,Passive
5682,Yes,3,25,,Yes,25.08,No,No,No internet,0,No,No,No,No,No,No,No,No,One Year,Yes,Bank Withdrawal,20.95,495.15,0.0,0,627.0,1122.15,Male,47,No,No,Yes,No,0,1,10.475,0,1,Passive
3348,Yes,5,33,,Yes,31.76,Yes,Yes,Fiber Optic,7,No,Yes,Yes,No,No,Yes,Yes,Yes,Month-to-Month,Yes,Bank Withdrawal,93.35,3092.0,0.0,0,1048.0800000000002,4140.08,Male,35,No,No,Yes,No,0,7,11.66875,0,1,Passive
5841,No,0,9,,Yes,9.27,Yes,Yes,Fiber Optic,28,No,No,No,No,No,No,No,Yes,Month-to-Month,Yes,Credit Card,75.2,633.85,0.0,0,83.42999999999999,717.28,Female,59,No,No,No,No,0,3,18.8,1,0,Promoter
5721,Yes,1,6,,Yes,28.71,Yes,Yes,Fiber Optic,17,No,No,No,No,No,Yes,No,Yes,Month-to-Month,Yes,Bank Withdrawal,84.35,474.9,0.0,0,172.26,647.16,Female,78,No,Yes,Yes,No,0,4,16.869999999999997,1,1,Detractor
4337,Yes,1,64,,Yes,4.76,No,Yes,Fiber Optic,8,Yes,Yes,No,Yes,Yes,Yes,Yes,Yes,Two Year,Yes,Credit Card,104.05,6605.55,0.0,0,304.64,6910.1900000000005,Male,61,No,No,Yes,No,0,8,11.56111111111111,0,0,Passive
5583,Yes,4,68,,No,0.0,No,Yes,DSL,23,No,Yes,Yes,No,Yes,Yes,Yes,Yes,Two Year,Yes,Bank Withdrawal,53.0,3656.25,0.0,0,0.0,3656.25,Female,65,No,Yes,Yes,Yes,1,6,7.571428571428571,0,1,Passive
5293,No,0,42,,Yes,48.41,No,No,No internet,0,No,No,No,No,No,No,No,No,One Year,Yes,Credit Card,19.55,839.4,12.16,0,2033.22,2860.46,Male,32,No,No,No,No,0,1,9.775,0,0,Detractor
4320,No,0,1,Offer E,Yes,28.67,No,Yes,DSL,4,No,No,No,No,No,No,No,Yes,Two Year,No,Bank Withdrawal,44.0,44.0,0.0,0,28.67,72.67,Male,69,No,Yes,No,No,0,2,14.666666666666666,1,1,Passive
3206,No,0,11,,Yes,5.0,No,Yes,Cable,23,No,No,Yes,Yes,No,Yes,Yes,Yes,One Year,No,Credit Card,64.9,697.25,0.0,0,55.0,752.25,Female,55,No,No,No,No,0,6,9.271428571428572,1,0,Detractor
5429,Yes,1,1,,Yes,17.36,Yes,Yes,Fiber Optic,29,No,No,No,No,No,No,No,No,Month-to-Month,Yes,Bank Withdrawal,74.4,74.4,0.0,30,17.36,121.76,Male,67,No,Yes,Yes,No,0,2,24.8,1,1,Detractor
5169,Yes,9,45,,Yes,21.73,No,No,No internet,0,No,No,No,No,No,No,No,No,Two Year,Yes,Bank Withdrawal,20.0,886.4,0.0,0,977.85,1864.25,Female,42,No,No,Yes,Yes,2,1,10.0,0,1,Passive
4804,No,0,47,Offer B,Yes,35.97,Yes,Yes,Fiber Optic,25,No,Yes,Yes,No,Yes,Yes,Yes,No,Month-to-Month,Yes,Bank Withdrawal,106.4,5127.95,0.0,0,1690.59,6818.54,Female,42,No,No,No,No,0,7,13.3,0,1,Detractor
5701,Yes,8,25,,Yes,12.12,Yes,Yes,Cable,59,No,Yes,No,No,No,No,No,No,Month-to-Month,No,Bank Withdrawal,54.1,1373.0,0.0,110,303.0,1786.0,Female,29,Yes,No,Yes,No,0,3,13.525,0,1,Detractor
5967,No,0,5,,Yes,24.53,No,No,No internet,0,No,No,No,No,No,No,No,No,Month-to-Month,No,Credit Card,20.55,96.1,0.0,0,122.65,218.75,Female,49,No,No,No,No,0,1,10.275,1,0,Detractor
5215,Yes,4,68,Offer A,Yes,36.51,No,Yes,DSL,24,Yes,Yes,Yes,Yes,No,No,No,Yes,Two Year,No,Credit Card,62.65,4375.8,0.0,0,2482.68,6858.48,Male,38,No,No,Yes,Yes,1,6,8.95,0,0,Detractor
4696,Yes,1,49,Offer B,Yes,14.21,No,Yes,Fiber Optic,23,No,Yes,No,No,Yes,No,No,Yes,Month-to-Month,Yes,Credit Card,85.3,4297.95,0.0,0,696.2900000000001,4994.24,Male,44,No,No,Yes,No,0,4,17.06,0,0,Passive
3910,No,0,44,,No,0.0,No,Yes,Cable,3,No,No,Yes,No,Yes,Yes,Yes,Yes,One Year,Yes,Bank Withdrawal,49.05,2265.0,0.0,0,0.0,2265.0,Female,58,No,No,No,No,0,5,8.174999999999999,0,1,Promoter
2604,No,0,38,,Yes,25.11,Yes,Yes,DSL,13,Yes,Yes,Yes,No,Yes,Yes,Yes,Yes,One Year,No,Bank Withdrawal,84.1,3187.65,0.0,0,954.18,4141.83,Female,57,No,No,No,No,0,9,8.41,0,1,Detractor
6130,Yes,4,72,Offer A,Yes,44.03,Yes,Yes,Fiber Optic,14,No,Yes,Yes,Yes,Yes,Yes,Yes,Yes,Two Year,Yes,Bank Withdrawal,109.2,7711.45,0.0,0,3170.16,10881.61,Female,40,No,No,Yes,Yes,1,9,10.92,0,1,Passive
4265,Yes,1,2,,Yes,27.27,No,Yes,DSL,51,No,No,No,No,Yes,Yes,Yes,Yes,Month-to-Month,No,Credit Card,65.7,134.35,0.0,0,54.54,188.89,Female,21,Yes,No,Yes,Yes,2,5,10.95,1,0,Detractor
3076,No,0,18,Offer D,Yes,12.97,Yes,No,No internet,0,No,No,No,No,No,No,No,No,One Year,No,Credit Card,23.75,424.5,0.0,0,233.46,657.96,Male,45,No,No,No,No,0,2,7.916666666666667,0,0,Passive
2431,No,0,28,Offer C,No,0.0,No,Yes,DSL,2,No,No,Yes,Yes,No,No,No,Yes,Month-to-Month,Yes,Mailed Check,35.75,961.4,0.0,0,0.0,961.4,Female,62,No,No,No,No,0,3,8.9375,0,0,Passive
3481,No,0,7,,Yes,5.61,No,Yes,DSL,24,No,No,No,No,Yes,No,No,Yes,Month-to-Month,No,Mailed Check,54.85,370.4,0.0,0,39.27,409.67,Male,57,No,No,No,No,0,3,13.7125,1,0,Detractor
3017,No,0,1,,Yes,48.22,No,Yes,DSL,21,No,No,No,No,No,No,No,Yes,Month-to-Month,No,Credit Card,46.3,46.3,0.0,0,48.22,94.52,Male,39,No,No,No,No,0,2,15.433333333333332,1,0,Detractor
4235,Yes,3,57,,Yes,12.26,No,No,No internet,0,No,No,No,No,No,No,No,No,Two Year,No,Bank Withdrawal,19.75,1272.05,0.0,0,698.8199999999999,1970.87,Female,43,No,No,Yes,Yes,2,1,9.875,0,1,Promoter
5084,No,0,1,,Yes,7.8,No,No,No internet,0,No,No,No,No,No,No,No,No,Month-to-Month,No,Bank Withdrawal,18.85,18.85,0.0,0,7.8,26.65,Female,59,No,No,No,No,0,1,9.425,1,1,Passive
2709,Yes,1,12,Offer D,Yes,30.63,Yes,Yes,Fiber Optic,27,No,Yes,Yes,No,Yes,No,No,Yes,Month-to-Month,Yes,Bank Withdrawal,98.1,1060.2,49.06,0,367.56,1378.7,Female,67,No,Yes,Yes,No,0,6,14.014285714285714,1,1,Detractor
4704,No,0,7,Offer E,Yes,8.95,No,Yes,Fiber Optic,52,No,No,No,No,No,No,No,Yes,Month-to-Month,Yes,Bank Withdrawal,69.55,521.35,0.0,0,62.64999999999999,584.0,Male,25,Yes,No,No,No,0,2,23.183333333333334,1,1,Detractor
6382,No,0,66,,Yes,37.94,No,No,No internet,0,No,No,No,No,No,No,No,No,Two Year,No,Credit Card,19.95,1269.1,0.0,0,2504.04,3773.14,Male,63,No,No,No,Yes,1,1,9.975,0,0,Passive
4236,No,0,7,,No,0.0,No,Yes,Cable,19,Yes,No,No,No,No,No,No,Yes,Month-to-Month,No,Credit Card,29.8,201.95,0.0,0,0.0,201.95,Female,33,No,No,No,Yes,2,2,9.933333333333334,1,0,Detractor
3796,No,0,2,,Yes,15.25,No,Yes,DSL,82,No,No,Yes,No,No,Yes,Yes,Yes,Month-to-Month,No,Bank Withdrawal,60.85,111.4,0.0,0,30.5,141.9,Female,28,Yes,No,No,No,0,5,10.141666666666667,1,1,Promoter
3723,No,0,9,,Yes,10.04,Yes,Yes,Fiber Optic,13,No,No,No,No,No,Yes,No,Yes,Month-to-Month,Yes,Bank Withdrawal,83.85,790.15,0.0,0,90.36,880.51,Male,73,No,Yes,No,No,0,4,16.77,1,1,Detractor
4915,Yes,8,65,Offer B,Yes,36.62,Yes,Yes,Fiber Optic,6,Yes,Yes,No,Yes,Yes,No,No,Yes,One Year,Yes,Bank Withdrawal,100.15,6643.5,0.0,0,2380.3,9023.8,Female,35,No,No,Yes,No,0,7,12.51875,0,1,Passive
2331,No,0,14,,Yes,36.22,No,Yes,Cable,59,Yes,No,No,No,No,No,No,Yes,Month-to-Month,No,Bank Withdrawal,50.1,709.5,0.0,0,507.08,1216.58,Female,19,Yes,No,No,No,0,3,12.525,0,1,Detractor
3027,No,0,20,,Yes,24.73,Yes,Yes,Fiber Optic,25,Yes,No,No,No,Yes,No,No,No,Month-to-Month,Yes,Bank Withdrawal,89.1,1879.25,15.43,30,494.6,2388.42,Female,50,No,No,No,No,0,4,17.82,0,1,Detractor
4437,Yes,9,68,,Yes,8.88,No,Yes,Fiber Optic,17,No,Yes,Yes,Yes,Yes,Yes,Yes,Yes,One Year,No,Credit Card,105.75,7322.5,0.0,0,603.84,7926.34,Male,56,No,No,Yes,Yes,2,8,11.75,0,0,Detractor
5255,No,0,37,,Yes,37.18,Yes,Yes,Cable,9,Yes,No,No,No,Yes,No,No,Yes,One Year,No,Bank Withdrawal,64.65,2347.85,0.0,0,1375.66,3723.51,Female,42,No,No,No,No,0,5,10.775,0,1,Detractor
4910,No,0,26,,Yes,38.09,No,Yes,Fiber Optic,22,No,No,No,No,Yes,Yes,Yes,No,Month-to-Month,Yes,Bank Withdrawal,88.8,2274.35,0.0,50,990.34,3314.69,Female,58,No,No,No,No,0,4,17.759999999999998,0,1,Detractor
6322,Yes,5,72,,Yes,32.36,Yes,Yes,DSL,52,No,Yes,Yes,Yes,Yes,Yes,Yes,Yes,Two Year,Yes,Bank Withdrawal,85.15,6316.2,0.0,0,2329.92,8646.119999999999,Male,19,Yes,No,Yes,No,0,9,8.515,0,1,Detractor
5590,No,0,29,,Yes,17.87,Yes,Yes,Cable,26,Yes,No,No,No,No,Yes,Yes,Yes,Month-to-Month,Yes,Bank Withdrawal,66.1,1912.15,0.0,0,518.23,2430.38,Female,32,No,No,No,No,0,6,9.44285714285714,0,1,Detractor
2893,No,0,9,Offer E,Yes,10.07,Yes,Yes,Fiber Optic,26,No,No,No,No,Yes,Yes,Yes,No,Month-to-Month,Yes,Bank Withdrawal,94.75,889.9,0.0,30,90.63,1010.53,Female,34,No,No,No,No,0,5,15.791666666666666,1,1,Detractor
3648,Yes,6,33,Offer C,Yes,11.01,Yes,Yes,Fiber Optic,73,No,Yes,Yes,Yes,No,No,Yes,Yes,Month-to-Month,No,Credit Card,88.6,2888.7,0.0,0,363.33,3252.03,Female,21,Yes,No,Yes,Yes,1,7,11.075,0,0,Detractor
2066,No,0,10,,Yes,10.46,No,No,No internet,0,No,No,No,No,No,No,No,No,Month-to-Month,Yes,Bank Withdrawal,21.2,222.65,0.0,0,104.6,327.25,Female,52,No,No,No,No,0,1,10.6,1,1,Passive
4963,Yes,1,41,,Yes,5.01,Yes,Yes,Fiber Optic,10,Yes,Yes,Yes,Yes,Yes,Yes,Yes,Yes,Month-to-Month,Yes,Bank Withdrawal,113.6,4594.95,0.0,0,205.41,4800.36,Female,41,No,No,Yes,No,0,10,10.327272727272726,0,1,Detractor
2459,No,0,48,,Yes,29.54,No,Yes,Fiber Optic,29,No,Yes,Yes,Yes,Yes,No,No,Yes,Two Year,Yes,Credit Card,95.5,4627.85,0.0,0,1417.92,6045.77,Female,47,No,No,No,No,0,6,13.642857142857142,0,0,Detractor
4161,Yes,1,61,,Yes,23.31,Yes,Yes,DSL,51,No,Yes,Yes,No,Yes,Yes,Yes,Yes,Two Year,No,Bank Withdrawal,80.9,4932.5,0.0,0,1421.91,6354.41,Male,29,Yes,No,Yes,No,0,8,8.988888888888889,0,1,Detractor
4271,Yes,8,62,Offer B,Yes,14.75,Yes,Yes,Fiber Optic,52,Yes,Yes,No,No,Yes,Yes,Yes,No,Month-to-Month,Yes,Bank Withdrawal,105.5,6487.2,0.0,150,914.5,7551.7,Male,22,Yes,No,Yes,Yes,1,7,13.1875,0,1,Passive
2706,No,0,6,Offer E,Yes,22.95,No,Yes,Cable,10,Yes,No,Yes,Yes,Yes,Yes,Yes,Yes,Two Year,Yes,Credit Card,80.25,493.4,0.0,0,137.7,631.0999999999999,Male,50,No,No,No,No,0,8,8.916666666666666,1,0,Promoter
3093,Yes,1,44,,Yes,27.4,No,No,No internet,0,No,No,No,No,No,No,No,No,One Year,Yes,Bank Withdrawal,20.5,865.05,0.0,0,1205.6,2070.65,Male,64,No,No,Yes,No,0,1,10.25,0,1,Detractor
4561,No,0,29,,Yes,2.05,No,Yes,Fiber Optic,17,No,No,No,Yes,Yes,Yes,Yes,No,Month-to-Month,Yes,Bank Withdrawal,94.2,2607.6,0.0,20,59.45,2687.05,Male,50,No,No,No,No,0,5,15.7,0,1,Promoter
2628,Yes,5,22,Offer D,Yes,15.27,Yes,No,No internet,0,No,No,No,No,No,No,No,No,One Year,No,Bank Withdrawal,25.6,548.8,0.0,0,335.94,884.74,Female,69,No,Yes,Yes,No,0,2,8.533333333333333,0,1,Passive
4889,No,0,2,,Yes,49.41,Yes,Yes,Fiber Optic,20,No,No,Yes,No,Yes,No,No,No,Month-to-Month,Yes,Bank Withdrawal,91.45,171.45,0.0,10,98.82,280.27,Male,39,No,No,Yes,No,0,4,18.29,1,1,Promoter
4488,Yes,7,54,Offer B,Yes,11.4,Yes,Yes,Fiber Optic,26,Yes,Yes,Yes,Yes,Yes,Yes,Yes,Yes,One Year,Yes,Credit Card,114.65,6049.5,0.0,0,615.6,6665.1,Female,63,No,No,Yes,No,0,10,10.422727272727274,0,0,Passive
5045,Yes,1,30,,Yes,12.85,No,No,No internet,0,No,No,No,No,No,No,No,No,Two Year,No,Credit Card,19.7,599.25,49.79,0,385.5,934.96,Female,24,Yes,No,Yes,Yes,1,1,9.85,0,0,Detractor
5427,Yes,3,67,,Yes,20.41,Yes,Yes,Fiber Optic,52,No,Yes,Yes,Yes,Yes,Yes,Yes,Yes,One Year,Yes,Credit Card,112.35,7388.45,0.0,0,1367.47,8755.92,Female,20,Yes,No,Yes,Yes,3,9,11.235,0,0,Passive
2671,No,0,2,Offer E,Yes,13.17,No,Yes,Fiber Optic,10,No,No,No,No,No,No,No,Yes,Month-to-Month,Yes,Bank Withdrawal,70.35,139.05,0.0,0,26.34,165.39,Female,74,No,Yes,No,No,0,2,23.45,1,1,Detractor
4705,No,0,38,,Yes,32.63,No,No,No internet,0,No,No,No,No,No,No,No,No,One Year,No,Mailed Check,19.3,755.5,0.0,0,1239.94,1995.44,Female,48,No,No,No,No,0,1,9.65,0,0,Promoter
4463,No,0,56,,Yes,47.13,Yes,Yes,Fiber Optic,29,Yes,Yes,Yes,No,Yes,Yes,No,Yes,One Year,No,Bank Withdrawal,110.5,6139.5,0.0,0,2639.28,8778.78,Female,73,No,Yes,No,No,0,8,12.27777777777778,0,1,Passive
5552,No,0,6,,Yes,26.76,No,Yes,DSL,22,No,No,No,Yes,No,No,No,Yes,Month-to-Month,Yes,Credit Card,49.5,312.7,0.0,0,160.56,473.26,Male,60,No,No,No,No,0,3,12.375,1,0,Promoter
5717,No,0,1,Offer E,Yes,17.25,No,No,No internet,0,No,No,No,No,No,No,No,No,Month-to-Month,No,Mailed Check,19.65,19.65,0.0,0,17.25,36.9,Male,43,No,No,No,No,0,1,9.825,1,0,Detractor
4485,Yes,7,66,,Yes,31.53,No,No,No internet,0,No,No,No,No,No,No,No,No,Two Year,Yes,Credit Card,19.75,1344.5,0.0,0,2080.98,3425.48,Male,62,No,No,Yes,Yes,2,1,9.875,0,0,Passive
5076,No,0,57,,Yes,30.77,Yes,Yes,Fiber Optic,10,No,No,No,Yes,Yes,No,No,No,Two Year,Yes,Credit Card,90.45,5229.8,0.0,70,1753.89,7053.6900000000005,Male,34,No,No,No,No,0,4,18.09,0,0,Promoter
4155,No,0,1,,No,0.0,No,Yes,DSL,24,Yes,No,No,No,No,No,No,Yes,Month-to-Month,No,Credit Card,29.9,29.9,0.0,0,0.0,29.9,Female,42,No,No,No,No,0,2,9.966666666666669,1,0,Passive
3716,Yes,1,43,,Yes,41.08,No,Yes,DSL,18,Yes,No,Yes,Yes,Yes,Yes,Yes,Yes,Two Year,Yes,Credit Card,79.15,3566.6,0.0,0,1766.4399999999998,5333.04,Male,62,No,No,Yes,No,0,8,8.794444444444444,0,0,Detractor
4684,No,0,1,Offer E,Yes,48.95,Yes,Yes,Fiber Optic,23,No,No,No,No,No,No,No,Yes,Month-to-Month,Yes,Bank Withdrawal,74.2,74.2,0.0,0,48.95,123.15,Female,70,No,Yes,No,No,0,3,18.55,1,1,Detractor
2426,Yes,6,1,,Yes,41.16,No,Yes,Fiber Optic,6,No,Yes,No,No,No,No,No,Yes,Month-to-Month,Yes,Mailed Check,76.4,76.4,0.0,0,41.16,117.56,Female,76,No,Yes,Yes,No,0,3,19.1,1,0,Detractor
4545,Yes,9,42,,Yes,1.31,No,Yes,Fiber Optic,17,No,No,Yes,Yes,Yes,Yes,Yes,Yes,Two Year,Yes,Credit Card,99.0,4135.0,0.0,0,55.02,4190.02,Female,54,No,No,Yes,No,0,7,12.375,0,0,Passive
4411,Yes,9,15,,Yes,46.68,Yes,No,No internet,0,No,No,No,No,No,No,No,No,Two Year,No,Credit Card,25.2,387.9,0.0,0,700.2,1088.1,Female,35,No,No,Yes,No,0,2,8.4,0,0,Passive
2893,No,0,16,,Yes,38.32,No,Yes,Fiber Optic,82,No,No,No,Yes,No,No,No,Yes,Month-to-Month,Yes,Credit Card,74.55,1170.5,0.0,0,613.12,1783.62,Male,21,Yes,No,No,No,0,3,18.6375,0,0,Detractor
4623,Yes,1,38,,Yes,36.72,No,No,No internet,0,No,No,No,No,No,No,No,No,One Year,No,Credit Card,19.6,763.1,0.0,0,1395.36,2158.46,Female,60,No,No,Yes,Yes,2,1,9.8,0,0,Detractor
5138,No,0,58,Offer B,Yes,47.9,Yes,No,No internet,0,No,No,No,No,No,No,No,No,Two Year,Yes,Credit Card,24.7,1519.0,0.0,0,2778.2,4297.2,Female,23,Yes,No,No,No,0,2,8.233333333333333,0,0,Passive
4568,Yes,1,30,,No,0.0,No,Yes,DSL,12,No,No,No,Yes,Yes,Yes,Yes,Yes,Month-to-Month,No,Credit Card,51.2,1561.5,0.0,0,0.0,1561.5,Female,57,No,No,Yes,Yes,2,5,8.533333333333333,0,0,Detractor
3358,Yes,1,34,,Yes,40.78,Yes,Yes,Fiber Optic,4,No,No,Yes,No,Yes,No,No,Yes,Month-to-Month,No,Bank Withdrawal,87.45,2874.15,0.0,0,1386.52,4260.67,Female,39,No,No,Yes,No,0,5,14.575,0,1,Detractor
5352,Yes,5,27,,Yes,33.57,Yes,Yes,DSL,21,No,Yes,Yes,Yes,Yes,Yes,No,Yes,One Year,Yes,Bank Withdrawal,84.8,2309.55,0.0,0,906.39,3215.94,Male,77,No,Yes,Yes,No,0,8,9.422222222222222,0,1,Detractor
5703,No,0,36,Offer C,Yes,8.5,No,No,No internet,0,No,No,No,No,No,No,No,No,Two Year,Yes,Credit Card,18.55,689.0,0.0,0,306.0,995.0,Male,33,No,No,No,No,0,1,9.275,0,0,Detractor
6469,No,0,64,,Yes,29.43,Yes,No,No internet,0,No,No,No,No,No,No,No,No,Two Year,No,Credit Card,25.65,1740.8,0.0,0,1883.52,3624.32,Male,76,No,Yes,Yes,No,0,2,8.549999999999999,0,0,Promoter
4675,Yes,7,72,,Yes,15.23,Yes,Yes,DSL,26,Yes,Yes,No,Yes,No,No,No,Yes,Two Year,No,Bank Withdrawal,64.75,4804.75,0.0,0,1096.56,5901.31,Female,45,No,No,Yes,No,0,6,9.25,0,1,Detractor
2056,Yes,1,40,,Yes,31.37,No,No,No internet,0,No,No,No,No,No,No,No,No,Two Year,No,Credit Card,19.1,780.1,45.6,0,1254.8,1989.3,Female,39,No,No,Yes,No,0,1,9.55,0,0,Detractor
5316,No,0,60,Offer B,Yes,16.59,No,No,No internet,0,No,No,No,No,No,No,No,No,Two Year,No,Credit Card,19.95,1189.9,0.0,0,995.4,2185.3,Male,49,No,No,No,Yes,2,1,9.975,0,0,Detractor
3149,Yes,2,32,,Yes,24.04,Yes,Yes,Fiber Optic,22,No,Yes,No,No,Yes,Yes,Yes,Yes,Month-to-Month,Yes,Bank Withdrawal,98.85,3089.6,0.0,0,769.28,3858.88,Female,59,No,No,Yes,Yes,1,7,12.35625,0,1,Passive
4152,No,0,22,,Yes,35.93,Yes,Yes,Fiber Optic,17,Yes,No,No,No,Yes,Yes,Yes,Yes,Month-to-Month,Yes,Bank Withdrawal,100.75,2095.0,0.0,0,790.46,2885.46,Male,51,No,No,No,No,0,7,12.59375,0,1,Detractor
4331,Yes,6,27,Offer C,Yes,46.66,No,Yes,Fiber Optic,28,Yes,No,No,No,No,No,No,Yes,Month-to-Month,No,Credit Card,74.4,1972.35,0.0,0,1259.82,3232.17,Female,56,No,No,Yes,Yes,2,3,18.6,0,0,Detractor
5816,No,0,6,,Yes,39.36,No,Yes,Fiber Optic,5,No,No,No,No,No,No,No,Yes,Month-to-Month,Yes,Mailed Check,69.25,418.4,0.0,0,236.16,654.56,Female,50,No,No,No,No,0,2,23.08333333333333,1,0,Detractor
2478,Yes,8,40,Offer B,Yes,39.22,No,Yes,Fiber Optic,27,No,Yes,Yes,No,No,No,No,Yes,Month-to-Month,Yes,Bank Withdrawal,80.0,3168.75,41.74,0,1568.8,4695.81,Male,41,No,No,Yes,No,0,4,16.0,0,1,Detractor
5502,No,0,68,,Yes,48.82,Yes,Yes,Fiber Optic,17,Yes,Yes,No,Yes,Yes,Yes,Yes,No,Two Year,No,Credit Card,110.25,7279.35,0.0,30,3319.76,10629.11,Female,43,No,No,No,No,0,8,12.25,0,0,Passive
6367,Yes,4,70,,Yes,39.78,No,Yes,DSL,52,No,Yes,Yes,Yes,Yes,Yes,Yes,Yes,Two Year,Yes,Bank Withdrawal,80.4,5717.85,0.0,0,2784.6,8502.45,Female,28,Yes,No,Yes,No,0,8,8.933333333333334,0,1,Promoter
4551,No,0,72,,Yes,35.11,Yes,Yes,Fiber Optic,22,No,Yes,Yes,Yes,Yes,Yes,Yes,Yes,Two Year,No,Bank Withdrawal,109.2,7878.3,0.0,0,2527.92,10406.22,Male,49,No,No,No,No,0,9,10.92,0,1,Detractor
2545,No,0,48,,Yes,26.24,Yes,Yes,Cable,53,Yes,Yes,Yes,No,No,No,No,Yes,One Year,Yes,Bank Withdrawal,64.4,3035.35,0.0,0,1259.52,4294.87,Male,39,No,No,No,Yes,3,6,9.2,0,1,Passive
3731,No,0,1,,Yes,19.85,No,No,No internet,0,No,No,No,No,No,No,No,No,Month-to-Month,No,Credit Card,20.5,20.5,0.0,0,19.85,40.35,Male,22,Yes,No,No,No,0,1,10.25,1,0,Detractor
5395,No,0,68,Offer A,Yes,20.29,Yes,Yes,DSL,29,Yes,Yes,Yes,No,No,Yes,Yes,Yes,One Year,No,Credit Card,76.75,5233.25,0.0,0,1379.72,6612.97,Male,40,No,No,No,No,0,8,8.527777777777779,0,0,Passive
4420,Yes,8,71,Offer A,Yes,29.11,Yes,Yes,Fiber Optic,28,No,Yes,Yes,No,Yes,Yes,Yes,Yes,One Year,Yes,Bank Withdrawal,105.7,7472.15,0.0,0,2066.81,9538.96,Male,52,No,No,Yes,No,0,8,11.744444444444444,0,1,Passive
4044,No,0,52,,Yes,44.34,Yes,Yes,Fiber Optic,71,No,Yes,No,Yes,Yes,Yes,Yes,Yes,Month-to-Month,Yes,Credit Card,102.7,5138.1,0.0,0,2305.6800000000003,7443.780000000001,Female,30,No,No,Yes,No,0,8,11.411111111111111,0,0,Detractor
2185,No,0,17,,Yes,31.6,No,No,No internet,0,No,No,No,No,No,No,No,No,One Year,Yes,Credit Card,20.1,279.5,0.0,0,537.2,816.7,Male,46,No,No,No,No,0,1,10.05,0,0,Passive
3009,No,0,33,,Yes,15.69,Yes,Yes,DSL,24,Yes,Yes,No,No,No,No,No,Yes,Month-to-Month,Yes,Credit Card,60.9,2033.85,0.0,0,517.77,2551.62,Female,38,No,No,No,No,0,5,10.15,0,0,Passive
3884,No,0,1,,No,0.0,No,Yes,DSL,26,No,No,No,No,No,No,No,No,Month-to-Month,Yes,Mailed Check,25.8,25.8,0.0,20,0.0,45.8,Female,76,No,Yes,No,No,0,0,25.8,1,0,Detractor
4003,No,0,39,Offer C,No,0.0,No,Yes,DSL,13,Yes,No,No,Yes,Yes,No,No,Yes,One Year,No,Bank Withdrawal,45.05,1790.6,0.0,0,0.0,1790.6,Male,40,No,No,No,No,0,4,9.01,0,1,Detractor
3421,Yes,5,34,Offer C,Yes,11.52,Yes,No,No internet,0,No,No,No,No,No,No,No,No,Month-to-Month,No,Bank Withdrawal,24.7,780.2,0.0,0,391.68,1171.88,Female,49,No,No,Yes,No,0,2,8.233333333333333,0,1,Passive
3365,Yes,1,48,Offer B,Yes,23.95,Yes,Yes,Fiber Optic,30,No,No,No,No,No,Yes,Yes,Yes,One Year,Yes,Mailed Check,82.05,4029.95,0.0,0,1149.6,5179.549999999999,Female,41,No,No,Yes,No,0,5,13.675,0,0,Detractor
5980,No,0,1,,Yes,21.91,No,Yes,Fiber Optic,8,No,Yes,No,No,No,No,No,Yes,Month-to-Month,Yes,Bank Withdrawal,74.7,74.7,0.0,0,21.91,96.61,Female,52,No,No,Yes,No,0,3,18.675,1,1,Detractor
4352,Yes,2,63,,Yes,48.95,Yes,Yes,Fiber Optic,13,No,Yes,Yes,No,Yes,Yes,Yes,Yes,Month-to-Month,Yes,Bank Withdrawal,103.4,6603.0,0.0,0,3083.8500000000004,9686.85,Male,61,No,No,Yes,No,0,8,11.488888888888887,0,1,Detractor
3395,No,0,46,Offer B,Yes,42.44,No,Yes,Fiber Optic,69,No,No,Yes,No,No,No,No,Yes,Month-to-Month,Yes,Credit Card,74.8,3548.3,0.0,0,1952.24,5500.54,Female,19,Yes,No,No,No,0,3,18.7,0,0,Detractor
2539,Yes,1,1,Offer E,Yes,23.41,No,No,No internet,0,No,No,No,No,No,No,No,No,One Year,No,Mailed Check,19.65,19.65,0.0,0,23.41,43.06,Male,21,Yes,No,Yes,No,0,1,9.825,1,0,Detractor
5432,Yes,1,52,Offer B,Yes,3.41,No,No,No internet,0,No,No,No,No,No,No,No,No,Two Year,No,Mailed Check,19.85,1070.5,0.0,0,177.32,1247.82,Female,27,Yes,No,Yes,Yes,1,1,9.925,0,0,Passive
4165,Yes,1,68,Offer A,Yes,35.89,No,No,No internet,0,No,No,No,No,No,No,No,No,Two Year,No,Bank Withdrawal,19.95,1377.7,28.98,0,2440.52,3789.24,Male,45,No,No,Yes,Yes,3,1,9.975,0,1,Detractor
2613,Yes,8,47,,Yes,3.2,No,Yes,Cable,18,No,Yes,No,No,Yes,No,No,Yes,Month-to-Month,Yes,Bank Withdrawal,58.6,2723.4,0.0,0,150.4,2873.8,Female,53,No,No,Yes,No,0,4,11.72,0,1,Passive
5759,Yes,5,33,,Yes,4.15,No,No,No internet,0,No,No,No,No,No,No,No,No,Month-to-Month,No,Credit Card,20.05,669.45,0.0,0,136.95000000000002,806.4000000000001,Female,34,No,No,Yes,No,0,1,10.025,0,0,Passive
3475,No,0,2,,Yes,43.99,No,Yes,DSL,27,Yes,No,No,No,No,No,No,Yes,Month-to-Month,Yes,Bank Withdrawal,49.25,91.1,0.0,0,87.98,179.07999999999998,Male,69,No,Yes,No,No,0,3,12.3125,1,1,Detractor
5902,No,0,11,Offer D,Yes,33.79,Yes,Yes,Fiber Optic,23,No,No,No,No,No,No,No,Yes,Month-to-Month,No,Bank Withdrawal,75.25,888.65,0.0,0,371.69,1260.34,Female,34,No,No,No,No,0,3,18.8125,1,1,Detractor
3523,No,0,41,,Yes,2.32,No,No,No internet,0,No,No,No,No,No,No,No,No,Two Year,Yes,Credit Card,19.85,810.45,0.0,0,95.12,905.57,Female,53,No,No,No,No,0,1,9.925,0,0,Promoter
4384,No,0,27,Offer C,Yes,39.62,No,Yes,Fiber Optic,2,No,No,Yes,Yes,No,Yes,Yes,Yes,Month-to-Month,Yes,Bank Withdrawal,89.2,2383.6,0.0,0,1069.74,3453.34,Female,31,No,No,No,No,0,6,12.742857142857144,0,1,Detractor
2393,No,0,6,,Yes,10.88,No,Yes,Cable,8,No,Yes,No,No,Yes,No,No,Yes,Month-to-Month,No,Bank Withdrawal,59.45,357.6,0.0,0,65.28,422.88,Male,58,No,No,No,No,0,4,11.89,1,1,Passive
5629,No,0,50,Offer B,No,0.0,No,Yes,DSL,20,Yes,Yes,No,No,No,No,No,Yes,Month-to-Month,Yes,Credit Card,35.0,1782.4,0.0,0,0.0,1782.4,Male,51,No,No,No,No,0,3,8.75,0,0,Detractor
3107,No,0,1,Offer E,Yes,20.11,No,No,No internet,0,No,No,No,No,No,No,No,No,Month-to-Month,No,Credit Card,19.5,19.5,0.0,0,20.11,39.61,Female,42,No,No,No,No,0,1,9.75,1,0,Promoter
3380,No,0,41,,Yes,27.95,Yes,Yes,Fiber Optic,23,Yes,Yes,Yes,No,Yes,Yes,Yes,Yes,Month-to-Month,Yes,Bank Withdrawal,113.2,4689.5,0.0,0,1145.95,5835.45,Female,66,No,Yes,No,No,0,9,11.32,0,1,Detractor
5384,No,0,1,,Yes,11.61,No,No,No internet,0,No,No,No,No,No,No,No,No,Month-to-Month,Yes,Mailed Check,20.45,20.45,0.0,0,11.61,32.06,Male,53,No,No,No,No,0,1,10.225,1,0,Detractor
2630,Yes,9,40,Offer B,Yes,22.96,No,No,No internet,0,No,No,No,No,No,No,No,No,Two Year,No,Credit Card,19.6,808.95,0.0,0,918.4,1727.35,Male,21,Yes,No,Yes,Yes,1,1,9.8,0,0,Promoter
4264,Yes,2,3,,Yes,19.18,No,Yes,Fiber Optic,22,No,Yes,No,Yes,No,No,No,Yes,Month-to-Month,Yes,Bank Withdrawal,80.0,241.3,0.0,0,57.54,298.84000000000003,Female,49,No,No,Yes,Yes,3,4,16.0,1,1,Detractor
2624,No,0,4,,Yes,3.03,No,Yes,DSL,11,No,Yes,No,Yes,Yes,No,No,Yes,Month-to-Month,Yes,Bank Withdrawal,63.75,226.2,0.0,0,12.12,238.32,Male,53,No,No,No,No,0,5,10.625,1,1,Promoter
4003,Yes,2,18,,No,0.0,No,Yes,DSL,59,No,Yes,Yes,No,Yes,No,No,Yes,One Year,No,Credit Card,46.4,812.4,0.0,0,0.0,812.4,Male,25,Yes,No,Yes,Yes,2,4,9.28,0,0,Promoter
2810,No,0,13,Offer D,Yes,11.99,Yes,Yes,Fiber Optic,27,No,Yes,Yes,No,Yes,Yes,Yes,Yes,One Year,Yes,Credit Card,104.15,1299.1,2.76,0,155.87,1452.21,Female,29,Yes,No,No,Yes,2,8,11.572222222222225,0,0,Detractor
2445,No,0,27,,Yes,49.25,No,Yes,DSL,4,Yes,No,Yes,Yes,Yes,Yes,Yes,Yes,One Year,No,Bank Withdrawal,81.7,2212.55,0.0,0,1329.75,3542.3,Male,58,No,No,No,No,0,8,9.077777777777778,0,1,Passive
3424,No,0,1,Offer E,Yes,8.56,Yes,Yes,Fiber Optic,24,No,Yes,No,No,No,Yes,Yes,Yes,Month-to-Month,Yes,Credit Card,90.85,90.85,0.0,0,8.56,99.41,Male,64,No,No,No,No,0,6,12.978571428571428,1,0,Detractor
3040,Yes,9,36,,Yes,34.79,Yes,No,No internet,0,No,No,No,No,No,No,No,No,Two Year,No,Credit Card,25.1,930.95,0.0,0,1252.44,2183.3900000000003,Male,48,No,No,Yes,Yes,1,2,8.366666666666667,0,0,Detractor
4494,No,0,67,Offer A,Yes,28.88,Yes,Yes,DSL,11,Yes,Yes,No,Yes,No,No,No,Yes,Two Year,Yes,Bank Withdrawal,64.55,4250.1,0.0,0,1934.96,6185.06,Male,79,No,Yes,No,No,0,6,9.221428571428572,0,1,Detractor
6188,Yes,1,72,Offer A,Yes,23.7,Yes,Yes,Fiber Optic,59,No,No,Yes,No,No,Yes,Yes,No,Two Year,Yes,Credit Card,90.8,6511.8,0.0,60,1706.4,8278.2,Male,22,Yes,No,Yes,Yes,1,5,15.133333333333333,0,0,Detractor
4628,Yes,1,6,,Yes,41.36,No,No,No internet,0,No,No,No,No,No,No,No,No,Two Year,Yes,Credit Card,20.4,107.6,0.0,0,248.16,355.76,Male,54,No,No,Yes,Yes,3,1,10.2,1,0,Promoter
5646,Yes,1,3,,Yes,31.61,Yes,Yes,Fiber Optic,20,No,Yes,No,No,No,Yes,Yes,No,Month-to-Month,Yes,Credit Card,91.5,242.95,0.0,10,94.83,347.78,Female,33,No,No,Yes,No,0,5,15.25,1,0,Detractor
3278,No,0,2,,No,0.0,No,Yes,DSL,11,No,No,No,No,No,No,No,Yes,Month-to-Month,No,Bank Withdrawal,24.35,41.85,0.0,0,0.0,41.85,Female,79,No,Yes,No,No,0,1,12.175,1,1,Detractor
4620,No,0,1,,Yes,21.52,No,Yes,Fiber Optic,25,No,No,No,No,No,No,No,Yes,Month-to-Month,No,Bank Withdrawal,69.7,69.7,0.0,0,21.52,91.22,Female,64,No,No,No,No,0,2,23.23333333333333,1,1,Detractor
3615,Yes,6,31,,Yes,25.04,No,Yes,DSL,71,No,No,Yes,Yes,No,No,No,Yes,Month-to-Month,No,Credit Card,54.35,1647.0,0.0,0,776.24,2423.24,Male,20,Yes,No,Yes,Yes,1,4,10.87,0,0,Detractor
4184,Yes,4,26,,Yes,12.71,No,No,No internet,0,No,No,No,No,No,No,No,No,Two Year,No,Credit Card,19.65,494.9,0.0,0,330.46000000000004,825.36,Female,40,No,No,Yes,Yes,2,1,9.825,0,0,Passive
5651,No,0,49,,Yes,35.65,No,Yes,DSL,3,No,No,No,No,No,No,No,Yes,Two Year,No,Credit Card,43.8,2106.05,20.45,0,1746.85,3832.45,Female,78,No,Yes,No,No,0,2,14.6,0,0,Promoter
6452,Yes,10,71,Offer A,Yes,10.11,Yes,Yes,DSL,59,Yes,Yes,Yes,Yes,Yes,Yes,Yes,Yes,Two Year,No,Bank Withdrawal,86.85,6263.8,0.0,0,717.81,6981.610000000001,Male,28,Yes,No,Yes,Yes,3,10,7.895454545454545,0,1,Passive
2953,No,0,13,,Yes,26.57,No,No,No internet,0,No,No,No,No,No,No,No,No,One Year,No,Mailed Check,20.2,273.25,0.0,0,345.41,618.6600000000001,Female,52,No,No,No,No,0,1,10.1,0,0,Promoter
3585,No,0,9,,Yes,35.49,No,Yes,Cable,11,No,No,Yes,Yes,Yes,Yes,Yes,Yes,Month-to-Month,Yes,Credit Card,72.9,651.4,0.0,0,319.41,970.81,Female,50,No,No,No,Yes,2,7,9.1125,1,0,Detractor
5141,Yes,7,69,Offer A,Yes,33.23,Yes,Yes,Fiber Optic,3,Yes,Yes,Yes,Yes,Yes,Yes,Yes,Yes,Two Year,No,Credit Card,113.25,7895.15,0.0,0,2292.87,10188.02,Female,48,No,No,Yes,No,0,10,10.295454545454543,0,0,Passive
4604,Yes,8,63,Offer B,Yes,12.96,Yes,Yes,Fiber Optic,7,Yes,No,No,Yes,No,No,No,No,Two Year,Yes,Credit Card,84.65,5377.8,0.0,20,816.48,6214.280000000001,Male,52,No,No,Yes,No,0,4,16.93,0,0,Passive
4865,Yes,1,49,,No,0.0,No,Yes,Cable,82,Yes,No,No,Yes,No,No,No,Yes,One Year,Yes,Credit Card,35.8,1782.0,0.0,0,0.0,1782.0,Female,19,Yes,No,Yes,No,0,3,8.95,0,0,Passive
3179,No,0,18,Offer D,Yes,11.33,Yes,Yes,Fiber Optic,52,No,No,No,No,Yes,Yes,Yes,Yes,Month-to-Month,Yes,Bank Withdrawal,95.45,1752.55,45.61,0,203.94,1910.88,Male,71,No,Yes,No,Yes,3,6,13.635714285714286,0,1,Detractor
4650,No,0,17,,Yes,4.38,No,No,No internet,0,No,No,No,No,No,No,No,No,One Year,No,Mailed Check,20.15,353.65,0.0,0,74.46,428.11,Female,35,No,No,No,No,0,1,10.075,0,0,Promoter
5755,No,0,3,,Yes,44.97,No,Yes,Fiber Optic,16,Yes,No,No,Yes,No,No,No,No,Month-to-Month,Yes,Credit Card,82.3,214.4,0.0,20,134.91,369.31,Male,61,No,No,No,No,0,3,20.575,1,0,Passive
4425,Yes,5,54,Offer B,Yes,32.56,Yes,Yes,Fiber Optic,16,No,Yes,Yes,Yes,Yes,Yes,No,Yes,Two Year,Yes,Bank Withdrawal,110.45,6077.75,0.0,0,1758.2400000000002,7835.99,Male,77,No,Yes,Yes,No,0,8,12.272222222222222,0,1,Passive
2334,Yes,7,35,,Yes,24.23,No,No,No internet,0,No,No,No,No,No,No,No,No,One Year,No,Bank Withdrawal,19.9,666.0,0.0,0,848.0500000000001,1514.0500000000002,Male,63,No,No,Yes,Yes,2,1,9.95,0,1,Detractor
4242,No,0,22,Offer D,Yes,48.07,No,Yes,Fiber Optic,18,No,Yes,Yes,Yes,No,Yes,Yes,Yes,Month-to-Month,Yes,Bank Withdrawal,94.95,2142.8,0.0,0,1057.54,3200.34,Male,37,No,No,No,No,0,7,11.86875,0,1,Promoter
3009,No,0,2,,Yes,49.91,No,No,No internet,0,No,No,No,No,No,No,No,No,Month-to-Month,No,Credit Card,19.3,44.4,0.0,0,99.82,144.22,Female,34,No,No,No,No,0,1,9.65,1,0,Detractor
5325,Yes,1,53,,Yes,30.09,Yes,Yes,Fiber Optic,12,No,No,No,No,Yes,Yes,No,Yes,One Year,Yes,Credit Card,95.85,5016.25,18.85,0,1594.77,6592.17,Female,69,No,Yes,Yes,No,0,5,15.975,0,0,Detractor
6041,No,0,59,Offer B,Yes,1.94,Yes,Yes,DSL,73,Yes,Yes,Yes,Yes,No,Yes,Yes,Yes,One Year,No,Credit Card,79.85,4786.1,0.0,0,114.46,4900.56,Female,26,Yes,No,No,No,0,9,7.984999999999999,0,0,Detractor
2518,No,0,27,,Yes,24.72,Yes,Yes,Fiber Optic,29,No,No,No,Yes,No,No,No,Yes,Month-to-Month,Yes,Bank Withdrawal,79.5,2180.55,0.0,0,667.4399999999999,2847.99,Male,35,No,No,No,No,0,4,15.9,0,1,Detractor
3970,Yes,7,39,,Yes,29.56,Yes,No,No internet,0,No,No,No,No,No,No,No,No,Two Year,Yes,Credit Card,23.8,903.8,0.0,0,1152.84,2056.64,Male,39,No,No,Yes,No,0,2,7.933333333333334,0,0,Promoter
4764,No,0,7,,Yes,7.32,No,No,No internet,0,No,No,No,No,No,No,No,No,Month-to-Month,No,Credit Card,19.3,144.95,0.0,0,51.24,196.19,Female,51,No,No,No,No,0,1,9.65,1,0,Promoter
3186,Yes,3,14,,Yes,10.74,No,Yes,DSL,59,Yes,Yes,No,No,No,Yes,Yes,No,Two Year,Yes,Bank Withdrawal,61.4,815.55,0.0,20,150.36,985.91,Male,20,Yes,No,Yes,Yes,1,5,10.233333333333333,0,1,Passive
4630,No,0,5,,No,0.0,No,Yes,DSL,59,No,Yes,No,No,Yes,Yes,Yes,Yes,Month-to-Month,Yes,Mailed Check,51.0,305.95,0.0,0,0.0,305.95,Male,20,Yes,No,No,No,0,5,8.5,1,0,Detractor
3339,Yes,1,22,Offer D,Yes,37.7,No,No,No internet,0,No,No,No,No,No,No,No,No,One Year,No,Bank Withdrawal,20.25,488.25,0.0,0,829.4000000000001,1317.65,Male,50,No,No,Yes,Yes,2,1,10.125,0,1,Detractor
3553,Yes,10,29,,Yes,32.03,No,Yes,Fiber Optic,16,Yes,No,Yes,No,No,Yes,Yes,Yes,One Year,No,Bank Withdrawal,90.1,2656.7,0.0,0,928.87,3585.57,Male,73,No,Yes,Yes,No,0,6,12.87142857142857,0,1,Detractor
6245,Yes,8,63,Offer B,Yes,24.5,Yes,No,No internet,0,No,No,No,No,No,No,No,No,Two Year,No,Credit Card,25.25,1573.05,0.0,0,1543.5,3116.55,Male,19,Yes,No,Yes,Yes,3,2,8.416666666666666,0,0,Promoter
2115,Yes,9,2,,Yes,22.23,Yes,Yes,Fiber Optic,13,No,No,No,No,Yes,No,No,Yes,Month-to-Month,Yes,Bank Withdrawal,84.05,134.05,0.0,0,44.46,178.51000000000002,Female,40,No,No,Yes,No,0,4,16.81,1,1,Promoter
3803,Yes,2,17,Offer D,Yes,10.11,Yes,Yes,Fiber Optic,2,No,Yes,Yes,No,Yes,Yes,Yes,Yes,Month-to-Month,Yes,Bank Withdrawal,102.55,1742.5,0.0,0,171.87,1914.37,Male,58,No,No,Yes,No,0,8,11.394444444444444,0,1,Promoter
3847,No,0,9,,Yes,22.88,No,Yes,Fiber Optic,23,No,No,No,No,Yes,No,No,Yes,Month-to-Month,Yes,Bank Withdrawal,77.65,714.15,0.0,0,205.92,920.07,Female,40,No,No,No,No,0,3,19.4125,1,1,Detractor
4078,Yes,8,67,Offer A,Yes,31.41,No,Yes,Fiber Optic,23,Yes,Yes,No,No,Yes,Yes,Yes,Yes,One Year,Yes,Credit Card,100.9,6733.15,0.0,0,2104.47,8837.619999999999,Male,40,No,No,Yes,No,0,7,12.6125,0,0,Detractor
2174,Yes,1,30,Offer C,Yes,6.23,No,Yes,Fiber Optic,4,No,Yes,Yes,No,No,No,No,Yes,Month-to-Month,Yes,Credit Card,79.65,2365.15,0.0,0,186.9,2552.05,Male,77,No,Yes,Yes,No,0,4,15.93,0,0,Detractor
5228,No,0,68,,Yes,49.42,Yes,Yes,Fiber Optic,7,Yes,Yes,Yes,No,No,Yes,Yes,Yes,Two Year,Yes,Bank Withdrawal,102.1,7149.35,0.0,0,3360.56,10509.91,Male,40,No,No,No,No,0,8,11.344444444444443,0,1,Detractor
5036,Yes,4,68,,Yes,11.94,No,Yes,DSL,3,Yes,Yes,Yes,No,No,Yes,Yes,Yes,Two Year,No,Bank Withdrawal,70.95,4741.45,0.0,0,811.92,5553.37,Male,56,No,No,Yes,No,0,7,8.86875,0,1,Detractor
5005,Yes,1,70,,Yes,17.45,Yes,Yes,Fiber Optic,20,No,Yes,Yes,No,Yes,Yes,No,Yes,Month-to-Month,Yes,Bank Withdrawal,102.95,7101.5,15.24,0,1221.5,8307.76,Male,69,No,Yes,Yes,No,0,7,12.86875,0,1,Detractor
5727,No,0,18,,Yes,12.67,Yes,Yes,Fiber Optic,23,No,No,No,Yes,Yes,No,No,Yes,Month-to-Month,Yes,Bank Withdrawal,88.35,1639.3,0.0,0,228.06,1867.36,Female,47,No,No,No,No,0,5,14.725,0,1,Detractor
2074,No,0,35,,Yes,20.83,Yes,Yes,Fiber Optic,19,No,No,Yes,No,Yes,Yes,No,No,Month-to-Month,Yes,Bank Withdrawal,99.05,3395.8,0.0,120,729.05,4244.85,Male,71,No,Yes,No,No,0,5,16.508333333333333,0,1,Detractor
4368,Yes,6,65,,Yes,32.08,Yes,Yes,Fiber Optic,8,Yes,No,No,No,Yes,Yes,No,Yes,One Year,Yes,Bank Withdrawal,100.75,6674.65,0.0,0,2085.2,8759.849999999999,Male,66,No,Yes,Yes,No,0,6,14.392857142857142,0,1,Detractor
5970,Yes,9,61,Offer B,Yes,13.35,Yes,No,No internet,0,No,No,No,No,No,No,No,No,Two Year,Yes,Credit Card,24.1,1551.6,0.0,0,814.35,2365.95,Female,23,Yes,No,Yes,No,0,2,8.033333333333333,0,0,Passive
4323,No,0,67,,Yes,47.46,No,Yes,DSL,20,Yes,Yes,No,Yes,No,Yes,Yes,Yes,Two Year,Yes,Credit Card,69.2,4671.65,0.0,0,3179.82,7851.469999999999,Male,59,No,No,Yes,No,0,7,8.65,0,0,Detractor
4516,No,0,49,Offer B,Yes,23.82,Yes,Yes,Fiber Optic,18,No,No,No,No,No,No,No,Yes,Month-to-Month,Yes,Bank Withdrawal,74.6,3720.35,0.0,0,1167.18,4887.53,Male,39,No,No,No,No,0,3,18.65,0,1,Promoter
3288,Yes,4,22,,No,0.0,No,Yes,DSL,19,No,Yes,No,No,Yes,No,No,No,Month-to-Month,No,Bank Withdrawal,39.2,849.9,0.0,50,0.0,899.9,Female,53,No,No,Yes,Yes,1,2,13.066666666666668,0,1,Passive
5689,No,0,26,Offer C,Yes,45.09,No,Yes,Fiber Optic,41,Yes,No,Yes,Yes,No,No,No,No,One Year,Yes,Credit Card,87.15,2274.1,0.0,20,1172.34,3466.44,Female,19,Yes,No,No,No,0,4,17.43,0,0,Detractor
4485,Yes,5,70,Offer A,Yes,48.57,No,No,No internet,0,No,No,No,No,No,No,No,No,Two Year,No,Credit Card,20.05,1360.25,0.0,0,3399.9,4760.15,Male,47,No,No,Yes,Yes,2,1,10.025,0,0,Detractor
4616,No,0,63,,Yes,9.21,Yes,Yes,Fiber Optic,28,No,Yes,No,No,No,Yes,Yes,No,One Year,No,Credit Card,90.45,5825.5,0.0,100,580.23,6505.73,Male,33,No,No,No,No,0,5,15.075,0,0,Detractor
4099,No,0,1,,Yes,41.28,No,No,No internet,0,No,No,No,No,No,No,No,No,Month-to-Month,No,Credit Card,19.75,19.75,0.0,0,41.28,61.03,Female,59,No,No,No,No,0,1,9.875,1,0,Promoter
2757,Yes,1,9,,Yes,36.94,No,Yes,Fiber Optic,16,No,Yes,No,Yes,Yes,Yes,Yes,Yes,Month-to-Month,Yes,Bank Withdrawal,101.5,906.85,0.0,0,332.46,1239.31,Male,33,No,No,Yes,Yes,1,7,12.6875,1,1,Detractor
4296,No,0,26,Offer C,No,0.0,No,Yes,Cable,82,Yes,No,No,Yes,Yes,Yes,Yes,Yes,One Year,No,Credit Card,54.55,1362.85,0.0,0,0.0,1362.85,Male,22,Yes,No,No,No,0,6,7.792857142857143,0,0,Passive
4571,No,0,10,,No,0.0,No,Yes,DSL,23,No,Yes,No,Yes,No,No,No,Yes,Month-to-Month,No,Bank Withdrawal,36.25,374.0,0.0,0,0.0,374.0,Female,33,No,No,No,No,0,3,9.0625,1,1,Detractor
2124,No,0,4,Offer E,Yes,30.07,No,Yes,Cable,29,No,No,No,No,No,No,No,Yes,Month-to-Month,No,Credit Card,44.55,220.75,0.0,0,120.28,341.03,Male,38,No,No,No,No,0,2,14.85,1,0,Detractor
4929,No,0,13,Offer D,Yes,19.17,No,Yes,Cable,59,Yes,No,No,No,No,No,Yes,Yes,Month-to-Month,Yes,Credit Card,52.1,670.65,0.0,0,249.21000000000004,919.86,Male,28,Yes,No,No,Yes,1,4,10.42,0,0,Detractor
4938,Yes,6,72,Offer A,Yes,46.16,Yes,Yes,Fiber Optic,14,Yes,No,Yes,Yes,Yes,Yes,Yes,Yes,Two Year,Yes,Credit Card,110.9,8240.85,0.0,0,3323.5199999999995,11564.37,Male,37,No,No,Yes,No,0,9,11.09,0,0,Detractor
2064,No,0,29,Offer C,Yes,28.83,Yes,Yes,DSL,47,No,Yes,Yes,No,No,Yes,Yes,Yes,One Year,No,Credit Card,70.9,1964.6,0.0,0,836.0699999999999,2800.67,Male,25,Yes,No,No,No,0,7,8.8625,0,0,Passive
4605,Yes,1,70,,Yes,33.74,Yes,Yes,Fiber Optic,24,No,Yes,No,Yes,Yes,Yes,No,Yes,One Year,Yes,Bank Withdrawal,105.55,7195.35,0.0,0,2361.8,9557.15,Female,72,No,Yes,Yes,No,0,7,13.19375,0,1,Passive
2511,No,0,24,,Yes,10.64,No,No,No internet,0,No,No,No,No,No,No,No,No,Two Year,Yes,Bank Withdrawal,19.55,470.2,0.0,0,255.36,725.56,Female,51,No,No,No,No,0,1,9.775,0,1,Promoter
2688,No,0,16,,Yes,32.11,Yes,Yes,Fiber Optic,14,No,No,No,No,Yes,Yes,No,Yes,Month-to-Month,Yes,Bank Withdrawal,96.4,1581.2,47.2,0,513.76,2047.76,Female,66,No,Yes,No,No,0,5,16.066666666666666,0,1,Detractor
5036,Yes,5,30,Offer C,Yes,6.19,No,Yes,Fiber Optic,21,No,Yes,Yes,No,No,No,No,No,Month-to-Month,No,Bank Withdrawal,82.05,2570.2,0.0,120,185.7,2875.9,Male,32,No,No,Yes,Yes,3,3,20.5125,0,1,Detractor
2277,No,0,18,,Yes,33.8,Yes,Yes,Cable,17,Yes,No,No,No,No,No,No,No,Month-to-Month,No,Credit Card,56.25,969.85,0.0,30,608.4,1608.25,Male,47,No,No,No,No,0,3,14.0625,0,0,Passive
4905,Yes,6,60,,Yes,32.5,No,Yes,Fiber Optic,13,Yes,No,No,Yes,Yes,Yes,Yes,Yes,Two Year,Yes,Bank Withdrawal,97.2,5611.75,0.0,0,1950.0,7561.75,Female,59,No,No,Yes,No,0,7,12.15,0,1,Passive
4428,No,0,3,,Yes,38.38,Yes,Yes,Fiber Optic,23,No,No,No,No,No,No,No,No,Month-to-Month,Yes,Bank Withdrawal,76.95,228.4,0.0,10,115.14,353.54,Male,44,No,No,No,No,0,2,25.65,1,1,Detractor
4123,No,0,15,,Yes,3.49,No,No,No internet,0,No,No,No,No,No,No,No,No,Month-to-Month,No,Credit Card,19.75,311.6,0.0,0,52.35,363.9500000000001,Male,35,No,No,No,No,0,1,9.875,0,0,Promoter
3160,Yes,6,1,,Yes,48.79,No,No,No internet,0,No,No,No,No,No,No,No,No,Month-to-Month,Yes,Credit Card,19.4,19.4,0.0,0,48.79,68.19,Female,58,No,No,Yes,Yes,2,1,9.7,1,0,Promoter
4559,Yes,9,58,,Yes,35.35,No,Yes,DSL,29,No,Yes,No,Yes,Yes,Yes,Yes,Yes,One Year,Yes,Credit Card,75.2,4300.8,0.0,0,2050.3,6351.1,Male,54,No,No,Yes,Yes,2,7,9.4,0,0,Passive
2815,Yes,1,18,,Yes,19.05,No,Yes,DSL,26,No,No,Yes,No,No,No,No,Yes,Month-to-Month,Yes,Mailed Check,49.55,878.35,0.0,0,342.90000000000003,1221.25,Male,53,No,No,Yes,No,0,3,12.3875,0,0,Detractor
2072,No,0,1,,Yes,46.21,No,Yes,Fiber Optic,58,No,No,No,No,No,No,Yes,Yes,Month-to-Month,Yes,Bank Withdrawal,69.6,69.6,0.0,0,46.21,115.81,Male,27,Yes,No,No,No,0,3,17.4,1,1,Detractor
6251,Yes,9,59,Offer B,Yes,14.98,Yes,Yes,Fiber Optic,19,Yes,Yes,Yes,Yes,Yes,Yes,Yes,Yes,Two Year,No,Bank Withdrawal,113.75,6561.25,0.0,0,883.82,7445.07,Male,34,No,No,Yes,No,0,10,10.340909090909092,0,1,Detractor
5535,Yes,9,24,,Yes,8.67,Yes,Yes,Cable,10,Yes,No,No,No,Yes,Yes,Yes,Yes,One Year,No,Credit Card,74.8,1821.2,0.0,0,208.08,2029.28,Male,57,No,No,Yes,Yes,1,7,9.35,0,0,Passive
5979,Yes,4,70,,Yes,28.54,Yes,Yes,Fiber Optic,23,No,Yes,Yes,Yes,Yes,Yes,Yes,Yes,Two Year,Yes,Bank Withdrawal,110.5,7752.05,0.0,0,1997.8,9749.85,Female,41,No,No,Yes,No,0,9,11.05,0,1,Passive
6182,Yes,1,69,Offer A,Yes,49.16,Yes,Yes,DSL,48,No,Yes,Yes,Yes,Yes,Yes,Yes,Yes,Two Year,Yes,Bank Withdrawal,81.95,5601.4,0.0,0,3392.04,8993.439999999999,Male,20,Yes,No,Yes,Yes,2,9,8.195,0,1,Promoter
2055,Yes,1,15,,Yes,40.7,Yes,Yes,Fiber Optic,29,No,No,Yes,No,Yes,Yes,Yes,Yes,Month-to-Month,Yes,Bank Withdrawal,101.1,1504.05,0.0,0,610.5,2114.55,Male,62,No,No,Yes,No,0,7,12.6375,0,1,Detractor
4770,No,0,36,,Yes,46.92,Yes,Yes,DSL,5,No,No,Yes,No,No,No,No,No,One Year,No,Bank Withdrawal,55.8,1941.5,0.0,70,1689.12,3700.62,Female,38,No,No,No,No,0,3,13.95,0,1,Detractor
4804,Yes,5,61,Offer B,Yes,18.26,Yes,Yes,Fiber Optic,19,Yes,Yes,Yes,No,No,Yes,Yes,No,One Year,Yes,Credit Card,100.7,6018.65,0.0,90,1113.86,7222.51,Female,60,No,No,Yes,Yes,1,7,12.5875,0,0,Detractor
5193,Yes,8,11,,Yes,28.64,Yes,Yes,Fiber Optic,22,No,No,No,No,No,No,No,Yes,One Year,Yes,Credit Card,75.2,775.3,0.0,0,315.04,1090.34,Male,65,No,Yes,Yes,Yes,1,3,18.8,1,0,Promoter
2814,Yes,1,17,Offer D,Yes,29.87,Yes,Yes,DSL,53,No,Yes,Yes,Yes,No,No,No,Yes,Month-to-Month,Yes,Mailed Check,66.7,1077.05,0.0,0,507.79,1584.84,Male,48,No,No,Yes,Yes,3,6,9.528571428571428,0,0,Detractor
2562,Yes,7,12,Offer D,No,0.0,No,Yes,DSL,73,No,Yes,No,Yes,No,No,No,Yes,Month-to-Month,No,Mailed Check,35.5,432.25,0.0,0,0.0,432.25,Male,19,Yes,No,Yes,Yes,3,3,8.875,1,0,Passive
5447,Yes,7,51,,Yes,20.47,Yes,No,No internet,0,No,No,No,No,No,No,No,No,Two Year,No,Mailed Check,25.5,1281.25,0.0,0,1043.97,2325.2200000000003,Female,59,No,No,Yes,No,0,2,8.5,0,0,Promoter
3533,Yes,2,7,,Yes,21.37,Yes,Yes,Fiber Optic,21,No,No,No,No,No,No,No,Yes,Month-to-Month,Yes,Bank Withdrawal,75.4,533.05,0.0,0,149.59,682.64,Male,80,No,Yes,Yes,No,0,3,18.85,1,1,Passive
6098,Yes,1,59,Offer B,Yes,10.76,Yes,Yes,Fiber Optic,5,No,No,Yes,No,Yes,Yes,Yes,Yes,One Year,Yes,Bank Withdrawal,99.5,5961.1,0.0,0,634.84,6595.9400000000005,Male,33,No,No,Yes,No,0,7,12.4375,0,1,Detractor
5141,Yes,1,50,,Yes,31.83,No,Yes,Cable,47,Yes,No,No,Yes,Yes,Yes,Yes,No,One Year,No,Bank Withdrawal,75.5,4025.6,0.0,100,1591.5,5717.1,Male,29,Yes,No,Yes,Yes,1,6,10.785714285714286,0,1,Detractor
5965,No,0,2,Offer E,Yes,25.56,Yes,Yes,Fiber Optic,6,No,Yes,No,No,No,No,No,Yes,Month-to-Month,No,Bank Withdrawal,79.55,151.75,0.0,0,51.12,202.87,Female,45,No,No,No,No,0,4,15.91,1,1,Passive
5834,No,0,4,Offer E,Yes,40.15,No,Yes,DSL,19,No,No,No,No,No,Yes,Yes,No,Month-to-Month,No,Bank Withdrawal,54.3,195.3,0.0,80,160.6,435.9,Male,64,No,No,No,No,0,3,13.575,1,1,Detractor
2659,No,0,13,Offer D,Yes,35.96,Yes,Yes,Fiber Optic,42,No,No,No,No,No,Yes,Yes,Yes,Month-to-Month,Yes,Bank Withdrawal,84.6,1115.2,0.0,0,467.48,1582.68,Female,27,Yes,No,No,No,0,5,14.1,0,1,Detractor
3483,Yes,3,29,,Yes,5.39,Yes,Yes,Fiber Optic,17,No,No,No,No,No,No,No,Yes,Month-to-Month,Yes,Bank Withdrawal,74.95,2149.05,0.0,0,156.31,2305.36,Female,62,No,No,Yes,No,0,3,18.7375,0,1,Promoter
3501,No,0,3,,Yes,41.9,Yes,Yes,Fiber Optic,11,No,Yes,No,No,No,No,No,Yes,Month-to-Month,Yes,Bank Withdrawal,79.4,205.05,0.0,0,125.7,330.75,Female,75,No,Yes,No,No,0,4,15.88,1,1,Detractor
3545,No,0,12,Offer D,Yes,35.8,Yes,Yes,Fiber Optic,25,Yes,No,No,No,No,No,No,Yes,Month-to-Month,Yes,Bank Withdrawal,78.3,909.25,0.0,0,429.6,1338.85,Female,34,No,No,No,No,0,4,15.66,1,1,Detractor
3937,Yes,10,17,,Yes,32.27,Yes,Yes,Cable,28,Yes,No,No,Yes,No,No,No,Yes,One Year,Yes,Credit Card,62.1,1096.65,0.0,0,548.59,1645.2400000000002,Male,58,No,No,Yes,Yes,3,5,10.35,0,0,Detractor
3103,No,0,1,Offer E,Yes,9.82,No,Yes,Cable,13,No,No,No,No,No,No,No,Yes,Month-to-Month,No,Bank Withdrawal,44.15,44.15,0.0,0,9.82,53.97,Female,45,No,No,No,No,0,2,14.716666666666669,1,1,Passive
4733,No,0,53,,Yes,14.54,Yes,Yes,Cable,18,No,Yes,Yes,Yes,Yes,Yes,Yes,Yes,One Year,Yes,Bank Withdrawal,84.6,4449.75,0.0,0,770.62,5220.37,Female,55,No,No,No,Yes,2,9,8.459999999999999,0,1,Promoter
4592,Yes,9,72,,Yes,16.05,No,Yes,Cable,46,Yes,Yes,Yes,Yes,Yes,Yes,Yes,Yes,Two Year,Yes,Bank Withdrawal,83.7,6096.9,0.0,0,1155.6,7252.5,Female,25,Yes,No,Yes,No,0,9,8.370000000000001,0,1,Detractor
5501,No,0,7,,Yes,27.46,No,Yes,Fiber Optic,4,No,No,No,No,No,No,No,Yes,Month-to-Month,Yes,Bank Withdrawal,69.85,515.45,0.0,0,192.22,707.6700000000001,Female,61,No,No,No,No,0,2,23.28333333333333,1,1,Detractor
5796,No,0,24,,Yes,33.97,No,Yes,DSL,22,Yes,No,No,No,No,No,No,Yes,Month-to-Month,Yes,Bank Withdrawal,51.15,1275.7,0.0,0,815.28,2090.98,Male,60,No,No,No,No,0,3,12.7875,0,1,Detractor
5611,No,0,13,Offer D,Yes,26.63,No,Yes,DSL,27,No,No,No,No,No,No,Yes,Yes,Month-to-Month,No,Credit Card,44.0,659.35,0.0,0,346.19,1005.54,Male,20,Yes,No,No,Yes,1,3,11.0,0,0,Detractor
4713,No,0,18,Offer D,Yes,37.53,No,No,No internet,0,No,No,No,No,No,No,No,No,One Year,No,Bank Withdrawal,20.35,369.6,0.0,0,675.54,1045.14,Female,77,No,Yes,No,No,0,1,10.175,0,1,Passive
5643,Yes,2,71,,Yes,23.06,No,Yes,Cable,6,Yes,Yes,Yes,Yes,Yes,Yes,Yes,Yes,One Year,Yes,Bank Withdrawal,84.8,6046.1,0.0,0,1637.26,7683.360000000001,Female,50,No,No,Yes,No,0,9,8.48,0,1,Detractor
3718,No,0,5,Offer E,Yes,20.2,No,Yes,Fiber Optic,23,No,No,No,No,Yes,No,No,No,Month-to-Month,Yes,Credit Card,81.0,389.6,0.0,10,101.0,500.6,Female,61,No,No,No,No,0,2,27.0,1,0,Detractor
4158,Yes,1,24,Offer C,Yes,4.47,No,No,No internet,0,No,No,No,No,No,No,No,No,One Year,No,Credit Card,19.9,533.5,0.0,0,107.28,640.78,Female,38,No,No,Yes,Yes,3,1,9.95,0,0,Passive
5957,No,0,71,Offer A,Yes,49.52,Yes,Yes,Fiber Optic,19,Yes,Yes,Yes,Yes,Yes,Yes,Yes,Yes,Two Year,No,Credit Card,111.3,7985.9,0.0,0,3515.92,11501.82,Female,55,No,No,No,No,0,10,10.118181818181816,0,0,Detractor
5811,No,0,9,Offer E,Yes,24.85,No,Yes,Fiber Optic,15,No,No,No,No,No,Yes,No,No,Two Year,Yes,Bank Withdrawal,79.55,718.55,0.0,10,223.65,952.2,Male,73,No,Yes,No,No,0,2,26.516666666666666,1,1,Promoter
2673,Yes,10,42,Offer B,No,0.0,No,Yes,Cable,8,Yes,No,Yes,Yes,Yes,No,No,Yes,Two Year,No,Credit Card,48.15,2032.3,0.0,0,0.0,2032.3,Male,48,No,No,Yes,No,0,5,8.025,0,0,Passive
3192,Yes,1,25,,Yes,25.87,Yes,Yes,Cable,76,No,No,No,No,Yes,No,No,No,Month-to-Month,No,Bank Withdrawal,60.35,1404.65,0.0,10,646.75,2061.4,Male,55,No,No,Yes,Yes,3,3,15.0875,0,1,Passive
2335,No,0,16,,Yes,12.92,No,Yes,Fiber Optic,12,No,No,No,No,Yes,No,No,No,Month-to-Month,Yes,Bank Withdrawal,81.0,1312.15,0.0,0,206.72,1518.87,Female,40,No,No,No,No,0,2,27.0,0,1,Detractor
3493,Yes,7,28,,Yes,43.36,Yes,No,No internet,0,No,No,No,No,No,No,No,No,One Year,No,Mailed Check,25.55,672.2,0.0,0,1214.08,1886.28,Female,22,Yes,No,Yes,No,0,2,8.516666666666667,0,0,Detractor
3715,No,0,19,,Yes,16.78,Yes,Yes,Fiber Optic,15,No,No,Yes,No,No,No,No,Yes,Month-to-Month,Yes,Bank Withdrawal,79.85,1471.75,0.0,0,318.82000000000005,1790.5700000000002,Male,67,No,Yes,No,No,0,4,15.97,0,1,Detractor
2813,No,0,3,,Yes,17.01,No,Yes,Fiber Optic,28,No,Yes,No,No,Yes,Yes,Yes,Yes,Month-to-Month,No,Bank Withdrawal,95.4,293.15,0.0,0,51.03,344.17999999999995,Female,52,No,No,No,No,0,6,13.62857142857143,1,1,Detractor
2469,No,0,48,,No,0.0,No,Yes,Cable,23,Yes,Yes,No,No,Yes,No,No,Yes,Month-to-Month,Yes,Bank Withdrawal,44.8,2104.55,0.0,0,0.0,2104.55,Female,62,No,No,No,No,0,4,8.959999999999999,0,1,Detractor
4221,Yes,3,61,,Yes,46.27,No,No,No internet,0,No,No,No,No,No,No,No,No,Month-to-Month,Yes,Credit Card,19.4,1182.55,0.0,0,2822.4700000000003,4005.02,Female,22,Yes,No,Yes,No,0,1,9.7,0,0,Detractor
4205,No,0,1,Offer E,Yes,5.36,No,No,No internet,0,No,No,No,No,No,No,No,No,Month-to-Month,Yes,Credit Card,19.6,19.6,0.0,0,5.36,24.96,Female,24,Yes,No,No,No,0,1,9.8,1,0,Detractor
3363,No,0,13,,Yes,4.45,Yes,Yes,Fiber Optic,25,No,No,No,No,No,Yes,No,Yes,Month-to-Month,Yes,Bank Withdrawal,82.0,1127.2,0.0,0,57.85,1185.05,Female,79,No,Yes,No,No,0,4,16.4,0,1,Detractor
6453,Yes,1,63,,Yes,37.12,Yes,Yes,Fiber Optic,18,Yes,Yes,Yes,No,Yes,Yes,Yes,Yes,Two Year,No,Credit Card,108.5,6991.9,0.0,0,2338.56,9330.46,Male,73,No,Yes,Yes,No,0,9,10.85,0,0,Passive
3162,No,0,1,,Yes,20.26,Yes,No,No internet,0,No,No,No,No,No,No,No,No,Month-to-Month,Yes,Mailed Check,24.05,24.05,0.0,0,20.26,44.31,Male,21,Yes,No,No,No,0,2,8.016666666666667,1,0,Detractor
2524,No,0,40,Offer B,Yes,32.27,No,Yes,Fiber Optic,69,No,Yes,No,Yes,No,Yes,Yes,Yes,One Year,Yes,Credit Card,89.6,3488.15,0.0,0,1290.8000000000002,4778.950000000001,Male,30,No,No,No,No,0,6,12.8,0,0,Passive
4741,No,0,38,Offer C,Yes,3.95,Yes,Yes,Fiber Optic,21,No,No,Yes,Yes,Yes,No,No,Yes,One Year,No,Bank Withdrawal,95.0,3605.6,0.0,0,150.1,3755.7,Male,34,No,No,No,No,0,6,13.571428571428571,0,1,Promoter
6202,Yes,4,72,Offer A,Yes,44.0,Yes,Yes,Fiber Optic,20,No,No,No,No,No,Yes,Yes,Yes,Two Year,Yes,Credit Card,84.5,6130.85,0.0,0,3168.0,9298.85,Male,62,No,No,Yes,Yes,2,5,14.083333333333334,0,0,Promoter
5504,Yes,1,66,Offer A,Yes,20.07,Yes,Yes,Fiber Optic,85,No,Yes,No,Yes,Yes,Yes,Yes,Yes,One Year,Yes,Bank Withdrawal,104.05,6890.0,0.0,0,1324.62,8214.62,Male,23,Yes,No,Yes,No,0,8,11.56111111111111,0,1,Detractor
4810,No,0,10,,Yes,26.43,Yes,Yes,Fiber Optic,13,No,Yes,Yes,No,No,Yes,Yes,Yes,Month-to-Month,Yes,Bank Withdrawal,95.25,1021.55,0.0,0,264.3,1285.85,Male,35,No,No,No,No,0,7,11.90625,1,1,Detractor
4417,Yes,3,4,Offer E,Yes,9.56,Yes,Yes,Fiber Optic,48,No,No,Yes,No,Yes,Yes,Yes,Yes,Month-to-Month,No,Bank Withdrawal,101.15,385.9,0.0,0,38.24,424.14,Male,21,Yes,No,Yes,No,0,7,12.64375,1,1,Detractor
5409,Yes,1,11,,Yes,15.04,Yes,No,No internet,0,No,No,No,No,No,No,No,No,Two Year,No,Credit Card,25.0,300.7,0.0,0,165.44,466.14,Female,50,No,No,Yes,Yes,2,2,8.333333333333334,1,0,Passive
6383,Yes,8,67,Offer A,Yes,17.79,Yes,Yes,Fiber Optic,22,No,No,Yes,Yes,Yes,Yes,Yes,Yes,Two Year,Yes,Bank Withdrawal,105.65,6717.9,0.0,0,1191.9299999999998,7909.83,Female,45,No,No,Yes,Yes,3,8,11.738888888888887,0,1,Promoter
3794,Yes,5,23,Offer D,Yes,12.88,No,Yes,DSL,41,Yes,Yes,No,Yes,No,No,No,Yes,One Year,Yes,Credit Card,57.75,1282.85,0.0,0,296.24,1579.09,Female,30,No,No,Yes,No,0,5,9.625,0,0,Detractor
4818,No,0,15,,Yes,23.56,No,No,No internet,0,No,No,No,No,No,No,No,No,One Year,No,Credit Card,19.65,270.6,0.0,0,353.4,624.0,Female,36,No,No,No,No,0,1,9.825,0,0,Promoter
4700,Yes,5,53,,Yes,24.33,No,Yes,Fiber Optic,52,No,Yes,No,Yes,Yes,No,No,Yes,Month-to-Month,Yes,Bank Withdrawal,92.55,4779.45,0.0,0,1289.49,6068.94,Male,25,Yes,No,Yes,Yes,2,5,15.425,0,1,Detractor
4623,Yes,4,9,,Yes,12.59,No,Yes,Cable,76,No,Yes,No,No,No,No,No,Yes,Month-to-Month,No,Credit Card,50.85,466.6,0.0,0,113.31,579.9100000000001,Female,19,Yes,No,Yes,No,0,3,12.7125,1,0,Passive
4136,No,0,34,Offer C,Yes,36.52,No,No,No internet,0,No,No,No,No,No,No,No,No,Month-to-Month,No,Credit Card,19.7,675.6,0.0,0,1241.68,1917.28,Male,31,No,No,No,No,0,1,9.85,0,0,Detractor
2452,No,0,12,Offer D,Yes,15.97,No,Yes,Fiber Optic,19,Yes,No,No,No,Yes,No,No,Yes,One Year,Yes,Credit Card,85.15,979.05,0.0,0,191.64,1170.69,Female,61,No,No,No,No,0,4,17.03,1,0,Passive
5765,No,0,10,Offer D,Yes,45.56,No,Yes,DSL,17,No,Yes,No,No,No,No,No,Yes,Month-to-Month,No,Bank Withdrawal,51.2,498.25,0.0,0,455.6,953.85,Female,44,No,No,No,No,0,3,12.8,1,1,Passive
5294,No,0,69,Offer A,Yes,36.5,Yes,No,No internet,0,No,No,No,No,No,No,No,No,Two Year,No,Credit Card,24.6,1678.05,28.42,0,2518.5,4168.13,Female,24,Yes,No,No,No,0,2,8.200000000000001,0,0,Promoter
2515,No,0,24,,Yes,2.33,No,Yes,DSL,2,No,No,No,Yes,No,No,No,Yes,Month-to-Month,Yes,Credit Card,51.1,1269.6,0.0,0,55.92,1325.52,Male,45,No,No,No,No,0,3,12.775,0,0,Promoter
3306,Yes,2,4,Offer E,No,0.0,No,Yes,DSL,13,Yes,No,No,No,No,No,No,Yes,Month-to-Month,Yes,Bank Withdrawal,29.05,129.6,0.0,0,0.0,129.6,Female,40,No,No,Yes,No,0,2,9.683333333333334,1,1,Detractor
2657,No,0,4,,No,0.0,No,Yes,DSL,2,Yes,No,No,No,No,No,No,No,Month-to-Month,Yes,Credit Card,29.15,110.05,0.0,10,0.0,120.05,Female,53,No,No,No,No,0,1,14.575,1,0,Passive
5084,No,0,8,,Yes,11.57,No,Yes,Fiber Optic,27,Yes,No,No,Yes,Yes,Yes,Yes,Yes,Month-to-Month,No,Credit Card,100.3,832.35,0.0,0,92.56,924.91,Male,66,No,Yes,No,No,0,7,12.5375,1,0,Detractor
5667,Yes,5,60,,Yes,14.0,No,Yes,Cable,42,No,Yes,Yes,Yes,Yes,Yes,Yes,Yes,Two Year,Yes,Bank Withdrawal,80.6,4946.7,0.0,0,840.0,5786.7,Female,26,Yes,No,Yes,No,0,8,8.955555555555556,0,1,Promoter
5511,Yes,9,16,,Yes,23.31,No,Yes,DSL,27,Yes,No,Yes,No,Yes,No,No,Yes,Two Year,No,Credit Card,64.25,1024.0,0.0,0,372.96,1396.96,Male,38,No,No,Yes,No,0,5,10.708333333333334,0,0,Passive
4296,No,0,71,Offer A,Yes,17.9,Yes,Yes,Fiber Optic,21,Yes,Yes,Yes,Yes,Yes,Yes,Yes,Yes,Two Year,Yes,Bank Withdrawal,118.65,8477.6,0.0,0,1270.9,9748.5,Female,58,No,No,No,No,0,10,10.786363636363635,0,1,Detractor
2567,No,0,1,,Yes,35.01,Yes,Yes,Fiber Optic,52,No,No,No,No,No,No,No,Yes,Month-to-Month,No,Bank Withdrawal,76.0,76.0,0.0,0,35.01,111.01,Female,20,Yes,No,No,No,0,3,19.0,1,1,Detractor
5985,No,0,13,Offer D,Yes,44.43,Yes,Yes,Fiber Optic,41,No,No,No,Yes,Yes,Yes,Yes,No,Month-to-Month,No,Bank Withdrawal,100.75,1313.25,0.0,120,577.59,2010.84,Male,29,Yes,No,No,No,0,6,14.392857142857142,0,1,Detractor
2975,No,0,1,,Yes,16.37,Yes,Yes,Fiber Optic,7,No,No,No,No,No,Yes,Yes,Yes,Month-to-Month,Yes,Bank Withdrawal,85.05,85.05,0.0,0,16.37,101.42,Female,68,No,Yes,No,No,0,5,14.175,1,1,Detractor
4840,No,0,1,,Yes,29.1,No,No,No internet,0,No,No,No,No,No,No,No,No,Month-to-Month,No,Credit Card,19.85,19.85,0.0,0,29.1,48.95,Male,63,No,No,No,Yes,2,1,9.925,1,0,Detractor
2051,No,0,1,,Yes,17.61,No,No,No internet,0,No,No,No,No,No,No,No,No,Month-to-Month,No,Bank Withdrawal,19.95,19.95,0.0,0,17.61,37.56,Male,62,No,No,No,No,0,1,9.975,1,1,Detractor
5715,No,0,5,Offer E,Yes,5.78,No,Yes,Fiber Optic,52,No,No,No,No,Yes,No,No,No,Month-to-Month,Yes,Bank Withdrawal,80.6,415.55,36.44,40,28.9,448.01,Male,30,No,No,No,No,0,2,26.866666666666664,1,1,Detractor
5394,No,0,24,,Yes,4.82,No,Yes,DSL,16,No,No,Yes,No,No,No,No,Yes,Month-to-Month,Yes,Credit Card,49.3,1233.25,0.0,0,115.68,1348.93,Female,34,No,No,No,No,0,3,12.325,0,0,Promoter
5067,No,0,13,,Yes,30.88,No,Yes,Fiber Optic,3,No,Yes,Yes,No,No,No,No,Yes,Month-to-Month,Yes,Bank Withdrawal,79.8,973.45,0.0,0,401.44,1374.89,Male,61,No,No,No,No,0,4,15.96,0,1,Detractor
2207,No,0,1,Offer E,Yes,33.32,No,Yes,DSL,48,No,No,No,No,No,Yes,Yes,No,Month-to-Month,No,Mailed Check,55.55,55.55,0.0,30,33.32,118.87,Male,23,Yes,No,No,No,0,3,13.8875,1,0,Promoter
5463,No,0,28,Offer C,No,0.0,No,Yes,DSL,14,No,No,Yes,No,No,No,No,Yes,Month-to-Month,Yes,Credit Card,29.75,790.7,0.0,0,0.0,790.7,Female,35,No,No,No,No,0,2,9.916666666666666,0,0,Promoter
5403,No,0,9,Offer E,Yes,49.74,No,No,No internet,0,No,No,No,No,No,No,No,No,Month-to-Month,Yes,Credit Card,18.95,185.6,0.0,0,447.66,633.26,Male,59,No,No,No,No,0,1,9.475,1,0,Detractor
4272,Yes,10,9,,Yes,12.55,No,No,No internet,0,No,No,No,No,No,No,No,No,One Year,No,Credit Card,20.25,172.35,0.0,0,112.95,285.3,Female,59,No,No,Yes,Yes,3,1,10.125,1,0,Promoter
3044,No,0,10,,Yes,7.86,No,No,No internet,0,No,No,No,No,No,No,No,No,One Year,Yes,Bank Withdrawal,19.95,219.5,0.0,0,78.60000000000001,298.1,Male,22,Yes,No,No,Yes,1,1,9.975,1,1,Promoter
5494,Yes,5,1,,Yes,42.99,No,Yes,Fiber Optic,59,No,Yes,No,No,No,No,No,Yes,Month-to-Month,No,Credit Card,74.6,74.6,0.0,0,42.99,117.59,Male,28,Yes,No,Yes,Yes,1,3,18.65,1,0,Promoter
3849,No,0,8,Offer E,Yes,3.27,Yes,Yes,Fiber Optic,6,No,Yes,No,No,Yes,Yes,Yes,Yes,Month-to-Month,No,Bank Withdrawal,100.85,819.55,0.0,0,26.16,845.7099999999999,Male,56,No,No,No,No,0,7,12.60625,1,1,Detractor
2578,No,0,1,Offer E,Yes,7.99,Yes,Yes,Fiber Optic,30,No,No,No,No,Yes,Yes,Yes,Yes,Month-to-Month,Yes,Bank Withdrawal,93.3,93.3,0.0,0,7.99,101.29,Male,59,No,No,No,No,0,6,13.328571428571427,1,1,Detractor
3408,Yes,1,1,,Yes,41.1,No,Yes,DSL,18,No,No,No,No,No,No,No,Yes,Month-to-Month,No,Bank Withdrawal,44.55,44.55,0.0,0,41.1,85.65,Male,48,No,No,Yes,Yes,2,2,14.85,1,1,Passive
5056,No,0,56,Offer B,Yes,24.77,Yes,Yes,Fiber Optic,51,Yes,Yes,No,No,Yes,Yes,Yes,Yes,Month-to-Month,Yes,Credit Card,106.6,5893.95,0.0,0,1387.12,7281.07,Female,25,Yes,No,No,No,0,8,11.844444444444443,0,0,Passive
2639,No,0,24,,Yes,34.24,No,No,No internet,0,No,No,No,No,No,No,No,No,Two Year,No,Mailed Check,19.75,498.1,0.0,0,821.76,1319.86,Female,57,No,No,No,Yes,1,1,9.875,0,0,Detractor
4347,Yes,9,26,,Yes,43.84,No,No,No internet,0,No,No,No,No,No,No,No,No,Two Year,Yes,Credit Card,19.15,515.75,0.0,0,1139.84,1655.59,Male,45,No,No,Yes,Yes,2,1,9.575,0,0,Promoter
5314,Yes,6,56,Offer B,Yes,37.58,Yes,Yes,DSL,26,Yes,Yes,No,Yes,No,Yes,Yes,Yes,Two Year,Yes,Credit Card,75.85,4261.2,0.0,0,2104.48,6365.68,Male,33,No,No,Yes,Yes,1,8,8.427777777777777,0,0,Detractor
2088,No,0,3,,Yes,12.05,No,No,No internet,0,No,No,No,No,No,No,No,No,One Year,No,Credit Card,21.2,52.05,0.0,0,36.150000000000006,88.2,Male,40,No,No,No,No,0,1,10.6,1,0,Promoter
3411,Yes,8,28,,Yes,7.73,No,Yes,Fiber Optic,13,No,Yes,Yes,No,Yes,Yes,Yes,Yes,One Year,No,Bank Withdrawal,100.35,2799.0,0.0,0,216.44,3015.44,Male,39,No,No,Yes,Yes,2,7,12.54375,0,1,Detractor
4076,Yes,1,6,Offer E,Yes,34.7,No,Yes,DSL,51,Yes,No,No,No,No,No,No,Yes,Month-to-Month,Yes,Bank Withdrawal,49.15,295.65,0.0,0,208.2,503.85,Male,48,No,No,Yes,Yes,3,3,12.2875,1,1,Detractor
5295,Yes,5,71,,Yes,44.06,Yes,Yes,Fiber Optic,6,Yes,Yes,Yes,No,Yes,No,No,No,Two Year,Yes,Bank Withdrawal,99.0,6994.6,0.0,40,3128.26,10162.86,Male,50,No,No,Yes,No,0,6,14.142857142857142,0,1,Detractor
4661,No,0,47,,Yes,16.83,Yes,Yes,Fiber Optic,12,No,Yes,Yes,No,No,No,No,Yes,Month-to-Month,Yes,Bank Withdrawal,85.2,3969.35,0.0,0,791.0099999999999,4760.36,Female,78,No,Yes,No,No,0,5,14.2,0,1,Detractor
2871,Yes,8,14,Offer D,Yes,2.96,Yes,Yes,DSL,76,Yes,Yes,No,No,No,Yes,Yes,Yes,Month-to-Month,No,Credit Card,69.2,944.65,0.0,0,41.44,986.09,Male,52,No,No,Yes,Yes,3,7,8.65,0,0,Detractor
2140,No,0,4,Offer E,Yes,42.8,No,Yes,Fiber Optic,28,No,No,No,No,Yes,No,No,No,Month-to-Month,No,Bank Withdrawal,77.85,299.2,0.0,10,171.2,480.4,Male,48,No,No,No,No,0,2,25.95,1,1,Detractor
6285,Yes,1,51,Offer B,No,0.0,No,Yes,DSL,21,No,Yes,No,No,No,No,No,Yes,Month-to-Month,Yes,Credit Card,29.45,1459.35,0.0,0,0.0,1459.35,Male,71,No,Yes,Yes,No,0,2,9.816666666666666,0,0,Passive
5913,Yes,1,49,Offer B,No,0.0,No,Yes,DSL,21,No,Yes,No,Yes,Yes,Yes,Yes,Yes,One Year,Yes,Credit Card,56.3,2780.6,0.0,0,0.0,2780.6,Female,51,No,No,Yes,No,0,6,8.042857142857143,0,0,Promoter
3129,No,0,1,,Yes,11.96,No,No,No internet,0,No,No,No,No,No,No,No,No,Month-to-Month,No,Credit Card,19.8,19.8,0.0,0,11.96,31.76,Female,50,No,No,No,No,0,1,9.9,1,0,Promoter
6024,No,0,70,Offer A,Yes,47.27,Yes,Yes,Cable,3,No,Yes,Yes,Yes,Yes,No,No,Yes,Two Year,Yes,Bank Withdrawal,75.5,5212.65,0.0,0,3308.9,8521.55,Female,79,No,Yes,No,No,0,7,9.4375,0,1,Passive
4156,Yes,8,68,,Yes,20.15,Yes,Yes,DSL,16,Yes,Yes,Yes,No,Yes,No,No,Yes,One Year,Yes,Credit Card,73.0,5163.0,0.0,0,1370.1999999999998,6533.2,Female,47,No,No,Yes,Yes,2,7,9.125,0,0,Passive
5692,No,0,36,Offer C,Yes,23.33,Yes,Yes,Fiber Optic,23,Yes,No,No,No,Yes,No,No,Yes,Month-to-Month,Yes,Bank Withdrawal,90.85,3186.7,0.0,0,839.8799999999999,4026.58,Male,69,No,Yes,No,No,0,5,15.141666666666666,0,1,Detractor
5963,No,0,23,Offer D,Yes,16.28,Yes,Yes,Fiber Optic,2,No,No,Yes,Yes,Yes,Yes,Yes,Yes,Month-to-Month,Yes,Credit Card,104.05,2470.1,0.0,0,374.44000000000005,2844.54,Male,49,No,No,No,No,0,8,11.56111111111111,0,0,Detractor
4399,No,0,48,,Yes,33.68,No,No,No internet,0,No,No,No,No,No,No,No,No,Two Year,No,Credit Card,20.15,982.95,0.0,0,1616.64,2599.59,Male,41,No,No,No,No,0,1,10.075,0,0,Promoter
5028,Yes,1,72,Offer A,Yes,20.63,Yes,Yes,DSL,26,Yes,Yes,Yes,Yes,Yes,Yes,Yes,Yes,Two Year,Yes,Credit Card,90.8,6397.6,0.0,0,1485.36,7882.96,Male,64,No,No,Yes,Yes,2,10,8.254545454545454,0,0,Passive
5962,No,0,1,,Yes,5.59,Yes,Yes,Fiber Optic,2,No,No,No,No,Yes,Yes,Yes,Yes,Month-to-Month,Yes,Bank Withdrawal,95.45,95.45,0.0,0,5.59,101.04,Male,56,No,No,No,No,0,6,13.635714285714286,1,1,Detractor
5000,No,0,3,Offer E,Yes,13.28,No,No,No internet,0,No,No,No,No,No,No,No,No,Month-to-Month,Yes,Credit Card,19.6,59.75,0.0,0,39.84,99.59,Female,38,No,No,No,No,0,1,9.8,1,0,Detractor
4584,Yes,1,32,,Yes,5.99,Yes,Yes,Fiber Optic,23,No,No,No,No,No,Yes,Yes,Yes,Month-to-Month,Yes,Bank Withdrawal,85.0,2642.05,49.57,0,191.68,2784.16,Male,69,No,Yes,Yes,No,0,5,14.166666666666666,0,1,Detractor
5535,No,0,9,,No,0.0,No,Yes,DSL,14,Yes,No,Yes,Yes,No,Yes,Yes,Yes,One Year,No,Mailed Check,50.8,463.6,0.0,0,0.0,463.6,Male,61,No,No,No,No,0,6,7.257142857142857,1,0,Passive
2716,No,0,12,Offer D,No,0.0,No,Yes,DSL,9,Yes,Yes,No,Yes,Yes,No,No,Yes,Month-to-Month,Yes,Bank Withdrawal,50.95,605.75,0.0,0,0.0,605.75,Male,45,No,No,No,No,0,5,8.491666666666667,1,1,Detractor
4268,No,0,2,,No,0.0,No,Yes,Cable,11,No,No,No,Yes,No,No,No,Yes,Month-to-Month,No,Bank Withdrawal,29.85,75.6,0.0,0,0.0,75.6,Male,64,No,No,No,No,0,2,9.95,1,1,Detractor
2010,Yes,7,25,Offer C,Yes,13.06,No,No,No internet,0,No,No,No,No,No,No,No,No,One Year,No,Credit Card,20.05,520.1,0.0,0,326.5,846.6,Female,52,No,No,Yes,Yes,2,1,10.025,0,0,Passive
4302,Yes,1,21,Offer D,No,0.0,No,Yes,DSL,59,No,No,No,No,No,No,No,Yes,Month-to-Month,Yes,Bank Withdrawal,26.05,565.75,0.0,0,0.0,565.75,Male,23,Yes,No,Yes,Yes,9,1,13.025,0,1,Promoter
4880,No,0,45,Offer B,Yes,14.12,Yes,Yes,Fiber Optic,24,No,Yes,No,No,Yes,No,No,Yes,Month-to-Month,Yes,Credit Card,89.3,4016.85,44.63,0,635.4,4607.62,Female,41,No,No,No,No,0,5,14.883333333333333,0,0,Detractor
5160,Yes,9,68,,Yes,44.79,No,Yes,Cable,14,Yes,No,No,Yes,No,No,No,No,One Year,No,Bank Withdrawal,55.9,3848.8,0.0,20,3045.72,6914.52,Female,49,No,No,Yes,No,0,3,13.975,0,1,Detractor
5388,No,0,72,Offer A,Yes,44.81,Yes,Yes,Fiber Optic,14,No,Yes,Yes,Yes,Yes,Yes,No,Yes,Two Year,No,Bank Withdrawal,111.65,7943.45,0.0,0,3226.32,11169.77,Female,72,No,Yes,No,No,0,8,12.405555555555557,0,1,Promoter
4759,Yes,6,17,,Yes,47.59,Yes,Yes,DSL,25,No,No,Yes,Yes,No,No,No,Yes,One Year,Yes,Mailed Check,61.95,1070.7,0.0,0,809.0300000000001,1879.73,Female,52,No,No,Yes,No,0,5,10.325,0,0,Promoter
2694,No,0,46,Offer B,No,0.0,No,Yes,DSL,13,Yes,No,Yes,Yes,Yes,Yes,Yes,Yes,Two Year,Yes,Bank Withdrawal,60.75,2893.4,0.0,0,0.0,2893.4,Male,33,No,No,No,No,0,7,7.59375,0,1,Passive
4080,Yes,1,58,Offer B,No,0.0,No,Yes,Cable,11,No,No,Yes,Yes,Yes,Yes,Yes,Yes,Two Year,Yes,Credit Card,55.5,3166.9,0.0,0,0.0,3166.9,Female,58,No,No,Yes,No,0,6,7.928571428571429,0,0,Detractor
5268,Yes,3,69,,Yes,14.69,Yes,Yes,Fiber Optic,6,No,No,Yes,Yes,Yes,Yes,Yes,No,Two Year,No,Bank Withdrawal,105.35,7240.65,0.0,50,1013.61,8304.26,Female,51,No,No,Yes,No,0,7,13.16875,0,1,Promoter
5904,No,0,49,Offer B,Yes,32.36,Yes,Yes,Fiber Optic,2,No,No,No,No,Yes,Yes,No,Yes,Month-to-Month,Yes,Bank Withdrawal,96.2,4718.25,0.0,0,1585.64,6303.889999999999,Male,66,No,Yes,No,No,0,5,16.033333333333335,0,1,Detractor
5154,No,0,55,,Yes,49.06,Yes,Yes,Fiber Optic,27,Yes,Yes,No,No,Yes,No,No,Yes,Month-to-Month,Yes,Bank Withdrawal,96.75,5238.9,0.0,0,2698.3,7937.2,Male,37,No,No,Yes,Yes,1,6,13.821428571428571,0,1,Detractor
5662,No,0,8,Offer E,Yes,42.93,No,Yes,Fiber Optic,9,No,No,Yes,No,Yes,Yes,No,Yes,Month-to-Month,Yes,Bank Withdrawal,92.1,729.95,0.0,0,343.44,1073.39,Female,71,No,Yes,No,No,0,5,15.35,1,1,Detractor
3812,No,0,8,,Yes,5.02,Yes,Yes,Fiber Optic,26,No,No,Yes,No,No,No,No,Yes,Month-to-Month,Yes,Bank Withdrawal,81.25,585.95,0.0,0,40.16,626.11,Male,66,No,Yes,No,No,0,4,16.25,1,1,Detractor
4329,Yes,4,18,,Yes,25.54,No,No,No internet,0,No,No,No,No,No,No,No,No,Two Year,No,Credit Card,20.1,370.5,0.0,0,459.72,830.22,Female,59,No,No,Yes,No,0,1,10.05,0,0,Passive
5674,No,0,1,Offer E,Yes,28.46,No,Yes,Fiber Optic,12,No,No,No,No,No,No,No,Yes,Month-to-Month,Yes,Bank Withdrawal,71.65,71.65,0.0,0,28.46,100.11,Male,65,No,Yes,No,No,0,2,23.883333333333336,1,1,Detractor
3779,No,0,25,Offer C,Yes,5.57,Yes,No,No internet,0,No,No,No,No,No,No,No,No,One Year,No,Bank Withdrawal,25.3,676.35,0.0,0,139.25,815.6,Male,62,No,No,No,No,0,2,8.433333333333334,0,1,Detractor
5939,Yes,3,23,Offer D,Yes,5.7,Yes,Yes,Fiber Optic,30,Yes,No,No,No,No,No,No,Yes,One Year,No,Credit Card,81.85,1810.85,0.0,0,131.1,1941.95,Female,51,No,No,Yes,Yes,3,4,16.369999999999997,0,0,Passive
5451,Yes,9,72,,Yes,48.04,No,No,No internet,0,No,No,No,No,No,No,No,No,Two Year,No,Credit Card,19.7,1379.8,0.0,0,3458.88,4838.68,Female,53,No,No,Yes,Yes,1,1,9.85,0,0,Detractor
4402,No,0,23,,Yes,43.77,Yes,No,No internet,0,No,No,No,No,No,No,No,No,One Year,No,Credit Card,24.8,615.35,0.0,0,1006.71,1622.06,Female,21,Yes,No,No,No,0,2,8.266666666666667,0,0,Detractor
4726,No,0,16,Offer D,Yes,32.62,No,No,No internet,0,No,No,No,No,No,No,No,No,Two Year,No,Credit Card,18.95,326.8,0.0,0,521.92,848.72,Male,21,Yes,No,No,No,0,1,9.475,0,0,Detractor
2738,No,0,11,Offer D,Yes,27.84,No,Yes,Cable,59,No,Yes,No,No,Yes,No,No,Yes,One Year,Yes,Bank Withdrawal,61.25,729.95,0.0,0,306.24,1036.19,Male,29,Yes,No,No,No,0,4,12.25,1,1,Detractor
4443,No,0,12,Offer D,Yes,25.57,Yes,No,No internet,0,No,No,No,No,No,No,No,No,One Year,No,Credit Card,24.95,280.4,0.0,0,306.84000000000003,587.24,Male,61,No,No,No,No,0,2,8.316666666666666,1,0,Promoter
5150,Yes,1,29,,Yes,40.49,No,Yes,Fiber Optic,15,Yes,No,No,No,Yes,Yes,Yes,Yes,Month-to-Month,No,Credit Card,94.65,2649.15,0.0,0,1174.21,3823.36,Male,43,No,No,Yes,No,0,6,13.521428571428572,0,0,Detractor
4285,No,0,1,,Yes,40.48,No,No,No internet,0,No,No,No,No,No,No,No,No,Month-to-Month,No,Credit Card,20.95,20.95,0.0,0,40.48,61.42999999999999,Female,19,Yes,No,No,No,0,1,10.475,1,0,Detractor
5895,No,0,26,Offer C,Yes,31.73,No,No,No internet,0,No,No,No,No,No,No,No,No,Month-to-Month,No,Credit Card,20.9,518.3,0.0,0,824.98,1343.28,Male,31,No,No,No,No,0,1,10.45,0,0,Detractor
4994,No,0,71,Offer A,Yes,37.39,Yes,Yes,DSL,22,Yes,Yes,Yes,Yes,Yes,Yes,No,No,Two Year,No,Credit Card,89.85,6293.45,0.0,140,2654.69,9088.14,Female,69,No,Yes,No,No,0,8,9.983333333333333,0,0,Detractor
4740,Yes,1,52,,Yes,11.3,Yes,Yes,Fiber Optic,10,No,Yes,No,Yes,No,Yes,Yes,Yes,Month-to-Month,Yes,Bank Withdrawal,93.25,4631.7,0.0,0,587.6,5219.3,Male,49,No,No,Yes,Yes,1,7,11.65625,0,1,Detractor
2199,No,0,1,,Yes,19.32,No,Yes,Fiber Optic,22,No,No,No,No,No,Yes,Yes,Yes,Month-to-Month,No,Bank Withdrawal,79.6,79.6,0.0,0,19.32,98.92,Male,40,No,No,No,No,0,4,15.919999999999998,1,1,Detractor
4099,Yes,10,8,Offer E,Yes,19.0,No,Yes,Cable,8,No,Yes,Yes,No,No,No,No,Yes,Month-to-Month,Yes,Credit Card,54.75,445.85,0.0,0,152.0,597.85,Male,36,No,No,Yes,No,0,4,10.95,1,0,Detractor
2627,No,0,1,Offer E,Yes,15.44,No,Yes,Fiber Optic,51,No,No,No,No,Yes,Yes,Yes,No,Month-to-Month,No,Bank Withdrawal,90.55,90.55,0.0,60,15.44,165.99,Female,30,No,No,No,No,0,4,18.11,1,1,Detractor
5444,Yes,6,58,Offer B,No,0.0,No,Yes,DSL,24,No,Yes,Yes,No,No,Yes,No,Yes,Month-to-Month,Yes,Bank Withdrawal,45.3,2651.2,40.95,0,0.0,2610.25,Male,66,No,Yes,Yes,No,0,4,9.06,0,1,Detractor
4914,Yes,8,41,Offer B,Yes,46.46,No,Yes,Fiber Optic,2,No,Yes,No,No,Yes,Yes,Yes,No,Month-to-Month,Yes,Bank Withdrawal,94.55,3851.45,0.0,40,1904.86,5796.31,Male,65,No,Yes,Yes,No,0,5,15.758333333333333,0,1,Detractor
4524,No,0,18,,Yes,7.42,Yes,Yes,Fiber Optic,12,No,No,Yes,Yes,No,Yes,Yes,Yes,Month-to-Month,Yes,Bank Withdrawal,95.05,1679.4,38.65,0,133.56,1774.31,Female,51,No,No,No,No,0,7,11.88125,0,1,Passive
2320,Yes,9,46,,Yes,47.5,No,No,No internet,0,No,No,No,No,No,No,No,No,Two Year,No,Credit Card,19.4,967.85,0.0,0,2185.0,3152.85,Female,61,No,No,Yes,Yes,1,1,9.7,0,0,Passive
5159,No,0,12,,Yes,43.4,Yes,Yes,Fiber Optic,24,No,No,No,No,No,No,No,Yes,Two Year,Yes,Credit Card,73.3,828.05,0.0,0,520.8,1348.85,Male,78,No,Yes,No,No,0,3,18.325,1,0,Passive
2319,Yes,9,48,Offer B,Yes,22.36,Yes,Yes,Fiber Optic,59,Yes,Yes,Yes,No,Yes,Yes,Yes,Yes,Month-to-Month,Yes,Bank Withdrawal,111.45,5315.1,0.0,0,1073.28,6388.38,Male,28,Yes,No,Yes,No,0,9,11.145,0,1,Detractor
5579,Yes,1,6,,Yes,31.7,No,No,No internet,0,No,No,No,No,No,No,No,No,Month-to-Month,No,Bank Withdrawal,19.5,146.3,0.0,0,190.2,336.5,Female,62,No,No,Yes,No,0,1,9.75,1,1,Detractor
4667,Yes,1,15,,Yes,29.55,Yes,No,No internet,0,No,No,No,No,No,No,No,No,Month-to-Month,Yes,Bank Withdrawal,25.25,394.85,0.0,0,443.25,838.1,Female,21,Yes,No,Yes,Yes,1,2,8.416666666666666,0,1,Detractor
4182,No,0,1,,Yes,27.65,No,Yes,Fiber Optic,2,No,No,No,Yes,No,No,No,Yes,One Year,No,Bank Withdrawal,74.7,74.7,0.0,0,27.65,102.35,Male,79,No,Yes,No,No,0,3,18.675,1,1,Promoter
4226,Yes,4,64,,Yes,25.74,No,Yes,DSL,51,Yes,No,Yes,Yes,Yes,No,No,Yes,Two Year,No,Mailed Check,69.25,4447.75,0.0,0,1647.36,6095.11,Male,30,No,No,Yes,No,0,6,9.892857142857142,0,0,Passive
4642,Yes,3,71,,Yes,32.13,Yes,No,No internet,0,No,No,No,No,No,No,No,No,Two Year,No,Bank Withdrawal,24.75,1836.9,0.0,0,2281.23,4118.13,Female,55,No,No,Yes,No,0,2,8.25,0,1,Detractor
5543,Yes,1,64,,Yes,13.73,Yes,Yes,Fiber Optic,12,No,Yes,Yes,Yes,Yes,Yes,Yes,Yes,Two Year,Yes,Credit Card,109.2,6741.15,17.3,0,878.72,7602.57,Male,53,No,No,Yes,Yes,1,9,10.92,0,0,Passive
3460,No,0,4,,Yes,41.98,No,No,No internet,0,No,No,No,No,No,No,No,No,Two Year,No,Credit Card,20.05,91.45,0.0,0,167.92,259.37,Female,65,No,Yes,No,No,0,1,10.025,1,0,Promoter
5419,No,0,50,,Yes,15.1,No,Yes,Fiber Optic,9,No,Yes,No,Yes,Yes,Yes,Yes,Yes,Two Year,Yes,Credit Card,100.2,5038.45,0.0,0,755.0,5793.45,Female,36,No,No,No,No,0,7,12.525,0,0,Passive
5271,Yes,1,6,Offer E,Yes,6.94,No,Yes,DSL,28,No,No,No,Yes,No,No,No,Yes,Month-to-Month,Yes,Bank Withdrawal,49.15,270.8,0.0,0,41.64,312.44,Female,59,No,No,Yes,No,0,3,12.2875,1,1,Detractor
5023,No,0,9,Offer E,Yes,2.88,No,Yes,DSL,26,No,No,No,No,No,No,No,No,Month-to-Month,No,Mailed Check,44.95,431.0,0.0,10,25.92,466.92,Male,57,No,No,No,No,0,1,22.475,1,0,Detractor
2558,No,0,12,Offer D,Yes,17.23,No,No,No internet,0,No,No,No,No,No,No,No,No,Two Year,No,Bank Withdrawal,19.35,212.3,0.0,0,206.76,419.06,Male,44,No,No,No,Yes,3,1,9.675,1,1,Promoter
2635,No,0,2,,No,0.0,No,Yes,DSL,52,No,No,No,No,No,No,No,Yes,Month-to-Month,Yes,Credit Card,24.4,36.55,0.0,0,0.0,36.55,Female,53,No,No,Yes,Yes,3,1,12.2,1,0,Detractor
5646,No,0,46,,No,0.0,No,Yes,Cable,19,Yes,No,No,No,No,No,No,Yes,One Year,Yes,Bank Withdrawal,30.75,1489.3,0.0,0,0.0,1489.3,Male,44,No,No,No,No,0,2,10.25,0,1,Detractor
4478,Yes,3,1,,Yes,8.38,No,Yes,DSL,19,No,No,No,Yes,No,No,No,Yes,Month-to-Month,Yes,Credit Card,49.25,49.25,0.0,0,8.38,57.63,Male,71,No,Yes,Yes,Yes,1,3,12.3125,1,0,Detractor
3135,Yes,10,8,,Yes,31.86,No,Yes,Cable,59,No,Yes,No,Yes,No,No,No,No,Month-to-Month,No,Bank Withdrawal,56.3,401.5,0.0,30,254.88,686.38,Female,24,Yes,No,Yes,Yes,1,3,14.075,1,1,Promoter
2939,Yes,1,8,Offer E,Yes,38.83,No,Yes,Fiber Optic,76,No,No,Yes,No,Yes,Yes,Yes,Yes,Month-to-Month,Yes,Bank Withdrawal,94.2,777.3,0.0,0,310.64,1087.94,Female,22,Yes,No,Yes,No,0,6,13.457142857142856,1,1,Detractor
3475,Yes,2,4,,Yes,6.77,No,Yes,Cable,3,Yes,Yes,No,No,No,No,No,Yes,Month-to-Month,No,Credit Card,54.7,235.05,0.0,0,27.08,262.13,Female,36,No,No,Yes,No,0,4,10.94,1,0,Passive
4905,No,0,10,,Yes,12.39,No,No,No internet,0,No,No,No,No,No,No,No,No,Month-to-Month,Yes,Credit Card,20.9,247.0,0.0,0,123.9,370.9,Female,27,Yes,No,No,No,0,1,10.45,1,0,Promoter
5151,Yes,7,34,,Yes,11.74,Yes,Yes,Fiber Optic,12,No,Yes,Yes,Yes,Yes,Yes,Yes,No,Month-to-Month,Yes,Bank Withdrawal,108.9,3625.2,0.0,30,399.16,4054.36,Male,70,No,Yes,Yes,Yes,1,8,12.1,0,1,Detractor
5061,No,0,59,,Yes,19.14,Yes,Yes,Fiber Optic,13,Yes,Yes,Yes,Yes,No,No,No,No,One Year,Yes,Bank Withdrawal,94.05,5483.9,0.0,30,1129.26,6643.16,Female,71,No,Yes,Yes,No,0,6,13.435714285714283,0,1,Detractor
3098,No,0,13,,Yes,26.68,No,Yes,Fiber Optic,24,No,No,Yes,No,Yes,Yes,Yes,Yes,Two Year,Yes,Bank Withdrawal,96.85,1235.55,0.0,0,346.84,1582.39,Female,74,No,Yes,No,No,0,6,13.835714285714284,0,1,Passive
5380,No,0,52,,No,0.0,No,Yes,DSL,18,Yes,Yes,Yes,Yes,Yes,Yes,Yes,Yes,Two Year,No,Credit Card,63.9,3334.95,0.0,0,0.0,3334.95,Male,57,No,No,No,No,0,8,7.1,0,0,Passive
2933,No,0,15,,Yes,19.11,No,Yes,Fiber Optic,8,Yes,No,Yes,Yes,No,Yes,No,No,Month-to-Month,Yes,Credit Card,96.3,1426.75,0.0,150,286.65,1863.4,Female,76,No,Yes,No,No,0,5,16.05,0,0,Detractor
5496,No,0,62,,Yes,18.9,Yes,Yes,Fiber Optic,2,Yes,Yes,Yes,No,No,No,No,Yes,Month-to-Month,No,Bank Withdrawal,90.7,5586.45,0.0,0,1171.8,6758.25,Male,44,No,No,No,No,0,6,12.957142857142856,0,1,Detractor
6136,Yes,1,70,,Yes,39.63,No,Yes,Fiber Optic,26,Yes,Yes,Yes,Yes,Yes,Yes,Yes,Yes,One Year,Yes,Bank Withdrawal,109.5,7534.65,0.0,0,2774.1000000000004,10308.75,Male,38,No,No,Yes,No,0,9,10.95,0,1,Detractor
4850,Yes,1,64,,No,0.0,No,Yes,DSL,30,No,Yes,No,Yes,Yes,Yes,Yes,Yes,Two Year,Yes,Bank Withdrawal,54.6,3423.5,0.0,0,0.0,3423.5,Female,48,No,No,Yes,No,0,6,7.8,0,1,Passive
3784,No,0,19,Offer D,No,0.0,No,Yes,DSL,6,No,No,No,No,No,No,No,Yes,Month-to-Month,Yes,Bank Withdrawal,25.15,468.35,0.0,0,0.0,468.35,Male,37,No,No,No,No,0,1,12.575,0,1,Passive
4274,Yes,4,30,Offer C,Yes,15.94,No,Yes,DSL,53,No,Yes,Yes,Yes,Yes,Yes,Yes,Yes,Two Year,No,Bank Withdrawal,80.8,2369.3,0.0,0,478.2,2847.5,Female,24,Yes,No,Yes,No,0,8,8.977777777777778,0,1,Promoter
4388,No,0,29,,Yes,9.49,Yes,Yes,Fiber Optic,21,No,No,No,No,No,Yes,Yes,Yes,Month-to-Month,Yes,Bank Withdrawal,84.9,2516.2,47.04,0,275.21,2744.37,Male,56,No,No,No,No,0,5,14.15,0,1,Detractor
4887,Yes,2,69,,Yes,8.3,Yes,Yes,Fiber Optic,14,Yes,No,Yes,Yes,Yes,Yes,No,Yes,One Year,Yes,Mailed Check,110.55,7610.1,0.0,0,572.7,8182.8,Male,73,No,Yes,Yes,No,0,8,12.283333333333331,0,0,Detractor
5746,No,0,50,Offer B,Yes,10.6,Yes,Yes,Fiber Optic,14,No,Yes,No,Yes,Yes,Yes,No,Yes,One Year,Yes,Bank Withdrawal,106.8,5347.95,0.0,0,530.0,5877.95,Female,66,No,Yes,No,No,0,7,13.35,0,1,Detractor
2202,No,0,39,Offer C,Yes,3.93,No,Yes,DSL,15,No,No,No,Yes,No,No,No,Yes,Two Year,Yes,Bank Withdrawal,49.8,1971.15,0.0,0,153.27,2124.42,Male,59,No,No,No,No,0,3,12.45,0,1,Passive
4444,Yes,6,67,,Yes,14.41,Yes,No,No internet,0,No,No,No,No,No,No,No,No,Two Year,No,Bank Withdrawal,24.65,1620.45,0.0,0,965.47,2585.92,Male,60,No,No,Yes,Yes,2,2,8.216666666666667,0,1,Promoter
2054,No,0,3,,Yes,23.82,Yes,Yes,Fiber Optic,24,No,No,No,No,No,No,No,Yes,Month-to-Month,No,Bank Withdrawal,74.4,215.8,0.0,0,71.46000000000001,287.26,Female,32,No,No,No,No,0,3,18.6,1,1,Detractor
5566,No,0,13,Offer D,Yes,31.93,No,Yes,Fiber Optic,22,No,No,No,No,Yes,No,No,No,Month-to-Month,Yes,Credit Card,78.3,1033.95,0.0,150,415.09,1599.04,Male,55,No,No,No,Yes,3,2,26.1,0,0,Detractor
2323,No,0,2,Offer E,Yes,7.64,No,Yes,Fiber Optic,27,No,No,No,No,No,No,No,Yes,Month-to-Month,No,Bank Withdrawal,69.65,145.15,0.0,0,15.28,160.43,Female,52,No,No,No,No,0,2,23.21666666666667,1,1,Detractor
4810,Yes,8,49,Offer B,No,0.0,No,Yes,DSL,47,Yes,No,No,No,No,Yes,Yes,Yes,Month-to-Month,Yes,Bank Withdrawal,39.2,1838.15,0.0,0,0.0,1838.15,Male,24,Yes,No,Yes,Yes,2,4,7.840000000000001,0,1,Passive
5411,No,0,61,Offer B,Yes,15.02,No,No,No internet,0,No,No,No,No,No,No,No,No,Two Year,No,Mailed Check,19.75,1124.2,0.0,0,916.22,2040.42,Male,32,No,No,No,Yes,2,1,9.875,0,0,Passive
4648,Yes,1,3,Offer E,Yes,33.3,No,Yes,Fiber Optic,12,Yes,Yes,No,No,Yes,No,No,Yes,Month-to-Month,No,Bank Withdrawal,89.85,248.4,0.0,0,99.9,348.3,Male,38,No,No,Yes,Yes,2,5,14.975,1,1,Detractor
2680,Yes,3,46,,Yes,46.71,No,Yes,Cable,41,Yes,Yes,Yes,Yes,No,No,No,Yes,Two Year,No,Credit Card,65.65,3047.15,0.0,0,2148.66,5195.81,Male,23,Yes,No,Yes,No,0,6,9.37857142857143,0,0,Passive
4761,Yes,10,72,,Yes,40.59,Yes,Yes,Fiber Optic,25,Yes,Yes,Yes,Yes,Yes,Yes,Yes,Yes,Two Year,No,Bank Withdrawal,115.15,8349.7,0.0,0,2922.4800000000005,11272.18,Female,63,No,No,Yes,No,0,10,10.46818181818182,0,1,Passive
4121,Yes,6,68,,Yes,16.09,Yes,Yes,Fiber Optic,53,No,Yes,No,Yes,Yes,Yes,Yes,Yes,Two Year,Yes,Credit Card,103.75,7039.45,0.0,0,1094.12,8133.57,Female,32,No,No,Yes,Yes,3,8,11.52777777777778,0,0,Detractor
3771,No,0,16,,Yes,5.79,Yes,Yes,DSL,4,No,Yes,No,No,No,No,No,Yes,Month-to-Month,No,Bank Withdrawal,55.3,875.35,0.0,0,92.64,967.99,Male,43,No,No,No,No,0,4,11.06,0,1,Promoter
4369,No,0,1,Offer E,No,0.0,No,Yes,Cable,19,No,Yes,No,Yes,No,No,No,No,Month-to-Month,No,Credit Card,33.6,33.6,0.0,50,0.0,83.6,Male,44,No,No,No,Yes,1,2,11.2,1,0,Promoter
3344,Yes,1,47,Offer B,Yes,19.02,Yes,Yes,Fiber Optic,17,Yes,No,Yes,Yes,Yes,Yes,Yes,Yes,One Year,Yes,Credit Card,110.85,5275.8,4.93,0,893.9399999999999,6164.81,Male,42,No,No,Yes,No,0,9,11.085,0,0,Detractor
5655,No,0,30,,Yes,41.93,Yes,Yes,Fiber Optic,21,No,Yes,Yes,No,Yes,Yes,No,Yes,Two Year,Yes,Bank Withdrawal,104.1,3121.1,0.0,0,1257.9,4379.0,Female,80,No,Yes,No,No,0,7,13.0125,0,1,Passive
5665,No,0,54,Offer B,Yes,37.65,Yes,Yes,Fiber Optic,30,No,Yes,Yes,No,Yes,No,No,No,One Year,Yes,Bank Withdrawal,94.75,5121.75,0.0,70,2033.1,7224.85,Female,30,No,No,No,No,0,5,15.791666666666666,0,1,Passive
4022,Yes,6,28,,Yes,3.18,No,Yes,Fiber Optic,12,No,No,Yes,No,Yes,No,No,Yes,Month-to-Month,No,Bank Withdrawal,85.45,2289.9,0.0,0,89.04,2378.94,Male,64,No,No,Yes,Yes,2,4,17.09,0,1,Detractor
4518,Yes,1,71,Offer A,Yes,26.58,Yes,Yes,Cable,27,No,No,Yes,Yes,Yes,Yes,Yes,Yes,Two Year,Yes,Bank Withdrawal,80.45,5662.25,0.0,0,1887.18,7549.43,Female,30,No,No,Yes,No,0,8,8.93888888888889,0,1,Promoter
3428,Yes,10,25,,Yes,3.6,Yes,No,No internet,0,No,No,No,No,No,No,No,No,One Year,Yes,Credit Card,26.8,733.55,0.0,0,90.0,823.55,Female,56,No,No,Yes,No,0,2,8.933333333333334,0,0,Promoter
3163,Yes,3,32,,No,0.0,No,Yes,Cable,14,Yes,Yes,No,No,No,No,No,Yes,Month-to-Month,Yes,Bank Withdrawal,35.15,1051.05,0.0,0,0.0,1051.05,Female,57,No,No,Yes,Yes,1,3,8.7875,0,1,Passive
4962,No,0,1,Offer E,Yes,39.1,No,Yes,Fiber Optic,27,No,No,No,No,No,No,No,Yes,Month-to-Month,Yes,Bank Withdrawal,70.3,70.3,0.0,0,39.1,109.4,Male,80,No,Yes,Yes,No,0,2,23.433333333333334,1,1,Detractor
5498,No,0,35,,Yes,20.39,Yes,Yes,DSL,21,Yes,No,No,No,No,No,No,Yes,Two Year,No,Credit Card,55.25,1924.1,0.0,0,713.65,2637.75,Male,64,No,No,No,No,0,4,11.05,0,0,Detractor
3638,No,0,1,,Yes,35.6,No,Yes,DSL,58,No,No,No,No,Yes,No,Yes,Yes,Month-to-Month,No,Credit Card,55.2,55.2,0.0,0,35.6,90.8,Female,22,Yes,No,Yes,No,0,4,11.04,1,0,Detractor
3099,Yes,1,40,Offer B,Yes,16.33,Yes,Yes,Fiber Optic,23,No,No,No,No,Yes,Yes,Yes,Yes,Month-to-Month,Yes,Bank Withdrawal,97.1,3706.95,41.85,0,653.1999999999999,4318.3,Male,58,No,No,Yes,No,0,6,13.87142857142857,0,1,Detractor
4086,No,0,17,Offer D,Yes,24.15,No,No,No internet,0,No,No,No,No,No,No,No,No,One Year,No,Mailed Check,20.65,330.6,0.0,0,410.55,741.15,Female,71,No,Yes,No,No,0,1,10.325,0,0,Passive
5239,No,0,2,,Yes,48.66,No,Yes,Fiber Optic,21,No,No,No,No,Yes,No,No,Yes,Month-to-Month,No,Bank Withdrawal,79.0,143.65,0.0,0,97.32,240.97,Male,33,No,No,No,No,0,3,19.75,1,1,Detractor
4095,Yes,3,68,Offer A,Yes,3.41,Yes,Yes,Fiber Optic,26,No,Yes,Yes,Yes,No,No,No,Yes,Two Year,No,Credit Card,90.2,6297.65,0.0,0,231.88,6529.53,Female,27,Yes,No,Yes,No,0,6,12.885714285714286,0,0,Passive
3678,No,0,1,Offer E,Yes,48.14,No,No,No internet,0,No,No,No,No,No,No,No,No,Month-to-Month,No,Credit Card,20.8,20.8,0.0,0,48.14,68.94,Male,37,No,No,No,No,0,1,10.4,1,0,Passive
4691,No,0,32,,Yes,43.8,No,No,No internet,0,No,No,No,No,No,No,No,No,One Year,No,Bank Withdrawal,19.75,624.15,0.0,0,1401.6,2025.75,Female,46,No,No,No,No,0,1,9.875,0,1,Passive
5890,Yes,2,72,Offer A,Yes,47.82,Yes,Yes,Fiber Optic,21,Yes,Yes,Yes,Yes,Yes,Yes,Yes,Yes,Two Year,Yes,Bank Withdrawal,115.55,8425.3,0.0,0,3443.04,11868.34,Male,46,No,No,Yes,No,0,10,10.504545454545454,0,1,Detractor
4219,No,0,30,Offer C,Yes,41.66,Yes,Yes,Fiber Optic,28,Yes,Yes,No,No,No,Yes,Yes,Yes,Month-to-Month,Yes,Credit Card,94.3,2679.7,0.0,0,1249.8,3929.5,Male,53,No,No,No,No,0,7,11.7875,0,0,Detractor
5914,Yes,5,50,Offer B,Yes,1.87,No,No,No internet,0,No,No,No,No,No,No,No,No,Two Year,No,Bank Withdrawal,19.8,1013.2,0.0,0,93.5,1106.7,Male,55,No,No,Yes,No,0,1,9.9,0,1,Passive
5650,Yes,1,53,,No,0.0,No,Yes,DSL,13,No,Yes,Yes,Yes,Yes,Yes,Yes,Yes,One Year,Yes,Bank Withdrawal,60.45,3184.25,0.0,0,0.0,3184.25,Male,61,No,No,Yes,No,0,7,7.55625,0,1,Detractor
3181,Yes,6,5,,Yes,6.7,Yes,No,No internet,0,No,No,No,No,No,No,No,No,Month-to-Month,Yes,Credit Card,24.3,132.25,0.0,0,33.5,165.75,Female,41,No,No,Yes,Yes,3,2,8.1,1,0,Promoter
4952,Yes,1,64,Offer B,Yes,6.83,Yes,Yes,Fiber Optic,19,Yes,Yes,Yes,Yes,Yes,Yes,Yes,No,One Year,No,Bank Withdrawal,113.35,7222.75,0.0,20,437.12,7679.87,Female,63,No,No,Yes,Yes,1,9,11.335,0,1,Detractor
5796,No,0,1,,Yes,45.86,No,Yes,Fiber Optic,27,No,No,No,No,No,No,No,Yes,Month-to-Month,Yes,Bank Withdrawal,69.35,69.35,0.0,0,45.86,115.21,Male,64,No,No,No,No,0,2,23.116666666666664,1,1,Detractor
4617,Yes,10,23,,Yes,34.04,No,No,No internet,0,No,No,No,No,No,No,No,No,Two Year,No,Credit Card,19.6,426.65,0.0,0,782.92,1209.57,Male,60,No,No,Yes,Yes,3,1,9.8,0,0,Promoter
3071,Yes,6,24,,Yes,35.86,No,No,No internet,0,No,No,No,No,No,No,No,No,One Year,No,Credit Card,20.4,482.8,0.0,0,860.64,1343.44,Female,44,No,No,Yes,No,0,1,10.2,0,0,Promoter
3526,No,0,36,,Yes,12.72,No,No,No internet,0,No,No,No,No,No,No,No,No,One Year,Yes,Credit Card,20.35,695.85,0.0,0,457.92,1153.77,Male,37,No,No,No,No,0,1,10.175,0,0,Promoter
2088,No,0,3,,No,0.0,No,Yes,DSL,27,No,No,No,No,No,No,No,Yes,Month-to-Month,No,Bank Withdrawal,25.25,58.9,0.0,0,0.0,58.9,Female,62,No,No,No,No,0,1,12.625,1,1,Detractor
4043,No,0,69,,No,0.0,No,Yes,DSL,19,No,Yes,Yes,No,No,No,No,No,One Year,Yes,Bank Withdrawal,35.75,2492.25,0.0,150,0.0,2642.25,Male,37,No,No,No,No,0,2,11.916666666666666,0,1,Promoter
4489,No,0,7,,Yes,9.14,No,No,No internet,0,No,No,No,No,No,No,No,No,Month-to-Month,No,Bank Withdrawal,19.25,112.3,0.0,0,63.98,176.28,Male,53,No,No,No,No,0,1,9.625,1,1,Detractor
5499,No,0,49,,Yes,11.11,No,Yes,Fiber Optic,27,No,No,Yes,Yes,Yes,Yes,Yes,Yes,Two Year,No,Credit Card,100.65,4917.75,0.0,0,544.39,5462.14,Female,49,No,No,No,No,0,7,12.58125,0,0,Detractor
3629,Yes,3,47,Offer B,Yes,15.68,Yes,No,No internet,0,No,No,No,No,No,No,No,No,Two Year,No,Credit Card,24.55,1160.45,0.0,0,736.96,1897.41,Male,28,Yes,No,Yes,Yes,2,2,8.183333333333334,0,0,Passive
3000,No,0,2,,Yes,49.53,No,No,No internet,0,No,No,No,No,No,No,No,No,Month-to-Month,No,Mailed Check,20.4,42.9,0.0,0,99.06,141.96,Male,42,No,No,No,Yes,2,1,10.2,1,0,Detractor
5091,Yes,2,72,Offer A,Yes,39.61,Yes,Yes,DSL,85,Yes,Yes,Yes,Yes,No,Yes,Yes,Yes,Two Year,No,Bank Withdrawal,78.85,5763.15,0.0,0,2851.92,8615.07,Male,24,Yes,No,Yes,No,0,9,7.885,0,1,Detractor
5754,Yes,7,55,Offer B,Yes,12.91,Yes,Yes,Fiber Optic,21,No,Yes,Yes,Yes,Yes,Yes,No,Yes,Two Year,Yes,Bank Withdrawal,113.6,6292.7,0.0,0,710.05,7002.75,Male,72,No,Yes,Yes,No,0,8,12.622222222222222,0,1,Promoter
5315,No,0,35,,Yes,2.15,No,Yes,DSL,7,No,No,Yes,No,No,Yes,Yes,Yes,Month-to-Month,Yes,Bank Withdrawal,62.1,2096.1,0.0,0,75.25,2171.35,Female,61,No,No,No,No,0,5,10.35,0,1,Passive
3409,Yes,9,30,,Yes,21.72,Yes,Yes,Fiber Optic,19,No,No,No,No,Yes,No,No,No,Month-to-Month,No,Bank Withdrawal,85.45,2509.95,23.13,120,651.5999999999999,3258.42,Male,63,No,No,Yes,Yes,2,3,21.3625,0,1,Detractor
3443,Yes,2,8,,Yes,26.99,No,Yes,Fiber Optic,2,No,No,No,No,Yes,No,No,Yes,Month-to-Month,Yes,Credit Card,80.45,583.45,0.0,0,215.92,799.37,Male,67,No,Yes,Yes,No,0,3,20.1125,1,0,Detractor
5507,No,0,60,,Yes,34.39,Yes,Yes,Fiber Optic,17,No,No,Yes,Yes,Yes,Yes,No,No,One Year,Yes,Bank Withdrawal,106.0,6441.4,0.0,110,2063.4,8614.8,Female,68,No,Yes,No,No,0,6,15.142857142857142,0,1,Detractor
3778,No,0,30,Offer C,Yes,17.26,Yes,Yes,Fiber Optic,19,Yes,No,No,No,Yes,Yes,Yes,Yes,Month-to-Month,Yes,Bank Withdrawal,100.4,2936.25,0.0,0,517.8000000000001,3454.05,Male,45,No,No,No,No,0,7,12.55,0,1,Detractor
2473,No,0,7,,Yes,28.62,Yes,Yes,Fiber Optic,26,No,No,No,No,No,No,Yes,Yes,Month-to-Month,Yes,Bank Withdrawal,73.85,511.25,13.03,0,200.34,698.5600000000001,Female,29,Yes,No,No,No,0,4,14.77,1,1,Detractor
4148,No,0,61,Offer B,Yes,15.44,Yes,Yes,Fiber Optic,30,No,Yes,Yes,No,Yes,Yes,Yes,Yes,One Year,Yes,Bank Withdrawal,103.95,6423.0,0.0,0,941.84,7364.84,Female,21,Yes,No,No,No,0,8,11.55,0,1,Passive
5356,Yes,1,67,,Yes,21.17,No,Yes,Cable,13,Yes,No,Yes,Yes,No,No,No,No,Two Year,Yes,Bank Withdrawal,60.4,3953.7,0.0,40,1418.39,5412.09,Male,60,No,No,Yes,No,0,4,12.08,0,1,Detractor
4451,Yes,8,17,Offer D,Yes,44.9,No,Yes,DSL,47,Yes,Yes,No,No,Yes,Yes,Yes,Yes,Month-to-Month,No,Credit Card,74.55,1215.8,0.0,0,763.3,1979.1,Female,22,Yes,No,Yes,Yes,2,7,9.31875,0,0,Detractor
4103,No,0,1,Offer E,Yes,40.51,No,No,No internet,0,No,No,No,No,No,No,No,No,Month-to-Month,No,Credit Card,20.15,20.15,0.0,0,40.51,60.66,Male,35,No,No,No,No,0,1,10.075,1,0,Detractor
4045,Yes,1,16,,Yes,15.44,No,Yes,Fiber Optic,20,No,No,Yes,Yes,No,Yes,Yes,Yes,Month-to-Month,Yes,Bank Withdrawal,91.55,1540.05,0.0,0,247.04,1787.09,Male,66,No,Yes,Yes,No,0,6,13.078571428571427,0,1,Promoter
2830,No,0,32,Offer C,Yes,33.45,Yes,Yes,DSL,5,Yes,No,No,No,Yes,Yes,Yes,Yes,One Year,No,Credit Card,74.75,2282.95,0.0,0,1070.4,3353.35,Female,45,No,No,No,No,0,7,9.34375,0,0,Passive
4177,No,0,12,,Yes,32.32,No,No,No internet,0,No,No,No,No,No,No,No,No,Month-to-Month,No,Mailed Check,20.3,246.7,0.0,0,387.84,634.54,Female,26,Yes,No,No,No,0,1,10.15,1,0,Detractor
4115,No,0,43,Offer B,Yes,24.85,Yes,Yes,Fiber Optic,26,Yes,Yes,Yes,Yes,Yes,Yes,Yes,Yes,Two Year,No,Credit Card,115.05,4895.1,10.76,0,1068.55,5952.89,Female,25,Yes,No,No,No,0,10,10.459090909090907,0,0,Passive
2870,No,0,16,Offer D,Yes,44.05,No,No,No internet,0,No,No,No,No,No,No,No,No,One Year,Yes,Bank Withdrawal,19.3,360.35,0.0,0,704.8,1065.15,Female,56,No,No,No,No,0,1,9.65,0,1,Detractor
5227,No,0,29,,Yes,2.76,No,No,No internet,0,No,No,No,No,No,No,No,No,Month-to-Month,No,Credit Card,19.35,601.6,0.0,0,80.03999999999999,681.64,Female,46,No,No,No,No,0,1,9.675,0,0,Promoter
5874,No,0,60,,Yes,7.1,Yes,Yes,Fiber Optic,10,No,No,Yes,No,Yes,No,No,Yes,Two Year,Yes,Bank Withdrawal,89.55,5231.2,0.0,0,426.0,5657.2,Male,34,No,No,No,No,0,5,14.925,0,1,Promoter
2164,No,0,10,Offer D,No,0.0,No,Yes,DSL,24,Yes,Yes,Yes,No,No,No,No,Yes,Month-to-Month,No,Bank Withdrawal,40.7,449.3,0.0,0,0.0,449.3,Female,31,No,No,No,No,0,4,8.14,1,1,Promoter
2631,Yes,3,35,Offer C,Yes,20.44,Yes,Yes,Fiber Optic,18,Yes,Yes,No,No,No,Yes,No,Yes,One Year,Yes,Bank Withdrawal,94.55,3365.4,0.0,0,715.4000000000001,4080.8,Male,68,No,Yes,Yes,No,0,6,13.507142857142856,0,1,Detractor
5295,Yes,9,72,,No,0.0,No,Yes,DSL,9,Yes,Yes,Yes,Yes,Yes,Yes,Yes,Yes,Two Year,Yes,Credit Card,64.45,4641.1,0.0,0,0.0,4641.1,Male,76,No,Yes,Yes,No,0,8,7.161111111111111,0,0,Promoter
2674,Yes,1,44,,Yes,24.62,Yes,Yes,Cable,14,No,Yes,No,No,No,Yes,Yes,Yes,One Year,No,Credit Card,88.4,3912.9,0.0,0,1083.28,4996.18,Male,68,No,Yes,Yes,No,0,6,12.62857142857143,0,0,Detractor
4840,Yes,1,16,Offer D,No,0.0,No,Yes,DSL,29,No,No,No,Yes,Yes,Yes,Yes,Yes,Month-to-Month,Yes,Bank Withdrawal,49.95,810.2,0.0,0,0.0,810.2,Female,36,No,No,Yes,No,0,5,8.325000000000001,0,1,Detractor
5697,Yes,10,42,,Yes,17.75,No,Yes,Fiber Optic,53,No,No,Yes,No,Yes,Yes,Yes,Yes,Month-to-Month,Yes,Bank Withdrawal,92.15,3875.4,0.0,0,745.5,4620.9,Female,33,No,No,Yes,Yes,3,6,13.164285714285716,0,1,Promoter
5440,Yes,8,68,Offer A,Yes,2.71,Yes,No,No internet,0,No,No,No,No,No,No,No,No,Two Year,Yes,Bank Withdrawal,24.0,1664.3,0.0,0,184.28,1848.58,Male,60,No,No,Yes,Yes,1,2,8.0,0,1,Passive
3446,No,0,16,,Yes,48.45,No,Yes,DSL,59,No,No,No,Yes,No,No,No,Yes,Month-to-Month,Yes,Credit Card,49.45,799.0,0.0,0,775.2,1574.2,Male,29,Yes,No,No,No,0,3,12.3625,0,0,Passive
5605,No,0,56,,Yes,34.58,Yes,Yes,Fiber Optic,4,No,Yes,Yes,No,Yes,Yes,No,Yes,One Year,Yes,Bank Withdrawal,104.75,5510.65,0.0,0,1936.48,7447.129999999999,Female,68,No,Yes,No,No,0,7,13.09375,0,1,Detractor
5368,No,0,72,Offer A,Yes,30.44,No,No,No internet,0,No,No,No,No,No,No,No,No,Two Year,Yes,Credit Card,19.8,1468.75,0.0,0,2191.6800000000003,3660.43,Male,39,No,No,No,No,0,1,9.9,0,0,Detractor
5436,Yes,2,24,,Yes,10.23,No,Yes,Fiber Optic,8,Yes,No,No,Yes,No,Yes,Yes,Yes,Month-to-Month,Yes,Bank Withdrawal,89.25,2210.2,0.0,0,245.52,2455.72,Male,36,No,No,Yes,No,0,6,12.75,0,1,Detractor
3322,No,0,46,,Yes,43.04,No,Yes,Fiber Optic,71,Yes,Yes,No,Yes,Yes,Yes,Yes,Yes,One Year,Yes,Bank Withdrawal,105.2,4822.85,0.0,0,1979.84,6802.6900000000005,Female,23,Yes,No,No,No,0,8,11.68888888888889,0,1,Detractor
5252,No,0,5,,Yes,34.8,No,No,No internet,0,No,No,No,No,No,No,No,No,Month-to-Month,No,Credit Card,19.95,109.6,0.0,0,174.0,283.6,Female,33,No,No,No,No,0,1,9.975,1,0,Detractor
6173,Yes,1,70,Offer A,Yes,5.48,Yes,Yes,Fiber Optic,14,Yes,Yes,Yes,Yes,No,No,No,Yes,Two Year,No,Bank Withdrawal,93.9,6579.05,0.0,0,383.6,6962.650000000001,Female,38,No,No,Yes,No,0,7,11.7375,0,1,Detractor
5739,No,0,10,,Yes,15.6,Yes,Yes,Fiber Optic,22,No,Yes,No,No,No,No,No,Yes,Month-to-Month,No,Bank Withdrawal,79.85,797.25,0.0,0,156.0,953.25,Male,43,No,No,No,No,0,4,15.97,1,1,Promoter
6492,Yes,4,68,Offer A,Yes,19.75,No,No,No internet,0,No,No,No,No,No,No,No,No,Two Year,Yes,Bank Withdrawal,19.95,1303.25,0.0,0,1343.0,2646.25,Male,47,No,No,Yes,Yes,3,1,9.975,0,1,Detractor
4543,No,0,47,Offer B,Yes,2.45,No,Yes,Fiber Optic,13,Yes,No,Yes,Yes,Yes,Yes,Yes,Yes,One Year,Yes,Bank Withdrawal,103.7,4730.6,0.0,0,115.15,4845.75,Female,32,No,No,No,No,0,8,11.522222222222222,0,1,Passive
5041,No,0,7,,Yes,39.02,No,Yes,Fiber Optic,25,No,No,Yes,Yes,Yes,Yes,Yes,Yes,Month-to-Month,Yes,Bank Withdrawal,100.4,715.0,0.0,0,273.14000000000004,988.14,Female,45,No,No,No,No,0,7,12.55,1,1,Detractor
6347,No,0,72,Offer A,Yes,2.56,Yes,Yes,Fiber Optic,25,Yes,Yes,Yes,Yes,Yes,Yes,Yes,Yes,Two Year,No,Bank Withdrawal,113.4,8164.1,0.0,0,184.32,8348.42,Male,33,No,No,No,No,0,10,10.30909090909091,0,1,Detractor
6126,Yes,7,72,,Yes,39.98,Yes,No,No internet,0,No,No,No,No,No,No,No,No,Two Year,No,Credit Card,25.0,1849.2,0.0,0,2878.56,4727.76,Female,56,No,No,Yes,No,0,2,8.333333333333334,0,0,Passive
5756,No,0,46,,Yes,4.08,Yes,Yes,Fiber Optic,59,No,No,Yes,Yes,No,No,No,Yes,Month-to-Month,Yes,Bank Withdrawal,84.8,3958.85,0.0,0,187.68,4146.53,Female,28,Yes,No,No,Yes,2,5,14.133333333333333,0,1,Detractor
6036,No,0,64,,Yes,38.96,No,No,No internet,0,No,No,No,No,No,No,No,No,Two Year,No,Credit Card,19.55,1240.15,0.0,0,2493.44,3733.59,Male,42,No,No,No,No,0,1,9.775,0,0,Detractor
5998,Yes,3,3,,Yes,1.67,No,Yes,Fiber Optic,19,No,No,No,No,No,No,No,Yes,Month-to-Month,Yes,Bank Withdrawal,69.55,200.2,33.8,0,5.01,171.40999999999997,Female,61,No,No,Yes,Yes,2,2,23.183333333333334,1,1,Detractor
5980,No,0,70,Offer A,Yes,8.39,Yes,Yes,Fiber Optic,59,No,Yes,No,No,Yes,Yes,Yes,Yes,One Year,No,Bank Withdrawal,98.9,6838.6,0.0,0,587.3000000000001,7425.900000000001,Female,25,Yes,No,No,No,0,7,12.3625,0,1,Promoter
5289,No,0,1,,Yes,49.19,No,Yes,DSL,17,No,No,No,Yes,No,No,No,Yes,Month-to-Month,No,Credit Card,49.0,49.0,0.0,0,49.19,98.19,Male,32,No,No,No,No,0,3,12.25,1,0,Detractor
3012,Yes,5,34,,Yes,12.3,Yes,Yes,DSL,26,Yes,No,No,Yes,No,No,No,Yes,Month-to-Month,Yes,Bank Withdrawal,60.85,2003.6,0.0,0,418.2000000000001,2421.8,Female,59,No,No,Yes,No,0,5,10.141666666666667,0,1,Passive
5701,No,0,23,Offer D,Yes,18.7,Yes,Yes,Fiber Optic,24,No,No,Yes,No,No,No,No,Yes,Month-to-Month,Yes,Bank Withdrawal,81.0,1917.1,0.0,0,430.1,2347.2,Male,47,No,No,No,No,0,4,16.2,0,1,Detractor
3685,No,0,4,,Yes,42.44,Yes,Yes,Fiber Optic,29,No,No,No,No,No,No,No,Yes,Month-to-Month,Yes,Bank Withdrawal,76.05,318.9,0.0,0,169.76,488.66,Male,62,No,No,No,No,0,3,19.0125,1,1,Detractor
3899,Yes,4,20,,No,0.0,No,Yes,Cable,22,Yes,No,Yes,Yes,No,No,No,Yes,Two Year,Yes,Credit Card,39.4,825.4,0.0,0,0.0,825.4,Male,33,No,No,Yes,Yes,1,4,7.88,0,0,Detractor
2313,No,0,30,,Yes,43.01,No,Yes,Cable,4,Yes,Yes,Yes,Yes,Yes,Yes,Yes,No,One Year,No,Bank Withdrawal,85.35,2530.4,0.0,20,1290.3,3840.7,Female,59,No,No,No,No,0,8,9.483333333333333,0,1,Detractor
5707,No,0,1,,Yes,1.91,No,No,No internet,0,No,No,No,No,No,No,No,No,Month-to-Month,No,Mailed Check,19.7,19.7,0.0,0,1.91,21.61,Male,42,No,No,No,No,0,1,9.85,1,0,Detractor
3049,No,0,1,,Yes,39.94,No,Yes,Cable,59,No,No,No,No,No,No,Yes,Yes,Month-to-Month,Yes,Mailed Check,45.3,45.3,0.0,0,39.94,85.24,Female,28,Yes,No,No,No,0,3,11.325,1,0,Detractor
3122,No,0,3,,Yes,15.59,No,Yes,Cable,27,No,No,No,No,No,No,No,Yes,Month-to-Month,No,Bank Withdrawal,44.6,122.7,0.0,0,46.77,169.47,Female,62,No,No,No,No,0,2,14.866666666666667,1,1,Passive
4481,No,0,20,,No,0.0,No,Yes,DSL,20,Yes,Yes,Yes,Yes,Yes,No,No,Yes,Month-to-Month,Yes,Credit Card,55.0,1165.55,0.0,0,0.0,1165.55,Male,45,No,No,No,No,0,6,7.857142857142857,0,0,Detractor
4882,Yes,5,43,,Yes,35.2,No,No,No internet,0,No,No,No,No,No,No,No,No,One Year,No,Credit Card,20.0,817.95,0.0,0,1513.6,2331.55,Female,51,No,No,Yes,Yes,2,1,10.0,0,0,Promoter
4176,No,0,41,,Yes,6.16,Yes,Yes,DSL,12,No,Yes,Yes,No,Yes,Yes,Yes,Yes,One Year,Yes,Bank Withdrawal,80.55,3263.9,0.0,0,252.56,3516.46,Female,51,No,No,No,No,0,8,8.95,0,1,Detractor
3797,No,0,17,,Yes,40.93,No,Yes,DSL,2,No,No,No,No,No,No,No,Yes,Month-to-Month,Yes,Bank Withdrawal,45.05,770.6,0.0,0,695.81,1466.41,Male,68,No,Yes,No,No,0,2,15.016666666666666,0,1,Detractor
4492,No,0,11,Offer D,Yes,29.16,No,Yes,DSL,3,No,No,No,No,No,No,No,Yes,Month-to-Month,Yes,Credit Card,44.65,472.25,0.0,0,320.76,793.01,Female,59,No,No,No,No,0,2,14.883333333333333,1,0,Detractor
3796,Yes,1,21,Offer D,Yes,42.65,Yes,Yes,Fiber Optic,3,No,Yes,Yes,No,Yes,Yes,Yes,Yes,Month-to-Month,No,Bank Withdrawal,104.4,2157.95,0.0,0,895.65,3053.6,Male,45,No,No,Yes,No,0,8,11.6,0,1,Detractor
4678,Yes,8,58,Offer B,No,0.0,No,Yes,DSL,59,Yes,No,Yes,Yes,Yes,Yes,Yes,Yes,Two Year,No,Credit Card,59.75,3624.35,0.0,0,0.0,3624.35,Female,25,Yes,No,Yes,Yes,3,7,7.46875,0,0,Detractor
5830,No,0,19,Offer D,Yes,32.87,Yes,Yes,Fiber Optic,17,Yes,Yes,No,No,No,Yes,Yes,No,Month-to-Month,Yes,Bank Withdrawal,95.15,1789.25,0.0,120,624.53,2533.78,Female,64,No,No,No,No,0,6,13.592857142857143,0,1,Detractor
3509,No,0,46,,Yes,43.27,Yes,Yes,Fiber Optic,21,Yes,Yes,No,No,No,No,No,No,Month-to-Month,No,Credit Card,84.25,3847.6,0.0,100,1990.42,5938.02,Female,37,No,No,No,No,0,4,16.85,0,0,Passive
2257,No,0,48,Offer B,Yes,2.53,Yes,Yes,Cable,6,Yes,No,Yes,No,Yes,Yes,Yes,No,One Year,Yes,Credit Card,78.75,3682.45,0.0,40,121.44,3843.89,Male,51,No,No,No,No,0,7,9.84375,0,0,Detractor
5828,Yes,1,1,Offer E,No,0.0,No,Yes,DSL,12,No,Yes,No,No,Yes,No,No,Yes,Month-to-Month,No,Bank Withdrawal,40.2,40.2,0.0,0,0.0,40.2,Male,77,No,Yes,Yes,No,0,3,10.05,1,1,Detractor
3248,No,0,9,Offer E,Yes,31.28,No,No,No internet,0,No,No,No,No,No,No,No,No,Month-to-Month,No,Credit Card,19.05,157.65,0.0,0,281.52,439.17,Female,45,No,No,No,No,0,1,9.525,1,0,Passive
5527,No,0,35,,Yes,26.19,Yes,Yes,Fiber Optic,19,Yes,No,No,No,No,Yes,No,No,Month-to-Month,No,Credit Card,91.0,3180.5,0.0,40,916.65,4137.15,Male,78,No,Yes,No,No,0,4,18.2,0,0,Detractor
2434,Yes,2,28,,Yes,9.31,Yes,Yes,DSL,19,No,Yes,No,No,No,Yes,Yes,Yes,Month-to-Month,No,Bank Withdrawal,64.4,1802.15,0.0,0,260.68,2062.83,Male,52,No,No,Yes,Yes,2,6,9.2,0,1,Detractor
6314,Yes,5,67,,No,0.0,No,Yes,DSL,15,Yes,Yes,No,No,No,No,No,Yes,Two Year,No,Bank Withdrawal,36.15,2434.45,0.0,0,0.0,2434.45,Female,58,No,No,Yes,Yes,1,3,9.0375,0,1,Detractor
3277,No,0,41,Offer B,Yes,1.08,No,Yes,Fiber Optic,6,No,No,No,Yes,No,No,No,Yes,Month-to-Month,Yes,Bank Withdrawal,74.25,3089.1,0.0,0,44.28,3133.38,Male,45,No,No,No,No,0,3,18.5625,0,1,Detractor
3662,No,0,5,,Yes,43.99,No,Yes,DSL,27,Yes,Yes,No,Yes,No,No,No,No,Two Year,No,Credit Card,59.9,287.85,0.0,20,219.95,527.8000000000001,Female,79,No,Yes,No,No,0,4,11.98,1,0,Passive
3014,No,0,1,Offer E,Yes,16.15,Yes,Yes,Fiber Optic,12,No,No,No,No,Yes,Yes,Yes,Yes,Month-to-Month,Yes,Bank Withdrawal,93.85,93.85,0.0,0,16.15,110.0,Female,49,No,No,No,No,0,6,13.407142857142857,1,1,Detractor
3820,No,0,1,Offer E,Yes,26.12,No,No,No internet,0,No,No,No,No,No,No,No,No,Month-to-Month,No,Credit Card,20.5,20.5,0.0,0,26.12,46.620000000000005,Female,24,Yes,No,No,No,0,1,10.25,1,0,Detractor
2882,Yes,8,6,Offer E,Yes,31.73,Yes,No,No internet,0,No,No,No,No,No,No,No,No,Two Year,No,Mailed Check,25.4,153.3,0.0,0,190.38,343.68,Male,58,No,No,Yes,Yes,3,2,8.466666666666667,1,0,Detractor
4769,No,0,18,Offer D,Yes,31.33,No,No,No internet,0,No,No,No,No,No,No,No,No,Month-to-Month,No,Credit Card,19.25,331.35,0.0,0,563.9399999999999,895.29,Male,50,No,No,No,No,0,1,9.625,0,0,Promoter
5052,No,0,16,Offer D,Yes,20.65,No,No,No internet,0,No,No,No,No,No,No,No,No,One Year,No,Credit Card,20.1,296.15,0.0,0,330.4,626.55,Female,35,No,No,No,No,0,1,10.05,0,0,Detractor
3052,No,0,1,Offer E,Yes,12.4,No,Yes,Fiber Optic,28,No,No,No,No,No,No,No,Yes,Month-to-Month,No,Bank Withdrawal,68.65,68.65,0.0,0,12.4,81.05000000000001,Female,62,No,No,No,No,0,2,22.883333333333336,1,1,Detractor
5829,Yes,1,47,,Yes,2.56,No,No,No internet,0,No,No,No,No,No,No,No,No,Two Year,No,Bank Withdrawal,19.3,890.5,0.0,0,120.32,1010.82,Female,24,Yes,No,Yes,Yes,3,1,9.65,0,1,Passive
5671,No,0,12,Offer D,Yes,14.38,Yes,Yes,Fiber Optic,6,No,Yes,No,No,Yes,No,No,Yes,Month-to-Month,Yes,Bank Withdrawal,89.75,1052.4,0.0,0,172.56,1224.96,Female,57,No,No,No,No,0,5,14.958333333333334,1,1,Detractor
4899,No,0,51,Offer B,Yes,1.51,Yes,Yes,Fiber Optic,52,No,Yes,Yes,Yes,No,No,No,No,Month-to-Month,Yes,Bank Withdrawal,87.35,4473.0,0.0,0,77.01,4550.01,Male,21,Yes,No,No,No,0,5,14.558333333333332,0,1,Promoter
5406,Yes,9,71,Offer A,Yes,23.34,No,No,No internet,0,No,No,No,No,No,No,No,No,Two Year,No,Credit Card,19.8,1396.25,0.0,0,1657.14,3053.3900000000003,Male,52,No,No,Yes,Yes,2,1,9.9,0,0,Passive
2569,Yes,1,13,Offer D,Yes,11.79,Yes,Yes,DSL,29,Yes,Yes,No,Yes,Yes,No,No,Yes,Month-to-Month,Yes,Bank Withdrawal,76.2,981.45,0.0,0,153.26999999999998,1134.72,Female,42,No,No,Yes,No,0,7,9.525,0,1,Promoter
4769,No,0,63,,Yes,37.76,Yes,Yes,Fiber Optic,48,No,Yes,No,No,Yes,Yes,Yes,Yes,Two Year,No,Bank Withdrawal,97.45,6253.0,0.0,0,2378.88,8631.88,Female,24,Yes,No,No,No,0,7,12.18125,0,1,Detractor
2080,No,0,35,Offer C,Yes,35.1,Yes,Yes,Fiber Optic,29,No,No,No,No,Yes,Yes,No,No,Month-to-Month,Yes,Bank Withdrawal,95.45,3474.05,0.0,80,1228.5,4782.55,Male,70,No,Yes,No,No,0,4,19.09,0,1,Detractor
5490,Yes,5,52,,Yes,39.0,No,Yes,Fiber Optic,11,Yes,No,Yes,Yes,Yes,Yes,No,Yes,One Year,Yes,Bank Withdrawal,104.45,5481.25,0.0,0,2028.0,7509.25,Male,79,No,Yes,Yes,No,0,7,13.05625,0,1,Detractor
6015,Yes,1,71,Offer A,Yes,20.49,No,No,No internet,0,No,No,No,No,No,No,No,No,Two Year,No,Credit Card,19.9,1397.3,0.0,0,1454.79,2852.09,Female,28,Yes,No,Yes,Yes,2,1,9.95,0,0,Detractor
4439,Yes,4,42,Offer B,Yes,9.33,No,No,No internet,0,No,No,No,No,No,No,No,No,One Year,No,Credit Card,20.25,854.9,0.0,0,391.86,1246.76,Male,57,No,No,Yes,Yes,2,1,10.125,0,0,Passive
3605,No,0,13,Offer D,Yes,10.66,No,Yes,DSL,5,Yes,No,No,No,Yes,Yes,Yes,Yes,Month-to-Month,Yes,Bank Withdrawal,71.95,923.85,10.47,0,138.58,1051.96,Female,54,No,No,No,No,0,6,10.278571428571428,0,1,Detractor
3200,Yes,1,11,Offer D,Yes,24.83,No,Yes,DSL,30,No,No,No,No,No,No,No,Yes,Month-to-Month,Yes,Bank Withdrawal,44.05,483.7,0.0,0,273.13,756.8299999999999,Female,41,No,No,Yes,No,0,2,14.683333333333332,1,1,Detractor
3424,No,0,39,,No,0.0,No,Yes,DSL,19,Yes,Yes,No,Yes,No,No,No,Yes,One Year,Yes,Bank Withdrawal,40.3,1630.4,0.0,0,0.0,1630.4,Female,37,No,No,No,No,0,4,8.059999999999999,0,1,Detractor
2320,No,0,2,Offer E,Yes,37.72,No,Yes,Fiber Optic,27,No,No,No,No,No,No,No,Yes,Month-to-Month,Yes,Credit Card,69.8,134.7,0.0,0,75.44,210.14,Male,56,No,No,No,No,0,2,23.266666666666666,1,0,Detractor
3511,Yes,2,38,Offer C,No,0.0,No,Yes,Cable,30,No,No,No,No,No,No,No,Yes,Month-to-Month,Yes,Bank Withdrawal,24.85,955.75,0.0,0,0.0,955.75,Male,69,No,Yes,Yes,No,0,1,12.425,0,1,Detractor
6123,No,0,66,Offer A,Yes,29.5,No,Yes,DSL,76,Yes,Yes,Yes,Yes,Yes,No,No,Yes,One Year,Yes,Bank Withdrawal,75.1,5013.0,0.0,0,1947.0,6960.0,Male,59,No,No,Yes,Yes,3,7,9.3875,0,1,Passive
5833,No,0,30,Offer C,No,0.0,No,Yes,DSL,17,No,No,No,No,Yes,Yes,Yes,Yes,Month-to-Month,Yes,Bank Withdrawal,44.5,1307.8,0.0,0,0.0,1307.8,Male,61,No,No,No,Yes,1,4,8.9,0,1,Passive
5808,No,0,21,Offer D,No,0.0,No,Yes,DSL,26,Yes,No,No,Yes,Yes,No,No,Yes,Month-to-Month,Yes,Credit Card,43.55,1011.5,0.0,0,0.0,1011.5,Male,29,Yes,No,No,No,0,4,8.709999999999999,0,0,Passive
4872,Yes,10,65,Offer B,Yes,36.49,No,Yes,Fiber Optic,9,No,Yes,Yes,Yes,Yes,Yes,Yes,Yes,Two Year,Yes,Credit Card,105.85,6725.5,0.0,0,2371.85,9097.35,Female,65,No,Yes,Yes,No,0,8,11.761111111111113,0,0,Passive
4020,No,0,26,,Yes,39.84,No,Yes,Cable,42,No,Yes,Yes,No,No,No,No,Yes,Month-to-Month,Yes,Credit Card,54.75,1406.9,0.0,0,1035.84,2442.74,Female,27,Yes,No,No,No,0,4,10.95,0,0,Passive
5068,Yes,10,1,,Yes,26.26,No,Yes,DSL,22,Yes,No,No,No,No,No,No,Yes,Month-to-Month,Yes,Credit Card,48.75,48.75,0.0,0,26.26,75.01,Male,32,No,No,Yes,Yes,2,3,12.1875,1,0,Passive
4838,No,0,22,Offer D,Yes,15.77,No,Yes,Fiber Optic,42,No,No,No,No,No,No,No,Yes,Month-to-Month,Yes,Credit Card,69.7,1490.4,0.0,0,346.94,1837.34,Male,22,Yes,No,No,No,0,2,23.23333333333333,0,0,Detractor
5751,Yes,2,14,Offer D,Yes,44.55,No,No,No internet,0,No,No,No,No,No,No,No,No,Two Year,No,Mailed Check,18.8,255.55,0.0,0,623.6999999999999,879.25,Female,38,No,No,Yes,Yes,3,1,9.4,0,0,Promoter
4250,No,0,48,,Yes,45.51,Yes,Yes,DSL,27,Yes,Yes,Yes,No,Yes,Yes,Yes,Yes,One Year,Yes,Credit Card,83.45,3887.85,0.0,0,2184.48,6072.33,Female,30,No,No,No,No,0,9,8.345,0,0,Passive
4649,Yes,7,70,,Yes,3.67,No,Yes,Fiber Optic,28,No,Yes,Yes,Yes,Yes,Yes,Yes,Yes,One Year,Yes,Bank Withdrawal,106.15,7475.1,0.0,0,256.9,7732.0,Male,37,No,No,Yes,Yes,3,8,11.794444444444444,0,1,Passive
4638,No,0,27,Offer C,Yes,3.33,Yes,Yes,Fiber Optic,18,No,No,Yes,No,No,No,No,No,Month-to-Month,Yes,Bank Withdrawal,78.05,2135.5,0.0,10,89.91,2235.41,Female,72,No,Yes,No,Yes,1,3,19.5125,0,1,Detractor
4108,Yes,1,68,,Yes,18.47,Yes,Yes,Fiber Optic,75,Yes,Yes,Yes,No,Yes,Yes,Yes,Yes,Two Year,Yes,Bank Withdrawal,110.2,7467.5,0.0,0,1255.96,8723.46,Male,51,No,No,Yes,Yes,3,9,11.02,0,1,Detractor
5902,No,0,58,Offer B,Yes,14.99,No,Yes,Fiber Optic,12,Yes,Yes,Yes,No,Yes,Yes,Yes,Yes,One Year,Yes,Bank Withdrawal,106.45,6145.85,0.0,0,869.42,7015.27,Female,57,No,No,No,No,0,8,11.827777777777778,0,1,Detractor
5743,Yes,5,41,,Yes,16.02,No,No,No internet,0,No,No,No,No,No,No,No,No,Two Year,Yes,Credit Card,20.0,879.8,0.0,0,656.8199999999999,1536.62,Male,24,Yes,No,Yes,Yes,1,1,10.0,0,0,Detractor
3960,No,0,45,Offer B,Yes,15.65,Yes,Yes,Fiber Optic,18,No,No,No,No,Yes,Yes,No,Yes,Two Year,Yes,Bank Withdrawal,93.9,4200.25,0.0,0,704.25,4904.5,Male,76,No,Yes,No,No,0,5,15.65,0,1,Passive
4278,Yes,2,72,,Yes,29.8,No,Yes,DSL,14,Yes,Yes,No,Yes,Yes,Yes,Yes,No,Two Year,Yes,Bank Withdrawal,79.35,5753.25,0.0,40,2145.6,7938.85,Male,48,No,No,Yes,No,0,7,9.91875,0,1,Detractor
3573,No,0,5,Offer E,No,0.0,No,Yes,Cable,26,No,Yes,No,No,Yes,Yes,Yes,Yes,Month-to-Month,Yes,Credit Card,50.95,229.4,0.0,0,0.0,229.4,Female,46,No,No,No,No,0,5,8.491666666666667,1,0,Promoter
4312,No,0,22,Offer D,Yes,46.45,No,No,No internet,0,No,No,No,No,No,No,No,No,Month-to-Month,No,Bank Withdrawal,19.05,454.05,0.0,0,1021.9,1475.95,Female,35,No,No,Yes,Yes,1,1,9.525,0,1,Detractor
5741,Yes,4,45,Offer B,Yes,22.49,Yes,No,No internet,0,No,No,No,No,No,No,No,No,One Year,Yes,Credit Card,25.9,1216.6,0.0,0,1012.05,2228.65,Female,48,No,No,Yes,No,0,2,8.633333333333333,0,0,Passive
2782,No,0,18,,Yes,26.26,No,No,No internet,0,No,No,No,No,No,No,No,No,Two Year,No,Credit Card,20.05,388.6,0.0,0,472.68,861.28,Male,64,No,No,No,No,0,1,10.025,0,0,Detractor
4666,Yes,3,61,Offer B,Yes,40.48,Yes,Yes,DSL,20,Yes,Yes,Yes,Yes,No,Yes,Yes,Yes,One Year,Yes,Bank Withdrawal,79.4,4820.55,0.0,0,2469.28,7289.83,Female,52,No,No,Yes,Yes,2,9,7.94,0,1,Detractor
4831,No,0,1,Offer E,No,0.0,No,Yes,DSL,15,No,No,No,No,No,No,No,No,Month-to-Month,No,Bank Withdrawal,25.25,25.25,0.0,10,0.0,35.25,Female,40,No,No,No,No,0,0,25.25,1,1,Promoter
4937,Yes,8,57,,Yes,29.64,No,No,No internet,0,No,No,No,No,No,No,No,No,Two Year,No,Credit Card,20.75,1123.15,0.0,0,1689.48,2812.63,Male,60,No,No,Yes,Yes,2,1,10.375,0,0,Detractor
3797,No,0,10,Offer D,No,0.0,No,Yes,DSL,30,No,No,Yes,No,No,No,No,No,Month-to-Month,No,Credit Card,29.5,255.25,0.0,40,0.0,295.25,Male,46,No,No,No,No,0,1,14.75,1,0,Detractor
3464,Yes,6,23,,Yes,13.79,Yes,Yes,Cable,17,No,Yes,No,Yes,No,No,No,Yes,Two Year,No,Credit Card,59.7,1414.2,0.0,0,317.17,1731.37,Male,33,No,No,Yes,No,0,5,9.95,0,0,Promoter
3941,No,0,34,,Yes,2.82,No,Yes,Fiber Optic,2,No,Yes,Yes,Yes,Yes,Yes,Yes,Yes,Month-to-Month,Yes,Bank Withdrawal,105.1,3634.8,0.0,0,95.88,3730.68,Female,38,No,No,No,No,0,8,11.677777777777775,0,1,Promoter
5597,Yes,5,31,Offer C,Yes,46.06,Yes,Yes,Fiber Optic,18,Yes,No,No,No,Yes,No,No,Yes,Two Year,No,Bank Withdrawal,89.45,2807.65,31.58,0,1427.86,4203.93,Male,76,No,Yes,Yes,No,0,5,14.908333333333331,0,1,Passive
2855,No,0,33,,No,0.0,No,Yes,DSL,30,No,Yes,No,No,Yes,No,No,Yes,One Year,Yes,Bank Withdrawal,39.1,1309.0,0.0,0,0.0,1309.0,Male,62,No,No,No,No,0,3,9.775,0,1,Passive
4997,No,0,26,,Yes,40.17,Yes,Yes,Fiber Optic,27,No,No,Yes,No,Yes,Yes,Yes,Yes,Month-to-Month,Yes,Bank Withdrawal,98.35,2515.3,0.0,0,1044.42,3559.7200000000003,Male,55,No,No,No,No,0,7,12.29375,0,1,Detractor
5489,No,0,8,,No,0.0,No,Yes,Cable,4,Yes,No,No,Yes,No,Yes,Yes,Yes,Two Year,Yes,Mailed Check,44.55,343.45,0.0,0,0.0,343.45,Male,46,No,No,No,No,0,5,7.425,1,0,Detractor
4471,Yes,1,53,,Yes,30.09,No,Yes,Fiber Optic,11,Yes,Yes,Yes,No,Yes,Yes,Yes,Yes,One Year,Yes,Bank Withdrawal,106.1,5769.75,0.0,0,1594.77,7364.52,Female,44,No,No,Yes,No,0,8,11.788888888888888,0,1,Detractor
5656,Yes,2,43,Offer B,No,0.0,No,Yes,Cable,6,Yes,Yes,No,Yes,Yes,No,No,Yes,One Year,Yes,Bank Withdrawal,51.25,2151.6,0.0,0,0.0,2151.6,Female,61,No,No,Yes,No,0,5,8.541666666666666,0,1,Detractor
5261,Yes,10,67,,Yes,44.9,Yes,Yes,Fiber Optic,20,Yes,Yes,No,No,No,No,No,Yes,Month-to-Month,No,Bank Withdrawal,83.85,5588.8,0.0,0,3008.3,8597.1,Male,66,No,Yes,Yes,No,0,5,13.975,0,1,Detractor
4380,Yes,1,68,,Yes,29.67,Yes,Yes,Fiber Optic,85,Yes,Yes,No,No,No,No,No,Yes,One Year,Yes,Bank Withdrawal,85.5,5696.6,0.0,0,2017.56,7714.160000000001,Male,27,Yes,No,Yes,Yes,1,5,14.25,0,1,Detractor
4870,No,0,21,,Yes,7.41,No,Yes,DSL,51,Yes,No,Yes,Yes,No,No,No,Yes,One Year,Yes,Bank Withdrawal,60.25,1258.35,0.0,0,155.61,1413.96,Female,30,No,No,No,No,0,5,10.041666666666666,0,1,Passive
3051,No,0,2,,Yes,41.18,Yes,Yes,Fiber Optic,14,No,Yes,No,No,No,No,No,Yes,Month-to-Month,Yes,Bank Withdrawal,82.0,184.65,0.0,0,82.36,267.01,Male,42,No,No,No,No,0,4,16.4,1,1,Detractor
4777,Yes,2,58,Offer B,Yes,5.01,Yes,Yes,Fiber Optic,23,No,No,Yes,Yes,No,Yes,Yes,Yes,Two Year,No,Bank Withdrawal,94.35,5563.65,0.0,0,290.58,5854.23,Male,54,No,No,Yes,Yes,2,7,11.79375,0,1,Passive
2831,Yes,6,18,Offer D,Yes,31.79,No,Yes,Fiber Optic,19,No,No,Yes,Yes,No,No,No,Yes,Month-to-Month,No,Bank Withdrawal,78.2,1468.75,0.0,0,572.22,2040.97,Male,55,No,No,Yes,No,0,4,15.64,0,1,Promoter
4680,Yes,5,72,,Yes,28.5,Yes,Yes,Fiber Optic,5,Yes,Yes,Yes,No,No,Yes,No,Yes,Two Year,Yes,Credit Card,102.65,7550.3,0.0,0,2052.0,9602.3,Male,75,No,Yes,Yes,No,0,7,12.83125,0,0,Detractor
4978,Yes,10,65,,Yes,9.68,Yes,Yes,Fiber Optic,23,Yes,Yes,No,No,No,No,No,Yes,Two Year,Yes,Bank Withdrawal,85.75,5688.45,38.09,0,629.1999999999999,6279.56,Male,78,No,Yes,Yes,Yes,1,5,14.291666666666666,0,1,Detractor
5250,Yes,6,28,Offer C,Yes,41.41,Yes,Yes,DSL,30,No,No,No,No,No,No,No,Yes,Month-to-Month,No,Credit Card,49.9,1410.25,0.0,0,1159.48,2569.73,Female,33,No,No,Yes,Yes,1,3,12.475,0,0,Promoter
4594,Yes,1,20,Offer D,Yes,18.05,No,Yes,Fiber Optic,5,No,No,No,No,Yes,Yes,Yes,Yes,Month-to-Month,Yes,Credit Card,89.0,1820.45,0.0,0,361.0,2181.45,Male,35,No,No,Yes,No,0,5,14.833333333333334,0,0,Detractor
5708,No,0,54,,Yes,25.72,No,No,No internet,0,No,No,No,No,No,No,No,No,Two Year,No,Credit Card,19.65,1008.7,0.0,0,1388.88,2397.58,Male,27,Yes,No,No,No,0,1,9.825,0,0,Promoter
4434,No,0,41,,Yes,36.7,Yes,Yes,Fiber Optic,59,Yes,Yes,Yes,Yes,Yes,No,No,Yes,Month-to-Month,Yes,Bank Withdrawal,106.5,4282.4,0.0,0,1504.7,5787.099999999999,Female,20,Yes,No,No,No,0,8,11.833333333333334,0,1,Passive
5230,No,0,23,,No,0.0,No,Yes,DSL,19,Yes,Yes,No,Yes,No,No,No,Yes,One Year,No,Bank Withdrawal,40.65,947.4,0.0,0,0.0,947.4,Male,61,No,No,No,Yes,1,4,8.129999999999999,0,1,Detractor
5508,Yes,1,17,,Yes,28.18,Yes,Yes,Cable,16,No,No,Yes,No,Yes,Yes,No,Yes,Month-to-Month,Yes,Credit Card,100.45,1622.45,0.0,0,479.06,2101.51,Male,74,No,Yes,Yes,No,0,6,14.35,0,0,Detractor
3529,No,0,2,,Yes,36.81,No,Yes,Fiber Optic,16,Yes,Yes,No,Yes,No,No,No,Yes,Month-to-Month,Yes,Bank Withdrawal,86.25,181.65,0.0,0,73.62,255.27,Female,40,No,No,No,No,0,5,14.375,1,1,Detractor
6483,Yes,9,56,,Yes,42.81,Yes,Yes,Fiber Optic,51,No,No,No,No,Yes,No,No,Yes,Month-to-Month,Yes,Bank Withdrawal,85.6,4902.8,0.0,0,2397.36,7300.16,Female,25,Yes,No,Yes,No,0,4,17.119999999999997,0,1,Passive
5232,No,0,72,Offer A,Yes,14.12,Yes,Yes,Fiber Optic,23,Yes,Yes,No,Yes,Yes,Yes,No,Yes,Two Year,Yes,Bank Withdrawal,110.1,7746.7,44.81,0,1016.64,8718.529999999999,Female,77,No,Yes,No,No,0,8,12.233333333333333,0,1,Passive
4972,Yes,3,50,,Yes,41.58,Yes,Yes,Fiber Optic,19,Yes,Yes,Yes,No,Yes,Yes,Yes,Yes,One Year,Yes,Bank Withdrawal,108.25,5431.4,0.0,0,2079.0,7510.4,Male,34,No,No,Yes,Yes,1,9,10.825,0,1,Passive
4216,No,0,7,,Yes,30.06,No,Yes,Fiber Optic,10,No,No,Yes,No,No,No,No,No,Month-to-Month,Yes,Bank Withdrawal,75.15,525.0,0.0,10,210.42,745.42,Female,56,No,No,No,No,0,2,25.05,1,1,Detractor
5757,Yes,1,68,,Yes,49.51,No,Yes,Fiber Optic,3,No,Yes,No,Yes,Yes,Yes,Yes,No,One Year,Yes,Bank Withdrawal,100.3,6754.35,0.0,90,3366.68,10211.03,Male,43,No,No,Yes,No,0,6,14.328571428571427,0,1,Passive
5531,No,0,39,,Yes,25.33,No,Yes,DSL,82,Yes,No,No,No,No,No,No,No,One Year,Yes,Bank Withdrawal,47.85,1886.4,0.0,70,987.87,2944.27,Female,22,Yes,No,No,No,0,2,15.95,0,1,Detractor
3922,Yes,10,48,,Yes,12.57,Yes,Yes,Fiber Optic,18,Yes,Yes,Yes,Yes,Yes,Yes,Yes,Yes,Two Year,No,Credit Card,111.8,5443.65,0.0,0,603.36,6047.009999999999,Male,49,No,No,Yes,Yes,2,10,10.163636363636364,0,0,Detractor
3468,Yes,3,48,Offer B,Yes,1.02,No,Yes,Fiber Optic,2,No,No,Yes,Yes,Yes,Yes,Yes,Yes,Month-to-Month,Yes,Credit Card,100.05,4834.0,37.45,0,48.96,4845.51,Female,58,No,No,Yes,No,0,7,12.50625,0,0,Promoter
5949,No,0,10,Offer D,Yes,41.04,No,No,No internet,0,No,No,No,No,No,No,No,No,Month-to-Month,No,Credit Card,18.85,163.2,0.0,0,410.4,573.5999999999999,Female,60,No,No,No,No,0,1,9.425,1,0,Detractor
4298,Yes,1,16,,Yes,46.86,No,No,No internet,0,No,No,No,No,No,No,No,No,Month-to-Month,No,Credit Card,19.6,314.45,26.83,0,749.76,1037.38,Female,48,No,No,Yes,No,0,1,9.8,0,0,Detractor
3728,No,0,18,Offer D,Yes,1.92,Yes,Yes,Fiber Optic,25,No,No,Yes,Yes,Yes,No,No,Yes,Two Year,No,Bank Withdrawal,93.9,1743.9,0.0,0,34.56,1778.46,Male,75,No,Yes,No,No,0,6,13.414285714285716,0,1,Passive
5028,No,0,39,,Yes,20.06,Yes,Yes,Fiber Optic,3,No,Yes,No,No,No,Yes,Yes,Yes,Two Year,No,Bank Withdrawal,90.7,3413.25,0.0,0,782.3399999999999,4195.59,Male,76,No,Yes,No,No,0,6,12.957142857142856,0,1,Passive
5344,Yes,7,33,Offer C,Yes,48.85,No,Yes,Cable,30,Yes,No,Yes,No,Yes,Yes,Yes,Yes,One Year,No,Credit Card,74.75,2453.3,0.0,0,1612.05,4065.35,Male,35,No,No,Yes,No,0,7,9.34375,0,0,Detractor
3653,No,0,4,,Yes,44.36,No,Yes,Fiber Optic,20,No,No,Yes,No,No,Yes,Yes,Yes,Month-to-Month,No,Bank Withdrawal,86.05,308.1,0.0,0,177.44,485.54,Male,63,No,No,No,No,0,5,14.341666666666669,1,1,Promoter
3461,Yes,10,6,Offer E,Yes,1.57,No,No,No internet,0,No,No,No,No,No,No,No,No,One Year,No,Credit Card,19.45,113.5,0.0,0,9.42,122.92,Male,53,No,No,Yes,Yes,3,1,9.725,1,0,Passive
2721,Yes,6,15,Offer D,Yes,4.19,Yes,Yes,Fiber Optic,59,No,Yes,Yes,No,Yes,Yes,Yes,Yes,Month-to-Month,Yes,Bank Withdrawal,105.35,1559.25,0.0,0,62.85000000000001,1622.1,Female,19,Yes,No,Yes,Yes,3,8,11.705555555555556,0,1,Detractor
4386,Yes,9,22,Offer D,Yes,25.98,Yes,No,No internet,0,No,No,No,No,No,No,No,No,Two Year,No,Credit Card,25.25,555.4,0.0,0,571.5600000000001,1126.96,Female,30,No,No,Yes,Yes,3,2,8.416666666666666,0,0,Detractor
5502,Yes,2,55,Offer B,Yes,42.82,Yes,Yes,Fiber Optic,27,No,Yes,Yes,No,No,No,No,No,Month-to-Month,Yes,Bank Withdrawal,85.45,4874.7,0.0,90,2355.1,7319.799999999999,Female,66,No,Yes,Yes,No,0,4,17.09,0,1,Detractor
4814,Yes,1,59,,Yes,20.78,Yes,Yes,Fiber Optic,26,No,No,Yes,Yes,Yes,No,No,Yes,Month-to-Month,No,Bank Withdrawal,93.35,5386.5,36.07,0,1226.02,6576.450000000001,Female,45,No,No,Yes,No,0,6,13.335714285714284,0,1,Detractor
3239,No,0,2,,Yes,10.47,No,Yes,DSL,21,Yes,Yes,No,No,No,No,No,Yes,Month-to-Month,Yes,Credit Card,53.85,108.15,0.0,0,20.94,129.09,Male,37,No,No,No,No,0,4,10.77,1,0,Detractor
4557,Yes,1,64,,Yes,36.24,No,No,No internet,0,No,No,No,No,No,No,No,No,Two Year,No,Credit Card,20.2,1277.75,0.0,0,2319.36,3597.11,Female,23,Yes,No,Yes,No,0,1,10.1,0,0,Promoter
5188,Yes,5,69,,Yes,23.47,No,No,No internet,0,No,No,No,No,No,No,No,No,One Year,Yes,Credit Card,20.35,1442.65,0.0,0,1619.4299999999998,3062.08,Female,24,Yes,No,Yes,Yes,2,1,10.175,0,0,Detractor
2928,Yes,1,13,Offer D,Yes,40.2,No,No,No internet,0,No,No,No,No,No,No,No,No,Month-to-Month,Yes,Credit Card,19.85,252.0,0.0,0,522.6,774.6,Male,35,No,No,Yes,Yes,3,1,9.925,0,0,Passive
5476,Yes,1,48,Offer B,Yes,4.45,No,Yes,DSL,57,Yes,Yes,Yes,No,No,Yes,Yes,No,Two Year,Yes,Credit Card,70.1,3238.4,0.0,30,213.6,3482.0,Female,56,No,No,Yes,Yes,3,6,10.014285714285714,0,0,Passive
3087,Yes,10,32,,No,0.0,No,Yes,DSL,19,No,No,Yes,No,Yes,Yes,Yes,Yes,Month-to-Month,No,Credit Card,50.6,1653.45,0.0,0,0.0,1653.45,Male,48,No,No,Yes,Yes,2,5,8.433333333333334,0,0,Detractor
4537,No,0,49,Offer B,Yes,43.19,Yes,Yes,Cable,10,Yes,Yes,Yes,Yes,No,Yes,Yes,Yes,Two Year,No,Credit Card,81.35,4060.9,0.0,0,2116.31,6177.21,Male,67,No,Yes,No,No,0,9,8.135,0,0,Passive
3407,Yes,2,37,,Yes,41.03,Yes,Yes,Fiber Optic,15,No,Yes,Yes,No,No,Yes,Yes,Yes,Month-to-Month,Yes,Bank Withdrawal,95.15,3532.85,0.0,0,1518.11,5050.96,Female,40,No,No,Yes,Yes,1,7,11.89375,0,1,Detractor
3021,No,0,9,,Yes,24.96,No,Yes,Fiber Optic,9,No,No,Yes,No,No,No,No,Yes,Two Year,No,Credit Card,75.5,637.4,0.0,0,224.64,862.04,Female,65,No,Yes,No,No,0,3,18.875,1,0,Detractor
3665,No,0,22,,Yes,46.28,Yes,Yes,Fiber Optic,16,No,No,No,No,Yes,Yes,Yes,No,Month-to-Month,Yes,Credit Card,94.65,2104.55,0.0,40,1018.16,3162.71,Male,52,No,No,No,No,0,5,15.775,0,0,Detractor
3727,Yes,1,22,Offer D,Yes,20.78,No,No,No internet,0,No,No,No,No,No,No,No,No,Month-to-Month,Yes,Bank Withdrawal,20.45,471.55,0.0,0,457.16,928.71,Male,43,No,No,Yes,No,0,1,10.225,0,1,Passive
4507,No,0,57,,Yes,38.94,Yes,Yes,Fiber Optic,7,No,Yes,No,Yes,No,Yes,Yes,Yes,One Year,No,Bank Withdrawal,94.7,5468.95,0.0,0,2219.58,7688.53,Female,47,No,No,No,No,0,7,11.8375,0,1,Passive
5094,No,0,1,,Yes,14.58,No,Yes,DSL,73,No,No,No,No,Yes,No,No,Yes,Month-to-Month,Yes,Mailed Check,53.5,53.5,0.0,0,14.58,68.08,Male,22,Yes,No,No,No,0,3,13.375,1,0,Detractor
3007,Yes,10,1,,Yes,32.78,No,No,No internet,0,No,No,No,No,No,No,No,No,Month-to-Month,No,Credit Card,19.2,19.2,0.0,0,32.78,51.98,Male,57,No,No,Yes,Yes,3,1,9.6,1,0,Promoter
5699,No,0,10,,Yes,17.65,Yes,Yes,Fiber Optic,20,No,No,No,No,No,Yes,Yes,Yes,Month-to-Month,No,Bank Withdrawal,86.45,830.85,0.0,0,176.5,1007.35,Female,57,No,No,No,No,0,5,14.408333333333331,1,1,Detractor
2051,No,0,19,,Yes,41.79,No,Yes,DSL,6,No,Yes,No,Yes,No,Yes,Yes,No,One Year,Yes,Bank Withdrawal,65.35,1231.85,0.0,60,794.01,2085.86,Male,61,No,No,No,No,0,5,10.891666666666666,0,1,Passive
3455,Yes,4,24,,Yes,27.38,No,No,No internet,0,No,No,No,No,No,No,No,No,Two Year,No,Credit Card,19.75,483.15,16.56,0,657.12,1123.71,Male,32,No,No,Yes,No,0,1,9.875,0,0,Detractor
4404,Yes,1,62,Offer B,Yes,33.7,No,Yes,Cable,15,No,Yes,Yes,Yes,No,No,No,Yes,Two Year,Yes,Credit Card,60.15,3753.2,0.0,0,2089.4,5842.6,Male,47,No,No,Yes,No,0,5,10.025,0,0,Promoter
5227,Yes,7,72,,Yes,21.29,Yes,Yes,Fiber Optic,52,Yes,Yes,Yes,Yes,Yes,Yes,Yes,Yes,Two Year,Yes,Bank Withdrawal,116.6,8337.45,26.7,0,1532.88,9843.63,Male,26,Yes,No,Yes,Yes,1,10,10.6,0,1,Detractor
5272,No,0,8,Offer E,Yes,31.02,No,No,No internet,0,No,No,No,No,No,No,No,No,One Year,Yes,Credit Card,19.2,161.95,0.0,0,248.16,410.11,Female,31,No,No,No,No,0,1,9.6,1,0,Passive
3124,No,0,39,Offer C,Yes,14.72,Yes,Yes,Fiber Optic,85,No,No,No,Yes,Yes,Yes,Yes,Yes,Two Year,No,Credit Card,100.55,3895.35,0.0,0,574.08,4469.43,Male,21,Yes,No,No,Yes,1,7,12.56875,0,0,Detractor
3926,No,0,10,Offer D,Yes,20.29,No,No,No internet,0,No,No,No,No,No,No,No,No,Month-to-Month,No,Credit Card,19.75,208.25,0.0,0,202.9,411.15,Male,24,Yes,No,No,No,0,1,9.875,1,0,Detractor
5861,No,0,3,Offer E,Yes,47.62,No,Yes,Cable,29,No,Yes,No,No,Yes,Yes,Yes,Yes,Month-to-Month,Yes,Bank Withdrawal,95.1,307.4,0.0,0,142.86,450.26,Female,55,No,No,No,No,0,6,13.585714285714284,1,1,Detractor
5842,No,0,19,Offer D,Yes,34.51,No,Yes,Cable,22,No,No,No,No,No,No,No,Yes,Month-to-Month,No,Credit Card,44.9,839.65,0.0,0,655.6899999999999,1495.34,Female,33,No,No,Yes,No,0,2,14.966666666666669,0,0,Promoter
5277,No,0,1,,Yes,10.83,No,Yes,DSL,15,Yes,No,No,No,No,No,No,Yes,Month-to-Month,No,Bank Withdrawal,49.55,49.55,0.0,0,10.83,60.38,Female,45,No,No,No,No,0,3,12.3875,1,1,Passive
4291,No,0,1,,Yes,39.61,Yes,Yes,Fiber Optic,16,No,No,No,No,No,No,No,Yes,Month-to-Month,Yes,Credit Card,74.45,74.45,0.0,0,39.61,114.06,Female,75,No,Yes,No,No,0,3,18.6125,1,0,Detractor
5341,No,0,1,Offer E,Yes,13.04,No,Yes,Fiber Optic,46,No,No,No,No,No,No,No,Yes,Month-to-Month,Yes,Credit Card,69.95,69.95,0.0,0,13.04,82.99000000000001,Female,29,Yes,No,No,No,0,2,23.316666666666663,1,0,Detractor
4700,Yes,1,53,Offer B,Yes,38.35,No,Yes,Fiber Optic,82,No,No,No,Yes,Yes,Yes,Yes,Yes,One Year,Yes,Bank Withdrawal,93.45,4872.2,0.0,0,2032.55,6904.75,Female,29,Yes,No,Yes,No,0,6,13.35,0,1,Passive
4741,No,0,67,,Yes,12.54,Yes,Yes,Fiber Optic,59,No,Yes,No,Yes,Yes,Yes,Yes,Yes,Two Year,Yes,Bank Withdrawal,104.0,7039.05,0.0,0,840.18,7879.23,Female,28,Yes,No,No,Yes,1,8,11.555555555555555,0,1,Detractor
4050,No,0,3,,Yes,1.57,No,No,No internet,0,No,No,No,No,No,No,No,No,Month-to-Month,Yes,Bank Withdrawal,20.25,61.45,0.0,0,4.71,66.16,Male,19,Yes,No,No,No,0,1,10.125,1,1,Promoter
4535,Yes,7,25,,Yes,3.81,No,Yes,Fiber Optic,8,No,No,No,Yes,Yes,Yes,Yes,Yes,Month-to-Month,Yes,Credit Card,95.7,2338.35,0.0,0,95.25,2433.6,Male,51,No,No,Yes,No,0,6,13.671428571428573,0,0,Promoter
5369,Yes,10,64,,Yes,19.22,No,Yes,Fiber Optic,21,Yes,No,No,Yes,Yes,Yes,Yes,Yes,One Year,Yes,Credit Card,96.9,6314.35,13.37,0,1230.08,7531.06,Female,31,No,No,Yes,No,0,7,12.1125,0,0,Detractor
5812,Yes,6,50,Offer B,Yes,42.21,Yes,Yes,Fiber Optic,14,No,Yes,Yes,No,Yes,Yes,Yes,Yes,Month-to-Month,Yes,Bank Withdrawal,103.85,5017.9,0.0,0,2110.5,7128.4,Male,55,No,No,Yes,No,0,8,11.538888888888888,0,1,Detractor
5292,Yes,6,38,Offer C,Yes,17.52,Yes,Yes,DSL,59,Yes,No,Yes,Yes,Yes,Yes,Yes,Yes,Two Year,Yes,Bank Withdrawal,85.4,3297.0,0.0,0,665.76,3962.76,Male,26,Yes,No,Yes,Yes,2,9,8.540000000000001,0,1,Passive
3658,No,0,10,Offer D,Yes,27.57,Yes,Yes,Fiber Optic,13,Yes,No,No,No,Yes,Yes,Yes,Yes,Month-to-Month,No,Bank Withdrawal,98.55,1008.55,0.0,0,275.7,1284.25,Male,51,No,No,No,No,0,7,12.31875,1,1,Detractor
5543,Yes,1,53,Offer B,Yes,31.24,Yes,Yes,Fiber Optic,73,Yes,No,Yes,No,No,Yes,Yes,Yes,Month-to-Month,No,Bank Withdrawal,93.9,5029.2,0.0,0,1655.72,6684.92,Male,27,Yes,No,Yes,No,0,7,11.7375,0,1,Detractor
3200,No,0,4,Offer E,Yes,33.93,No,Yes,Cable,20,No,No,No,No,No,No,No,Yes,Month-to-Month,Yes,Bank Withdrawal,45.9,199.75,0.0,0,135.72,335.47,Male,46,No,No,No,No,0,2,15.3,1,1,Detractor
2085,Yes,10,28,,Yes,21.91,No,Yes,Fiber Optic,5,No,No,No,Yes,No,No,No,Yes,Month-to-Month,No,Bank Withdrawal,76.55,2065.4,0.0,0,613.48,2678.88,Male,31,No,No,Yes,No,0,3,19.1375,0,1,Detractor
3438,No,0,16,Offer D,Yes,5.74,No,No,No internet,0,No,No,No,No,No,No,No,No,Month-to-Month,Yes,Credit Card,19.7,342.4,0.0,0,91.84,434.24,Male,35,No,No,No,No,0,1,9.85,0,0,Detractor
4129,Yes,1,60,,Yes,35.22,Yes,Yes,Fiber Optic,16,No,Yes,Yes,No,Yes,No,No,Yes,Month-to-Month,Yes,Bank Withdrawal,95.75,5742.9,0.0,0,2113.2,7856.099999999999,Male,59,No,No,Yes,No,0,6,13.678571428571429,0,1,Detractor
4408,Yes,6,57,,Yes,44.86,No,No,No internet,0,No,No,No,No,No,No,No,No,Two Year,No,Bank Withdrawal,19.9,1115.6,0.0,0,2557.02,3672.62,Female,43,No,No,Yes,No,0,1,9.95,0,1,Promoter
4613,Yes,1,72,Offer A,Yes,17.31,Yes,Yes,DSL,17,Yes,Yes,Yes,Yes,No,No,No,Yes,Two Year,No,Credit Card,68.15,4808.7,0.0,0,1246.32,6055.02,Male,56,No,No,Yes,No,0,7,8.51875,0,0,Detractor
4883,No,0,46,Offer B,Yes,27.97,Yes,Yes,Fiber Optic,22,No,No,Yes,No,Yes,Yes,Yes,Yes,One Year,Yes,Bank Withdrawal,101.1,4674.4,0.0,0,1286.62,5961.02,Female,45,No,No,No,No,0,7,12.6375,0,1,Passive
5036,Yes,9,22,Offer D,Yes,42.58,No,Yes,DSL,82,Yes,Yes,No,Yes,No,No,Yes,Yes,Month-to-Month,Yes,Credit Card,57.95,1271.8,0.0,0,936.76,2208.56,Male,21,Yes,No,Yes,Yes,3,6,8.278571428571428,0,0,Detractor
2973,Yes,1,13,,Yes,43.56,Yes,Yes,Fiber Optic,52,No,Yes,Yes,No,Yes,No,No,Yes,Month-to-Month,No,Bank Withdrawal,94.1,1215.6,0.0,0,566.28,1781.88,Female,26,Yes,No,Yes,No,0,6,13.44285714285714,0,1,Detractor
4193,No,0,8,Offer E,Yes,24.76,Yes,Yes,Fiber Optic,2,No,No,No,No,No,Yes,Yes,Yes,Month-to-Month,Yes,Bank Withdrawal,86.55,649.65,0.0,0,198.08,847.73,Male,47,No,No,No,No,0,5,14.425,1,1,Detractor
5748,Yes,9,2,,Yes,7.49,No,Yes,Fiber Optic,14,No,No,No,No,No,No,No,Yes,Month-to-Month,Yes,Credit Card,70.4,154.8,0.0,0,14.98,169.78,Female,61,No,No,Yes,No,0,2,23.46666666666667,1,0,Detractor
5160,Yes,9,1,,Yes,43.57,No,No,No internet,0,No,No,No,No,No,No,No,No,One Year,No,Mailed Check,18.8,18.8,0.0,0,43.57,62.370000000000005,Male,29,Yes,No,Yes,No,0,1,9.4,1,0,Detractor
6006,No,0,49,Offer B,Yes,35.87,Yes,Yes,DSL,30,Yes,Yes,No,No,No,No,No,Yes,Month-to-Month,Yes,Credit Card,59.75,2934.3,0.0,0,1757.63,4691.93,Female,40,No,No,No,No,0,5,9.958333333333334,0,0,Detractor
2798,Yes,1,2,Offer E,Yes,27.41,No,Yes,Cable,23,No,No,Yes,No,Yes,Yes,Yes,Yes,Month-to-Month,No,Credit Card,69.0,147.8,0.0,0,54.82,202.62,Female,61,No,No,Yes,No,0,6,9.857142857142858,1,0,Passive
4886,No,0,72,,Yes,36.49,Yes,Yes,Fiber Optic,27,Yes,Yes,Yes,Yes,Yes,Yes,Yes,Yes,Two Year,Yes,Bank Withdrawal,118.2,8547.15,0.0,0,2627.28,11174.43,Male,60,No,No,No,No,0,10,10.745454545454546,0,1,Detractor
4971,Yes,3,9,Offer E,Yes,26.51,No,Yes,Fiber Optic,18,No,No,No,No,Yes,Yes,Yes,Yes,Month-to-Month,No,Bank Withdrawal,89.45,853.1,0.0,0,238.59,1091.69,Female,62,No,No,Yes,No,0,5,14.908333333333331,1,1,Detractor
4412,Yes,1,61,,Yes,35.11,Yes,Yes,Fiber Optic,17,No,Yes,Yes,No,Yes,Yes,No,Yes,One Year,Yes,Credit Card,104.4,6405.0,0.0,0,2141.71,8546.71,Female,77,No,Yes,Yes,No,0,7,13.05,0,0,Detractor
4265,No,0,11,,No,0.0,No,Yes,DSL,17,Yes,No,No,Yes,No,No,No,No,One Year,Yes,Credit Card,36.05,402.6,0.0,100,0.0,502.6,Female,54,No,No,No,Yes,1,2,12.016666666666666,1,0,Passive
3540,No,0,13,,No,0.0,No,Yes,Cable,19,No,Yes,No,No,No,No,No,No,Month-to-Month,No,Bank Withdrawal,30.15,382.2,0.0,10,0.0,392.2,Female,50,No,No,No,Yes,2,1,15.075,0,1,Promoter
2786,No,0,7,Offer E,Yes,20.52,Yes,Yes,Cable,28,No,No,No,No,Yes,Yes,Yes,No,Month-to-Month,No,Credit Card,95.0,655.5,36.6,10,143.64,772.54,Male,32,No,No,No,Yes,4,5,15.833333333333334,1,0,Detractor
2645,Yes,1,27,,Yes,35.52,Yes,No,No internet,0,No,No,No,No,No,No,No,No,Two Year,No,Bank Withdrawal,24.5,761.95,0.0,0,959.04,1720.9900000000002,Female,51,No,No,Yes,Yes,1,2,8.166666666666666,0,1,Detractor
5611,Yes,4,6,,Yes,16.87,Yes,Yes,Fiber Optic,17,No,No,Yes,No,No,No,No,No,Two Year,Yes,Bank Withdrawal,80.8,457.1,0.0,30,101.22,588.32,Male,75,No,Yes,Yes,No,0,3,20.2,1,1,Promoter
5269,No,0,45,,Yes,4.48,Yes,Yes,Cable,51,No,No,Yes,Yes,No,No,No,Yes,Month-to-Month,Yes,Bank Withdrawal,87.25,3941.7,0.0,0,201.6,4143.3,Female,29,Yes,No,No,No,0,5,14.541666666666666,0,1,Detractor
5532,Yes,9,69,Offer A,Yes,3.41,Yes,Yes,Fiber Optic,41,Yes,Yes,Yes,Yes,Yes,Yes,Yes,Yes,Two Year,Yes,Bank Withdrawal,112.55,7806.5,0.0,0,235.29,8041.79,Male,29,Yes,No,Yes,No,0,10,10.231818181818182,0,1,Passive
4831,No,0,56,Offer B,Yes,32.88,No,No,No internet,0,No,No,No,No,No,No,No,No,Two Year,No,Bank Withdrawal,19.7,1051.9,0.0,0,1841.28,2893.1800000000003,Female,42,No,No,No,No,0,1,9.85,0,1,Passive
3155,No,0,3,Offer E,Yes,3.64,Yes,Yes,DSL,25,No,No,No,Yes,Yes,No,No,Yes,Month-to-Month,Yes,Bank Withdrawal,63.6,155.65,0.0,0,10.92,166.57,Female,57,No,No,No,No,0,5,10.6,1,1,Detractor
4998,No,0,11,,Yes,1.87,Yes,No,No internet,0,No,No,No,No,No,No,No,No,One Year,No,Bank Withdrawal,25.2,245.15,0.0,0,20.57,265.72,Female,50,No,No,No,No,0,2,8.4,1,1,Passive
4403,Yes,1,72,Offer A,Yes,27.1,Yes,Yes,Cable,59,Yes,Yes,Yes,Yes,Yes,Yes,Yes,Yes,Two Year,Yes,Credit Card,91.95,6614.9,0.0,0,1951.2,8566.1,Male,21,Yes,No,Yes,Yes,1,10,8.35909090909091,0,0,Passive
4402,No,0,4,,Yes,22.54,No,No,No internet,0,No,No,No,No,No,No,No,No,Month-to-Month,No,Credit Card,19.4,93.4,0.0,0,90.16,183.56,Male,26,Yes,No,No,No,0,1,9.7,1,0,Promoter
3185,No,0,28,,Yes,25.59,No,Yes,Cable,7,No,Yes,No,Yes,No,No,No,Yes,Month-to-Month,No,Bank Withdrawal,54.65,1517.5,0.0,0,716.52,2234.02,Female,55,No,No,No,No,0,4,10.93,0,1,Promoter
5825,Yes,8,15,,No,0.0,No,Yes,Cable,16,Yes,No,No,No,No,No,No,Yes,Month-to-Month,Yes,Bank Withdrawal,30.2,469.65,0.0,0,0.0,469.65,Male,59,No,No,Yes,Yes,2,2,10.066666666666666,0,1,Passive
2072,Yes,4,23,,Yes,11.4,No,Yes,DSL,58,Yes,Yes,Yes,Yes,No,No,No,Yes,One Year,Yes,Credit Card,66.25,1533.8,23.92,0,262.2,1772.08,Female,29,Yes,No,Yes,No,0,6,9.464285714285714,0,0,Passive
6363,Yes,1,69,,Yes,16.34,Yes,Yes,Fiber Optic,4,No,Yes,No,No,Yes,No,No,No,Month-to-Month,Yes,Bank Withdrawal,89.95,6143.15,6.79,110,1127.46,7373.82,Male,65,No,Yes,Yes,No,0,4,17.990000000000002,0,1,Detractor
2053,No,0,44,Offer B,Yes,1.7,No,Yes,Fiber Optic,28,No,No,No,No,No,No,No,Yes,Month-to-Month,No,Credit Card,68.85,2958.95,0.0,0,74.8,3033.75,Male,41,No,No,No,No,0,2,22.95,0,0,Detractor
3161,No,0,22,,Yes,18.01,No,Yes,Fiber Optic,2,No,No,No,No,Yes,Yes,Yes,Yes,Month-to-Month,No,Bank Withdrawal,89.25,1907.85,0.0,0,396.22,2304.07,Female,38,No,No,No,No,0,5,14.875,0,1,Detractor
4853,Yes,1,27,,Yes,45.82,No,Yes,Fiber Optic,13,Yes,No,Yes,No,Yes,Yes,No,Yes,Month-to-Month,Yes,Bank Withdrawal,101.25,2754.45,0.0,0,1237.14,3991.59,Female,72,No,Yes,Yes,No,0,6,14.464285714285714,0,1,Detractor
4292,Yes,1,7,Offer E,Yes,14.75,No,Yes,Fiber Optic,28,No,No,No,No,No,No,No,No,Month-to-Month,Yes,Bank Withdrawal,69.35,451.1,0.0,10,103.25,564.35,Male,39,No,No,Yes,No,0,1,34.675,1,1,Detractor
4912,Yes,8,57,,Yes,28.25,No,Yes,Fiber Optic,15,No,Yes,Yes,Yes,Yes,No,No,Yes,Month-to-Month,Yes,Credit Card,95.3,5567.45,0.0,0,1610.25,7177.7,Female,75,No,Yes,Yes,Yes,1,6,13.614285714285714,0,0,Detractor
5732,Yes,2,49,,Yes,49.63,Yes,Yes,Fiber Optic,9,No,No,No,No,Yes,Yes,Yes,Yes,Month-to-Month,Yes,Bank Withdrawal,95.6,4783.5,0.0,0,2431.8700000000003,7215.370000000001,Female,53,No,No,Yes,No,0,6,13.657142857142857,0,1,Detractor
4567,Yes,4,49,,Yes,33.07,No,Yes,DSL,23,Yes,Yes,Yes,Yes,Yes,Yes,Yes,Yes,One Year,Yes,Credit Card,87.2,4345.0,0.0,0,1620.43,5965.43,Female,32,No,No,Yes,Yes,2,9,8.72,0,0,Detractor
2085,No,0,3,,Yes,17.42,No,Yes,DSL,59,Yes,No,No,No,No,No,No,Yes,Month-to-Month,Yes,Credit Card,50.15,160.85,0.0,0,52.260000000000005,213.11,Male,20,Yes,No,No,No,0,3,12.5375,1,0,Detractor
3954,No,0,2,Offer E,Yes,15.16,No,No,No internet,0,No,No,No,No,No,No,No,No,Month-to-Month,No,Credit Card,19.4,50.6,0.0,0,30.32,80.92,Male,32,No,No,No,No,0,1,9.7,1,0,Promoter
4254,Yes,1,53,,Yes,43.71,No,No,No internet,0,No,No,No,No,No,No,No,No,Two Year,No,Credit Card,20.9,1146.05,0.0,0,2316.63,3462.6800000000003,Female,48,No,No,Yes,Yes,3,1,10.45,0,0,Promoter
4616,No,0,60,,Yes,16.81,No,Yes,Fiber Optic,21,No,Yes,Yes,No,Yes,Yes,Yes,Yes,Two Year,Yes,Bank Withdrawal,99.65,5941.05,0.0,0,1008.6,6949.65,Female,38,No,No,No,No,0,7,12.45625,0,1,Passive
2229,No,0,11,,Yes,48.64,Yes,Yes,Fiber Optic,28,No,No,Yes,No,Yes,Yes,Yes,Yes,Month-to-Month,Yes,Bank Withdrawal,100.75,1129.75,0.0,0,535.04,1664.79,Female,45,No,No,No,No,0,7,12.59375,1,1,Detractor
2360,Yes,3,12,,Yes,24.65,No,No,No internet,0,No,No,No,No,No,No,No,No,Month-to-Month,Yes,Credit Card,20.1,232.4,0.0,0,295.79999999999995,528.1999999999999,Female,43,No,No,Yes,Yes,1,1,10.05,1,0,Detractor
3384,Yes,1,47,,Yes,42.29,No,Yes,Fiber Optic,22,No,Yes,No,No,Yes,No,No,No,One Year,Yes,Bank Withdrawal,84.95,4018.05,0.0,80,1987.63,6085.68,Male,72,No,Yes,Yes,Yes,1,3,21.2375,0,1,Detractor
2842,No,0,17,,Yes,34.02,No,No,No internet,0,No,No,No,No,No,No,No,No,Month-to-Month,No,Credit Card,21.1,385.55,0.0,0,578.34,963.89,Male,24,Yes,No,No,No,0,1,10.55,0,0,Detractor
5471,Yes,3,72,,No,0.0,No,Yes,DSL,16,No,Yes,Yes,Yes,Yes,Yes,Yes,Yes,Two Year,Yes,Bank Withdrawal,60.0,4264.0,25.67,0,0.0,4238.33,Female,63,No,No,Yes,No,0,7,7.5,0,1,Passive
5602,No,0,22,,Yes,23.43,No,Yes,Fiber Optic,22,Yes,Yes,No,No,No,No,No,Yes,One Year,No,Bank Withdrawal,81.7,1820.9,29.88,0,515.46,2306.48,Female,77,No,Yes,No,No,0,4,16.34,0,1,Passive
2236,No,0,9,,Yes,24.52,No,Yes,Fiber Optic,9,No,No,No,No,No,No,No,Yes,Month-to-Month,No,Bank Withdrawal,71.0,672.55,8.35,0,220.68,884.8799999999999,Female,49,No,No,No,No,0,2,23.666666666666668,1,1,Detractor
5449,No,0,29,,Yes,1.02,No,Yes,DSL,19,Yes,Yes,Yes,No,No,Yes,Yes,Yes,Month-to-Month,Yes,Bank Withdrawal,68.85,1970.5,0.0,0,29.58,2000.08,Female,45,No,No,No,No,0,7,8.60625,0,1,Detractor
4490,No,0,8,,Yes,41.13,No,Yes,DSL,27,Yes,No,Yes,No,No,Yes,Yes,Yes,Month-to-Month,Yes,Bank Withdrawal,66.7,579.0,0.0,0,329.04,908.04,Male,47,No,No,No,No,0,6,9.528571428571428,1,1,Detractor
5482,Yes,3,52,Offer B,Yes,5.65,No,No,No internet,0,No,No,No,No,No,No,No,No,One Year,Yes,Bank Withdrawal,20.4,1090.65,0.0,0,293.8,1384.45,Female,24,Yes,No,Yes,No,0,1,10.2,0,1,Detractor
4329,Yes,7,71,Offer A,Yes,30.72,Yes,No,No internet,0,No,No,No,No,No,No,No,No,Two Year,No,Bank Withdrawal,23.95,1756.2,0.0,0,2181.12,3937.32,Male,66,No,Yes,Yes,No,0,2,7.983333333333333,0,1,Detractor
5004,Yes,6,63,,Yes,44.55,Yes,Yes,DSL,29,Yes,Yes,Yes,Yes,Yes,Yes,Yes,Yes,Two Year,Yes,Credit Card,89.4,5597.65,0.0,0,2806.65,8404.3,Male,39,No,No,Yes,No,0,10,8.127272727272727,0,0,Detractor
3478,No,0,2,,Yes,25.49,No,Yes,DSL,9,No,No,No,No,No,No,No,Yes,Month-to-Month,No,Bank Withdrawal,45.35,89.5,0.0,0,50.98,140.48,Male,63,No,No,No,No,0,2,15.116666666666667,1,1,Detractor
5635,Yes,2,44,,Yes,26.25,No,Yes,Fiber Optic,25,No,No,Yes,No,Yes,Yes,Yes,Yes,Month-to-Month,Yes,Bank Withdrawal,92.95,4122.9,0.0,0,1155.0,5277.9,Male,46,No,No,Yes,Yes,1,6,13.278571428571428,0,1,Promoter
4898,No,0,36,,Yes,13.9,No,Yes,Cable,73,Yes,Yes,Yes,Yes,Yes,Yes,Yes,No,One Year,No,Bank Withdrawal,85.85,3003.55,0.0,0,500.4,3503.9500000000003,Female,26,Yes,No,No,No,0,8,9.538888888888888,0,1,Passive
4351,Yes,4,72,,Yes,41.94,Yes,Yes,Fiber Optic,85,Yes,Yes,No,Yes,Yes,Yes,Yes,Yes,Two Year,Yes,Credit Card,107.7,7919.8,0.0,0,3019.68,10939.48,Male,29,Yes,No,Yes,Yes,1,9,10.77,0,0,Passive
5758,Yes,6,29,Offer C,Yes,49.96,No,No,No internet,0,No,No,No,No,No,No,No,No,Two Year,Yes,Credit Card,19.55,521.8,0.0,0,1448.84,1970.64,Female,44,No,No,Yes,No,0,1,9.775,0,0,Detractor
3154,Yes,3,39,,Yes,15.06,No,Yes,DSL,11,Yes,No,No,No,No,No,No,Yes,Month-to-Month,No,Credit Card,51.05,2066.0,0.0,0,587.34,2653.34,Female,59,No,No,Yes,Yes,2,3,12.7625,0,0,Detractor
5688,No,0,1,,No,0.0,No,Yes,Cable,5,No,No,No,No,No,No,No,Yes,Month-to-Month,Yes,Bank Withdrawal,25.2,25.2,0.0,0,0.0,25.2,Female,74,No,Yes,No,No,0,1,12.6,1,1,Detractor
6102,Yes,1,72,Offer A,Yes,20.48,Yes,Yes,DSL,6,Yes,Yes,Yes,Yes,Yes,Yes,Yes,Yes,Two Year,Yes,Credit Card,88.05,6425.65,0.0,0,1474.56,7900.209999999999,Female,71,No,Yes,Yes,No,0,10,8.004545454545454,0,0,Detractor
5172,No,0,27,,Yes,31.17,Yes,Yes,Fiber Optic,25,No,No,No,No,No,Yes,Yes,Yes,Month-to-Month,Yes,Bank Withdrawal,85.25,2287.25,0.0,0,841.59,3128.84,Female,74,No,Yes,No,No,0,5,14.208333333333334,0,1,Detractor
5447,No,0,37,,Yes,49.99,No,Yes,Cable,27,Yes,Yes,No,Yes,No,No,No,No,Two Year,No,Credit Card,61.45,2302.35,48.79,110,1849.63,4213.1900000000005,Male,45,No,No,No,Yes,1,4,12.29,0,0,Detractor
5385,No,0,12,Offer D,Yes,1.8,No,Yes,DSL,3,No,Yes,No,Yes,No,No,No,Yes,Month-to-Month,Yes,Credit Card,53.75,648.65,0.0,0,21.6,670.25,Male,53,No,No,No,No,0,4,10.75,1,0,Promoter
2750,Yes,4,7,,No,0.0,No,Yes,DSL,28,Yes,No,Yes,Yes,No,Yes,Yes,Yes,Two Year,No,Credit Card,49.65,305.55,0.0,0,0.0,305.55,Male,46,No,No,Yes,Yes,2,6,7.092857142857143,1,0,Detractor
4591,Yes,1,24,,No,0.0,No,Yes,DSL,5,Yes,No,No,No,No,Yes,No,Yes,Month-to-Month,No,Bank Withdrawal,39.1,971.3,0.0,0,0.0,971.3,Male,75,No,Yes,Yes,No,0,3,9.775,0,1,Detractor
4479,Yes,1,66,Offer A,Yes,28.86,Yes,Yes,Fiber Optic,25,No,No,Yes,No,Yes,Yes,No,Yes,Month-to-Month,Yes,Credit Card,99.5,6822.15,0.0,0,1904.76,8726.91,Male,79,No,Yes,Yes,No,0,6,14.214285714285714,0,0,Detractor
5715,No,0,45,Offer B,No,0.0,No,Yes,Cable,4,No,No,No,No,No,Yes,No,No,One Year,No,Bank Withdrawal,34.2,1596.6,0.0,0,0.0,1596.6,Female,67,No,Yes,No,No,0,1,17.1,0,1,Detractor
4809,Yes,1,18,Offer D,Yes,43.29,No,Yes,Fiber Optic,41,Yes,No,No,No,No,No,No,Yes,Month-to-Month,No,Bank Withdrawal,74.8,1438.05,0.0,0,779.22,2217.27,Female,25,Yes,No,Yes,No,0,3,18.7,0,1,Detractor
4955,No,0,71,Offer A,Yes,28.4,Yes,Yes,Fiber Optic,76,Yes,Yes,Yes,Yes,Yes,Yes,Yes,Yes,Two Year,Yes,Credit Card,113.15,7993.3,0.0,0,2016.4,10009.7,Female,25,Yes,No,No,No,0,10,10.286363636363635,0,0,Detractor
4413,Yes,1,72,,Yes,40.04,Yes,No,No internet,0,No,No,No,No,No,No,No,No,Two Year,No,Credit Card,25.75,1864.2,0.0,0,2882.88,4747.08,Male,62,No,No,Yes,No,0,2,8.583333333333334,0,0,Promoter
4497,No,0,15,,Yes,30.54,No,Yes,DSL,11,Yes,No,Yes,Yes,No,No,No,Yes,Month-to-Month,No,Bank Withdrawal,58.95,955.15,0.0,0,458.1,1413.25,Female,57,No,No,No,No,0,5,9.825,0,1,Passive
5534,Yes,1,72,Offer A,Yes,22.22,Yes,No,No internet,0,No,No,No,No,No,No,No,No,Two Year,No,Credit Card,26.45,1914.5,0.0,0,1599.84,3514.34,Female,21,Yes,No,Yes,No,0,2,8.816666666666666,0,0,Passive
3492,Yes,2,1,Offer E,Yes,23.63,No,Yes,Fiber Optic,52,No,No,No,No,Yes,No,No,Yes,Month-to-Month,Yes,Bank Withdrawal,79.35,79.35,0.0,0,23.63,102.98,Female,30,No,No,Yes,No,0,3,19.8375,1,1,Detractor
3423,No,0,12,Offer D,Yes,36.65,No,No,No internet,0,No,No,No,No,No,No,No,No,One Year,No,Credit Card,19.7,260.9,0.0,0,439.8,700.6999999999999,Female,57,No,No,No,No,0,1,9.85,1,0,Passive
5180,No,0,5,,Yes,28.2,Yes,Yes,Fiber Optic,29,No,No,Yes,No,Yes,Yes,Yes,Yes,Month-to-Month,Yes,Bank Withdrawal,100.5,514.0,0.0,0,141.0,655.0,Female,54,No,No,No,No,0,7,12.5625,1,1,Detractor
5883,Yes,1,23,,Yes,45.21,Yes,Yes,Fiber Optic,14,No,Yes,Yes,No,Yes,Yes,Yes,No,Month-to-Month,Yes,Bank Withdrawal,104.45,2184.85,0.0,60,1039.83,3284.68,Male,80,No,Yes,Yes,No,0,7,13.05625,0,1,Promoter
5153,Yes,9,60,Offer B,Yes,48.9,No,Yes,Cable,16,Yes,Yes,Yes,Yes,No,Yes,No,Yes,One Year,Yes,Credit Card,74.85,4456.35,0.0,0,2934.0,7390.35,Female,72,No,Yes,Yes,No,0,7,9.35625,0,0,Detractor
4235,Yes,1,27,Offer C,Yes,18.42,Yes,Yes,Fiber Optic,26,No,No,No,No,Yes,Yes,Yes,Yes,Month-to-Month,No,Credit Card,95.0,2462.55,0.0,0,497.34,2959.8900000000003,Female,21,Yes,No,Yes,No,0,6,13.571428571428571,0,0,Passive
4032,Yes,7,70,,Yes,9.28,Yes,Yes,DSL,24,No,Yes,Yes,Yes,Yes,Yes,Yes,No,Two Year,Yes,Bank Withdrawal,84.8,5917.55,0.0,120,649.5999999999999,6687.15,Female,53,No,No,Yes,No,0,8,9.422222222222222,0,1,Passive
2583,No,0,33,,Yes,38.53,Yes,Yes,Fiber Optic,2,No,Yes,Yes,No,No,No,No,Yes,Month-to-Month,Yes,Credit Card,83.85,2716.3,0.0,0,1271.49,3987.79,Male,78,No,Yes,No,No,0,5,13.975,0,0,Detractor
5601,Yes,7,68,Offer A,Yes,47.95,No,Yes,DSL,14,Yes,Yes,No,Yes,Yes,Yes,Yes,Yes,Two Year,Yes,Bank Withdrawal,79.6,5515.8,0.0,0,3260.6000000000004,8776.400000000001,Female,38,No,No,Yes,No,0,8,8.844444444444443,0,1,Passive
4796,Yes,3,72,Offer A,Yes,28.72,Yes,Yes,Fiber Optic,25,Yes,Yes,Yes,Yes,Yes,Yes,No,Yes,Two Year,Yes,Bank Withdrawal,114.85,8317.95,0.0,0,2067.84,10385.79,Female,74,No,Yes,Yes,No,0,9,11.485,0,1,Detractor
4601,No,0,11,,Yes,5.4,No,Yes,Fiber Optic,41,No,Yes,No,No,No,No,No,Yes,Month-to-Month,Yes,Bank Withdrawal,74.55,824.75,0.0,0,59.400000000000006,884.15,Male,20,Yes,No,No,No,0,3,18.6375,1,1,Detractor
4237,Yes,8,72,,Yes,2.73,Yes,Yes,DSL,59,Yes,Yes,Yes,Yes,No,Yes,Yes,Yes,Two Year,No,Credit Card,81.0,5750.0,0.0,0,196.56,5946.56,Male,22,Yes,No,Yes,Yes,3,9,8.1,0,0,Detractor
6419,Yes,3,72,,Yes,32.23,No,Yes,Fiber Optic,19,Yes,Yes,Yes,Yes,Yes,Yes,Yes,Yes,Two Year,Yes,Credit Card,109.5,7854.9,0.0,0,2320.56,10175.46,Female,38,No,No,Yes,Yes,1,9,10.95,0,0,Detractor
5777,Yes,8,11,,Yes,44.84,No,Yes,DSL,57,Yes,No,No,No,No,No,No,No,Month-to-Month,No,Bank Withdrawal,51.0,581.7,0.0,60,493.24,1134.94,Female,42,No,No,Yes,Yes,3,2,17.0,1,1,Detractor
5860,No,0,44,Offer B,Yes,14.37,No,No,No internet,0,No,No,No,No,No,No,No,No,Two Year,No,Bank Withdrawal,19.55,819.95,0.0,0,632.28,1452.23,Male,48,No,No,No,Yes,2,1,9.775,0,1,Detractor
4610,Yes,1,68,Offer A,Yes,23.67,Yes,Yes,Fiber Optic,22,Yes,Yes,Yes,Yes,Yes,Yes,Yes,Yes,Two Year,Yes,Bank Withdrawal,113.15,7856.0,0.0,0,1609.5600000000002,9465.56,Male,48,No,No,Yes,No,0,10,10.286363636363635,0,1,Detractor
4310,No,0,11,Offer D,No,0.0,No,Yes,DSL,22,No,Yes,Yes,No,No,No,No,No,Month-to-Month,No,Credit Card,34.7,383.55,22.53,150,0.0,511.02,Male,60,No,No,No,No,0,2,11.566666666666668,1,0,Promoter
3123,Yes,1,1,,Yes,32.35,No,Yes,Fiber Optic,18,No,No,No,No,Yes,Yes,Yes,Yes,Month-to-Month,No,Mailed Check,89.15,89.15,0.0,0,32.35,121.5,Male,44,No,No,Yes,No,0,5,14.858333333333334,1,0,Detractor
6488,Yes,9,62,Offer B,Yes,24.62,No,Yes,DSL,29,Yes,No,Yes,Yes,Yes,Yes,No,Yes,Two Year,Yes,Credit Card,79.95,4819.75,0.0,0,1526.44,6346.1900000000005,Female,69,No,Yes,Yes,No,0,7,9.99375,0,0,Passive
2517,Yes,1,41,,Yes,32.02,No,Yes,DSL,28,No,Yes,No,Yes,No,Yes,Yes,Yes,One Year,Yes,Bank Withdrawal,66.5,2728.6,0.0,0,1312.8200000000002,4041.42,Female,49,No,No,Yes,No,0,6,9.5,0,1,Detractor
6046,Yes,5,72,,Yes,26.96,Yes,Yes,DSL,9,Yes,Yes,Yes,Yes,Yes,Yes,Yes,Yes,Two Year,No,Credit Card,89.85,6562.9,12.55,0,1941.12,8491.47,Male,41,No,No,Yes,No,0,10,8.168181818181818,0,0,Passive
2993,Yes,2,14,,Yes,41.05,No,No,No internet,0,No,No,No,No,No,No,No,No,One Year,Yes,Credit Card,19.5,272.0,0.0,0,574.6999999999999,846.6999999999999,Female,58,No,No,Yes,Yes,1,1,9.75,0,0,Detractor
3345,Yes,5,7,,No,0.0,No,Yes,Cable,58,Yes,Yes,Yes,No,No,No,No,Yes,Two Year,No,Credit Card,38.55,280.0,0.0,0,0.0,280.0,Male,26,Yes,No,Yes,No,0,4,7.709999999999999,1,0,Passive
5368,No,0,1,,Yes,3.23,No,No,No internet,0,No,No,No,No,No,No,No,No,Month-to-Month,Yes,Credit Card,20.05,20.05,0.0,0,3.23,23.28,Male,42,No,No,No,No,0,1,10.025,1,0,Detractor
5964,No,0,13,,Yes,12.54,No,Yes,Fiber Optic,20,No,No,No,No,No,Yes,Yes,Yes,Month-to-Month,Yes,Bank Withdrawal,80.85,1008.7,0.0,0,163.01999999999998,1171.72,Male,40,No,No,No,No,0,4,16.169999999999998,0,1,Detractor
5770,No,0,71,,Yes,38.22,No,Yes,DSL,23,Yes,No,Yes,Yes,Yes,Yes,Yes,Yes,Two Year,Yes,Credit Card,82.0,5999.85,0.0,0,2713.62,8713.470000000001,Female,40,No,No,Yes,No,0,8,9.11111111111111,0,0,Detractor
3753,No,0,1,,Yes,8.02,No,No,No internet,0,No,No,No,No,No,No,No,No,Month-to-Month,Yes,Credit Card,19.5,19.5,0.0,0,8.02,27.52,Male,54,No,No,No,No,0,1,9.75,1,0,Promoter
5229,Yes,6,37,,Yes,4.5,Yes,Yes,DSL,9,Yes,No,Yes,Yes,No,No,No,Yes,Two Year,Yes,Credit Card,62.8,2278.75,16.97,0,166.5,2428.28,Male,57,No,No,Yes,No,0,6,8.971428571428572,0,0,Detractor
5101,No,0,55,Offer B,Yes,42.19,No,Yes,Fiber Optic,51,Yes,Yes,No,No,Yes,Yes,Yes,Yes,One Year,Yes,Credit Card,100.9,5552.05,0.0,0,2320.45,7872.5,Male,19,Yes,No,No,No,0,7,12.6125,0,0,Passive
3890,No,0,9,,Yes,20.34,No,Yes,Fiber Optic,7,No,No,No,No,No,Yes,Yes,Yes,Month-to-Month,Yes,Bank Withdrawal,80.8,713.1,0.0,0,183.06,896.1600000000001,Male,39,No,No,No,No,0,4,16.16,1,1,Detractor
5600,No,0,71,,Yes,25.45,Yes,Yes,Fiber Optic,59,Yes,Yes,Yes,Yes,Yes,Yes,Yes,Yes,Two Year,Yes,Bank Withdrawal,114.0,8175.9,0.0,0,1806.95,9982.85,Male,25,Yes,No,Yes,Yes,1,10,10.363636363636363,0,1,Passive
3799,No,0,5,,Yes,6.17,No,No,No internet,0,No,No,No,No,No,No,No,No,Month-to-Month,No,Credit Card,19.85,108.05,0.0,0,30.85,138.9,Female,57,No,No,No,No,0,1,9.925,1,0,Detractor
4328,Yes,4,20,,Yes,3.87,No,No,No internet,0,No,No,No,No,No,No,No,No,Two Year,No,Credit Card,20.05,400.0,0.0,0,77.4,477.4,Male,55,No,No,Yes,Yes,1,1,10.025,0,0,Passive
3754,No,0,17,Offer D,Yes,1.06,Yes,Yes,Fiber Optic,25,No,No,Yes,No,No,No,No,Yes,One Year,Yes,Credit Card,82.65,1470.05,0.0,0,18.02,1488.07,Female,79,No,Yes,No,No,0,4,16.53,0,0,Passive
2317,No,0,20,Offer D,Yes,45.39,No,Yes,Fiber Optic,24,No,No,No,No,Yes,No,No,Yes,Month-to-Month,No,Bank Withdrawal,78.8,1641.3,0.0,0,907.8,2549.1,Male,45,No,No,No,No,0,3,19.7,0,1,Detractor
4190,No,0,46,Offer B,Yes,5.86,No,Yes,Fiber Optic,82,No,Yes,Yes,Yes,Yes,Yes,Yes,Yes,Two Year,Yes,Bank Withdrawal,104.4,4904.2,0.0,0,269.56,5173.76,Female,20,Yes,No,No,No,0,8,11.6,0,1,Passive
3202,Yes,7,34,,Yes,26.49,No,Yes,Fiber Optic,18,Yes,No,No,Yes,Yes,No,No,Yes,One Year,No,Credit Card,90.15,3128.8,0.0,0,900.66,4029.46,Male,71,No,Yes,Yes,No,0,5,15.025,0,0,Detractor
4185,Yes,3,72,Offer A,Yes,47.69,Yes,No,No internet,0,No,No,No,No,No,No,No,No,Two Year,No,Credit Card,24.75,1859.1,0.0,0,3433.68,5292.78,Male,54,No,No,Yes,Yes,2,2,8.25,0,0,Passive
5469,No,0,66,Offer A,Yes,28.06,Yes,Yes,Fiber Optic,20,No,Yes,No,No,Yes,Yes,No,Yes,Two Year,Yes,Bank Withdrawal,100.8,6690.75,0.0,0,1851.96,8542.71,Female,73,No,Yes,Yes,No,0,6,14.4,0,1,Passive
5924,No,0,37,Offer C,No,0.0,No,Yes,Cable,6,No,No,Yes,No,No,Yes,Yes,Yes,Month-to-Month,Yes,Credit Card,40.2,1478.85,0.0,0,0.0,1478.85,Female,64,No,No,No,No,0,4,8.040000000000001,0,0,Promoter
4324,No,0,68,Offer A,Yes,32.11,Yes,Yes,Fiber Optic,12,No,No,Yes,Yes,Yes,Yes,No,No,One Year,Yes,Credit Card,107.15,7379.8,0.0,50,2183.48,9613.28,Male,80,No,Yes,Yes,Yes,1,6,15.30714285714286,0,0,Promoter
2950,Yes,8,7,,Yes,16.22,No,Yes,DSL,53,Yes,Yes,Yes,Yes,Yes,No,No,Yes,Month-to-Month,Yes,Bank Withdrawal,75.7,554.05,0.0,0,113.54,667.5899999999999,Female,47,No,No,Yes,Yes,3,7,9.4625,1,1,Detractor
6230,No,0,69,Offer A,Yes,29.38,Yes,Yes,DSL,9,Yes,Yes,Yes,Yes,No,Yes,Yes,Yes,One Year,Yes,Credit Card,78.6,5356.45,0.0,0,2027.22,7383.67,Male,51,No,No,No,No,0,9,7.859999999999999,0,0,Detractor
5737,No,0,23,,Yes,38.81,No,Yes,Fiber Optic,28,No,Yes,Yes,Yes,No,No,No,Yes,Month-to-Month,No,Bank Withdrawal,83.8,1900.25,0.0,0,892.6300000000001,2792.88,Female,45,No,No,Yes,No,0,5,13.966666666666669,0,1,Detractor
2070,No,0,13,,Yes,30.06,No,Yes,Fiber Optic,5,Yes,No,No,No,No,No,No,Yes,Month-to-Month,Yes,Credit Card,73.75,956.65,0.0,0,390.78,1347.4299999999998,Male,34,No,No,No,No,0,3,18.4375,0,0,Detractor
2475,No,0,1,,Yes,1.15,No,Yes,Fiber Optic,23,No,No,No,No,No,No,No,Yes,Month-to-Month,No,Bank Withdrawal,70.1,70.1,0.0,0,1.15,71.25,Female,53,No,No,No,No,0,2,23.366666666666664,1,1,Passive
2728,Yes,1,43,Offer B,Yes,14.52,Yes,Yes,Fiber Optic,5,No,Yes,Yes,Yes,Yes,Yes,No,Yes,Month-to-Month,Yes,Bank Withdrawal,110.75,4687.9,0.0,0,624.36,5312.259999999999,Male,77,No,Yes,Yes,No,0,8,12.305555555555555,0,1,Detractor
5596,No,0,50,Offer B,Yes,25.23,Yes,Yes,DSL,23,Yes,Yes,No,No,Yes,No,No,No,Month-to-Month,Yes,Bank Withdrawal,70.35,3454.6,0.0,100,1261.5,4816.1,Male,69,No,Yes,No,No,0,5,11.725,0,1,Detractor
5915,No,0,30,Offer C,Yes,4.27,Yes,No,No internet,0,No,No,No,No,No,No,No,No,One Year,No,Bank Withdrawal,25.35,723.3,0.0,0,128.1,851.4,Male,61,No,No,No,Yes,2,2,8.450000000000001,0,1,Detractor
2107,No,0,2,,Yes,13.89,No,No,No internet,0,No,No,No,No,No,No,No,No,Month-to-Month,Yes,Bank Withdrawal,20.7,39.85,0.0,0,27.78,67.63,Female,28,Yes,No,No,No,0,1,10.35,1,1,Passive
4430,Yes,1,27,Offer C,Yes,44.19,No,No,No internet,0,No,No,No,No,No,No,No,No,Two Year,No,Bank Withdrawal,19.55,520.55,0.0,0,1193.13,1713.6799999999998,Male,53,No,No,Yes,No,0,1,9.775,0,1,Passive
5128,No,0,24,,Yes,35.3,No,Yes,Fiber Optic,41,No,No,No,No,No,Yes,Yes,Yes,Month-to-Month,Yes,Credit Card,79.85,2001.0,0.0,0,847.1999999999999,2848.2,Male,23,Yes,No,No,No,0,4,15.97,0,0,Passive
3660,No,0,13,Offer D,Yes,30.19,No,Yes,DSL,17,No,No,No,No,Yes,Yes,Yes,Yes,Month-to-Month,No,Credit Card,66.4,831.75,0.0,0,392.47,1224.22,Male,50,No,No,No,Yes,1,5,11.066666666666668,0,0,Promoter
6087,No,0,51,,No,0.0,No,Yes,DSL,2,Yes,No,No,Yes,No,Yes,Yes,Yes,Month-to-Month,Yes,Credit Card,44.45,2181.55,0.0,0,0.0,2181.55,Male,31,No,No,No,No,0,5,7.408333333333334,0,0,Passive
4590,Yes,3,53,,Yes,31.69,No,Yes,DSL,16,Yes,Yes,No,Yes,Yes,No,No,Yes,Two Year,Yes,Credit Card,69.7,3729.6,0.0,0,1679.5700000000002,5409.17,Male,61,No,No,Yes,Yes,2,6,9.957142857142856,0,0,Passive
3624,No,0,12,,Yes,46.58,No,Yes,DSL,26,No,No,No,Yes,No,No,No,No,Month-to-Month,No,Bank Withdrawal,50.25,593.75,0.0,120,558.96,1272.71,Male,50,No,No,No,No,0,2,16.75,1,1,Detractor
5160,Yes,3,72,Offer A,Yes,20.42,Yes,No,No internet,0,No,No,No,No,No,No,No,No,Two Year,No,Bank Withdrawal,24.3,1643.25,0.0,0,1470.2400000000002,3113.49,Male,53,No,No,Yes,Yes,3,2,8.1,0,1,Passive
3848,No,0,25,Offer C,Yes,17.64,No,No,No internet,0,No,No,No,No,No,No,No,No,Month-to-Month,Yes,Mailed Check,20.15,536.35,0.0,0,441.0,977.35,Male,43,No,No,No,No,0,1,10.075,0,0,Promoter
3469,No,0,5,,Yes,19.3,Yes,Yes,Fiber Optic,25,No,No,No,No,No,No,No,No,Month-to-Month,No,Bank Withdrawal,75.6,402.5,0.0,10,96.5,509.0,Female,50,No,No,No,No,0,2,25.2,1,1,Detractor
5456,Yes,2,2,,Yes,30.87,No,Yes,DSL,19,No,No,No,No,No,No,No,Yes,Month-to-Month,Yes,Bank Withdrawal,44.5,90.05,0.0,0,61.74,151.79,Male,33,No,No,Yes,Yes,1,2,14.833333333333334,1,1,Promoter
5579,No,0,1,,Yes,16.64,No,Yes,Fiber Optic,2,No,No,No,No,Yes,Yes,Yes,Yes,Month-to-Month,Yes,Bank Withdrawal,89.25,89.25,0.0,0,16.64,105.89,Male,49,No,No,No,No,0,5,14.875,1,1,Promoter
5707,No,0,4,,Yes,13.31,Yes,Yes,Cable,59,No,No,No,Yes,No,Yes,Yes,Yes,Month-to-Month,No,Credit Card,65.55,237.2,0.0,0,53.24,290.44,Male,22,Yes,No,No,No,0,6,9.364285714285714,1,0,Passive
5189,Yes,1,29,Offer C,Yes,26.03,Yes,Yes,Fiber Optic,47,No,Yes,No,No,No,No,No,Yes,Month-to-Month,Yes,Bank Withdrawal,80.15,2265.25,0.0,0,754.87,3020.12,Male,29,Yes,No,Yes,No,0,4,16.03,0,1,Detractor
3493,No,0,31,,Yes,46.71,Yes,Yes,Fiber Optic,24,No,Yes,No,No,Yes,No,No,No,Two Year,Yes,Bank Withdrawal,90.7,2845.15,0.0,100,1448.01,4393.16,Male,75,No,Yes,No,No,0,4,18.14,0,1,Promoter
5417,Yes,3,49,,Yes,44.81,Yes,Yes,Fiber Optic,10,Yes,No,No,No,Yes,Yes,Yes,Yes,Month-to-Month,Yes,Mailed Check,100.85,4847.35,0.0,0,2195.69,7043.040000000001,Female,56,No,No,Yes,No,0,7,12.60625,0,0,Detractor
5614,Yes,1,3,Offer E,No,0.0,No,Yes,DSL,4,No,Yes,No,No,No,No,No,Yes,Month-to-Month,No,Credit Card,29.8,94.4,0.0,0,0.0,94.4,Male,62,No,No,Yes,No,0,2,9.933333333333334,1,0,Detractor
5447,Yes,1,35,,Yes,26.09,No,Yes,Fiber Optic,56,Yes,No,Yes,Yes,Yes,Yes,Yes,No,Month-to-Month,Yes,Bank Withdrawal,106.9,3756.45,34.47,150,913.15,4785.13,Female,33,No,No,Yes,Yes,3,7,13.3625,0,1,Detractor
4122,Yes,1,70,Offer A,No,0.0,No,Yes,Cable,47,No,Yes,Yes,Yes,Yes,Yes,Yes,Yes,One Year,No,Bank Withdrawal,60.35,4138.7,49.23,0,0.0,4089.47,Male,19,Yes,No,Yes,Yes,3,7,7.54375,0,1,Detractor
2613,Yes,6,30,,Yes,12.49,Yes,Yes,DSL,19,Yes,No,No,No,No,No,No,Yes,Month-to-Month,Yes,Bank Withdrawal,54.45,1588.7,0.0,0,374.7,1963.4,Male,50,No,No,Yes,Yes,2,4,10.89,0,1,Passive
4688,Yes,1,66,Offer A,Yes,48.77,Yes,Yes,Fiber Optic,12,No,Yes,Yes,No,Yes,Yes,Yes,No,One Year,Yes,Credit Card,102.45,6615.15,0.0,130,3218.82,9963.97,Female,41,No,No,Yes,No,0,7,12.80625,0,0,Detractor
4663,No,0,4,,Yes,43.45,No,Yes,Fiber Optic,52,No,Yes,Yes,Yes,Yes,Yes,Yes,Yes,One Year,Yes,Bank Withdrawal,105.65,443.9,0.0,0,173.8,617.7,Female,29,Yes,No,No,No,0,8,11.738888888888887,1,1,Detractor
2187,No,0,2,,Yes,14.07,Yes,Yes,Fiber Optic,6,No,No,No,No,No,Yes,Yes,Yes,Month-to-Month,Yes,Bank Withdrawal,85.7,169.8,0.0,0,28.14,197.94,Female,39,No,No,No,No,0,5,14.283333333333331,1,1,Detractor
4924,No,0,52,Offer B,Yes,38.71,Yes,Yes,DSL,21,No,No,Yes,Yes,Yes,Yes,Yes,Yes,Two Year,Yes,Bank Withdrawal,80.95,4233.95,0.0,0,2012.92,6246.87,Female,32,No,No,No,No,0,8,8.994444444444445,0,1,Promoter
5898,No,0,48,,Yes,24.73,Yes,Yes,Fiber Optic,4,No,Yes,Yes,No,Yes,Yes,Yes,Yes,One Year,Yes,Credit Card,106.1,5082.8,0.0,0,1187.04,6269.84,Male,55,No,No,No,No,0,8,11.788888888888888,0,0,Detractor
3882,Yes,7,12,,No,0.0,No,Yes,DSL,27,Yes,No,No,Yes,No,No,No,Yes,One Year,No,Credit Card,33.15,444.75,0.0,0,0.0,444.75,Female,54,No,No,Yes,No,0,3,8.2875,1,0,Detractor
3412,Yes,6,24,Offer C,Yes,4.06,Yes,Yes,Fiber Optic,28,Yes,No,No,No,No,No,No,Yes,Two Year,Yes,Bank Withdrawal,79.85,1857.75,0.0,0,97.44,1955.19,Male,66,No,Yes,Yes,Yes,2,4,15.97,0,1,Detractor
2715,Yes,1,3,,Yes,41.3,Yes,Yes,Fiber Optic,2,No,Yes,Yes,No,Yes,Yes,No,Yes,Month-to-Month,Yes,Bank Withdrawal,105.9,334.65,0.0,0,123.9,458.55,Male,71,No,Yes,Yes,No,0,7,13.2375,1,1,Detractor
4776,No,0,63,Offer B,Yes,8.38,Yes,Yes,Fiber Optic,59,No,Yes,No,No,Yes,Yes,Yes,Yes,One Year,No,Bank Withdrawal,99.9,6137.0,0.0,0,527.94,6664.9400000000005,Female,22,Yes,No,No,No,0,7,12.4875,0,1,Detractor
5301,No,0,60,,Yes,10.05,Yes,Yes,Fiber Optic,48,No,No,Yes,No,Yes,Yes,Yes,Yes,Two Year,No,Credit Card,101.15,6067.4,0.0,0,603.0,6670.4,Male,27,Yes,No,Yes,No,0,7,12.64375,0,0,Detractor
4862,No,0,12,,Yes,35.81,No,No,No internet,0,No,No,No,No,No,No,No,No,Month-to-Month,No,Bank Withdrawal,19.45,227.45,0.0,0,429.72,657.1700000000001,Female,27,Yes,No,No,No,0,1,9.725,1,1,Passive
5342,No,0,14,,Yes,35.07,Yes,Yes,Fiber Optic,10,No,No,No,No,No,No,No,Yes,Month-to-Month,Yes,Bank Withdrawal,74.3,1096.25,0.0,0,490.98,1587.23,Female,75,No,Yes,No,No,0,3,18.575,0,1,Detractor
3145,No,0,9,,Yes,17.56,Yes,Yes,Fiber Optic,27,No,No,No,No,No,No,No,Yes,Month-to-Month,Yes,Bank Withdrawal,74.55,622.9,33.25,0,158.04,747.6899999999999,Female,70,No,Yes,No,No,0,3,18.6375,1,1,Detractor
5206,Yes,8,64,,Yes,37.47,Yes,Yes,Fiber Optic,69,No,Yes,Yes,No,No,Yes,Yes,Yes,One Year,Yes,Bank Withdrawal,92.85,5980.75,0.0,0,2398.08,8378.83,Female,21,Yes,No,Yes,Yes,3,7,11.60625,0,1,Passive
5596,Yes,1,46,Offer B,Yes,24.33,No,No,No internet,0,No,No,No,No,No,No,No,No,Two Year,Yes,Credit Card,19.25,864.2,0.0,0,1119.1799999999998,1983.38,Female,52,No,No,Yes,Yes,2,1,9.625,0,0,Promoter
6460,No,0,58,,Yes,35.55,No,Yes,Fiber Optic,73,No,No,No,Yes,Yes,Yes,Yes,Yes,Month-to-Month,Yes,Bank Withdrawal,95.3,5817.7,0.0,0,2061.9,7879.599999999999,Female,20,Yes,No,No,No,0,6,13.614285714285714,0,1,Passive
2860,Yes,1,11,Offer D,Yes,15.69,Yes,Yes,DSL,12,No,No,No,Yes,No,Yes,Yes,Yes,Month-to-Month,Yes,Bank Withdrawal,66.35,740.8,0.0,0,172.59,913.39,Female,62,No,No,Yes,No,0,6,9.478571428571428,1,1,Detractor
6080,No,0,64,Offer B,Yes,29.12,No,Yes,DSL,24,Yes,Yes,No,Yes,Yes,No,No,Yes,Two Year,Yes,Credit Card,70.2,4481.0,0.0,0,1863.68,6344.68,Female,80,No,Yes,No,No,0,6,10.028571428571428,0,0,Detractor
5225,Yes,1,13,,Yes,36.57,No,Yes,Fiber Optic,26,No,No,No,No,No,No,No,Yes,Month-to-Month,No,Bank Withdrawal,70.45,849.1,0.0,0,475.41,1324.51,Male,78,No,Yes,Yes,No,0,2,23.48333333333333,0,1,Promoter
3722,No,0,6,,Yes,5.16,No,Yes,Fiber Optic,59,No,No,Yes,Yes,Yes,Yes,Yes,Yes,Month-to-Month,Yes,Mailed Check,99.95,547.65,0.0,0,30.96,578.61,Female,26,Yes,No,No,No,0,7,12.49375,1,0,Detractor
3779,No,0,48,,Yes,32.04,No,No,No internet,0,No,No,No,No,No,No,No,No,Two Year,No,Credit Card,19.85,916.0,0.0,0,1537.92,2453.92,Male,63,No,No,No,No,0,1,9.925,0,0,Promoter
2937,No,0,1,Offer E,Yes,47.83,Yes,Yes,DSL,12,No,No,Yes,Yes,No,No,No,No,Month-to-Month,No,Mailed Check,62.05,62.05,0.0,10,47.83,119.88,Male,58,No,No,No,No,0,4,12.41,1,0,Detractor
2597,No,0,15,,Yes,11.75,Yes,Yes,DSL,28,No,No,No,No,No,No,No,Yes,Month-to-Month,Yes,Bank Withdrawal,49.0,749.25,0.0,0,176.25,925.5,Male,40,No,No,No,No,0,3,12.25,0,1,Detractor
3038,Yes,1,3,,Yes,26.71,No,Yes,Fiber Optic,11,No,No,No,No,No,No,No,Yes,Month-to-Month,Yes,Bank Withdrawal,70.3,208.85,0.0,0,80.13,288.98,Male,31,No,No,Yes,No,0,2,23.433333333333334,1,1,Detractor
3364,No,0,31,Offer C,Yes,15.35,Yes,Yes,Fiber Optic,10,No,No,Yes,Yes,Yes,No,No,Yes,Two Year,Yes,Bank Withdrawal,96.6,2877.95,0.0,0,475.85,3353.8,Male,68,No,Yes,No,No,0,6,13.8,0,1,Promoter
3175,No,0,31,,Yes,41.23,No,Yes,DSL,27,Yes,Yes,Yes,Yes,Yes,No,No,Yes,Month-to-Month,Yes,Bank Withdrawal,72.45,2156.25,0.0,0,1278.13,3434.38,Male,48,No,No,No,No,0,7,9.05625,0,1,Passive
5548,No,0,57,,Yes,24.67,No,Yes,DSL,42,Yes,No,Yes,No,Yes,Yes,Yes,Yes,Two Year,Yes,Bank Withdrawal,74.35,4317.35,0.0,0,1406.19,5723.540000000001,Male,30,No,No,No,No,0,7,9.29375,0,1,Passive
4811,No,0,39,Offer C,Yes,34.74,Yes,Yes,Fiber Optic,28,No,Yes,Yes,No,Yes,Yes,Yes,Yes,Month-to-Month,Yes,Bank Withdrawal,103.45,3994.45,0.0,0,1354.86,5349.31,Female,52,No,No,No,No,0,8,11.494444444444444,0,1,Detractor
4033,No,0,19,,Yes,24.35,No,Yes,Cable,69,No,Yes,No,No,Yes,No,No,Yes,One Year,No,Bank Withdrawal,58.2,1045.25,0.0,0,462.65,1507.9,Female,19,Yes,No,No,No,0,4,11.64,0,1,Passive
4792,No,0,18,Offer D,Yes,15.01,No,Yes,Fiber Optic,22,Yes,No,No,No,No,No,No,Yes,Month-to-Month,Yes,Bank Withdrawal,75.4,1380.4,0.0,0,270.18,1650.5800000000002,Female,44,No,No,No,No,0,3,18.85,0,1,Passive
4022,No,0,34,Offer C,Yes,22.41,Yes,Yes,Fiber Optic,13,Yes,Yes,Yes,Yes,Yes,Yes,Yes,Yes,One Year,No,Credit Card,116.25,3899.05,0.0,0,761.94,4660.99,Male,64,No,No,No,No,0,10,10.568181818181818,0,0,Detractor
4369,Yes,1,13,,Yes,29.49,No,Yes,DSL,2,No,No,No,No,No,No,No,Yes,One Year,No,Bank Withdrawal,43.8,592.65,0.0,0,383.37,976.02,Female,34,No,No,Yes,No,0,2,14.6,0,1,Detractor
5067,Yes,1,58,,Yes,16.94,No,Yes,Fiber Optic,19,Yes,Yes,No,Yes,Yes,Yes,Yes,Yes,One Year,Yes,Credit Card,105.5,6205.5,0.0,0,982.52,7188.02,Female,73,No,Yes,Yes,No,0,8,11.72222222222222,0,0,Detractor
3265,Yes,1,7,,Yes,21.91,Yes,Yes,Cable,11,No,No,No,No,Yes,Yes,No,Yes,Month-to-Month,Yes,Bank Withdrawal,95.6,644.35,0.0,0,153.37,797.72,Male,74,No,Yes,Yes,No,0,5,15.933333333333332,1,1,Detractor
4203,No,0,3,Offer E,Yes,49.63,No,Yes,Fiber Optic,26,No,No,No,No,No,Yes,Yes,Yes,Month-to-Month,Yes,Bank Withdrawal,80.35,253.8,0.0,0,148.89,402.69000000000005,Male,60,No,No,No,No,0,4,16.07,1,1,Promoter
3503,No,0,3,,No,0.0,No,Yes,DSL,18,No,No,No,No,No,No,No,Yes,Month-to-Month,No,Bank Withdrawal,24.75,66.95,0.0,0,0.0,66.95,Male,36,No,No,No,No,0,1,12.375,1,1,Detractor
4476,No,0,1,Offer E,No,0.0,No,Yes,DSL,8,No,No,No,No,Yes,No,No,Yes,Month-to-Month,Yes,Bank Withdrawal,34.7,34.7,0.0,0,0.0,34.7,Female,31,No,No,No,No,0,2,11.566666666666668,1,1,Detractor
2212,Yes,1,24,Offer C,Yes,16.1,No,Yes,Cable,12,No,No,Yes,No,Yes,Yes,Yes,Yes,Month-to-Month,Yes,Bank Withdrawal,93.15,2231.05,0.0,0,386.4,2617.4500000000003,Male,77,No,Yes,Yes,No,0,6,13.30714285714286,0,1,Detractor
2893,No,0,6,Offer E,Yes,48.32,No,Yes,Fiber Optic,11,No,No,No,No,Yes,No,No,Yes,Month-to-Month,Yes,Bank Withdrawal,79.7,497.6,0.0,0,289.92,787.52,Male,69,No,Yes,No,No,0,3,19.925,1,1,Promoter
3033,No,0,8,Offer E,Yes,8.73,Yes,Yes,DSL,28,Yes,Yes,Yes,No,No,No,No,Yes,Month-to-Month,Yes,Bank Withdrawal,65.5,573.15,0.0,0,69.84,642.99,Female,37,No,No,No,No,0,6,9.357142857142858,1,1,Detractor
5462,No,0,67,,Yes,23.12,No,No,No internet,0,No,No,No,No,No,No,No,No,One Year,No,Bank Withdrawal,20.55,1343.4,30.53,0,1549.04,2861.91,Female,28,Yes,No,No,No,0,1,10.275,0,1,Promoter
4665,Yes,4,69,Offer A,Yes,49.4,No,Yes,DSL,12,Yes,Yes,Yes,No,No,No,No,Yes,Two Year,Yes,Bank Withdrawal,59.75,4069.9,0.0,0,3408.6,7478.5,Male,32,No,No,Yes,Yes,1,5,9.958333333333334,0,1,Detractor
5041,No,0,36,Offer C,Yes,41.57,Yes,Yes,Fiber Optic,10,No,No,No,No,No,No,No,Yes,Two Year,Yes,Bank Withdrawal,74.9,2659.45,0.0,0,1496.52,4155.969999999999,Female,80,No,Yes,No,No,0,3,18.725,0,1,Detractor
5201,Yes,1,28,Offer C,Yes,16.85,No,Yes,Fiber Optic,13,No,No,No,No,No,Yes,Yes,Yes,Month-to-Month,Yes,Bank Withdrawal,81.05,2227.1,0.0,0,471.80000000000007,2698.9,Female,58,No,No,Yes,No,0,4,16.21,0,1,Detractor
3172,Yes,1,4,,Yes,39.89,No,No,No internet,0,No,No,No,No,No,No,No,No,Month-to-Month,No,Credit Card,20.85,62.9,0.0,0,159.56,222.46,Female,27,Yes,No,Yes,Yes,1,1,10.425,1,0,Promoter
4072,Yes,2,61,,Yes,20.34,No,Yes,Cable,51,Yes,Yes,No,Yes,Yes,Yes,Yes,No,Two Year,Yes,Credit Card,81.05,4747.65,0.0,0,1240.74,5988.389999999999,Male,26,Yes,No,Yes,No,0,7,10.13125,0,0,Detractor
5980,Yes,7,33,Offer C,No,0.0,No,Yes,DSL,7,Yes,No,Yes,Yes,Yes,Yes,Yes,Yes,Two Year,No,Bank Withdrawal,59.55,2016.3,0.0,0,0.0,2016.3,Female,52,No,No,Yes,No,0,7,7.44375,0,1,Detractor
4454,No,0,1,,Yes,8.56,No,No,No internet,0,No,No,No,No,No,No,No,No,Month-to-Month,No,Credit Card,20.5,20.5,0.0,0,8.56,29.06,Female,54,No,No,No,No,0,1,10.25,1,0,Promoter
4778,Yes,7,57,,Yes,14.55,No,Yes,DSL,58,Yes,Yes,No,Yes,No,No,No,No,One Year,No,Credit Card,59.6,3509.4,0.0,70,829.35,4408.75,Male,37,No,No,Yes,Yes,3,4,11.92,0,0,Detractor
5634,No,0,3,,Yes,3.12,No,No,No internet,0,No,No,No,No,No,No,No,No,Month-to-Month,No,Credit Card,19.85,57.2,0.0,0,9.36,66.56,Female,22,Yes,No,No,No,0,1,9.925,1,0,Passive
2416,No,0,35,,Yes,6.52,Yes,No,No internet,0,No,No,No,No,No,No,No,No,Two Year,No,Bank Withdrawal,23.3,797.1,0.0,0,228.2,1025.3,Female,38,No,No,No,No,0,2,7.766666666666667,0,1,Detractor
3271,No,0,39,Offer C,Yes,8.69,Yes,Yes,Fiber Optic,24,No,No,No,No,No,No,No,Yes,Month-to-Month,Yes,Credit Card,73.15,2730.85,0.0,0,338.91,3069.76,Male,43,No,No,No,No,0,3,18.2875,0,0,Promoter
2403,Yes,10,26,,Yes,45.28,No,No,No internet,0,No,No,No,No,No,No,No,No,One Year,Yes,Bank Withdrawal,20.05,505.9,0.0,0,1177.28,1683.1799999999998,Male,49,No,No,Yes,No,0,1,10.025,0,1,Promoter
5353,Yes,1,21,Offer D,Yes,17.57,Yes,Yes,Cable,14,Yes,Yes,No,Yes,Yes,No,No,No,One Year,No,Mailed Check,77.5,1625.0,18.39,80,368.97,2055.58,Male,34,No,No,Yes,No,0,6,11.071428571428571,0,0,Detractor
5975,No,0,27,,Yes,2.59,No,No,No internet,0,No,No,No,No,No,No,No,No,Month-to-Month,Yes,Credit Card,19.4,460.25,29.59,0,69.92999999999999,500.59,Male,43,No,No,No,No,0,1,9.7,0,0,Passive
4785,No,0,61,Offer B,Yes,5.55,Yes,Yes,Fiber Optic,7,Yes,Yes,Yes,Yes,Yes,Yes,Yes,Yes,One Year,Yes,Credit Card,115.1,6993.65,0.0,0,338.55,7332.2,Female,58,No,No,No,No,0,10,10.463636363636365,0,0,Passive
3976,No,0,2,,Yes,27.67,No,No,No internet,0,No,No,No,No,No,No,No,No,Month-to-Month,No,Credit Card,20.75,44.2,0.0,0,55.34,99.54,Male,35,No,No,No,No,0,1,10.375,1,0,Detractor
3795,No,0,27,Offer C,Yes,20.02,No,Yes,Fiber Optic,27,Yes,No,No,Yes,Yes,Yes,Yes,Yes,One Year,Yes,Credit Card,101.9,2681.15,0.0,0,540.54,3221.69,Female,55,No,No,Yes,No,0,7,12.7375,0,0,Detractor
5965,Yes,1,65,,Yes,18.69,Yes,Yes,Fiber Optic,30,No,Yes,Yes,No,Yes,Yes,No,Yes,One Year,Yes,Bank Withdrawal,106.25,6979.8,0.0,0,1214.85,8194.65,Female,66,No,Yes,Yes,No,0,7,13.28125,0,1,Detractor
5018,No,0,64,Offer B,Yes,48.41,No,Yes,Fiber Optic,22,Yes,No,No,No,No,No,No,Yes,Month-to-Month,Yes,Credit Card,73.55,4764.0,21.9,0,3098.24,7840.34,Male,40,No,No,Yes,No,0,3,18.3875,0,0,Detractor
4319,Yes,1,55,,Yes,34.57,Yes,Yes,Cable,19,Yes,No,Yes,Yes,Yes,No,No,Yes,One Year,No,Bank Withdrawal,76.25,4154.55,0.0,0,1901.35,6055.9,Female,66,No,Yes,Yes,Yes,1,7,9.53125,0,1,Detractor
4359,No,0,1,,Yes,33.21,No,Yes,DSL,75,Yes,No,No,Yes,No,No,No,Yes,Month-to-Month,No,Bank Withdrawal,54.5,54.5,0.0,0,33.21,87.71000000000001,Female,63,No,No,No,Yes,3,4,10.9,1,1,Detractor
4220,No,0,6,,Yes,27.69,Yes,Yes,Fiber Optic,9,No,No,No,No,No,No,No,Yes,Month-to-Month,Yes,Credit Card,73.85,401.3,0.0,0,166.14,567.44,Female,45,No,No,No,No,0,3,18.4625,1,0,Passive
5174,Yes,1,17,,Yes,16.61,No,Yes,Fiber Optic,3,No,No,No,No,Yes,No,No,Yes,Month-to-Month,No,Bank Withdrawal,80.85,1400.85,0.0,0,282.37,1683.2199999999998,Male,41,No,No,Yes,No,0,3,20.2125,0,1,Detractor
2009,Yes,8,35,,Yes,47.33,No,No,No internet,0,No,No,No,No,No,No,No,No,Two Year,No,Bank Withdrawal,20.5,759.35,0.0,0,1656.55,2415.9,Male,42,No,No,Yes,Yes,1,1,10.25,0,1,Passive
2456,No,0,4,,Yes,49.14,No,Yes,Fiber Optic,15,No,No,No,No,Yes,Yes,Yes,Yes,Month-to-Month,Yes,Bank Withdrawal,88.45,370.65,0.0,0,196.56,567.21,Male,32,No,No,No,No,0,5,14.741666666666667,1,1,Detractor
4533,Yes,1,9,,Yes,31.67,Yes,Yes,Cable,59,No,No,Yes,No,No,No,No,No,Month-to-Month,Yes,Bank Withdrawal,79.35,661.25,0.0,10,285.03000000000003,956.28,Male,30,No,No,Yes,No,0,3,19.8375,1,1,Detractor
4063,No,0,1,,Yes,10.05,No,Yes,Fiber Optic,51,No,No,No,No,No,No,No,No,Month-to-Month,Yes,Bank Withdrawal,70.25,70.25,0.0,10,10.05,90.3,Female,20,Yes,No,No,No,0,1,35.125,1,1,Passive
2942,Yes,8,16,,Yes,46.0,No,Yes,Fiber Optic,30,Yes,Yes,No,No,No,No,No,Yes,Month-to-Month,No,Bank Withdrawal,80.75,1321.3,0.0,0,736.0,2057.3,Male,59,No,No,Yes,No,0,4,16.15,0,1,Detractor
4778,Yes,1,56,Offer B,Yes,40.33,Yes,Yes,Fiber Optic,9,Yes,Yes,Yes,No,No,No,No,Yes,One Year,Yes,Bank Withdrawal,93.15,5253.95,0.0,0,2258.48,7512.43,Male,45,No,No,Yes,No,0,6,13.30714285714286,0,1,Detractor
5387,No,0,6,Offer E,Yes,31.02,No,No,No internet,0,No,No,No,No,No,No,No,No,Month-to-Month,No,Credit Card,19.7,129.55,0.0,0,186.12,315.67,Female,50,No,No,No,No,0,1,9.85,1,0,Promoter
2833,No,0,43,,Yes,31.83,No,Yes,Fiber Optic,10,Yes,Yes,No,Yes,Yes,Yes,No,Yes,Month-to-Month,Yes,Credit Card,108.15,4600.7,0.0,0,1368.6899999999998,5969.389999999999,Female,67,No,Yes,No,No,0,7,13.51875,0,0,Detractor
4052,No,0,35,,Yes,7.74,No,No,No internet,0,No,No,No,No,No,No,No,No,One Year,Yes,Credit Card,19.15,638.0,0.0,0,270.90000000000003,908.9,Male,53,No,No,No,No,0,1,9.575,0,0,Detractor
4005,Yes,8,58,Offer B,Yes,47.34,Yes,Yes,Fiber Optic,28,No,No,No,Yes,Yes,Yes,Yes,Yes,Month-to-Month,Yes,Bank Withdrawal,100.4,5749.8,0.0,0,2745.7200000000003,8495.52,Female,72,No,Yes,Yes,No,0,7,12.55,0,1,Promoter
3520,No,0,14,Offer D,Yes,18.48,Yes,Yes,DSL,21,No,Yes,No,No,No,No,No,Yes,Month-to-Month,Yes,Credit Card,55.5,767.55,0.0,0,258.72,1026.27,Male,54,No,No,No,No,0,4,11.1,0,0,Passive
5035,Yes,1,58,Offer B,Yes,18.43,Yes,Yes,Fiber Optic,10,Yes,Yes,No,Yes,No,No,No,No,One Year,Yes,Bank Withdrawal,89.85,5125.75,0.0,130,1068.94,6324.6900000000005,Male,71,No,Yes,Yes,Yes,1,5,14.975,0,1,Detractor
2832,No,0,40,,Yes,37.69,Yes,Yes,Fiber Optic,15,No,Yes,Yes,No,Yes,Yes,Yes,Yes,Month-to-Month,Yes,Credit Card,104.5,4036.85,0.0,0,1507.6,5544.45,Male,51,No,No,No,No,0,8,11.61111111111111,0,0,Detractor
3949,No,0,19,Offer D,Yes,11.85,Yes,Yes,DSL,18,No,No,Yes,Yes,No,No,No,Yes,Month-to-Month,No,Bank Withdrawal,59.55,1144.6,0.0,0,225.15,1369.75,Male,40,No,No,No,No,0,5,9.925,0,1,Passive
5804,Yes,10,49,Offer B,Yes,11.74,No,Yes,Fiber Optic,20,No,Yes,Yes,No,Yes,No,No,Yes,Month-to-Month,Yes,Credit Card,90.4,4494.65,0.0,0,575.26,5069.91,Male,62,No,No,Yes,Yes,3,5,15.066666666666668,0,0,Detractor
5750,No,0,68,,No,0.0,No,Yes,Cable,13,No,Yes,No,Yes,No,Yes,Yes,Yes,Month-to-Month,No,Bank Withdrawal,44.95,3085.35,0.0,0,0.0,3085.35,Female,53,No,No,No,No,0,5,7.491666666666667,0,1,Detractor
2333,Yes,8,11,,Yes,17.66,Yes,Yes,Fiber Optic,13,No,No,Yes,No,No,No,No,Yes,Month-to-Month,Yes,Credit Card,78.1,864.85,0.0,0,194.26,1059.11,Female,77,No,Yes,Yes,Yes,2,4,15.62,1,0,Promoter
3937,No,0,5,Offer E,Yes,43.99,No,Yes,Fiber Optic,42,No,No,No,No,No,Yes,Yes,No,Month-to-Month,Yes,Bank Withdrawal,80.0,412.5,40.0,10,219.95,602.45,Female,26,Yes,No,No,No,0,3,20.0,1,1,Detractor
2901,No,0,1,Offer E,Yes,27.97,No,Yes,Fiber Optic,18,No,No,No,No,No,No,No,Yes,Month-to-Month,No,Bank Withdrawal,69.75,69.75,0.0,0,27.97,97.72,Male,35,No,No,No,No,0,2,23.25,1,1,Detractor
4748,No,0,9,Offer E,Yes,19.18,No,Yes,Fiber Optic,27,No,Yes,Yes,No,No,No,No,Yes,Month-to-Month,Yes,Bank Withdrawal,79.9,741.7,0.0,0,172.62,914.32,Male,35,No,No,Yes,No,0,4,15.98,1,1,Detractor
6406,No,0,63,Offer B,No,0.0,No,Yes,DSL,28,Yes,Yes,No,Yes,No,No,No,Yes,One Year,Yes,Bank Withdrawal,40.6,2588.95,0.0,0,0.0,2588.95,Male,48,No,No,No,No,0,4,8.120000000000001,0,1,Detractor
4414,Yes,10,33,,Yes,44.54,No,Yes,Fiber Optic,18,Yes,Yes,No,Yes,No,Yes,No,Yes,One Year,Yes,Bank Withdrawal,93.55,3055.5,0.0,0,1469.82,4525.32,Male,73,No,Yes,Yes,No,0,6,13.364285714285714,0,1,Passive
5703,Yes,5,51,Offer B,Yes,6.89,No,Yes,Cable,41,Yes,Yes,Yes,Yes,Yes,Yes,Yes,Yes,Two Year,Yes,Credit Card,83.85,4307.1,0.0,0,351.39,4658.490000000001,Male,20,Yes,No,Yes,No,0,9,8.385,0,0,Detractor
3459,No,0,47,Offer B,Yes,3.47,No,Yes,DSL,12,No,No,Yes,Yes,Yes,Yes,Yes,Yes,Two Year,No,Credit Card,74.45,3510.3,0.0,0,163.09,3673.39,Female,33,No,No,No,No,0,7,9.30625,0,0,Detractor
5594,No,0,57,Offer B,No,0.0,No,Yes,DSL,30,Yes,No,Yes,No,Yes,Yes,Yes,Yes,Month-to-Month,Yes,Bank Withdrawal,53.75,3196.0,0.0,0,0.0,3196.0,Male,56,No,No,No,No,0,6,7.678571428571429,0,1,Passive
3848,No,0,1,,Yes,22.92,No,No,No internet,0,No,No,No,No,No,No,No,No,Month-to-Month,Yes,Bank Withdrawal,19.45,19.45,0.0,0,22.92,42.370000000000005,Female,70,No,Yes,No,No,0,1,9.725,1,1,Detractor
2270,Yes,1,3,,Yes,15.02,Yes,Yes,Fiber Optic,29,No,No,No,No,No,No,No,Yes,Month-to-Month,Yes,Credit Card,75.15,216.75,0.0,0,45.06,261.81,Female,33,No,No,Yes,No,0,3,18.7875,1,0,Detractor
3784,No,0,40,Offer B,Yes,16.73,Yes,Yes,Fiber Optic,14,No,No,Yes,Yes,Yes,Yes,Yes,Yes,One Year,Yes,Credit Card,105.95,4335.2,0.0,0,669.2,5004.4,Female,41,No,No,No,No,0,8,11.772222222222222,0,0,Promoter
4634,No,0,55,Offer B,Yes,27.0,No,Yes,Cable,20,No,Yes,Yes,No,No,Yes,Yes,Yes,Two Year,Yes,Mailed Check,64.75,3617.1,0.0,0,1485.0,5102.1,Female,63,No,No,No,No,0,6,9.25,0,0,Detractor
6433,Yes,2,58,Offer B,Yes,44.1,Yes,Yes,DSL,19,No,Yes,No,No,Yes,No,No,Yes,Month-to-Month,Yes,Bank Withdrawal,66.8,3970.4,0.0,0,2557.8,6528.200000000001,Female,44,No,No,Yes,Yes,1,5,11.133333333333333,0,1,Promoter
3363,Yes,4,42,,Yes,9.84,Yes,Yes,DSL,52,Yes,No,Yes,Yes,Yes,Yes,Yes,Yes,Two Year,No,Credit Card,84.35,3571.6,0.0,0,413.28,3984.88,Female,25,Yes,No,Yes,No,0,9,8.434999999999999,0,0,Passive
2898,No,0,13,,No,0.0,No,Yes,DSL,57,Yes,Yes,No,Yes,No,No,No,Yes,Two Year,No,Credit Card,40.55,590.35,0.0,0,0.0,590.35,Male,58,No,No,Yes,Yes,3,4,8.11,0,0,Detractor
3287,No,0,26,,No,0.0,No,Yes,DSL,19,Yes,No,No,Yes,No,Yes,Yes,Yes,Month-to-Month,No,Credit Card,45.8,1147.0,0.0,0,0.0,1147.0,Female,51,No,No,No,Yes,2,5,7.633333333333333,0,0,Passive
5928,Yes,9,46,,Yes,13.05,Yes,Yes,DSL,15,Yes,No,No,No,No,No,No,Yes,Month-to-Month,No,Bank Withdrawal,55.0,2473.95,31.39,0,600.3000000000001,3042.86,Female,48,No,No,Yes,No,0,4,11.0,0,1,Detractor
5137,Yes,1,56,Offer B,Yes,37.67,Yes,No,No internet,0,No,No,No,No,No,No,No,No,Two Year,No,Bank Withdrawal,24.15,1402.25,29.41,0,2109.52,3482.36,Male,54,No,No,Yes,Yes,2,2,8.049999999999999,0,1,Passive
4564,Yes,9,71,Offer A,Yes,49.32,Yes,Yes,Fiber Optic,9,Yes,Yes,Yes,No,Yes,Yes,Yes,Yes,One Year,Yes,Bank Withdrawal,109.6,7854.15,0.0,0,3501.72,11355.87,Male,53,No,No,Yes,No,0,9,10.96,0,1,Detractor
4334,No,0,12,Offer D,Yes,45.8,Yes,Yes,DSL,4,Yes,Yes,No,Yes,No,No,No,Yes,Month-to-Month,Yes,Bank Withdrawal,67.25,832.3,0.0,0,549.5999999999999,1381.9,Male,54,No,No,No,No,0,6,9.607142857142858,1,1,Detractor
4595,No,0,63,Offer B,Yes,12.82,Yes,Yes,DSL,17,Yes,Yes,Yes,Yes,Yes,No,No,Yes,Two Year,Yes,Credit Card,79.85,4861.45,0.0,0,807.66,5669.11,Female,36,No,No,No,No,0,8,8.872222222222222,0,0,Detractor
2611,No,0,1,,Yes,11.91,No,No,No internet,0,No,No,No,No,No,No,No,No,Month-to-Month,No,Credit Card,19.75,19.75,0.0,0,11.91,31.66,Male,43,No,No,No,Yes,3,1,9.875,1,0,Detractor
5516,Yes,1,67,,Yes,32.15,Yes,Yes,Fiber Optic,28,Yes,No,Yes,Yes,Yes,Yes,Yes,Yes,Two Year,Yes,Credit Card,108.75,7156.2,0.0,0,2154.05,9310.25,Female,59,No,No,Yes,No,0,9,10.875,0,0,Detractor
4057,No,0,2,Offer E,Yes,19.09,No,Yes,DSL,30,No,No,No,No,No,No,No,Yes,Month-to-Month,No,Bank Withdrawal,43.95,85.1,0.0,0,38.18,123.28,Female,74,No,Yes,No,No,0,2,14.65,1,1,Promoter
4319,Yes,5,72,,Yes,27.74,Yes,Yes,Fiber Optic,3,No,Yes,Yes,Yes,Yes,Yes,Yes,Yes,Two Year,No,Credit Card,109.7,7898.45,0.0,0,1997.28,9895.73,Male,76,No,Yes,Yes,No,0,9,10.97,0,0,Passive
3718,No,0,1,Offer E,Yes,17.94,No,No,No internet,0,No,No,No,No,No,No,No,No,Month-to-Month,No,Credit Card,19.55,19.55,0.0,0,17.94,37.49,Male,35,No,No,No,No,0,1,9.775,1,0,Passive
3718,No,0,1,Offer E,Yes,1.28,No,Yes,DSL,27,No,Yes,No,No,No,No,No,Yes,Month-to-Month,No,Bank Withdrawal,50.8,50.8,0.0,0,1.28,52.08,Male,58,No,No,No,No,0,3,12.7,1,1,Detractor
3296,Yes,9,7,,Yes,35.42,No,Yes,Fiber Optic,3,No,No,No,No,No,No,No,Yes,Month-to-Month,Yes,Bank Withdrawal,69.95,529.5,0.0,0,247.94,777.44,Male,49,No,No,Yes,No,0,2,23.316666666666663,1,1,Detractor
4149,Yes,5,60,Offer B,Yes,5.43,Yes,Yes,Fiber Optic,29,Yes,No,Yes,No,Yes,No,No,Yes,One Year,Yes,Bank Withdrawal,95.4,5812.0,0.0,0,325.79999999999995,6137.8,Male,59,No,No,Yes,No,0,6,13.62857142857143,0,1,Passive
6026,Yes,10,57,Offer B,Yes,8.01,Yes,Yes,Fiber Optic,73,No,Yes,Yes,Yes,Yes,Yes,Yes,Yes,One Year,Yes,Bank Withdrawal,109.4,6252.7,0.0,0,456.57,6709.27,Female,20,Yes,No,Yes,No,0,9,10.94,0,1,Promoter
5651,No,0,49,Offer B,Yes,44.88,Yes,Yes,Fiber Optic,15,No,No,Yes,No,No,Yes,No,Yes,Month-to-Month,Yes,Credit Card,90.85,4515.85,0.0,0,2199.1200000000003,6714.970000000001,Female,76,No,Yes,No,No,0,5,15.141666666666666,0,0,Detractor
4462,No,0,36,,Yes,25.95,Yes,Yes,DSL,21,Yes,No,No,No,No,No,No,Yes,One Year,No,Credit Card,54.45,1893.5,0.0,0,934.2,2827.7,Female,40,No,No,No,No,0,4,10.89,0,0,Detractor
3150,No,0,46,Offer B,Yes,24.13,No,Yes,Cable,16,No,No,No,No,No,No,No,Yes,Month-to-Month,Yes,Credit Card,45.2,2065.15,0.0,0,1109.98,3175.13,Male,36,No,No,No,No,0,2,15.066666666666668,0,0,Promoter
6432,Yes,3,59,,Yes,16.06,No,Yes,DSL,4,Yes,Yes,Yes,No,Yes,No,No,Yes,One Year,No,Credit Card,66.4,3958.2,0.0,0,947.54,4905.74,Male,49,No,No,Yes,No,0,6,9.485714285714286,0,0,Detractor
2607,No,0,39,,Yes,48.61,No,No,No internet,0,No,No,No,No,No,No,No,No,One Year,No,Bank Withdrawal,19.35,779.2,0.0,0,1895.79,2674.99,Male,42,No,No,No,No,0,1,9.675,0,1,Detractor
3371,No,0,38,,Yes,21.19,Yes,Yes,DSL,24,No,Yes,No,Yes,No,Yes,Yes,Yes,Month-to-Month,No,Credit Card,68.15,2656.3,0.0,0,805.22,3461.5200000000004,Female,61,No,No,No,No,0,7,8.51875,0,0,Detractor
5735,Yes,3,19,,Yes,7.42,No,Yes,DSL,17,No,No,Yes,No,No,No,No,Yes,Month-to-Month,Yes,Bank Withdrawal,49.6,962.9,0.0,0,140.98,1103.88,Female,43,No,No,Yes,Yes,1,3,12.4,0,1,Detractor
6258,Yes,9,72,Offer A,Yes,40.78,Yes,Yes,Fiber Optic,22,Yes,Yes,No,Yes,Yes,Yes,Yes,Yes,Two Year,Yes,Credit Card,109.95,7852.4,0.0,0,2936.16,10788.56,Male,58,No,No,Yes,No,0,9,10.995,0,0,Passive
4508,Yes,7,59,,Yes,49.31,Yes,Yes,Fiber Optic,21,Yes,Yes,Yes,Yes,Yes,No,No,No,Month-to-Month,Yes,Bank Withdrawal,106.75,6252.9,0.0,40,2909.29,9202.19,Male,47,No,No,Yes,No,0,7,13.34375,0,1,Detractor
4544,No,0,9,Offer E,Yes,34.34,Yes,Yes,Fiber Optic,6,Yes,No,No,No,No,No,No,No,Month-to-Month,Yes,Bank Withdrawal,81.15,784.45,0.0,50,309.06000000000006,1143.5100000000002,Male,43,No,No,No,No,0,3,20.2875,1,1,Passive
3022,Yes,1,1,Offer E,Yes,49.6,No,Yes,Fiber Optic,13,No,No,No,No,No,No,No,Yes,Month-to-Month,No,Credit Card,70.85,70.85,0.0,0,49.6,120.45,Male,65,No,Yes,Yes,No,0,2,23.616666666666664,1,0,Detractor
4520,No,0,72,Offer A,Yes,8.48,Yes,Yes,Fiber Optic,22,Yes,No,No,Yes,No,No,No,Yes,Two Year,Yes,Bank Withdrawal,84.7,6185.15,0.0,0,610.5600000000001,6795.71,Female,45,No,No,No,No,0,5,14.116666666666667,0,1,Detractor
4857,Yes,4,67,Offer A,Yes,8.18,Yes,Yes,Fiber Optic,3,No,Yes,Yes,No,Yes,Yes,Yes,Yes,One Year,No,Bank Withdrawal,104.1,7040.85,0.0,0,548.06,7588.91,Male,61,No,No,Yes,No,0,8,11.566666666666666,0,1,Detractor
2494,No,0,13,Offer D,Yes,32.68,Yes,Yes,Cable,11,No,Yes,Yes,No,Yes,Yes,No,No,Month-to-Month,Yes,Bank Withdrawal,106.9,1364.3,0.0,10,424.84,1799.14,Male,68,No,Yes,No,No,0,6,15.271428571428572,0,1,Detractor
3878,No,0,40,,Yes,26.03,No,No,No internet,0,No,No,No,No,No,No,No,No,Two Year,No,Credit Card,19.65,830.25,0.0,0,1041.2,1871.45,Female,48,No,No,No,No,0,1,9.825,0,0,Passive
4279,Yes,7,70,Offer A,Yes,9.03,Yes,No,No internet,0,No,No,No,No,No,No,No,No,Two Year,No,Bank Withdrawal,25.15,1940.85,0.0,0,632.0999999999999,2572.95,Male,61,No,No,Yes,No,0,2,8.383333333333333,0,1,Passive
2916,No,0,12,,Yes,11.04,No,Yes,Fiber Optic,16,No,No,No,No,Yes,No,No,Yes,Month-to-Month,Yes,Bank Withdrawal,81.45,912.0,0.0,0,132.48,1044.48,Male,32,No,No,No,No,0,3,20.3625,1,1,Detractor
4405,No,0,52,Offer B,Yes,4.22,No,Yes,DSL,18,Yes,No,Yes,No,Yes,No,No,Yes,One Year,Yes,Mailed Check,64.3,3410.6,0.0,0,219.44,3630.04,Female,36,No,No,Yes,No,0,5,10.716666666666669,0,0,Passive
5790,No,0,44,Offer B,Yes,18.42,Yes,Yes,DSL,22,No,No,No,No,No,No,No,Yes,Month-to-Month,Yes,Credit Card,50.15,2139.1,0.0,0,810.48,2949.58,Female,64,No,No,No,No,0,3,12.5375,0,0,Detractor
2183,No,0,1,Offer E,Yes,29.86,No,No,No internet,0,No,No,No,No,No,No,No,No,Month-to-Month,Yes,Credit Card,20.35,20.35,0.0,0,29.86,50.21,Female,30,No,No,No,No,0,1,10.175,1,0,Passive
2711,No,0,34,,Yes,4.89,No,Yes,Cable,27,No,Yes,No,No,No,No,No,No,Month-to-Month,Yes,Bank Withdrawal,49.8,1734.2,0.0,70,166.26,1970.46,Male,34,No,No,No,No,0,2,16.599999999999998,0,1,Passive
5949,Yes,9,72,Offer A,Yes,17.87,Yes,Yes,Fiber Optic,3,Yes,Yes,Yes,Yes,Yes,Yes,Yes,Yes,Two Year,Yes,Credit Card,116.95,8594.4,0.0,0,1286.64,9881.04,Male,45,No,No,Yes,No,0,10,10.631818181818184,0,0,Detractor
5090,No,0,62,Offer B,Yes,8.08,Yes,Yes,Fiber Optic,21,Yes,Yes,No,Yes,No,Yes,Yes,No,One Year,No,Bank Withdrawal,102.0,6529.25,0.0,110,500.96,7140.21,Male,63,No,No,No,No,0,7,12.75,0,1,Detractor
4017,Yes,1,32,,Yes,37.48,No,Yes,Fiber Optic,13,No,Yes,No,No,No,Yes,Yes,Yes,Month-to-Month,No,Bank Withdrawal,84.15,2585.95,0.0,0,1199.36,3785.31,Female,53,No,No,Yes,No,0,5,14.025,0,1,Detractor
2467,No,0,4,,Yes,6.68,Yes,Yes,Cable,17,No,No,No,No,No,Yes,No,Yes,Month-to-Month,Yes,Bank Withdrawal,84.6,360.1,0.0,0,26.72,386.8200000000001,Female,68,No,Yes,No,No,0,4,16.919999999999998,1,1,Detractor
4292,No,0,10,,Yes,49.04,No,Yes,Cable,23,Yes,No,No,No,No,No,No,Yes,Month-to-Month,Yes,Credit Card,51.65,524.5,0.0,0,490.4,1014.9,Male,38,No,No,No,No,0,3,12.9125,1,0,Passive
2187,No,0,35,,Yes,20.61,Yes,Yes,DSL,16,Yes,No,Yes,No,No,No,No,Yes,Month-to-Month,Yes,Bank Withdrawal,59.6,2094.9,0.0,0,721.35,2816.25,Male,48,No,No,No,No,0,5,9.933333333333334,0,1,Detractor
5585,No,0,49,,Yes,18.97,Yes,Yes,Fiber Optic,3,No,No,No,Yes,Yes,Yes,Yes,Yes,One Year,Yes,Bank Withdrawal,100.6,5069.65,0.0,0,929.53,5999.179999999999,Male,42,No,No,No,No,0,7,12.575,0,1,Detractor
5750,No,0,6,Offer E,Yes,47.9,No,Yes,Fiber Optic,6,No,No,Yes,No,Yes,Yes,No,Yes,Month-to-Month,Yes,Bank Withdrawal,95.75,573.75,0.0,0,287.4,861.15,Male,69,No,Yes,Yes,No,0,5,15.958333333333334,1,1,Detractor
4403,No,0,30,Offer C,Yes,22.64,Yes,Yes,DSL,18,No,Yes,Yes,No,Yes,No,No,Yes,One Year,Yes,Credit Card,68.95,2038.7,0.0,0,679.2,2717.9,Female,37,No,No,No,No,0,6,9.85,0,0,Promoter
2044,No,0,2,,Yes,41.08,Yes,Yes,Fiber Optic,25,No,No,No,No,No,No,No,Yes,Month-to-Month,Yes,Credit Card,74.9,136.05,0.0,0,82.16,218.21,Female,50,No,No,No,No,0,3,18.725,1,0,Passive
3985,Yes,3,3,,Yes,31.06,No,No,No internet,0,No,No,No,No,No,No,No,No,Month-to-Month,No,Bank Withdrawal,20.0,49.65,0.0,0,93.18,142.82999999999998,Male,51,No,No,Yes,No,0,1,10.0,1,1,Detractor
2454,Yes,7,40,,Yes,24.3,No,Yes,DSL,28,No,Yes,No,No,No,No,No,Yes,Month-to-Month,Yes,Credit Card,50.15,2058.5,37.03,0,972.0,2993.4700000000003,Male,32,No,No,Yes,No,0,3,12.5375,0,0,Passive
5528,No,0,3,Offer E,Yes,44.42,No,Yes,Cable,6,Yes,No,Yes,No,Yes,Yes,Yes,Yes,Month-to-Month,Yes,Bank Withdrawal,77.4,206.15,0.0,0,133.26,339.41,Male,36,No,No,No,No,0,7,9.675,1,1,Passive
2844,Yes,9,32,Offer C,Yes,31.86,No,Yes,Fiber Optic,23,No,Yes,No,No,Yes,Yes,Yes,Yes,One Year,Yes,Mailed Check,93.95,2861.45,0.0,0,1019.52,3880.97,Male,71,No,Yes,Yes,Yes,1,6,13.421428571428573,0,0,Promoter
3205,Yes,10,15,Offer D,Yes,46.64,No,No,No internet,0,No,No,No,No,No,No,No,No,One Year,No,Credit Card,20.35,335.95,0.0,0,699.6,1035.55,Female,44,No,No,Yes,Yes,3,1,10.175,0,0,Detractor
5756,Yes,1,60,,Yes,40.36,Yes,Yes,Fiber Optic,76,Yes,No,Yes,Yes,Yes,Yes,Yes,No,Two Year,Yes,Bank Withdrawal,110.6,6586.85,36.38,80,2421.6,9052.07,Male,48,No,No,Yes,Yes,3,8,12.288888888888888,0,1,Detractor
3128,Yes,4,1,,Yes,17.35,Yes,Yes,Fiber Optic,23,No,No,Yes,No,Yes,Yes,No,Yes,Month-to-Month,Yes,Bank Withdrawal,100.8,100.8,0.0,0,17.35,118.15,Female,78,No,Yes,Yes,No,0,6,14.4,1,1,Detractor
4488,Yes,3,47,Offer B,Yes,38.15,Yes,Yes,Fiber Optic,14,No,No,Yes,No,Yes,Yes,Yes,Yes,Month-to-Month,Yes,Bank Withdrawal,100.5,4707.1,0.0,0,1793.05,6500.150000000001,Female,34,No,No,Yes,No,0,7,12.5625,0,1,Detractor
2767,No,0,39,Offer C,Yes,4.48,No,Yes,Fiber Optic,71,Yes,No,Yes,Yes,Yes,No,Yes,Yes,One Year,Yes,Bank Withdrawal,95.55,3692.85,0.0,0,174.72000000000003,3867.57,Female,29,Yes,No,No,No,0,7,11.94375,0,1,Detractor
6393,Yes,3,54,,Yes,19.7,No,No,No internet,0,No,No,No,No,No,No,No,No,Two Year,No,Credit Card,20.4,1090.6,0.0,0,1063.8,2154.4,Male,42,No,No,Yes,Yes,3,1,10.2,0,0,Passive
5264,No,0,15,,Yes,48.93,Yes,Yes,Fiber Optic,15,No,No,No,No,Yes,Yes,Yes,Yes,Month-to-Month,Yes,Bank Withdrawal,93.35,1444.65,0.0,0,733.95,2178.6000000000004,Male,49,No,No,No,No,0,6,13.335714285714284,0,1,Detractor
5735,Yes,4,62,,Yes,28.64,Yes,Yes,Fiber Optic,52,Yes,No,No,No,Yes,Yes,Yes,No,Two Year,Yes,Bank Withdrawal,101.15,6638.35,0.0,30,1775.68,8444.03,Female,32,No,No,Yes,Yes,3,6,14.45,0,1,Detractor
5554,No,0,37,Offer C,Yes,3.27,No,Yes,Cable,71,No,No,No,No,Yes,Yes,Yes,Yes,Month-to-Month,Yes,Bank Withdrawal,64.75,2345.2,0.0,0,120.99,2466.19,Female,26,Yes,No,No,No,0,5,10.791666666666666,0,1,Detractor
4019,Yes,1,54,,Yes,35.46,Yes,Yes,Fiber Optic,23,No,Yes,Yes,No,Yes,Yes,Yes,Yes,Month-to-Month,Yes,Bank Withdrawal,104.3,5278.15,11.45,0,1914.84,7181.54,Male,47,No,No,Yes,No,0,8,11.588888888888889,0,1,Detractor
3561,No,0,3,,Yes,18.38,No,Yes,Fiber Optic,20,No,No,Yes,No,Yes,No,No,Yes,Month-to-Month,Yes,Bank Withdrawal,86.85,220.95,0.0,0,55.14,276.09,Female,73,No,Yes,No,No,0,4,17.369999999999997,1,1,Detractor
6319,Yes,2,70,Offer A,Yes,5.93,Yes,Yes,Fiber Optic,19,No,Yes,Yes,No,Yes,Yes,Yes,Yes,One Year,Yes,Bank Withdrawal,106.5,7397.0,0.0,0,415.1,7812.1,Female,47,No,No,Yes,Yes,1,8,11.833333333333334,0,1,Promoter
4681,Yes,2,56,Offer B,Yes,48.56,No,No,No internet,0,No,No,No,No,No,No,No,No,Two Year,Yes,Credit Card,19.8,1119.9,0.0,0,2719.36,3839.26,Female,58,No,No,Yes,Yes,1,1,9.9,0,0,Detractor
4921,Yes,1,65,,Yes,10.11,Yes,Yes,Cable,26,Yes,Yes,Yes,Yes,Yes,Yes,Yes,Yes,Two Year,No,Bank Withdrawal,91.55,5963.95,0.0,0,657.15,6621.099999999999,Female,52,No,No,Yes,Yes,3,10,8.322727272727272,0,1,Detractor
4815,No,0,1,Offer E,Yes,3.13,No,Yes,Fiber Optic,5,No,No,No,No,Yes,No,No,Yes,Month-to-Month,Yes,Bank Withdrawal,79.95,79.95,0.0,0,3.13,83.08,Male,56,No,No,No,No,0,3,19.9875,1,1,Detractor
4331,Yes,4,72,,Yes,8.33,Yes,Yes,Fiber Optic,59,Yes,No,Yes,No,Yes,Yes,Yes,No,Two Year,Yes,Bank Withdrawal,105.55,7542.25,0.0,10,599.76,8152.01,Male,22,Yes,No,Yes,Yes,3,7,13.19375,0,1,Detractor
4512,Yes,4,63,Offer B,Yes,48.62,Yes,Yes,Fiber Optic,28,No,Yes,No,No,No,Yes,Yes,Yes,One Year,Yes,Bank Withdrawal,91.35,5764.7,18.78,0,3063.06,8808.98,Male,62,No,No,Yes,Yes,2,6,13.05,0,1,Passive
5698,Yes,6,47,Offer B,Yes,29.15,Yes,Yes,DSL,52,Yes,Yes,No,Yes,Yes,Yes,Yes,No,Two Year,Yes,Credit Card,85.3,4107.25,0.0,130,1370.05,5607.3,Female,22,Yes,No,Yes,No,0,8,9.477777777777778,0,0,Detractor
4546,No,0,2,Offer E,Yes,43.47,Yes,Yes,Fiber Optic,30,No,No,No,No,No,Yes,Yes,Yes,Month-to-Month,Yes,Bank Withdrawal,86.0,165.45,0.0,0,86.94,252.39,Male,61,No,No,No,No,0,5,14.333333333333334,1,1,Detractor
5052,Yes,7,53,,Yes,31.86,Yes,Yes,DSL,56,No,No,Yes,Yes,Yes,Yes,Yes,Yes,One Year,Yes,Credit Card,78.75,3942.45,0.0,0,1688.58,5631.03,Male,43,No,No,Yes,Yes,3,8,8.75,0,0,Passive
2688,No,0,9,Offer E,Yes,41.02,No,Yes,DSL,27,No,No,No,No,Yes,No,No,Yes,Month-to-Month,No,Bank Withdrawal,55.35,449.75,0.0,0,369.18,818.9300000000001,Male,40,No,No,No,Yes,3,3,13.8375,1,1,Detractor
2165,Yes,10,39,Offer C,Yes,36.39,No,No,No internet,0,No,No,No,No,No,No,No,No,Two Year,Yes,Bank Withdrawal,20.45,790.0,0.0,0,1419.21,2209.21,Male,39,No,No,Yes,No,0,1,10.225,0,1,Promoter
4576,No,0,1,Offer E,Yes,49.34,No,Yes,DSL,15,No,No,No,No,No,No,No,Yes,Two Year,No,Bank Withdrawal,45.2,45.2,0.0,0,49.34,94.54,Male,73,No,Yes,No,No,0,2,15.066666666666668,1,1,Detractor
2267,No,0,9,,Yes,42.1,No,Yes,Fiber Optic,16,Yes,No,Yes,Yes,No,Yes,Yes,Yes,Month-to-Month,No,Bank Withdrawal,93.0,870.25,0.0,0,378.9,1249.15,Female,46,No,No,No,Yes,1,7,11.625,1,1,Detractor
2777,Yes,1,34,,Yes,13.45,No,Yes,Fiber Optic,12,No,No,No,No,Yes,No,No,Yes,Month-to-Month,No,Bank Withdrawal,78.3,2564.3,0.0,0,457.3,3021.6000000000004,Male,36,No,No,Yes,No,0,3,19.575,0,1,Detractor
2660,No,0,5,Offer E,Yes,14.22,No,Yes,Fiber Optic,4,No,Yes,No,No,Yes,No,No,Yes,One Year,Yes,Bank Withdrawal,84.7,392.5,41.2,0,71.10000000000001,422.4,Female,73,No,Yes,No,No,0,4,16.94,1,1,Passive
4413,Yes,3,61,Offer B,Yes,12.72,No,Yes,Cable,48,Yes,Yes,Yes,Yes,Yes,Yes,Yes,Yes,One Year,No,Bank Withdrawal,84.9,5264.5,0.0,0,775.9200000000001,6040.42,Male,21,Yes,No,Yes,Yes,2,9,8.49,0,1,Detractor
4103,Yes,1,17,Offer D,Yes,25.79,Yes,Yes,Cable,12,Yes,No,Yes,No,Yes,No,No,Yes,Month-to-Month,No,Bank Withdrawal,94.4,1607.2,0.0,0,438.43,2045.63,Female,57,No,No,Yes,No,0,6,13.485714285714286,0,1,Detractor
4651,No,0,8,Offer E,Yes,5.09,No,Yes,DSL,51,No,No,No,No,No,No,No,Yes,Month-to-Month,Yes,Bank Withdrawal,45.45,411.75,0.0,0,40.72,452.47,Female,30,No,No,Yes,Yes,2,2,15.15,1,1,Passive
5228,No,0,1,Offer E,Yes,5.43,Yes,Yes,Fiber Optic,18,No,No,No,No,No,Yes,Yes,Yes,Month-to-Month,Yes,Bank Withdrawal,86.6,86.6,0.0,0,5.43,92.03,Male,41,No,No,No,No,0,5,14.433333333333332,1,1,Detractor
4396,Yes,1,1,,Yes,36.32,No,Yes,Fiber Optic,85,No,No,No,No,No,Yes,Yes,Yes,Month-to-Month,Yes,Bank Withdrawal,81.05,81.05,0.0,0,36.32,117.37,Male,19,Yes,No,Yes,Yes,3,4,16.21,1,1,Promoter
5370,Yes,4,40,,Yes,3.52,Yes,Yes,Fiber Optic,56,No,No,Yes,No,No,No,No,Yes,Month-to-Month,Yes,Bank Withdrawal,81.2,3292.3,0.0,0,140.8,3433.1000000000004,Male,55,No,No,Yes,Yes,3,4,16.240000000000002,0,1,Detractor
4815,Yes,10,48,,Yes,34.43,No,Yes,DSL,2,No,Yes,No,No,No,Yes,Yes,Yes,One Year,Yes,Bank Withdrawal,58.95,2789.7,0.0,0,1652.64,4442.34,Female,65,No,Yes,Yes,No,0,5,9.825,0,1,Detractor
2615,Yes,8,37,Offer C,Yes,13.13,Yes,Yes,Fiber Optic,58,No,No,Yes,Yes,Yes,No,No,Yes,Two Year,No,Credit Card,94.3,3460.95,0.0,0,485.81,3946.76,Male,23,Yes,No,Yes,No,0,6,13.471428571428572,0,0,Detractor
5029,No,0,6,Offer E,Yes,43.18,No,No,No internet,0,No,No,No,No,No,No,No,No,Month-to-Month,No,Credit Card,20.2,123.65,0.0,0,259.08,382.73,Female,64,No,No,No,No,0,1,10.1,1,0,Promoter
5453,Yes,5,46,,Yes,21.46,Yes,Yes,Fiber Optic,15,No,No,No,Yes,Yes,Yes,No,Yes,One Year,No,Bank Withdrawal,100.25,4753.85,0.0,0,987.16,5741.01,Female,71,No,Yes,Yes,No,0,6,14.321428571428571,0,1,Promoter
4840,No,0,29,,Yes,21.19,No,No,No internet,0,No,No,No,No,No,No,No,No,One Year,No,Mailed Check,20.35,617.35,0.0,0,614.51,1231.86,Female,28,Yes,No,No,No,0,1,10.175,0,0,Passive
4051,Yes,1,37,,No,0.0,No,Yes,DSL,27,Yes,No,No,Yes,Yes,No,No,Yes,Two Year,No,Bank Withdrawal,45.4,1593.1,44.13,0,0.0,1548.9699999999998,Female,23,Yes,No,Yes,No,0,4,9.08,0,1,Passive
2418,No,0,1,Offer E,Yes,49.24,No,Yes,Fiber Optic,8,No,No,No,No,No,No,No,Yes,Month-to-Month,Yes,Bank Withdrawal,69.65,69.65,0.0,0,49.24,118.89,Female,52,No,No,No,No,0,2,23.21666666666667,1,1,Detractor
5762,No,0,4,Offer E,Yes,36.91,No,Yes,Fiber Optic,23,No,No,No,No,No,Yes,Yes,Yes,Month-to-Month,Yes,Bank Withdrawal,79.15,317.25,0.0,0,147.64,464.89,Female,41,No,No,No,No,0,4,15.830000000000002,1,1,Detractor
2473,No,0,35,,Yes,39.84,No,Yes,Fiber Optic,48,No,Yes,Yes,No,Yes,Yes,Yes,Yes,One Year,Yes,Bank Withdrawal,102.35,3626.1,0.0,0,1394.4,5020.5,Male,26,Yes,No,No,No,0,7,12.79375,0,1,Detractor
4051,No,0,61,Offer B,No,0.0,No,Yes,DSL,8,Yes,Yes,Yes,Yes,No,No,No,Yes,One Year,No,Credit Card,43.7,2696.55,0.0,0,0.0,2696.55,Female,59,No,No,No,No,0,5,7.283333333333334,0,0,Passive
2296,No,0,5,,Yes,29.75,No,Yes,Fiber Optic,6,No,No,No,Yes,No,No,No,Yes,Month-to-Month,Yes,Credit Card,75.65,399.45,0.0,0,148.75,548.2,Female,62,No,No,No,No,0,3,18.9125,1,0,Promoter
2522,Yes,9,20,,Yes,42.46,No,No,No internet,0,No,No,No,No,No,No,No,No,Month-to-Month,No,Credit Card,20.35,442.6,0.0,0,849.2,1291.8000000000002,Female,58,No,No,Yes,Yes,3,1,10.175,0,0,Passive
2371,No,0,1,Offer E,Yes,3.39,Yes,No,No internet,0,No,No,No,No,No,No,No,No,Month-to-Month,Yes,Credit Card,25.0,25.0,0.0,0,3.39,28.39,Male,41,No,No,No,No,0,2,8.333333333333334,1,0,Detractor
6213,No,0,60,Offer B,Yes,31.12,No,No,No internet,0,No,No,No,No,No,No,No,No,Two Year,No,Bank Withdrawal,19.85,1128.1,0.0,0,1867.2,2995.3,Female,53,No,No,No,No,0,1,9.925,0,1,Passive
4013,Yes,8,4,,Yes,48.64,Yes,Yes,Fiber Optic,30,No,No,No,No,No,No,No,Yes,Month-to-Month,Yes,Bank Withdrawal,74.65,301.4,0.0,0,194.56,495.96,Male,24,Yes,No,Yes,No,0,3,18.6625,1,1,Detractor
5869,Yes,9,67,Offer A,Yes,48.68,Yes,Yes,Fiber Optic,17,No,Yes,No,Yes,Yes,Yes,Yes,Yes,Two Year,No,Bank Withdrawal,102.9,6989.7,0.0,0,3261.56,10251.26,Male,72,No,Yes,Yes,No,0,8,11.433333333333334,0,1,Detractor
5748,Yes,2,70,Offer A,Yes,31.78,No,No,No internet,0,No,No,No,No,No,No,No,No,Two Year,No,Credit Card,20.35,1458.1,35.44,0,2224.6,3647.26,Male,38,No,No,Yes,Yes,1,1,10.175,0,0,Promoter
6265,No,0,53,Offer B,Yes,26.21,No,No,No internet,0,No,No,No,No,No,No,No,No,Two Year,No,Bank Withdrawal,19.75,1052.35,0.0,0,1389.13,2441.48,Male,62,No,No,No,No,0,1,9.875,0,1,Detractor
5913,No,0,16,,Yes,38.75,Yes,Yes,Fiber Optic,16,No,No,No,No,Yes,Yes,No,Yes,Month-to-Month,Yes,Bank Withdrawal,96.15,1529.2,0.0,0,620.0,2149.2,Female,76,No,Yes,No,No,0,5,16.025000000000002,0,1,Detractor
3364,Yes,5,39,Offer C,Yes,40.25,No,Yes,Fiber Optic,19,No,Yes,No,No,Yes,No,No,Yes,Month-to-Month,Yes,Credit Card,86.3,3266.0,0.0,0,1569.75,4835.75,Male,29,Yes,No,Yes,No,0,4,17.259999999999998,0,0,Detractor
2989,No,0,20,,Yes,32.5,Yes,Yes,DSL,52,No,Yes,No,Yes,Yes,No,No,Yes,One Year,Yes,Bank Withdrawal,68.7,1416.2,0.0,0,650.0,2066.2,Male,23,Yes,No,No,No,0,6,9.814285714285717,0,1,Detractor
5531,No,0,24,,No,0.0,No,Yes,Cable,20,Yes,No,No,Yes,No,No,No,Yes,Two Year,No,Credit Card,35.75,830.8,0.0,0,0.0,830.8,Male,44,No,No,No,No,0,3,8.9375,0,0,Detractor
5186,No,0,52,Offer B,Yes,22.55,No,No,No internet,0,No,No,No,No,No,No,No,No,One Year,No,Mailed Check,20.65,1022.95,0.0,0,1172.6,2195.55,Female,57,No,No,No,No,0,1,10.325,0,0,Passive
6304,No,0,59,Offer B,Yes,6.91,Yes,Yes,Fiber Optic,52,No,No,No,No,No,Yes,Yes,Yes,One Year,No,Bank Withdrawal,85.55,5084.65,0.0,0,407.69,5492.339999999999,Male,24,Yes,No,Yes,No,0,5,14.258333333333333,0,1,Detractor
4639,No,0,1,Offer E,Yes,23.67,No,No,No internet,0,No,No,No,No,No,No,No,No,Month-to-Month,No,Credit Card,19.65,19.65,0.0,0,23.67,43.32,Female,42,No,No,No,No,0,1,9.825,1,0,Detractor
5725,Yes,1,54,Offer B,Yes,24.59,Yes,Yes,DSL,52,Yes,Yes,No,Yes,No,No,No,Yes,Two Year,Yes,Credit Card,65.65,3566.7,0.0,0,1327.86,4894.56,Male,25,Yes,No,Yes,Yes,2,6,9.37857142857143,0,0,Detractor
4538,Yes,3,6,,Yes,49.45,No,Yes,DSL,10,No,No,No,Yes,No,No,No,Yes,Month-to-Month,Yes,Credit Card,48.8,297.35,0.0,0,296.70000000000005,594.0500000000001,Female,39,No,No,Yes,Yes,2,3,12.2,1,0,Passive
3256,No,0,1,Offer E,Yes,13.63,No,Yes,DSL,13,No,No,No,No,No,No,No,Yes,Month-to-Month,Yes,Mailed Check,44.95,44.95,0.0,0,13.63,58.580000000000005,Male,61,No,No,No,No,0,2,14.983333333333334,1,0,Promoter
5639,Yes,1,63,,No,0.0,No,Yes,Cable,5,Yes,Yes,Yes,No,Yes,Yes,Yes,Yes,Two Year,No,Bank Withdrawal,59.0,3707.6,0.0,0,0.0,3707.6,Male,36,No,No,Yes,No,0,7,7.375,0,1,Detractor
5984,No,0,4,,Yes,37.66,No,No,No internet,0,No,No,No,No,No,No,No,No,Month-to-Month,No,Credit Card,20.35,77.5,0.0,0,150.64,228.14,Female,35,No,No,No,No,0,1,10.175,1,0,Detractor
6280,No,0,53,,No,0.0,No,Yes,DSL,25,No,Yes,Yes,No,Yes,Yes,No,Yes,Month-to-Month,Yes,Bank Withdrawal,54.45,2854.55,20.16,0,0.0,2834.3900000000003,Male,73,No,Yes,No,No,0,5,9.075,0,1,Detractor
4408,No,0,12,Offer D,Yes,2.29,Yes,No,No internet,0,No,No,No,No,No,No,No,No,Month-to-Month,No,Bank Withdrawal,25.0,316.2,0.0,0,27.48,343.68,Male,37,No,No,No,No,0,2,8.333333333333334,1,1,Passive
4162,Yes,10,72,Offer A,Yes,48.44,Yes,Yes,Cable,15,Yes,Yes,Yes,Yes,Yes,No,No,Yes,Two Year,No,Bank Withdrawal,82.3,5815.15,0.0,0,3487.68,9302.83,Male,40,No,No,Yes,No,0,8,9.144444444444444,0,1,Detractor
2574,No,0,42,Offer B,Yes,18.31,No,No,No internet,0,No,No,No,No,No,No,No,No,Two Year,Yes,Bank Withdrawal,20.75,844.45,0.0,0,769.02,1613.47,Female,24,Yes,No,No,No,0,1,10.375,0,1,Detractor
2565,No,0,8,Offer E,Yes,44.63,Yes,Yes,Fiber Optic,29,No,No,No,No,No,Yes,No,Yes,Two Year,No,Bank Withdrawal,85.2,695.75,0.0,0,357.04,1052.79,Female,70,No,Yes,No,No,0,4,17.04,1,1,Passive
4883,No,0,9,,Yes,43.83,No,No,No internet,0,No,No,No,No,No,No,No,No,Month-to-Month,No,Bank Withdrawal,19.5,150.35,0.0,0,394.47,544.8199999999999,Female,56,No,No,No,No,0,1,9.75,1,1,Passive
4847,Yes,7,56,,Yes,46.9,Yes,Yes,Fiber Optic,48,Yes,No,No,No,Yes,Yes,Yes,Yes,One Year,Yes,Bank Withdrawal,100.55,5514.95,0.0,0,2626.4,8141.35,Male,28,Yes,No,Yes,No,0,7,12.56875,0,1,Detractor
3233,Yes,8,4,,Yes,44.73,No,No,No internet,0,No,No,No,No,No,No,No,No,One Year,No,Bank Withdrawal,20.5,79.05,0.0,0,178.92,257.97,Female,52,No,No,Yes,No,0,1,10.25,1,1,Promoter
4549,No,0,8,Offer E,No,0.0,No,Yes,Cable,4,Yes,No,No,No,No,No,No,No,Month-to-Month,Yes,Bank Withdrawal,30.45,226.45,0.0,0,0.0,226.45,Male,55,No,No,No,No,0,1,15.225,1,1,Detractor
4118,Yes,1,54,,Yes,22.05,No,Yes,Fiber Optic,17,No,No,Yes,Yes,Yes,Yes,Yes,Yes,One Year,Yes,Bank Withdrawal,99.1,5437.1,0.0,0,1190.7,6627.8,Female,68,No,Yes,Yes,No,0,7,12.3875,0,1,Promoter
4390,Yes,1,20,,Yes,27.96,No,No,No internet,0,No,No,No,No,No,No,No,No,One Year,No,Credit Card,20.35,393.15,0.0,0,559.2,952.35,Female,23,Yes,No,Yes,No,0,1,10.175,0,0,Detractor
6225,Yes,9,59,,Yes,24.81,Yes,Yes,Cable,24,No,No,Yes,Yes,Yes,No,No,Yes,Two Year,Yes,Bank Withdrawal,72.1,4194.85,0.0,0,1463.79,5658.64,Female,39,No,No,Yes,No,0,6,10.3,0,1,Promoter
4934,No,0,3,Offer E,Yes,14.28,Yes,Yes,Fiber Optic,21,No,No,No,No,No,Yes,Yes,Yes,Month-to-Month,Yes,Bank Withdrawal,85.3,264.8,0.0,0,42.84,307.64,Male,46,No,No,No,No,0,5,14.216666666666669,1,1,Detractor
4771,No,0,5,Offer E,Yes,8.32,No,Yes,DSL,22,Yes,No,No,Yes,Yes,No,No,Yes,Month-to-Month,Yes,Bank Withdrawal,64.35,352.65,0.0,0,41.6,394.25,Female,63,No,No,No,No,0,5,10.725,1,1,Passive
5299,No,0,10,Offer D,Yes,3.01,Yes,No,No internet,0,No,No,No,No,No,No,No,No,Month-to-Month,Yes,Bank Withdrawal,24.0,226.55,0.0,0,30.1,256.65000000000003,Male,35,No,No,No,No,0,2,8.0,1,1,Promoter
6082,Yes,7,69,Offer A,Yes,37.97,Yes,Yes,Fiber Optic,27,Yes,Yes,Yes,Yes,Yes,Yes,Yes,No,Two Year,Yes,Bank Withdrawal,114.35,7665.8,0.0,10,2619.93,10295.73,Male,24,Yes,No,Yes,Yes,3,9,11.435,0,1,Passive
5202,No,0,3,Offer E,Yes,49.4,No,Yes,Fiber Optic,10,No,No,Yes,Yes,Yes,No,No,Yes,Month-to-Month,Yes,Credit Card,88.35,262.05,0.0,0,148.2,410.25,Male,33,No,No,No,No,0,5,14.725,1,0,Detractor
4673,No,0,51,,Yes,24.92,Yes,Yes,Fiber Optic,11,No,Yes,No,No,No,No,No,Yes,One Year,Yes,Bank Withdrawal,79.6,3974.7,16.73,0,1270.92,5228.889999999999,Male,69,No,Yes,No,No,0,4,15.919999999999998,0,1,Promoter
5245,No,0,24,,Yes,3.23,Yes,Yes,Fiber Optic,26,No,Yes,Yes,No,Yes,Yes,No,Yes,Month-to-Month,Yes,Credit Card,102.95,2496.7,0.0,0,77.52,2574.22,Male,73,No,Yes,No,No,0,7,12.86875,0,0,Detractor
6016,Yes,2,72,Offer A,Yes,11.57,Yes,Yes,Fiber Optic,18,No,Yes,No,No,Yes,No,No,Yes,One Year,Yes,Bank Withdrawal,89.7,6588.95,0.0,0,833.04,7421.99,Male,32,No,No,Yes,No,0,5,14.95,0,1,Detractor
4133,Yes,4,57,Offer B,Yes,49.95,Yes,Yes,Fiber Optic,22,No,No,No,No,No,No,No,No,Month-to-Month,Yes,Bank Withdrawal,74.3,4018.35,0.0,70,2847.15,6935.5,Male,59,No,No,Yes,Yes,2,2,24.766666666666666,0,1,Promoter
2333,Yes,7,46,Offer B,Yes,31.88,No,Yes,DSL,53,No,Yes,No,No,Yes,Yes,Yes,Yes,Month-to-Month,Yes,Credit Card,69.1,3168.0,0.0,0,1466.48,4634.48,Female,29,Yes,No,Yes,No,0,6,9.87142857142857,0,0,Promoter
5113,No,0,64,,Yes,27.7,Yes,Yes,DSL,21,No,Yes,Yes,Yes,No,Yes,No,Yes,Two Year,No,Credit Card,74.65,4869.35,47.04,0,1772.8,6595.110000000001,Female,68,No,Yes,No,No,0,7,9.33125,0,0,Passive
5272,No,0,36,Offer C,Yes,43.97,Yes,Yes,Fiber Optic,42,No,No,No,No,No,Yes,Yes,Yes,Month-to-Month,Yes,Bank Withdrawal,84.75,3050.15,0.0,0,1582.92,4633.07,Male,22,Yes,No,No,No,0,5,14.125,0,1,Detractor
3699,No,0,1,,Yes,2.98,No,Yes,Cable,26,Yes,No,No,No,No,No,No,Yes,Month-to-Month,No,Credit Card,51.2,51.2,0.0,0,2.98,54.18,Female,42,No,No,No,Yes,3,3,12.8,1,0,Detractor
3706,No,0,1,Offer E,No,0.0,No,Yes,DSL,22,No,No,No,No,No,Yes,Yes,Yes,Month-to-Month,No,Mailed Check,35.05,35.05,0.0,0,0.0,35.05,Female,62,No,No,No,No,0,3,8.7625,1,0,Detractor
3358,No,0,1,,Yes,9.36,No,Yes,Fiber Optic,14,No,No,No,No,No,No,No,No,Month-to-Month,Yes,Bank Withdrawal,69.9,69.9,0.0,10,9.36,89.26,Male,46,No,No,No,No,0,1,34.95,1,1,Passive
2018,No,0,24,Offer C,Yes,30.87,Yes,Yes,Fiber Optic,15,No,No,No,No,No,No,No,Yes,Month-to-Month,Yes,Bank Withdrawal,76.1,1712.7,0.0,0,740.88,2453.58,Male,69,No,Yes,No,No,0,3,19.025,0,1,Detractor
5301,No,0,4,,Yes,36.93,No,Yes,Fiber Optic,18,No,No,No,No,Yes,No,No,Yes,Month-to-Month,Yes,Bank Withdrawal,78.85,292.8,0.0,0,147.72,440.52,Female,65,No,Yes,No,No,0,3,19.7125,1,1,Detractor
2026,Yes,1,17,Offer D,Yes,12.06,Yes,Yes,Fiber Optic,9,Yes,Yes,Yes,No,No,No,No,Yes,Month-to-Month,No,Credit Card,90.2,1454.15,0.0,0,205.02,1659.17,Male,62,No,No,Yes,No,0,6,12.885714285714286,0,0,Detractor
3591,Yes,3,15,,Yes,37.9,No,No,No internet,0,No,No,No,No,No,No,No,No,Month-to-Month,No,Credit Card,20.05,284.3,0.0,0,568.5,852.8,Female,57,No,No,Yes,Yes,1,1,10.025,0,0,Passive
5713,Yes,3,53,,Yes,41.82,Yes,Yes,Fiber Optic,69,No,Yes,Yes,Yes,Yes,Yes,Yes,Yes,One Year,Yes,Bank Withdrawal,111.8,5809.75,0.0,0,2216.46,8026.21,Female,29,Yes,No,Yes,No,0,9,11.18,0,1,Detractor
2622,Yes,4,35,,Yes,48.08,Yes,Yes,Fiber Optic,53,No,Yes,No,No,Yes,No,No,No,Month-to-Month,Yes,Bank Withdrawal,89.65,3161.6,0.0,40,1682.8,4884.4,Male,41,No,No,Yes,Yes,3,4,17.93,0,1,Detractor
2302,Yes,1,9,,Yes,1.66,No,No,No internet,0,No,No,No,No,No,No,No,No,One Year,Yes,Credit Card,21.25,204.55,0.0,0,14.94,219.49,Male,70,No,Yes,Yes,No,0,1,10.625,1,0,Passive
5841,Yes,6,71,,Yes,9.4,No,Yes,Fiber Optic,10,No,No,Yes,No,No,No,No,Yes,Two Year,No,Bank Withdrawal,76.05,5436.45,0.0,0,667.4,6103.849999999999,Female,38,No,No,Yes,Yes,1,3,19.0125,0,1,Promoter
5462,Yes,2,57,,Yes,48.16,Yes,Yes,DSL,10,No,Yes,Yes,No,Yes,No,No,Yes,One Year,Yes,Credit Card,71.1,4140.1,0.0,0,2745.12,6885.22,Male,72,No,Yes,Yes,No,0,6,10.157142857142857,0,0,Promoter
4977,Yes,5,13,Offer D,Yes,19.63,No,Yes,DSL,12,Yes,No,No,Yes,No,No,No,Yes,One Year,No,Bank Withdrawal,54.15,701.05,0.0,0,255.19,956.24,Female,51,No,No,Yes,Yes,1,4,10.83,0,1,Detractor
5070,Yes,9,35,,Yes,32.75,Yes,No,No internet,0,No,No,No,No,No,No,No,No,Two Year,Yes,Credit Card,25.4,949.8,0.0,0,1146.25,2096.05,Female,53,No,No,Yes,Yes,1,2,8.466666666666667,0,0,Detractor
5766,No,0,21,,Yes,23.23,No,No,No internet,0,No,No,No,No,No,No,No,No,One Year,No,Bank Withdrawal,20.5,429.55,0.0,0,487.83,917.38,Male,79,No,Yes,No,No,0,1,10.25,0,1,Passive
3007,No,0,2,Offer E,Yes,9.61,No,No,No internet,0,No,No,No,No,No,No,No,No,Month-to-Month,Yes,Credit Card,19.65,38.8,0.0,0,19.22,58.02,Male,59,No,No,No,No,0,1,9.825,1,0,Passive
5674,No,0,12,Offer D,Yes,13.88,Yes,Yes,Fiber Optic,8,No,No,No,No,Yes,Yes,Yes,Yes,Month-to-Month,No,Bank Withdrawal,94.55,1173.55,0.0,0,166.56,1340.11,Male,38,No,No,No,No,0,6,13.507142857142856,1,1,Promoter
4283,Yes,1,69,,Yes,37.2,Yes,Yes,Fiber Optic,27,No,Yes,Yes,No,Yes,Yes,Yes,Yes,Month-to-Month,Yes,Bank Withdrawal,103.95,7446.9,0.0,0,2566.8,10013.7,Female,42,No,No,Yes,No,0,8,11.55,0,1,Detractor
5200,No,0,71,Offer A,Yes,49.42,Yes,Yes,Fiber Optic,53,Yes,No,Yes,Yes,Yes,Yes,Yes,Yes,Two Year,Yes,Bank Withdrawal,108.05,7532.15,0.0,0,3508.82,11040.97,Male,30,No,No,No,No,0,9,10.805,0,1,Detractor
5033,No,0,18,Offer D,Yes,11.36,Yes,Yes,Fiber Optic,13,No,No,No,No,No,No,No,Yes,Month-to-Month,Yes,Bank Withdrawal,74.15,1345.75,0.0,0,204.48,1550.23,Female,43,No,No,No,No,0,3,18.5375,0,1,Passive
2540,No,0,1,Offer E,Yes,31.68,No,Yes,Fiber Optic,22,No,No,No,No,Yes,Yes,Yes,Yes,Month-to-Month,No,Bank Withdrawal,90.6,90.6,0.0,0,31.68,122.28,Female,41,No,No,No,No,0,5,15.1,1,1,Detractor
5044,No,0,44,Offer B,Yes,5.07,Yes,Yes,DSL,26,No,Yes,No,No,Yes,Yes,Yes,Yes,One Year,Yes,Credit Card,77.55,3471.1,0.0,0,223.08,3694.18,Female,39,No,No,No,Yes,3,7,9.69375,0,0,Detractor
5781,No,0,72,Offer A,Yes,24.53,Yes,Yes,Fiber Optic,12,No,Yes,Yes,No,Yes,Yes,Yes,Yes,Two Year,Yes,Bank Withdrawal,100.9,7459.05,0.0,0,1766.16,9225.21,Male,52,No,No,No,No,0,8,11.211111111111112,0,1,Detractor
4324,Yes,7,72,Offer A,Yes,17.28,Yes,Yes,DSL,11,Yes,Yes,Yes,No,Yes,Yes,Yes,Yes,Two Year,Yes,Credit Card,82.65,5919.35,0.0,0,1244.16,7163.51,Female,53,No,No,Yes,No,0,9,8.265,0,0,Detractor
3514,Yes,1,1,Offer E,Yes,38.89,No,Yes,Fiber Optic,9,No,No,Yes,No,No,No,No,Yes,Month-to-Month,No,Credit Card,75.35,75.35,0.0,0,38.89,114.24,Male,32,No,No,Yes,No,0,3,18.8375,1,0,Promoter
5948,Yes,1,1,,Yes,12.46,No,Yes,Fiber Optic,22,No,No,No,No,No,No,No,Yes,Month-to-Month,Yes,Bank Withdrawal,69.55,69.55,0.0,0,12.46,82.00999999999999,Female,76,No,Yes,Yes,No,0,2,23.183333333333334,1,1,Detractor
5023,No,0,49,Offer B,Yes,36.47,Yes,Yes,Fiber Optic,21,Yes,Yes,Yes,Yes,No,Yes,Yes,Yes,One Year,No,Bank Withdrawal,103.0,5166.2,0.0,0,1787.03,6953.23,Female,77,No,Yes,No,No,0,9,10.3,0,1,Passive
5523,Yes,10,48,,Yes,12.6,No,Yes,Fiber Optic,21,No,No,No,No,No,No,No,Yes,One Year,Yes,Bank Withdrawal,70.65,3545.05,0.0,0,604.8,4149.85,Female,72,No,Yes,Yes,No,0,2,23.55,0,1,Detractor
3689,No,0,35,Offer C,Yes,39.69,Yes,Yes,Fiber Optic,25,No,No,Yes,No,Yes,Yes,No,Yes,Month-to-Month,Yes,Bank Withdrawal,101.4,3496.3,0.0,0,1389.15,4885.45,Male,68,No,Yes,No,No,0,6,14.485714285714286,0,1,Detractor
5915,Yes,1,47,,Yes,38.31,Yes,Yes,Fiber Optic,7,Yes,No,No,No,No,No,No,No,Month-to-Month,No,Bank Withdrawal,80.35,3825.85,0.0,90,1800.5700000000002,5716.42,Female,73,No,Yes,Yes,No,0,3,20.0875,0,1,Detractor
6173,Yes,10,72,,Yes,47.02,Yes,Yes,Fiber Optic,48,Yes,Yes,Yes,Yes,Yes,Yes,Yes,Yes,Two Year,Yes,Bank Withdrawal,117.6,8308.9,5.44,0,3385.44,11688.9,Female,28,Yes,No,Yes,Yes,1,10,10.69090909090909,0,1,Detractor
4735,Yes,2,32,,Yes,35.39,No,No,No internet,0,No,No,No,No,No,No,No,No,Two Year,No,Credit Card,18.95,613.95,0.0,0,1132.48,1746.43,Male,39,No,No,Yes,Yes,1,1,9.475,0,0,Passive
4187,Yes,4,68,Offer A,Yes,25.19,Yes,No,No internet,0,No,No,No,No,No,No,No,No,Two Year,No,Credit Card,25.05,1629.2,0.0,0,1712.92,3342.12,Male,19,Yes,No,Yes,No,0,2,8.35,0,0,Promoter
5880,No,0,3,,No,0.0,No,Yes,DSL,53,No,Yes,No,No,No,No,No,Yes,Month-to-Month,No,Mailed Check,29.65,90.05,0.0,0,0.0,90.05,Female,44,No,No,No,Yes,3,2,9.883333333333333,1,0,Detractor
5535,Yes,6,52,Offer B,Yes,29.55,Yes,No,No internet,0,No,No,No,No,No,No,No,No,Two Year,No,Credit Card,24.55,1331.05,0.0,0,1536.6,2867.65,Male,34,No,No,Yes,Yes,1,2,8.183333333333334,0,0,Detractor
4871,Yes,6,65,,Yes,28.68,No,Yes,Fiber Optic,20,No,No,No,No,No,No,No,Yes,One Year,Yes,Bank Withdrawal,70.95,4555.2,7.43,0,1864.2,6411.969999999999,Male,76,No,Yes,Yes,No,0,2,23.65,0,1,Detractor
5157,No,0,52,,Yes,21.98,No,No,No internet,0,No,No,No,No,No,No,No,No,Two Year,No,Credit Card,19.65,1025.05,0.0,0,1142.96,2168.01,Male,31,No,No,No,No,0,1,9.825,0,0,Passive
3048,No,0,42,Offer B,Yes,22.08,No,Yes,Cable,26,Yes,Yes,Yes,No,No,No,No,Yes,Month-to-Month,No,Bank Withdrawal,59.65,2536.55,0.0,0,927.36,3463.91,Female,27,Yes,No,No,No,0,5,9.941666666666666,0,1,Detractor
4309,Yes,9,24,,Yes,20.78,No,Yes,Fiber Optic,23,No,No,Yes,No,Yes,Yes,Yes,Yes,Two Year,Yes,Bank Withdrawal,96.55,2263.45,0.0,0,498.72,2762.17,Female,69,No,Yes,Yes,Yes,1,6,13.792857142857144,0,1,Promoter
4047,Yes,7,11,,Yes,1.92,No,No,No internet,0,No,No,No,No,No,No,No,No,One Year,No,Credit Card,20.6,233.9,0.0,0,21.12,255.02,Female,21,Yes,No,Yes,No,0,1,10.3,1,0,Detractor
5341,Yes,1,72,,Yes,44.61,Yes,Yes,DSL,53,Yes,Yes,Yes,Yes,Yes,Yes,Yes,Yes,Two Year,Yes,Bank Withdrawal,87.55,6463.15,0.0,0,3211.92,9675.07,Male,59,No,No,Yes,Yes,3,10,7.959090909090909,0,1,Passive
4624,No,0,18,,No,0.0,No,Yes,DSL,48,Yes,Yes,No,Yes,No,No,No,No,One Year,Yes,Credit Card,40.2,711.95,0.0,90,0.0,801.95,Female,28,Yes,No,No,No,0,3,10.05,0,0,Passive
2274,No,0,2,Offer E,Yes,6.74,No,Yes,Fiber Optic,3,No,No,No,No,No,No,No,Yes,Month-to-Month,Yes,Credit Card,71.3,157.75,0.0,0,13.48,171.23,Male,53,No,No,No,No,0,2,23.766666666666666,1,0,Detractor
4194,Yes,5,35,Offer C,Yes,24.76,Yes,No,No internet,0,No,No,No,No,No,No,No,No,Month-to-Month,Yes,Bank Withdrawal,25.75,882.55,0.0,0,866.6,1749.15,Female,62,No,No,Yes,Yes,1,2,8.583333333333334,0,1,Promoter
4581,No,0,12,Offer D,Yes,9.6,No,Yes,Cable,23,No,No,No,Yes,Yes,No,No,Yes,One Year,Yes,Bank Withdrawal,59.8,727.8,0.0,0,115.2,843.0,Male,44,No,No,No,No,0,4,11.96,1,1,Detractor
2653,No,0,8,Offer E,Yes,15.86,No,No,No internet,0,No,No,No,No,No,No,No,No,Two Year,No,Mailed Check,20.25,174.65,0.0,0,126.88,301.53,Female,41,No,No,No,No,0,1,10.125,1,0,Promoter
4819,No,0,21,,Yes,21.15,Yes,Yes,Fiber Optic,9,No,No,No,No,Yes,Yes,No,Yes,Month-to-Month,Yes,Bank Withdrawal,94.25,1973.75,0.0,0,444.15,2417.9,Female,79,No,Yes,No,No,0,5,15.708333333333334,0,1,Detractor
4700,No,0,20,,Yes,38.74,No,No,No internet,0,No,No,No,No,No,No,No,No,One Year,No,Credit Card,19.5,403.15,0.0,0,774.8000000000001,1177.95,Female,38,No,No,No,No,0,1,9.75,0,0,Detractor
4172,Yes,6,66,,Yes,23.2,Yes,Yes,DSL,59,Yes,Yes,Yes,No,No,No,No,Yes,Month-to-Month,Yes,Bank Withdrawal,67.45,4508.65,41.67,0,1531.2,5998.179999999999,Female,22,Yes,No,Yes,Yes,1,6,9.635714285714286,0,1,Detractor
4940,No,0,17,,Yes,4.51,No,Yes,Fiber Optic,13,Yes,No,No,No,Yes,Yes,Yes,Yes,Month-to-Month,No,Bank Withdrawal,93.85,1625.65,0.0,0,76.67,1702.3200000000002,Male,36,No,No,No,No,0,6,13.407142857142857,0,1,Detractor
4865,Yes,9,71,Offer A,Yes,27.26,Yes,Yes,Fiber Optic,12,No,Yes,Yes,No,No,Yes,Yes,Yes,Two Year,Yes,Credit Card,95.75,6849.4,0.0,0,1935.46,8784.86,Female,58,No,No,Yes,Yes,2,7,11.96875,0,0,Promoter
3548,No,0,30,,Yes,43.61,Yes,Yes,Fiber Optic,8,No,Yes,No,No,Yes,Yes,No,No,Month-to-Month,Yes,Bank Withdrawal,99.7,2967.35,0.0,80,1308.3,4355.65,Female,73,No,Yes,No,No,0,5,16.616666666666667,0,1,Detractor
5434,Yes,10,68,,Yes,26.83,Yes,No,No internet,0,No,No,No,No,No,No,No,No,Two Year,No,Mailed Check,25.75,1686.15,0.0,0,1824.44,3510.59,Male,36,No,No,Yes,Yes,1,2,8.583333333333334,0,0,Passive
3922,No,0,2,Offer E,Yes,17.03,No,No,No internet,0,No,No,No,No,No,No,No,No,Month-to-Month,No,Credit Card,20.0,32.7,0.0,0,34.06,66.76,Male,46,No,No,No,No,0,1,10.0,1,0,Promoter
5286,No,0,69,,Yes,3.24,Yes,Yes,Cable,26,Yes,Yes,Yes,Yes,No,Yes,Yes,Yes,Two Year,Yes,Credit Card,81.5,5553.25,0.0,0,223.56,5776.81,Male,46,No,No,No,No,0,9,8.15,0,0,Passive
2555,No,0,29,,No,0.0,No,Yes,DSL,27,No,Yes,No,Yes,No,No,No,Yes,Month-to-Month,No,Bank Withdrawal,34.3,1004.75,0.0,0,0.0,1004.75,Male,40,No,No,No,No,0,3,8.575,0,1,Promoter
3291,No,0,6,,Yes,40.64,No,Yes,Fiber Optic,51,No,Yes,No,No,No,Yes,Yes,Yes,Month-to-Month,Yes,Credit Card,85.95,514.6,0.0,0,243.84,758.44,Female,28,Yes,No,No,No,0,5,14.325,1,0,Promoter
4417,No,0,30,Offer C,Yes,9.34,No,Yes,Fiber Optic,8,No,No,No,Yes,Yes,No,No,Yes,Month-to-Month,No,Bank Withdrawal,85.15,2555.9,0.0,0,280.2,2836.1,Female,45,No,No,No,No,0,4,17.03,0,1,Detractor
5133,Yes,10,1,,Yes,11.45,No,Yes,Fiber Optic,14,No,No,No,No,No,No,No,Yes,Month-to-Month,Yes,Credit Card,69.95,69.95,0.0,0,11.45,81.4,Male,46,No,No,Yes,Yes,1,2,23.316666666666663,1,0,Detractor
2896,No,0,27,,Yes,15.41,No,No,No internet,0,No,No,No,No,No,No,No,No,Two Year,Yes,Mailed Check,19.6,561.15,13.07,0,416.07,964.15,Female,62,No,No,No,No,0,1,9.8,0,0,Promoter
4343,Yes,1,32,,Yes,19.76,No,Yes,DSL,59,Yes,Yes,Yes,Yes,No,Yes,Yes,Yes,Two Year,No,Credit Card,73.6,2316.85,12.66,0,632.32,2936.51,Female,26,Yes,No,Yes,Yes,1,8,8.177777777777777,0,0,Passive
2404,No,0,44,,Yes,1.4,No,No,No internet,0,No,No,No,No,No,No,No,No,Two Year,No,Credit Card,20.4,905.55,0.0,0,61.6,967.15,Male,36,No,No,No,No,0,1,10.2,0,0,Promoter
5417,Yes,1,13,Offer D,Yes,16.4,No,No,No internet,0,No,No,No,No,No,No,No,No,Month-to-Month,Yes,Credit Card,20.45,254.5,0.0,0,213.2,467.7,Female,59,No,No,Yes,Yes,1,1,10.225,0,0,Detractor
5868,No,0,3,,Yes,19.58,No,No,No internet,0,No,No,No,No,No,No,No,No,Month-to-Month,No,Credit Card,20.85,60.65,0.0,0,58.74,119.39,Male,50,No,No,No,Yes,3,1,10.425,1,0,Passive
6213,Yes,9,60,,Yes,34.48,Yes,Yes,Fiber Optic,51,No,Yes,No,No,Yes,Yes,Yes,Yes,Month-to-Month,Yes,Bank Withdrawal,99.8,5985.75,0.0,0,2068.8,8054.549999999999,Female,22,Yes,No,Yes,No,0,7,12.475,0,1,Passive
4946,No,0,8,Offer E,Yes,41.93,No,Yes,Fiber Optic,59,No,No,No,No,No,No,Yes,Yes,Month-to-Month,No,Bank Withdrawal,70.7,553.4,0.0,0,335.44,888.8399999999999,Male,26,Yes,No,No,No,0,3,17.675,1,1,Promoter
5071,No,0,8,,Yes,36.39,No,Yes,Fiber Optic,7,No,No,No,No,Yes,No,No,Yes,Month-to-Month,Yes,Bank Withdrawal,80.1,679.3,0.0,0,291.12,970.42,Female,34,No,No,No,No,0,3,20.025,1,1,Detractor
2753,Yes,7,26,,Yes,23.31,No,Yes,DSL,20,No,Yes,No,Yes,Yes,Yes,Yes,No,Month-to-Month,Yes,Bank Withdrawal,73.05,1959.5,47.59,50,606.06,2567.9700000000003,Female,35,No,No,Yes,No,0,6,10.435714285714283,0,1,Promoter
5886,No,0,13,,Yes,29.21,Yes,Yes,Fiber Optic,22,No,No,No,No,No,Yes,Yes,Yes,Month-to-Month,Yes,Bank Withdrawal,85.95,1215.65,0.0,0,379.73,1595.38,Female,49,No,No,No,No,0,5,14.325,0,1,Promoter
5419,No,0,4,Offer E,Yes,49.5,Yes,Yes,Fiber Optic,23,No,No,No,No,Yes,Yes,Yes,Yes,Month-to-Month,Yes,Bank Withdrawal,94.3,424.45,0.0,0,198.0,622.45,Female,65,No,Yes,No,No,0,6,13.471428571428572,1,1,Detractor
3678,Yes,1,44,,Yes,29.61,No,Yes,DSL,48,No,Yes,Yes,Yes,Yes,No,No,Yes,One Year,Yes,Bank Withdrawal,70.95,3250.45,24.92,0,1302.84,4528.37,Male,19,Yes,No,Yes,No,0,6,10.135714285714286,0,1,Promoter
5367,No,0,1,Offer E,Yes,45.66,No,Yes,Fiber Optic,28,No,No,No,No,No,No,No,Yes,Month-to-Month,Yes,Bank Withdrawal,69.9,69.9,0.0,0,45.66,115.56,Male,51,No,No,No,No,0,2,23.3,1,1,Detractor
5092,Yes,1,56,,No,0.0,No,Yes,DSL,28,No,Yes,Yes,No,No,No,No,No,One Year,Yes,Credit Card,36.1,1971.5,0.0,60,0.0,2031.5,Male,61,No,No,Yes,Yes,1,2,12.033333333333331,0,0,Detractor
5838,Yes,4,6,,Yes,21.23,Yes,Yes,Fiber Optic,13,No,No,No,No,No,No,No,Yes,Month-to-Month,Yes,Bank Withdrawal,75.5,438.0,0.0,0,127.38,565.38,Male,33,No,No,Yes,No,0,3,18.875,1,1,Detractor
3924,Yes,1,37,,Yes,45.19,No,No,No internet,0,No,No,No,No,No,No,No,No,Month-to-Month,No,Bank Withdrawal,19.5,805.2,0.0,0,1672.03,2477.23,Female,57,No,No,Yes,No,0,1,9.75,0,1,Passive
5480,Yes,1,46,,Yes,30.47,No,No,No internet,0,No,No,No,No,No,No,No,No,Two Year,Yes,Credit Card,19.95,927.1,0.0,0,1401.62,2328.72,Female,56,No,No,Yes,No,0,1,9.975,0,0,Promoter
6094,No,0,54,Offer B,Yes,27.3,No,No,No internet,0,No,No,No,No,No,No,No,No,Two Year,No,Credit Card,20.0,1149.65,0.0,0,1474.2,2623.8500000000004,Male,48,No,No,No,No,0,1,10.0,0,0,Detractor
5668,Yes,10,68,,Yes,19.09,Yes,No,No internet,0,No,No,No,No,No,No,No,No,Two Year,No,Bank Withdrawal,25.4,1620.2,9.34,0,1298.12,2908.98,Male,50,No,No,Yes,Yes,2,2,8.466666666666667,0,1,Passive
4658,Yes,5,72,,Yes,42.55,Yes,Yes,DSL,18,Yes,Yes,Yes,Yes,No,No,No,Yes,Two Year,No,Credit Card,72.1,5016.65,0.0,0,3063.6,8080.25,Male,39,No,No,Yes,No,0,7,9.0125,0,0,Detractor
4529,No,0,62,Offer B,Yes,7.96,No,Yes,DSL,8,Yes,Yes,No,No,No,No,No,Yes,One Year,No,Bank Withdrawal,56.15,3487.95,0.0,0,493.52,3981.47,Male,48,No,No,No,No,0,4,11.23,0,1,Passive
5381,Yes,1,34,,Yes,2.07,Yes,Yes,Fiber Optic,16,No,No,No,No,No,No,No,Yes,Month-to-Month,Yes,Bank Withdrawal,75.55,2425.4,0.0,0,70.38,2495.78,Male,66,No,Yes,Yes,No,0,3,18.8875,0,1,Promoter
2990,Yes,1,28,,Yes,37.66,No,Yes,Fiber Optic,20,Yes,No,No,No,Yes,Yes,Yes,Yes,Month-to-Month,Yes,Credit Card,92.35,2602.9,0.0,0,1054.48,3657.38,Female,47,No,No,Yes,No,0,6,13.19285714285714,0,0,Detractor
3391,No,0,5,Offer E,Yes,48.86,No,Yes,Fiber Optic,59,No,No,No,No,Yes,No,No,Yes,Month-to-Month,No,Bank Withdrawal,80.2,384.25,0.0,0,244.3,628.55,Female,25,Yes,No,No,No,0,3,20.05,1,1,Detractor
4933,No,0,1,Offer E,Yes,40.83,No,No,No internet,0,No,No,No,No,No,No,No,No,Month-to-Month,Yes,Credit Card,20.1,20.1,0.0,0,40.83,60.93,Male,63,No,No,No,No,0,1,10.05,1,0,Detractor
5150,No,0,70,,Yes,29.53,Yes,Yes,Cable,7,Yes,Yes,Yes,Yes,Yes,Yes,Yes,No,Two Year,No,Credit Card,89.75,6367.2,0.0,110,2067.1,8544.3,Female,64,No,No,No,No,0,9,8.975,0,0,Passive
5788,Yes,1,23,,Yes,42.59,Yes,Yes,Fiber Optic,2,No,No,No,No,No,Yes,Yes,Yes,One Year,No,Bank Withdrawal,86.8,1975.85,0.0,0,979.57,2955.42,Male,66,No,Yes,Yes,No,0,5,14.466666666666669,0,1,Detractor
3372,Yes,2,11,Offer D,Yes,40.76,No,No,No internet,0,No,No,No,No,No,No,No,No,Two Year,No,Credit Card,19.65,225.75,0.0,0,448.36,674.1099999999999,Male,48,No,No,Yes,Yes,2,1,9.825,1,0,Detractor
5435,No,0,5,,Yes,46.45,Yes,Yes,Fiber Optic,10,No,No,No,No,Yes,Yes,Yes,Yes,Month-to-Month,Yes,Mailed Check,93.9,486.85,0.0,0,232.25,719.1,Female,44,No,No,No,No,0,6,13.414285714285716,1,0,Detractor
4376,Yes,4,67,Offer A,Yes,13.26,No,Yes,Fiber Optic,76,No,Yes,Yes,Yes,Yes,Yes,Yes,Yes,Two Year,No,Bank Withdrawal,103.15,6895.5,0.0,0,888.42,7783.92,Male,31,No,No,Yes,Yes,3,8,11.461111111111112,0,1,Detractor
2182,No,0,5,,Yes,49.4,Yes,Yes,Cable,22,Yes,No,No,No,No,No,No,No,Month-to-Month,Yes,Bank Withdrawal,53.8,283.95,0.0,10,247.0,540.95,Female,56,No,No,No,No,0,3,13.45,1,1,Passive
5108,No,0,9,Offer E,Yes,16.77,No,Yes,Cable,73,No,No,No,Yes,Yes,Yes,Yes,Yes,Month-to-Month,Yes,Credit Card,69.4,571.45,0.0,0,150.93,722.3800000000001,Female,23,Yes,No,No,Yes,3,6,9.914285714285716,1,0,Detractor
5874,Yes,5,69,Offer A,Yes,46.45,Yes,Yes,Fiber Optic,26,No,Yes,Yes,Yes,Yes,Yes,Yes,No,One Year,Yes,Bank Withdrawal,108.75,7493.05,0.0,100,3205.05,10798.1,Female,45,No,No,Yes,Yes,1,8,12.083333333333334,0,1,Passive
3319,No,0,3,,Yes,12.5,No,Yes,Fiber Optic,4,No,No,Yes,No,No,No,No,Yes,Month-to-Month,Yes,Mailed Check,74.75,238.1,38.84,0,37.5,236.76,Female,48,No,No,No,No,0,3,18.6875,1,0,Detractor
3172,Yes,1,11,Offer D,Yes,1.28,Yes,Yes,Fiber Optic,14,No,No,Yes,No,Yes,Yes,No,Yes,Month-to-Month,Yes,Bank Withdrawal,99.55,1131.2,0.0,0,14.08,1145.28,Female,78,No,Yes,Yes,No,0,6,14.221428571428572,1,1,Detractor
5786,No,0,2,Offer E,No,0.0,No,Yes,DSL,5,No,No,No,No,No,No,No,Yes,Month-to-Month,No,Bank Withdrawal,24.5,46.4,0.0,0,0.0,46.4,Female,34,No,No,No,No,0,1,12.25,1,1,Passive
4772,Yes,9,64,,Yes,37.09,Yes,No,No internet,0,No,No,No,No,No,No,No,No,Two Year,Yes,Bank Withdrawal,24.4,1548.65,0.0,0,2373.76,3922.41,Male,69,No,Yes,Yes,Yes,1,2,8.133333333333333,0,1,Detractor
5137,No,0,28,Offer C,Yes,12.36,Yes,Yes,Fiber Optic,13,No,Yes,No,No,Yes,Yes,Yes,Yes,One Year,No,Bank Withdrawal,100.2,2688.45,42.64,0,346.08,2991.89,Male,31,No,No,No,No,0,7,12.525,0,1,Detractor
2454,No,0,41,Offer B,No,0.0,No,Yes,Cable,21,No,Yes,No,No,No,Yes,Yes,Yes,Month-to-Month,Yes,Bank Withdrawal,40.35,1677.85,0.0,0,0.0,1677.85,Female,59,No,No,No,No,0,4,8.07,0,1,Promoter
4023,Yes,10,65,Offer B,Yes,1.83,Yes,Yes,Cable,13,No,Yes,No,Yes,Yes,Yes,Yes,Yes,Two Year,Yes,Bank Withdrawal,79.4,5071.9,0.0,0,118.95,5190.849999999999,Female,42,No,No,Yes,Yes,1,8,8.822222222222223,0,1,Passive
2735,Yes,4,32,,Yes,43.11,Yes,Yes,Fiber Optic,18,No,No,No,Yes,No,No,No,Yes,One Year,Yes,Bank Withdrawal,79.25,2619.15,16.96,0,1379.52,3981.71,Male,64,No,No,Yes,No,0,4,15.85,0,1,Promoter
4466,No,0,18,,Yes,12.21,Yes,Yes,DSL,8,Yes,No,Yes,No,Yes,No,No,Yes,Month-to-Month,No,Mailed Check,69.5,1199.4,0.0,0,219.78000000000003,1419.18,Male,56,No,No,No,No,0,6,9.928571428571429,0,0,Detractor
6494,Yes,7,56,,Yes,7.31,Yes,Yes,DSL,76,Yes,Yes,No,No,No,Yes,Yes,No,One Year,No,Bank Withdrawal,68.75,3815.4,0.0,110,409.36,4334.76,Female,25,Yes,No,Yes,Yes,1,6,9.821428571428571,0,1,Detractor
4463,Yes,8,72,Offer A,Yes,6.85,Yes,Yes,DSL,19,Yes,Yes,Yes,Yes,No,No,No,Yes,Two Year,Yes,Bank Withdrawal,70.45,5165.7,0.0,0,493.2,5658.9,Female,52,No,No,Yes,Yes,1,7,8.80625,0,1,Detractor
4558,Yes,1,72,,Yes,32.47,Yes,Yes,Fiber Optic,76,Yes,Yes,Yes,Yes,Yes,Yes,Yes,Yes,Two Year,Yes,Bank Withdrawal,114.0,8093.15,0.0,0,2337.84,10430.99,Male,60,No,No,Yes,Yes,3,10,10.363636363636363,0,1,Detractor
4135,Yes,5,71,,Yes,48.08,No,Yes,Cable,51,Yes,Yes,Yes,Yes,Yes,Yes,Yes,Yes,Two Year,No,Credit Card,87.25,6328.7,0.0,0,3413.68,9742.38,Female,24,Yes,No,Yes,Yes,2,9,8.725,0,0,Passive
3407,No,0,11,Offer D,Yes,15.03,Yes,Yes,DSL,13,No,No,Yes,No,No,No,No,Yes,Month-to-Month,No,Bank Withdrawal,53.75,608.0,0.0,0,165.32999999999998,773.3299999999999,Male,60,No,No,No,No,0,4,10.75,1,1,Detractor
5335,No,0,7,Offer E,Yes,34.59,No,Yes,Fiber Optic,12,No,No,Yes,No,No,No,No,Yes,Month-to-Month,Yes,Bank Withdrawal,74.9,490.55,0.0,0,242.13,732.6800000000001,Male,55,No,No,No,No,0,3,18.725,1,1,Detractor
2031,No,0,7,,Yes,47.03,Yes,Yes,Fiber Optic,2,No,Yes,No,No,Yes,Yes,Yes,No,Month-to-Month,Yes,Bank Withdrawal,99.8,673.25,0.0,10,329.21000000000004,1012.46,Male,61,No,No,No,No,0,6,14.257142857142856,1,1,Detractor
5925,No,0,1,Offer E,Yes,30.73,No,Yes,Cable,10,No,No,No,No,No,No,No,Yes,Month-to-Month,Yes,Bank Withdrawal,44.05,44.05,0.0,0,30.73,74.78,Male,49,No,No,No,No,0,2,14.683333333333332,1,1,Promoter
4053,Yes,2,51,Offer B,Yes,39.32,Yes,Yes,Fiber Optic,76,Yes,No,Yes,Yes,Yes,Yes,Yes,Yes,One Year,Yes,Bank Withdrawal,111.55,5720.35,0.0,0,2005.32,7725.67,Male,23,Yes,No,Yes,No,0,9,11.155,0,1,Passive
5633,No,0,1,,Yes,4.8,No,Yes,Fiber Optic,11,No,Yes,No,No,No,No,No,Yes,Month-to-Month,Yes,Bank Withdrawal,74.35,74.35,0.0,0,4.8,79.14999999999999,Male,56,No,No,No,No,0,3,18.5875,1,1,Detractor
2531,Yes,1,42,,Yes,14.8,No,Yes,DSL,23,No,No,Yes,Yes,Yes,Yes,Yes,Yes,One Year,No,Bank Withdrawal,73.15,3088.25,0.0,0,621.6,3709.85,Male,54,No,No,Yes,Yes,2,7,9.14375,0,1,Detractor
3851,Yes,7,28,Offer C,Yes,28.86,No,Yes,Cable,24,Yes,Yes,No,Yes,No,No,No,Yes,Month-to-Month,No,Mailed Check,60.9,1785.65,0.0,0,808.0799999999999,2593.73,Male,32,No,No,Yes,No,0,5,10.15,0,0,Detractor
5450,No,0,3,Offer E,No,0.0,No,Yes,DSL,30,No,No,No,No,Yes,No,No,Yes,Month-to-Month,No,Credit Card,35.2,108.95,0.0,0,0.0,108.95,Female,20,Yes,No,No,No,0,2,11.733333333333334,1,0,Detractor
5437,No,0,38,,Yes,33.71,No,Yes,Fiber Optic,17,No,No,No,No,No,No,No,Yes,One Year,Yes,Bank Withdrawal,70.45,2597.6,0.0,0,1280.98,3878.58,Male,39,No,No,No,No,0,2,23.48333333333333,0,1,Detractor
4928,No,0,66,Offer A,Yes,19.68,Yes,Yes,Fiber Optic,28,No,No,Yes,No,Yes,No,No,Yes,One Year,Yes,Bank Withdrawal,92.15,6056.9,0.0,0,1298.88,7355.78,Female,49,No,No,No,No,0,5,15.358333333333334,0,1,Passive
4263,Yes,1,2,,Yes,9.79,No,Yes,Fiber Optic,41,Yes,No,No,No,No,No,No,Yes,Month-to-Month,Yes,Bank Withdrawal,74.4,139.4,0.0,0,19.58,158.98000000000002,Female,28,Yes,No,Yes,No,0,3,18.6,1,1,Detractor
6342,Yes,4,72,,Yes,30.0,Yes,Yes,DSL,19,Yes,Yes,Yes,Yes,Yes,Yes,Yes,Yes,Two Year,No,Bank Withdrawal,92.65,6733.0,0.0,0,2160.0,8893.0,Female,35,No,No,Yes,Yes,1,10,8.422727272727274,0,1,Passive
2631,Yes,9,38,,Yes,26.84,No,No,No internet,0,No,No,No,No,No,No,No,No,Two Year,Yes,Credit Card,20.2,746.05,0.0,0,1019.92,1765.9699999999998,Female,54,No,No,Yes,Yes,1,1,10.1,0,0,Passive
4149,No,0,12,,Yes,42.58,Yes,Yes,DSL,22,No,No,No,Yes,Yes,Yes,Yes,Yes,One Year,No,Credit Card,74.05,872.65,48.61,0,510.96,1335.0,Female,57,No,No,No,No,0,7,9.25625,1,0,Detractor
3764,No,0,19,,Yes,28.35,No,Yes,Fiber Optic,19,Yes,No,Yes,Yes,Yes,Yes,Yes,No,Month-to-Month,Yes,Bank Withdrawal,106.6,1934.45,21.72,40,538.65,2491.38,Female,43,No,No,No,Yes,1,7,13.325,0,1,Detractor
5231,Yes,9,18,,Yes,43.69,Yes,No,No internet,0,No,No,No,No,No,No,No,No,Two Year,Yes,Credit Card,24.65,471.35,0.0,0,786.42,1257.77,Female,22,Yes,No,Yes,Yes,3,2,8.216666666666667,0,0,Detractor
3872,Yes,3,7,,No,0.0,No,Yes,DSL,76,No,No,No,No,No,No,Yes,Yes,Month-to-Month,Yes,Bank Withdrawal,24.7,149.05,0.0,0,0.0,149.05,Female,20,Yes,No,Yes,Yes,2,2,8.233333333333333,1,1,Detractor
5233,Yes,9,22,,Yes,48.68,No,Yes,Fiber Optic,18,No,No,Yes,No,Yes,No,No,Yes,Month-to-Month,Yes,Bank Withdrawal,87.0,1850.65,0.0,0,1070.96,2921.61,Male,56,No,No,Yes,No,0,4,17.4,0,1,Passive
3068,No,0,18,,Yes,36.49,Yes,Yes,Fiber Optic,3,No,No,No,Yes,Yes,Yes,Yes,Yes,Month-to-Month,Yes,Bank Withdrawal,99.85,1776.95,0.0,0,656.82,2433.77,Female,34,No,No,No,No,0,7,12.48125,0,1,Detractor
3967,No,0,1,Offer E,Yes,33.34,No,Yes,Fiber Optic,4,No,No,Yes,No,Yes,No,No,Yes,Month-to-Month,Yes,Credit Card,85.55,85.55,0.0,0,33.34,118.89,Female,45,No,No,No,No,0,4,17.11,1,0,Detractor
4491,Yes,3,57,,Yes,1.54,Yes,Yes,DSL,15,Yes,Yes,No,Yes,No,No,No,Yes,Month-to-Month,No,Bank Withdrawal,65.2,3687.85,0.0,0,87.78,3775.63,Female,35,No,No,Yes,Yes,1,6,9.314285714285717,0,1,Detractor
4879,Yes,1,67,Offer A,Yes,11.74,Yes,No,No internet,0,No,No,No,No,No,No,No,No,Two Year,No,Credit Card,25.6,1784.9,0.0,0,786.58,2571.48,Male,58,No,No,Yes,No,0,2,8.533333333333333,0,0,Detractor
6187,Yes,5,72,Offer A,No,0.0,No,Yes,Cable,23,Yes,Yes,Yes,Yes,Yes,Yes,Yes,Yes,Two Year,No,Bank Withdrawal,65.7,4575.35,0.0,0,0.0,4575.35,Female,44,No,No,Yes,Yes,2,8,7.300000000000001,0,1,Detractor
5807,Yes,4,40,,Yes,29.14,No,Yes,DSL,48,Yes,Yes,No,Yes,No,Yes,Yes,Yes,Month-to-Month,Yes,Credit Card,71.35,2847.2,0.0,0,1165.6,4012.8,Female,30,No,No,Yes,Yes,2,7,8.91875,0,0,Passive
4367,No,0,71,Offer A,Yes,22.19,Yes,No,No internet,0,No,No,No,No,No,No,No,No,Two Year,No,Bank Withdrawal,24.85,1901.0,0.0,0,1575.49,3476.49,Male,69,No,Yes,Yes,No,0,2,8.283333333333333,0,1,Promoter
6233,Yes,1,72,,Yes,28.37,Yes,Yes,DSL,18,Yes,Yes,Yes,Yes,No,No,No,Yes,Two Year,No,Bank Withdrawal,69.85,5102.35,25.24,0,2042.64,7119.750000000001,Male,62,No,No,Yes,Yes,2,7,8.73125,0,1,Detractor
4522,No,0,2,,Yes,5.57,No,Yes,Cable,24,Yes,No,Yes,No,Yes,No,No,Yes,Month-to-Month,No,Bank Withdrawal,66.4,94.55,0.0,0,11.14,105.69,Male,73,No,Yes,No,No,0,5,11.066666666666668,1,1,Detractor
3995,No,0,22,Offer D,Yes,32.75,Yes,Yes,DSL,24,Yes,No,No,Yes,No,No,No,Yes,Month-to-Month,Yes,Credit Card,59.05,1253.5,0.0,0,720.5,1974.0,Female,33,No,No,No,No,0,5,9.841666666666669,0,0,Passive
2965,Yes,9,32,Offer C,Yes,5.73,Yes,Yes,Fiber Optic,30,No,No,Yes,No,Yes,No,No,Yes,One Year,Yes,Credit Card,91.35,2896.55,26.98,0,183.36,3052.9300000000003,Female,66,No,Yes,Yes,Yes,1,5,15.225,0,0,Promoter
5601,Yes,3,9,,Yes,22.79,No,No,No internet,0,No,No,No,No,No,No,No,No,One Year,No,Credit Card,19.85,183.15,0.0,0,205.11,388.26,Male,79,No,Yes,Yes,No,0,1,9.925,1,0,Detractor
6275,Yes,7,54,Offer B,Yes,4.33,Yes,Yes,DSL,12,No,Yes,Yes,Yes,Yes,Yes,Yes,Yes,Month-to-Month,Yes,Bank Withdrawal,86.2,4524.05,0.0,0,233.82,4757.87,Female,40,No,No,Yes,Yes,2,9,8.620000000000001,0,1,Detractor
4497,Yes,8,53,,Yes,25.32,No,No,No internet,0,No,No,No,No,No,No,No,No,Two Year,Yes,Credit Card,19.4,1110.35,0.0,0,1341.96,2452.31,Male,38,No,No,Yes,Yes,3,1,9.7,0,0,Detractor
6292,No,0,60,Offer B,Yes,42.88,Yes,Yes,Fiber Optic,52,No,Yes,No,No,Yes,No,No,Yes,Month-to-Month,Yes,Bank Withdrawal,89.9,5450.7,0.0,0,2572.8,8023.5,Male,27,Yes,No,No,No,0,5,14.983333333333334,0,1,Detractor
6259,Yes,5,70,,Yes,31.13,Yes,Yes,Fiber Optic,16,No,Yes,Yes,No,Yes,No,No,Yes,One Year,Yes,Bank Withdrawal,95.0,6602.9,0.0,0,2179.1,8782.0,Male,48,No,No,Yes,No,0,6,13.571428571428571,0,1,Passive
4047,Yes,2,3,,Yes,2.66,No,Yes,DSL,7,No,No,No,No,No,No,No,Yes,Month-to-Month,Yes,Mailed Check,46.1,130.15,0.0,0,7.98,138.13,Female,61,No,No,Yes,No,0,2,15.366666666666667,1,0,Passive
2968,Yes,7,1,,Yes,17.84,Yes,Yes,Fiber Optic,20,No,No,No,No,No,No,No,Yes,Two Year,No,Bank Withdrawal,74.3,74.3,0.0,0,17.84,92.14,Male,76,No,Yes,Yes,No,0,3,18.575,1,1,Promoter
5011,No,0,66,,Yes,45.59,Yes,Yes,Fiber Optic,24,No,Yes,No,No,No,No,No,No,Month-to-Month,Yes,Credit Card,80.45,5224.35,0.0,140,3008.94,8373.29,Female,72,No,Yes,No,No,0,3,20.1125,0,0,Detractor
5841,No,0,63,,Yes,29.58,No,Yes,DSL,47,Yes,Yes,Yes,Yes,Yes,Yes,Yes,Yes,Two Year,Yes,Bank Withdrawal,86.7,5309.5,0.0,0,1863.54,7173.04,Male,24,Yes,No,No,No,0,9,8.67,0,1,Detractor
2673,Yes,3,25,Offer C,Yes,33.63,Yes,Yes,Fiber Optic,25,Yes,No,No,No,No,Yes,No,Yes,One Year,Yes,Bank Withdrawal,89.05,2177.45,0.0,0,840.7500000000001,3018.2,Male,80,No,Yes,Yes,No,0,5,14.841666666666669,0,1,Detractor
2392,No,0,9,Offer E,Yes,45.99,No,No,No internet,0,No,No,No,No,No,No,No,No,Month-to-Month,Yes,Credit Card,20.45,147.55,0.0,0,413.91,561.46,Female,32,No,No,No,No,0,1,10.225,1,0,Passive
3738,Yes,9,38,,Yes,24.22,Yes,Yes,Fiber Optic,14,No,No,Yes,No,Yes,Yes,Yes,Yes,Month-to-Month,Yes,Credit Card,101.15,3956.7,0.0,0,920.36,4877.06,Male,34,No,No,Yes,Yes,1,7,12.64375,0,0,Detractor
5737,Yes,4,71,,Yes,28.47,No,Yes,Fiber Optic,57,Yes,Yes,Yes,Yes,Yes,Yes,Yes,No,Two Year,No,Credit Card,109.3,7782.85,0.0,70,2021.37,9874.22,Male,36,No,No,Yes,Yes,3,8,12.144444444444444,0,0,Detractor
2933,No,0,31,Offer C,Yes,1.53,No,Yes,DSL,6,No,No,Yes,Yes,No,No,No,No,Month-to-Month,Yes,Bank Withdrawal,55.25,1715.65,0.0,10,47.43,1773.0800000000002,Male,60,No,No,No,No,0,3,13.8125,0,1,Detractor
4550,Yes,1,14,,Yes,21.3,Yes,Yes,Fiber Optic,42,No,No,No,No,No,Yes,Yes,Yes,Month-to-Month,Yes,Bank Withdrawal,85.15,1139.2,38.48,0,298.2,1398.92,Male,27,Yes,No,Yes,No,0,5,14.191666666666668,0,1,Detractor
4378,No,0,1,,Yes,3.84,No,Yes,Fiber Optic,2,No,No,Yes,No,No,No,No,Yes,Month-to-Month,No,Bank Withdrawal,73.5,73.5,0.0,0,3.84,77.34,Female,50,No,No,No,No,0,3,18.375,1,1,Detractor
5928,No,0,35,,Yes,25.51,No,Yes,Fiber Optic,16,No,No,Yes,No,Yes,No,No,Yes,One Year,Yes,Bank Withdrawal,85.15,3030.6,0.0,0,892.85,3923.45,Male,37,No,No,No,No,0,4,17.03,0,1,Detractor
5128,Yes,7,69,,Yes,39.88,Yes,Yes,Cable,17,Yes,No,Yes,Yes,No,No,No,No,Two Year,Yes,Credit Card,64.15,4254.1,0.0,40,2751.7200000000003,7045.820000000001,Female,64,No,No,Yes,No,0,5,10.691666666666668,0,0,Detractor
5570,Yes,10,68,Offer A,Yes,34.62,Yes,Yes,Fiber Optic,18,No,Yes,No,No,Yes,Yes,Yes,Yes,One Year,Yes,Credit Card,101.05,6770.5,0.0,0,2354.16,9124.66,Male,36,No,No,Yes,Yes,1,7,12.63125,0,0,Passive
4038,Yes,1,26,,Yes,42.26,No,Yes,Fiber Optic,2,No,No,No,Yes,No,Yes,Yes,Yes,Month-to-Month,No,Credit Card,85.9,2196.45,0.0,0,1098.76,3295.21,Female,56,No,No,Yes,No,0,5,14.316666666666668,0,0,Passive
3354,No,0,28,,Yes,38.97,No,Yes,Cable,3,No,No,Yes,No,Yes,No,No,Yes,Month-to-Month,Yes,Bank Withdrawal,59.55,1646.45,0.0,0,1091.16,2737.61,Female,57,No,No,No,No,0,4,11.91,0,1,Detractor
3695,No,0,25,,No,0.0,No,Yes,DSL,9,Yes,Yes,Yes,No,Yes,Yes,Yes,Yes,One Year,No,Bank Withdrawal,61.05,1540.2,0.0,0,0.0,1540.2,Female,31,No,No,No,No,0,7,7.63125,0,1,Detractor
5082,No,0,1,,Yes,32.13,No,Yes,Fiber Optic,15,No,No,No,No,Yes,No,No,No,Month-to-Month,No,Bank Withdrawal,79.55,79.55,0.0,10,32.13,121.68,Female,58,No,No,No,No,0,2,26.516666666666666,1,1,Detractor
2195,No,0,4,,Yes,6.86,No,No,No internet,0,No,No,No,No,No,No,No,No,One Year,No,Credit Card,19.95,68.2,0.0,0,27.44,95.64,Male,47,No,No,No,No,0,1,9.975,1,0,Passive
5136,No,0,25,Offer C,Yes,39.9,No,Yes,DSL,27,No,Yes,No,Yes,No,No,No,Yes,One Year,Yes,Credit Card,54.75,1266.35,15.76,0,997.5,2248.09,Female,37,No,No,No,Yes,1,4,10.95,0,0,Promoter
4498,Yes,3,13,Offer D,Yes,19.05,No,Yes,DSL,27,No,No,No,No,No,Yes,Yes,Yes,Month-to-Month,No,Bank Withdrawal,55.95,734.35,0.0,0,247.65,982.0,Female,60,No,No,Yes,No,0,4,11.19,0,1,Detractor
4321,No,0,21,,Yes,9.06,Yes,Yes,Fiber Optic,10,No,No,No,No,Yes,Yes,Yes,Yes,Month-to-Month,Yes,Bank Withdrawal,97.35,2119.5,0.0,0,190.26,2309.76,Female,63,No,No,No,No,0,6,13.907142857142857,0,1,Detractor
4348,Yes,1,58,,Yes,29.93,Yes,Yes,Fiber Optic,24,No,No,No,No,Yes,No,No,Yes,Two Year,No,Bank Withdrawal,82.5,4828.05,0.0,0,1735.94,6563.99,Male,40,No,No,Yes,Yes,2,4,16.5,0,1,Detractor
4103,No,0,46,Offer B,Yes,41.17,Yes,Yes,Fiber Optic,30,No,Yes,Yes,No,Yes,Yes,Yes,Yes,Two Year,Yes,Bank Withdrawal,104.45,4863.85,36.78,0,1893.82,6720.890000000001,Female,65,No,Yes,No,No,0,8,11.605555555555556,0,1,Detractor
4484,Yes,3,7,Offer E,Yes,5.84,No,No,No internet,0,No,No,No,No,No,No,No,No,Month-to-Month,No,Credit Card,20.45,150.75,0.0,0,40.88,191.63,Female,30,No,No,Yes,Yes,1,1,10.225,1,0,Passive
3715,No,0,35,,Yes,45.62,Yes,Yes,Fiber Optic,59,No,No,Yes,Yes,Yes,No,No,Yes,Month-to-Month,No,Bank Withdrawal,95.5,3418.2,0.0,0,1596.6999999999998,5014.9,Male,27,Yes,No,No,No,0,6,13.642857142857142,0,1,Detractor
2405,No,0,46,,Yes,17.51,No,Yes,Fiber Optic,85,No,Yes,Yes,No,Yes,Yes,Yes,Yes,Month-to-Month,Yes,Bank Withdrawal,99.8,4391.25,0.0,0,805.46,5196.71,Female,26,Yes,No,No,Yes,2,7,12.475,0,1,Promoter
5272,No,0,1,,Yes,30.63,No,No,No internet,0,No,No,No,No,No,No,No,No,Month-to-Month,No,Credit Card,19.55,19.55,0.0,0,30.63,50.18,Male,42,No,No,No,Yes,3,1,9.775,1,0,Passive
2278,No,0,11,Offer D,Yes,8.48,No,Yes,Fiber Optic,52,Yes,No,Yes,No,No,No,No,Yes,Month-to-Month,Yes,Bank Withdrawal,79.5,795.65,0.0,0,93.28,888.93,Male,20,Yes,No,No,No,0,4,15.9,1,1,Passive
5158,Yes,4,26,,Yes,24.44,No,No,No internet,0,No,No,No,No,No,No,No,No,Month-to-Month,Yes,Credit Card,20.25,493.95,0.0,0,635.44,1129.39,Female,41,No,No,Yes,Yes,1,1,10.125,0,0,Promoter
2496,No,0,43,Offer B,Yes,36.78,No,Yes,Fiber Optic,59,Yes,Yes,Yes,Yes,No,No,No,Yes,One Year,Yes,Credit Card,90.65,3882.3,0.0,0,1581.54,5463.84,Male,19,Yes,No,No,No,0,6,12.95,0,0,Detractor
6051,Yes,4,72,Offer A,Yes,5.6,Yes,Yes,Fiber Optic,19,Yes,Yes,Yes,Yes,Yes,Yes,Yes,Yes,Two Year,Yes,Mailed Check,114.5,8331.95,0.0,0,403.2,8735.150000000001,Male,75,No,Yes,Yes,No,0,10,10.409090909090908,0,0,Detractor
4154,No,0,1,,Yes,22.86,No,Yes,Fiber Optic,25,No,No,No,No,No,No,No,No,Month-to-Month,Yes,Bank Withdrawal,69.8,69.8,0.0,10,22.86,102.66,Male,50,No,No,No,No,0,1,34.9,1,1,Detractor
2878,No,0,5,,Yes,41.93,No,No,No internet,0,No,No,No,No,No,No,No,No,Month-to-Month,Yes,Credit Card,19.65,92.05,0.0,0,209.65,301.7,Female,62,No,No,No,No,0,1,9.825,1,0,Detractor
2464,No,0,19,,Yes,29.55,No,Yes,Fiber Optic,13,No,No,No,No,Yes,No,No,Yes,Month-to-Month,Yes,Bank Withdrawal,78.7,1495.1,26.84,0,561.45,2029.71,Male,57,No,No,No,No,0,3,19.675,0,1,Detractor
4648,Yes,1,17,Offer D,Yes,18.26,Yes,No,No internet,0,No,No,No,No,No,No,No,No,Month-to-Month,No,Credit Card,24.1,409.9,0.0,0,310.42,720.3199999999999,Female,31,No,No,Yes,Yes,2,2,8.033333333333333,0,0,Detractor
3704,No,0,1,Offer E,No,0.0,No,Yes,Cable,19,No,Yes,No,Yes,No,Yes,Yes,Yes,Month-to-Month,Yes,Mailed Check,44.65,44.65,0.0,0,0.0,44.65,Male,49,No,No,No,No,0,5,7.441666666666666,1,0,Detractor
4483,No,0,1,,Yes,39.3,No,Yes,DSL,26,Yes,No,No,No,No,No,No,Yes,Month-to-Month,No,Credit Card,51.25,51.25,0.0,0,39.3,90.55,Male,32,No,No,No,No,0,3,12.8125,1,0,Passive
2152,Yes,3,43,,Yes,37.25,No,Yes,DSL,20,No,No,No,No,Yes,No,No,Yes,Month-to-Month,No,Bank Withdrawal,56.15,2499.3,0.0,0,1601.75,4101.05,Female,57,No,No,Yes,No,0,3,14.0375,0,1,Detractor
5288,Yes,1,32,,Yes,43.37,No,Yes,Fiber Optic,76,Yes,Yes,Yes,No,No,Yes,Yes,No,One Year,No,Credit Card,94.8,3131.55,0.0,40,1387.84,4559.39,Male,42,No,No,Yes,Yes,3,6,13.542857142857144,0,0,Passive
4371,No,0,1,Offer E,Yes,29.68,No,Yes,Cable,18,No,No,No,No,No,No,No,Yes,Month-to-Month,Yes,Bank Withdrawal,69.25,69.25,0.0,0,29.68,98.93,Female,75,No,Yes,No,No,0,2,23.08333333333333,1,1,Detractor
6099,Yes,1,52,Offer B,Yes,31.96,No,Yes,Fiber Optic,26,Yes,No,Yes,Yes,No,No,No,Yes,Month-to-Month,Yes,Bank Withdrawal,84.05,4326.8,0.0,0,1661.92,5988.72,Female,54,No,No,Yes,Yes,2,5,14.008333333333333,0,1,Detractor
4495,No,0,61,,Yes,7.82,Yes,Yes,Fiber Optic,11,Yes,No,Yes,Yes,Yes,Yes,Yes,Yes,Two Year,Yes,Credit Card,111.6,6876.05,0.0,0,477.02,7353.070000000001,Male,44,No,No,No,No,0,9,11.16,0,0,Detractor
6238,No,0,66,Offer A,No,0.0,No,Yes,Cable,9,No,Yes,Yes,No,Yes,No,No,Yes,One Year,No,Bank Withdrawal,45.55,3027.25,0.0,0,0.0,3027.25,Female,65,No,Yes,Yes,No,0,4,9.11,0,1,Promoter
5077,Yes,3,54,Offer B,Yes,28.17,No,Yes,DSL,76,Yes,No,Yes,Yes,No,Yes,Yes,Yes,Two Year,No,Bank Withdrawal,69.95,3871.85,0.0,0,1521.18,5393.03,Female,21,Yes,No,Yes,No,0,7,8.74375,0,1,Passive
5454,No,0,1,,Yes,42.42,No,No,No internet,0,No,No,No,No,No,No,No,No,Month-to-Month,No,Credit Card,19.65,19.65,0.0,0,42.42,62.07,Female,28,Yes,No,No,No,0,1,9.825,1,0,Detractor
3179,Yes,1,29,,Yes,22.33,Yes,Yes,Fiber Optic,6,No,No,Yes,No,Yes,Yes,Yes,Yes,Month-to-Month,Yes,Bank Withdrawal,99.05,2952.85,0.0,0,647.5699999999999,3600.42,Female,65,No,Yes,Yes,No,0,7,12.38125,0,1,Detractor
2081,Yes,5,3,Offer E,Yes,23.72,No,Yes,Fiber Optic,17,No,No,No,No,Yes,No,No,Yes,Month-to-Month,Yes,Bank Withdrawal,80.7,239.45,0.0,0,71.16,310.61,Female,57,No,No,Yes,Yes,1,3,20.175,1,1,Passive
3050,Yes,3,16,Offer D,Yes,10.5,No,Yes,Fiber Optic,2,No,Yes,No,No,Yes,Yes,Yes,Yes,Month-to-Month,Yes,Bank Withdrawal,94.65,1461.15,0.0,0,168.0,1629.15,Female,56,No,No,Yes,No,0,6,13.521428571428572,0,1,Promoter
5712,Yes,3,46,,Yes,49.11,Yes,Yes,Fiber Optic,17,Yes,Yes,Yes,No,Yes,No,No,Yes,Month-to-Month,Yes,Bank Withdrawal,100.7,4541.2,46.64,0,2259.06,6753.619999999999,Male,76,No,Yes,Yes,No,0,7,12.5875,0,1,Detractor
3418,Yes,2,23,,Yes,45.83,No,No,No internet,0,No,No,No,No,No,No,No,No,One Year,Yes,Bank Withdrawal,20.75,485.2,37.64,0,1054.09,1501.65,Male,69,No,Yes,Yes,No,0,1,10.375,0,1,Promoter
3572,No,0,15,Offer D,No,0.0,No,Yes,DSL,25,Yes,Yes,Yes,Yes,No,No,No,Yes,One Year,No,Credit Card,45.9,693.45,16.27,0,0.0,677.1800000000001,Female,60,No,No,No,No,0,5,7.649999999999999,0,0,Detractor
5541,No,0,11,,Yes,47.61,No,Yes,DSL,12,No,No,No,Yes,Yes,Yes,Yes,Yes,Month-to-Month,No,Credit Card,70.5,829.3,0.0,0,523.71,1353.01,Female,38,No,No,No,No,0,6,10.071428571428571,1,0,Detractor
3553,No,0,32,,Yes,40.26,Yes,Yes,Fiber Optic,14,No,No,No,No,Yes,No,No,Yes,One Year,No,Bank Withdrawal,84.05,2781.85,0.0,0,1288.32,4070.17,Female,44,No,No,No,No,0,4,16.81,0,1,Detractor
4778,No,0,21,,No,0.0,No,Yes,Cable,8,Yes,No,No,No,Yes,No,No,Yes,Month-to-Month,Yes,Bank Withdrawal,41.9,840.1,0.0,0,0.0,840.1,Female,77,No,Yes,No,No,0,3,10.475,0,1,Detractor
3558,Yes,1,30,,Yes,10.24,Yes,Yes,Fiber Optic,48,No,Yes,No,Yes,No,No,Yes,Yes,Month-to-Month,Yes,Bank Withdrawal,83.55,2570.2,0.0,0,307.2,2877.4,Male,19,Yes,No,Yes,Yes,1,6,11.935714285714283,0,1,Detractor
3408,No,0,37,,Yes,26.49,No,No,No internet,0,No,No,No,No,No,No,No,No,Two Year,No,Credit Card,19.85,784.25,0.0,0,980.13,1764.38,Female,28,Yes,No,No,No,0,1,9.925,0,0,Detractor
3109,Yes,4,48,Offer B,Yes,39.25,Yes,Yes,Fiber Optic,51,No,Yes,No,Yes,Yes,Yes,Yes,Yes,Month-to-Month,Yes,Credit Card,105.1,5083.55,0.0,0,1884.0,6967.55,Female,22,Yes,No,Yes,No,0,8,11.677777777777775,0,0,Detractor
4309,No,0,64,,Yes,4.99,No,No,No internet,0,No,No,No,No,No,No,No,No,Two Year,Yes,Bank Withdrawal,20.05,1198.05,0.0,0,319.36,1517.41,Male,79,No,Yes,No,No,0,1,10.025,0,1,Passive
5336,No,0,37,,Yes,41.99,No,No,No internet,0,No,No,No,No,No,No,No,No,Two Year,No,Credit Card,19.8,813.3,0.0,0,1553.63,2366.9300000000003,Female,49,No,No,No,No,0,1,9.9,0,0,Promoter
2819,No,0,12,,Yes,21.89,Yes,Yes,Fiber Optic,26,No,No,Yes,No,Yes,Yes,No,Yes,Month-to-Month,Yes,Bank Withdrawal,99.45,1200.15,0.0,0,262.68,1462.8300000000002,Male,76,No,Yes,No,No,0,6,14.207142857142856,1,1,Detractor
6015,Yes,1,57,,Yes,23.05,Yes,Yes,Fiber Optic,30,No,Yes,Yes,No,No,Yes,No,Yes,Month-to-Month,No,Credit Card,94.0,5438.95,0.0,0,1313.85,6752.8,Female,77,No,Yes,Yes,No,0,6,13.428571428571429,0,0,Promoter
5920,No,0,6,,Yes,27.54,No,No,No internet,0,No,No,No,No,No,No,No,No,Month-to-Month,No,Mailed Check,18.95,110.15,0.0,0,165.24,275.39,Male,24,Yes,No,No,No,0,1,9.475,1,0,Passive
4747,No,0,1,Offer E,No,0.0,No,Yes,Cable,29,No,No,No,No,No,Yes,Yes,Yes,Month-to-Month,No,Bank Withdrawal,35.9,35.9,0.0,0,0.0,35.9,Male,54,No,No,No,No,0,3,8.975,1,1,Detractor
4014,No,0,1,Offer E,Yes,20.3,No,Yes,DSL,16,No,Yes,No,No,No,No,No,Yes,Month-to-Month,Yes,Credit Card,50.15,50.15,0.0,0,20.3,70.45,Male,45,No,No,No,No,0,3,12.5375,1,0,Detractor
5384,No,0,1,Offer E,Yes,40.46,No,No,No internet,0,No,No,No,No,No,No,No,No,Month-to-Month,No,Credit Card,20.25,20.25,0.0,0,40.46,60.71,Male,44,No,No,No,No,0,1,10.125,1,0,Detractor
2576,Yes,8,5,Offer E,Yes,15.74,Yes,Yes,Fiber Optic,28,Yes,No,No,No,No,Yes,Yes,Yes,Month-to-Month,Yes,Bank Withdrawal,89.15,413.25,0.0,0,78.7,491.95,Male,33,No,No,Yes,No,0,6,12.735714285714286,1,1,Detractor
5850,No,0,9,,Yes,48.38,No,Yes,Fiber Optic,8,No,No,Yes,No,No,Yes,Yes,No,Month-to-Month,Yes,Credit Card,85.3,781.4,0.0,10,435.42,1226.82,Female,64,No,No,No,No,0,4,17.06,1,0,Promoter
2775,Yes,5,35,Offer C,Yes,1.53,No,Yes,Fiber Optic,57,No,Yes,No,Yes,Yes,No,No,Yes,One Year,Yes,Bank Withdrawal,89.7,3165.6,0.0,0,53.55,3219.15,Male,50,No,No,Yes,Yes,3,5,14.95,0,1,Passive
3596,No,0,1,Offer E,Yes,39.44,Yes,Yes,Fiber Optic,18,No,No,No,No,No,No,No,No,Month-to-Month,Yes,Bank Withdrawal,75.3,75.3,0.0,0,39.44,114.74,Male,38,No,No,No,No,0,2,25.1,1,1,Detractor
5049,Yes,10,62,Offer B,Yes,15.06,Yes,Yes,Fiber Optic,82,No,No,Yes,No,Yes,Yes,Yes,Yes,Month-to-Month,Yes,Bank Withdrawal,101.35,6164.7,0.0,0,933.72,7098.42,Female,30,No,No,Yes,No,0,7,12.66875,0,1,Promoter
4271,No,0,7,Offer E,Yes,30.58,No,No,No internet,0,No,No,No,No,No,No,No,No,One Year,No,Credit Card,19.5,128.6,0.0,0,214.06,342.66,Male,48,No,No,No,No,0,1,9.75,1,0,Promoter
4520,No,0,21,Offer D,Yes,15.89,Yes,Yes,Fiber Optic,3,Yes,No,Yes,No,Yes,Yes,Yes,Yes,Month-to-Month,No,Credit Card,103.85,2215.0,0.0,0,333.69,2548.69,Male,60,No,No,No,No,0,8,11.538888888888888,0,0,Detractor
4842,Yes,5,72,Offer A,Yes,30.75,Yes,Yes,Fiber Optic,3,Yes,Yes,Yes,Yes,Yes,Yes,Yes,Yes,Two Year,Yes,Credit Card,114.05,8468.2,0.0,0,2214.0,10682.2,Male,52,No,No,Yes,No,0,10,10.368181818181816,0,0,Detractor
4488,Yes,6,53,,Yes,32.94,Yes,Yes,Fiber Optic,17,No,Yes,No,Yes,No,Yes,Yes,Yes,One Year,No,Bank Withdrawal,97.75,5043.2,0.0,0,1745.82,6789.02,Male,44,No,No,Yes,No,0,7,12.21875,0,1,Detractor
4469,No,0,26,Offer C,Yes,49.87,Yes,Yes,Fiber Optic,48,Yes,Yes,No,No,No,No,No,Yes,Month-to-Month,Yes,Credit Card,86.65,2208.75,0.0,0,1296.62,3505.37,Male,19,Yes,No,No,No,0,5,14.441666666666668,0,0,Detractor
5565,Yes,6,49,,No,0.0,No,Yes,Cable,11,Yes,No,No,No,Yes,No,No,Yes,Month-to-Month,No,Bank Withdrawal,40.65,2070.75,0.0,0,0.0,2070.75,Female,57,No,No,Yes,No,0,3,10.1625,0,1,Passive
5453,Yes,8,39,,Yes,20.49,Yes,No,No internet,0,No,No,No,No,No,No,No,No,Two Year,No,Credit Card,25.2,987.95,0.0,0,799.1099999999999,1787.06,Male,64,No,No,Yes,Yes,2,2,8.4,0,0,Promoter
4207,Yes,4,51,Offer B,Yes,47.18,No,Yes,Cable,12,Yes,Yes,No,Yes,No,No,No,Yes,One Year,Yes,Bank Withdrawal,60.5,3145.15,0.0,0,2406.18,5551.33,Female,56,No,No,Yes,No,0,5,10.083333333333334,0,1,Detractor
4190,No,0,10,Offer D,Yes,45.42,No,No,No internet,0,No,No,No,No,No,No,No,No,One Year,Yes,Credit Card,19.3,185.2,0.0,0,454.2000000000001,639.4000000000001,Female,25,Yes,No,No,No,0,1,9.65,1,0,Passive
5619,No,0,71,,Yes,3.09,No,Yes,DSL,26,Yes,Yes,Yes,Yes,Yes,Yes,Yes,Yes,Two Year,Yes,Credit Card,84.4,5969.3,0.0,0,219.39,6188.6900000000005,Female,33,No,No,Yes,No,0,9,8.440000000000001,0,0,Promoter
5764,Yes,4,72,Offer A,Yes,47.66,Yes,Yes,DSL,19,Yes,Yes,Yes,Yes,Yes,Yes,Yes,Yes,Two Year,Yes,Credit Card,88.7,6301.7,0.0,0,3431.5199999999995,9733.22,Male,63,No,No,Yes,No,0,10,8.063636363636364,0,0,Detractor
5893,Yes,4,48,,Yes,47.64,No,Yes,Fiber Optic,59,No,Yes,Yes,No,Yes,Yes,Yes,Yes,One Year,Yes,Bank Withdrawal,97.05,4692.95,0.0,0,2286.7200000000003,6979.67,Female,29,Yes,No,Yes,No,0,7,12.13125,0,1,Promoter
5821,Yes,5,55,,Yes,46.61,No,Yes,DSL,30,No,No,Yes,Yes,No,No,No,Yes,Two Year,Yes,Credit Card,55.25,3119.9,0.0,0,2563.55,5683.450000000001,Male,24,Yes,No,Yes,Yes,1,4,11.05,0,0,Detractor
5082,No,0,63,,Yes,38.37,Yes,Yes,Cable,59,Yes,Yes,Yes,Yes,No,No,No,Yes,One Year,No,Bank Withdrawal,68.8,4111.35,0.0,0,2417.31,6528.66,Male,20,Yes,No,No,No,0,7,8.6,0,1,Detractor
5340,No,0,49,,Yes,44.33,Yes,Yes,Fiber Optic,11,No,Yes,Yes,No,Yes,Yes,Yes,Yes,Month-to-Month,Yes,Bank Withdrawal,103.7,5036.3,0.0,0,2172.17,7208.47,Male,38,No,No,No,Yes,1,8,11.522222222222222,0,1,Detractor
5733,No,0,72,,Yes,42.36,No,No,No internet,0,No,No,No,No,No,No,No,No,Two Year,No,Credit Card,20.25,1566.9,0.0,0,3049.92,4616.82,Female,62,No,No,No,No,0,1,10.125,0,0,Passive
4461,Yes,7,72,Offer A,Yes,8.51,Yes,Yes,Fiber Optic,24,No,Yes,Yes,Yes,No,No,No,Yes,Two Year,No,Bank Withdrawal,90.45,6565.85,0.0,0,612.72,7178.570000000001,Male,31,No,No,Yes,Yes,3,6,12.921428571428573,0,1,Detractor
5942,No,0,20,,No,0.0,No,Yes,DSL,21,No,No,No,No,No,No,No,Yes,Month-to-Month,No,Credit Card,24.9,505.95,0.0,0,0.0,505.95,Female,41,No,No,No,No,0,1,12.45,0,0,Promoter
3324,Yes,5,16,,Yes,35.53,No,Yes,DSL,23,Yes,Yes,No,No,No,No,No,Yes,Two Year,Yes,Bank Withdrawal,54.55,825.1,0.0,0,568.48,1393.58,Male,79,No,Yes,Yes,No,0,4,10.91,0,1,Detractor
5546,No,0,9,Offer E,Yes,2.6,No,No,No internet,0,No,No,No,No,No,No,No,No,Month-to-Month,No,Credit Card,20.25,186.15,0.0,0,23.4,209.55,Female,57,No,No,No,No,0,1,10.125,1,0,Passive
3676,No,0,8,Offer E,Yes,5.21,No,Yes,Fiber Optic,8,No,No,Yes,No,Yes,Yes,No,Yes,Month-to-Month,Yes,Credit Card,94.45,742.95,0.0,0,41.68,784.63,Female,66,No,Yes,No,No,0,5,15.741666666666667,1,0,Detractor
4917,Yes,1,2,Offer E,Yes,7.7,No,Yes,Fiber Optic,22,No,No,No,No,No,No,No,No,Month-to-Month,Yes,Bank Withdrawal,70.35,120.25,0.0,20,15.4,155.65,Female,45,No,No,Yes,No,0,1,35.175,1,1,Detractor
5933,Yes,8,72,Offer A,Yes,15.85,Yes,Yes,Fiber Optic,2,No,Yes,Yes,Yes,Yes,Yes,No,Yes,Two Year,Yes,Credit Card,110.8,7882.25,0.0,0,1141.2,9023.45,Female,69,No,Yes,Yes,No,0,8,12.31111111111111,0,0,Promoter
3044,No,0,33,,No,0.0,No,Yes,Cable,12,Yes,No,No,Yes,No,No,No,Yes,One Year,No,Credit Card,34.05,1113.95,0.0,0,0.0,1113.95,Male,64,No,No,No,Yes,2,3,8.5125,0,0,Detractor
3248,No,0,23,,No,0.0,No,Yes,DSL,14,No,No,No,No,Yes,Yes,Yes,No,Month-to-Month,Yes,Bank Withdrawal,44.95,996.85,25.84,40,0.0,1011.01,Female,47,No,No,No,No,0,3,11.2375,0,1,Detractor
5422,Yes,10,49,,Yes,2.82,No,No,No internet,0,No,No,No,No,No,No,No,No,Two Year,Yes,Bank Withdrawal,20.15,973.35,0.0,0,138.17999999999998,1111.53,Female,31,No,No,Yes,No,0,1,10.075,0,1,Promoter
4099,No,0,3,,Yes,48.3,No,Yes,Cable,42,No,No,Yes,No,Yes,No,No,Yes,Month-to-Month,No,Bank Withdrawal,57.55,161.45,0.0,0,144.89999999999998,306.35,Female,21,Yes,No,No,No,0,4,11.51,1,1,Detractor
3969,No,0,2,,Yes,3.76,No,Yes,Fiber Optic,16,No,Yes,No,No,No,No,No,Yes,Month-to-Month,No,Bank Withdrawal,74.95,151.75,0.0,0,7.52,159.27,Male,54,No,No,No,No,0,3,18.7375,1,1,Passive
4669,Yes,1,57,Offer B,Yes,36.65,No,Yes,DSL,7,Yes,No,No,No,Yes,Yes,Yes,Yes,One Year,Yes,Bank Withdrawal,70.1,3913.3,0.0,0,2089.05,6002.35,Female,46,No,No,Yes,No,0,6,10.014285714285714,0,1,Detractor
4038,No,0,2,Offer E,Yes,39.63,No,Yes,Fiber Optic,23,No,No,No,No,No,Yes,No,No,Month-to-Month,Yes,Bank Withdrawal,79.75,159.4,0.0,10,79.26,248.66000000000005,Female,74,No,Yes,No,No,0,2,26.58333333333333,1,1,Detractor
5647,Yes,3,71,Offer A,Yes,34.53,Yes,Yes,Fiber Optic,19,Yes,Yes,Yes,Yes,No,No,No,No,One Year,Yes,Credit Card,95.15,6770.85,0.0,0,2451.63,9222.48,Female,35,No,No,Yes,Yes,1,6,13.592857142857143,0,0,Detractor
4915,No,0,66,Offer A,Yes,33.02,Yes,Yes,Fiber Optic,6,No,Yes,No,Yes,Yes,Yes,Yes,Yes,One Year,Yes,Bank Withdrawal,104.25,6860.6,44.0,0,2179.32,8995.92,Male,43,No,No,No,No,0,8,11.583333333333334,0,1,Passive
6161,No,0,56,,Yes,32.43,Yes,Yes,Fiber Optic,2,No,Yes,Yes,No,Yes,Yes,Yes,No,One Year,Yes,Bank Withdrawal,106.8,5914.4,0.0,30,1816.08,7760.48,Female,49,No,No,No,No,0,7,13.35,0,1,Detractor
4397,Yes,1,42,Offer B,Yes,17.31,Yes,Yes,Cable,82,Yes,No,No,Yes,Yes,Yes,Yes,Yes,One Year,No,Credit Card,80.45,3375.9,0.0,0,727.02,4102.92,Male,30,No,No,Yes,No,0,8,8.93888888888889,0,0,Detractor
5677,No,0,53,Offer B,No,0.0,No,Yes,Cable,17,No,No,Yes,Yes,Yes,Yes,Yes,Yes,One Year,No,Credit Card,54.9,3045.75,0.0,0,0.0,3045.75,Male,62,No,No,No,No,0,6,7.8428571428571425,0,0,Passive
5595,No,0,7,Offer E,Yes,48.22,No,No,No internet,0,No,No,No,No,No,No,No,No,Month-to-Month,No,Mailed Check,20.05,164.85,0.0,0,337.54,502.39,Female,62,No,No,No,No,0,1,10.025,1,0,Detractor
3492,No,0,40,,Yes,35.58,Yes,Yes,Fiber Optic,8,No,No,Yes,Yes,Yes,Yes,Yes,Yes,Month-to-Month,No,Bank Withdrawal,104.8,4131.95,0.0,0,1423.1999999999998,5555.15,Male,55,No,No,No,No,0,8,11.644444444444444,0,1,Detractor
4890,Yes,2,71,,Yes,37.83,No,No,No internet,0,No,No,No,No,No,No,No,No,Two Year,No,Credit Card,19.6,1416.5,0.0,0,2685.93,4102.43,Female,46,No,No,Yes,No,0,1,9.8,0,0,Passive
4395,Yes,1,66,,Yes,37.84,Yes,Yes,Fiber Optic,17,No,No,No,No,No,No,No,Yes,One Year,Yes,Bank Withdrawal,74.25,4859.25,0.0,0,2497.44,7356.69,Female,34,No,No,Yes,Yes,1,3,18.5625,0,1,Detractor
2366,No,0,21,Offer D,Yes,34.39,No,No,No internet,0,No,No,No,No,No,No,No,No,Month-to-Month,No,Credit Card,20.0,417.7,0.0,0,722.19,1139.89,Male,59,No,No,No,No,0,1,10.0,0,0,Detractor
4948,Yes,2,18,Offer D,Yes,44.97,No,Yes,Cable,7,No,No,Yes,Yes,No,No,No,Yes,One Year,Yes,Credit Card,54.4,957.1,0.0,0,809.46,1766.56,Female,43,No,No,Yes,No,0,4,10.88,0,0,Promoter
4908,No,0,63,,Yes,21.45,Yes,Yes,Fiber Optic,85,Yes,Yes,Yes,Yes,Yes,No,No,Yes,One Year,No,Credit Card,104.5,6590.8,0.0,0,1351.35,7942.15,Male,26,Yes,No,No,No,0,8,11.61111111111111,0,0,Passive
4127,Yes,3,37,,Yes,49.37,Yes,Yes,Fiber Optic,4,No,No,No,No,Yes,Yes,Yes,Yes,Month-to-Month,Yes,Bank Withdrawal,92.5,3473.4,0.0,0,1826.69,5300.09,Male,74,No,Yes,Yes,No,0,6,13.214285714285714,0,1,Detractor
3610,Yes,3,3,Offer E,No,0.0,No,Yes,Cable,25,Yes,No,No,Yes,No,No,No,Yes,Month-to-Month,No,Credit Card,35.1,101.1,0.0,0,0.0,101.1,Male,33,No,No,Yes,No,0,3,8.775,1,0,Detractor
3533,No,0,40,Offer B,No,0.0,No,Yes,DSL,28,Yes,No,No,Yes,Yes,Yes,Yes,No,One Year,Yes,Bank Withdrawal,54.55,2236.2,11.48,40,0.0,2264.72,Female,31,No,No,No,No,0,5,9.091666666666669,0,1,Detractor
5969,No,0,1,Offer E,Yes,9.0,No,Yes,Cable,53,Yes,No,No,No,No,No,No,Yes,Month-to-Month,No,Credit Card,49.9,49.9,0.0,0,9.0,58.9,Female,39,No,No,No,Yes,3,3,12.475,1,0,Detractor
2317,No,0,42,Offer B,Yes,33.46,Yes,Yes,Fiber Optic,52,Yes,No,Yes,No,Yes,Yes,Yes,Yes,Month-to-Month,Yes,Bank Withdrawal,105.2,4400.75,40.15,0,1405.32,5765.92,Female,26,Yes,No,No,No,0,8,11.68888888888889,0,1,Detractor
2283,Yes,5,6,,Yes,42.08,No,Yes,Fiber Optic,29,No,Yes,Yes,No,No,Yes,Yes,Yes,Month-to-Month,Yes,Bank Withdrawal,91.0,531.0,0.0,0,252.48,783.48,Male,39,No,No,Yes,Yes,2,6,13.0,1,1,Detractor
4404,No,0,65,Offer B,Yes,33.71,Yes,No,No internet,0,No,No,No,No,No,No,No,No,Two Year,No,Bank Withdrawal,26.5,1698.55,0.0,0,2191.15,3889.7,Female,42,No,No,No,No,0,2,8.833333333333334,0,1,Detractor
5413,Yes,8,8,Offer E,Yes,20.67,No,Yes,Fiber Optic,18,Yes,No,No,No,No,No,No,Yes,Month-to-Month,Yes,Credit Card,75.0,658.1,0.0,0,165.36,823.46,Male,57,No,No,Yes,No,0,3,18.75,1,0,Detractor
2157,Yes,4,31,,Yes,1.2,No,Yes,DSL,15,No,No,No,Yes,No,No,No,No,Month-to-Month,Yes,Credit Card,49.2,1498.55,0.0,100,37.2,1635.75,Female,51,No,No,Yes,No,0,2,16.400000000000002,0,0,Promoter
3149,No,0,7,Offer E,Yes,49.83,No,No,No internet,0,No,No,No,No,No,No,No,No,Month-to-Month,Yes,Bank Withdrawal,20.25,174.7,0.0,0,348.81,523.51,Male,22,Yes,No,Yes,Yes,3,1,10.125,1,1,Promoter
5695,No,0,3,Offer E,Yes,14.79,No,No,No internet,0,No,No,No,No,No,No,No,No,Month-to-Month,No,Credit Card,20.4,63.15,0.0,0,44.37,107.52,Female,42,No,No,No,No,0,1,10.2,1,0,Passive
5463,Yes,2,69,,Yes,23.55,No,No,No internet,0,No,No,No,No,No,No,No,No,Two Year,No,Bank Withdrawal,20.2,1376.5,0.0,0,1624.95,3001.45,Male,29,Yes,No,Yes,Yes,1,1,10.1,0,1,Detractor
2948,Yes,8,28,,Yes,19.18,No,No,No internet,0,No,No,No,No,No,No,No,No,Two Year,Yes,Credit Card,20.3,487.95,0.0,0,537.04,1024.99,Male,30,No,No,Yes,Yes,2,1,10.15,0,0,Detractor
2722,No,0,22,Offer D,Yes,34.07,No,No,No internet,0,No,No,No,No,No,No,No,No,Month-to-Month,No,Credit Card,20.15,432.5,0.0,0,749.54,1182.04,Male,43,No,No,No,Yes,2,1,10.075,0,0,Promoter
3739,Yes,6,16,Offer D,Yes,48.41,Yes,Yes,Fiber Optic,6,No,No,No,No,Yes,No,No,Yes,Two Year,Yes,Credit Card,85.05,1391.15,0.0,0,774.56,2165.71,Male,69,No,Yes,Yes,No,0,4,17.009999999999998,0,0,Passive
4539,No,0,19,Offer D,Yes,4.3,No,Yes,Cable,23,No,No,Yes,Yes,No,No,No,No,Month-to-Month,Yes,Credit Card,55.0,1046.5,0.0,30,81.7,1158.2,Male,55,No,No,No,No,0,3,13.75,0,0,Detractor
5272,Yes,8,36,Offer C,Yes,42.51,No,No,No internet,0,No,No,No,No,No,No,No,No,Two Year,No,Bank Withdrawal,20.25,717.95,0.0,0,1530.36,2248.31,Female,26,Yes,No,Yes,Yes,2,1,10.125,0,1,Promoter
2455,No,0,35,Offer C,Yes,45.14,Yes,Yes,Fiber Optic,41,No,Yes,No,Yes,No,No,Yes,No,Month-to-Month,No,Credit Card,85.3,2917.5,23.89,130,1579.9,4603.51,Female,28,Yes,No,No,No,0,5,14.216666666666669,0,0,Detractor
5383,No,0,41,,Yes,10.43,Yes,Yes,Fiber Optic,22,No,Yes,Yes,No,Yes,Yes,Yes,No,Month-to-Month,Yes,Bank Withdrawal,106.3,4443.45,0.0,130,427.63,5001.08,Female,63,No,No,No,No,0,7,13.2875,0,1,Detractor
5974,Yes,1,61,,Yes,10.94,No,No,No internet,0,No,No,No,No,No,No,No,No,Two Year,No,Credit Card,20.25,1278.8,5.15,0,667.3399999999999,1940.99,Female,64,No,No,Yes,No,0,1,10.125,0,0,Detractor
4237,Yes,3,26,,Yes,24.17,No,Yes,Fiber Optic,75,No,No,No,No,No,Yes,Yes,Yes,One Year,No,Bank Withdrawal,78.95,2034.25,0.0,0,628.4200000000001,2662.67,Male,54,No,No,Yes,Yes,3,4,15.79,0,1,Detractor
3305,No,0,5,,Yes,27.35,No,Yes,Fiber Optic,27,No,No,Yes,No,Yes,No,No,No,Month-to-Month,Yes,Credit Card,84.85,415.55,0.0,20,136.75,572.3,Female,66,No,Yes,No,No,0,3,21.2125,1,0,Detractor
4709,No,0,22,Offer D,Yes,43.78,Yes,Yes,DSL,47,Yes,Yes,Yes,No,No,No,No,No,Month-to-Month,No,Credit Card,65.05,1427.55,0.0,10,963.16,2400.71,Male,20,Yes,No,No,No,0,5,10.841666666666669,0,0,Passive
3196,Yes,6,10,Offer D,Yes,19.05,No,No,No internet,0,No,No,No,No,No,No,No,No,Month-to-Month,Yes,Bank Withdrawal,19.8,196.75,0.0,0,190.5,387.25,Female,46,No,No,Yes,Yes,1,1,9.9,1,1,Detractor
2194,No,0,3,Offer E,Yes,26.32,Yes,Yes,Fiber Optic,8,No,No,Yes,No,Yes,No,No,Yes,Month-to-Month,No,Bank Withdrawal,91.05,289.1,0.0,0,78.96000000000001,368.06000000000006,Male,65,No,Yes,No,No,0,5,15.175,1,1,Detractor
5905,Yes,7,50,,Yes,47.48,No,Yes,Fiber Optic,27,No,No,Yes,Yes,Yes,Yes,Yes,Yes,One Year,No,Credit Card,103.05,5153.5,0.0,0,2374.0,7527.5,Female,41,No,No,Yes,Yes,3,7,12.88125,0,0,Passive
5574,Yes,7,64,Offer B,Yes,21.16,Yes,Yes,Fiber Optic,23,Yes,Yes,No,Yes,Yes,Yes,Yes,Yes,Two Year,No,Bank Withdrawal,110.3,6997.3,0.0,0,1354.24,8351.54,Female,49,No,No,Yes,Yes,1,9,11.03,0,1,Detractor
5964,Yes,2,19,Offer D,Yes,32.47,No,No,No internet,0,No,No,No,No,No,No,No,No,One Year,No,Credit Card,19.9,357.7,0.0,0,616.93,974.63,Male,49,No,No,Yes,Yes,3,1,9.95,0,0,Promoter
4598,Yes,10,72,,Yes,14.17,No,No,No internet,0,No,No,No,No,No,No,No,No,Two Year,No,Bank Withdrawal,20.1,1460.85,0.0,0,1020.24,2481.09,Female,39,No,No,Yes,Yes,2,1,10.05,0,1,Promoter
2406,No,0,12,,Yes,25.19,Yes,Yes,Fiber Optic,12,No,Yes,Yes,No,Yes,Yes,Yes,Yes,Month-to-Month,Yes,Bank Withdrawal,106.7,1253.9,0.0,0,302.28000000000003,1556.18,Male,44,No,No,No,No,0,8,11.855555555555556,1,1,Detractor
4993,Yes,4,72,Offer A,Yes,5.77,Yes,Yes,DSL,24,Yes,Yes,Yes,Yes,Yes,Yes,No,Yes,Two Year,Yes,Credit Card,89.55,6448.85,0.0,0,415.44,6864.29,Female,74,No,Yes,Yes,No,0,9,8.955,0,0,Detractor
4167,Yes,3,4,,Yes,32.43,No,Yes,Fiber Optic,13,No,No,No,No,Yes,No,No,Yes,Month-to-Month,Yes,Bank Withdrawal,80.35,307.4,0.0,0,129.72,437.12,Male,60,No,No,Yes,No,0,3,20.0875,1,1,Detractor
5328,Yes,3,71,,Yes,2.43,No,Yes,Cable,58,Yes,No,Yes,Yes,No,Yes,Yes,Yes,Two Year,Yes,Credit Card,70.85,4973.4,0.0,0,172.53,5145.929999999999,Male,19,Yes,No,Yes,No,0,7,8.85625,0,0,Passive
5730,No,0,4,,Yes,18.03,No,Yes,Cable,59,Yes,Yes,No,Yes,No,No,No,Yes,Month-to-Month,Yes,Credit Card,60.4,272.15,0.0,0,72.12,344.27,Female,28,Yes,No,No,No,0,5,10.066666666666666,1,0,Detractor
2305,No,0,25,Offer C,Yes,13.36,No,No,No internet,0,No,No,No,No,No,No,No,No,Month-to-Month,No,Credit Card,20.6,541.5,0.0,0,334.0,875.5,Male,33,No,No,No,No,0,1,10.3,0,0,Detractor
3763,No,0,1,,Yes,3.84,Yes,Yes,Fiber Optic,13,No,No,No,No,No,No,No,No,Month-to-Month,Yes,Bank Withdrawal,76.45,76.45,0.0,10,3.84,90.29,Male,74,No,Yes,No,No,0,2,25.48333333333333,1,1,Detractor
2243,No,0,46,,No,0.0,No,Yes,DSL,26,No,Yes,No,No,No,No,No,Yes,Month-to-Month,No,Bank Withdrawal,30.3,1380.1,0.0,0,0.0,1380.1,Male,57,No,No,No,No,0,2,10.1,0,1,Detractor
5731,No,0,53,Offer B,Yes,12.92,Yes,Yes,Fiber Optic,19,No,Yes,Yes,No,Yes,Yes,Yes,Yes,Two Year,No,Bank Withdrawal,105.55,5682.25,0.0,0,684.76,6367.01,Female,33,No,No,No,No,0,8,11.727777777777778,0,1,Promoter
5188,No,0,19,Offer D,Yes,24.1,No,No,No internet,0,No,No,No,No,No,No,No,No,Month-to-Month,Yes,Bank Withdrawal,20.0,377.55,0.0,0,457.9,835.45,Male,41,No,No,No,Yes,3,1,10.0,0,1,Detractor
5791,Yes,1,50,,Yes,36.58,Yes,Yes,Fiber Optic,23,No,No,No,Yes,Yes,Yes,Yes,Yes,One Year,Yes,Bank Withdrawal,100.65,5189.75,0.0,0,1829.0,7018.75,Female,79,No,Yes,Yes,No,0,7,12.58125,0,1,Detractor
2987,Yes,1,3,Offer E,No,0.0,No,Yes,Cable,13,No,No,No,No,No,Yes,Yes,Yes,Month-to-Month,Yes,Bank Withdrawal,35.15,99.75,0.0,0,0.0,99.75,Male,61,No,No,Yes,No,0,3,8.7875,1,1,Detractor
5117,Yes,1,61,Offer B,Yes,4.69,Yes,Yes,Cable,4,Yes,No,Yes,No,No,Yes,Yes,Yes,Two Year,Yes,Credit Card,69.9,4226.7,0.0,0,286.09000000000003,4512.79,Male,37,No,No,Yes,No,0,7,8.7375,0,0,Passive
2067,Yes,1,31,,No,0.0,No,Yes,DSL,23,Yes,No,No,Yes,No,No,No,Yes,Month-to-Month,No,Bank Withdrawal,35.4,1077.5,0.0,0,0.0,1077.5,Male,41,No,No,Yes,Yes,3,3,8.85,0,1,Detractor
5094,No,0,31,,Yes,40.92,No,Yes,Fiber Optic,20,Yes,No,Yes,Yes,No,No,No,No,Month-to-Month,No,Bank Withdrawal,87.6,2724.25,0.0,70,1268.52,4062.77,Female,56,No,No,No,No,0,4,17.52,0,1,Passive
4860,No,0,33,,Yes,49.45,No,Yes,Fiber Optic,19,No,No,No,No,No,No,No,No,Month-to-Month,Yes,Bank Withdrawal,70.4,2406.1,0.0,60,1631.85,4097.95,Female,43,No,No,No,No,0,1,35.2,0,1,Passive
4167,No,0,1,Offer E,Yes,48.58,No,Yes,DSL,21,No,No,No,No,No,No,No,Yes,Month-to-Month,No,Credit Card,46.2,46.2,0.0,0,48.58,94.78,Male,47,No,No,No,No,0,2,15.4,1,0,Detractor
4489,Yes,7,55,Offer B,Yes,16.16,Yes,Yes,DSL,29,Yes,Yes,No,Yes,No,Yes,Yes,Yes,One Year,Yes,Bank Withdrawal,75.75,4264.25,0.0,0,888.8,5153.05,Female,41,No,No,Yes,Yes,3,8,8.416666666666666,0,1,Detractor
4431,No,0,19,,Yes,26.54,No,No,No internet,0,No,No,No,No,No,No,No,No,One Year,Yes,Credit Card,19.7,386.5,0.0,0,504.26,890.76,Male,62,No,No,No,No,0,1,9.85,0,0,Passive
5131,No,0,13,,No,0.0,No,Yes,Cable,16,No,Yes,No,No,No,No,No,Yes,Month-to-Month,Yes,Bank Withdrawal,31.05,347.25,0.0,0,0.0,347.25,Female,46,No,No,No,No,0,2,10.35,0,1,Detractor
4444,Yes,6,71,Offer A,Yes,31.33,Yes,Yes,Cable,27,Yes,Yes,Yes,Yes,Yes,Yes,Yes,Yes,Two Year,No,Credit Card,89.9,6457.15,0.0,0,2224.43,8681.58,Male,57,No,No,Yes,Yes,3,10,8.172727272727274,0,0,Detractor
2783,No,0,13,Offer D,Yes,46.3,No,No,No internet,0,No,No,No,No,No,No,No,No,Month-to-Month,No,Credit Card,19.45,232.1,0.0,0,601.9,834.0,Female,42,No,No,No,No,0,1,9.725,0,0,Promoter
5085,Yes,8,70,Offer A,Yes,27.97,Yes,Yes,Cable,2,Yes,Yes,Yes,Yes,Yes,No,No,Yes,Two Year,Yes,Bank Withdrawal,79.25,5731.85,0.0,0,1957.9,7689.75,Male,56,No,No,Yes,No,0,8,8.805555555555555,0,1,Detractor
6067,Yes,6,72,,Yes,9.3,Yes,Yes,DSL,12,Yes,Yes,Yes,Yes,Yes,No,No,Yes,Two Year,Yes,Bank Withdrawal,80.85,5727.45,0.0,0,669.6,6397.05,Male,55,No,No,Yes,Yes,2,8,8.983333333333333,0,1,Detractor
3705,No,0,12,,Yes,26.17,Yes,No,No internet,0,No,No,No,No,No,No,No,No,Two Year,Yes,Bank Withdrawal,24.0,269.65,0.0,0,314.04,583.69,Male,56,No,No,Yes,Yes,1,2,8.0,1,1,Detractor
3519,Yes,5,27,,Yes,36.19,No,Yes,DSL,53,Yes,Yes,No,No,No,No,No,Yes,Month-to-Month,Yes,Credit Card,54.75,1510.3,0.0,0,977.13,2487.43,Male,54,No,No,Yes,Yes,6,4,10.95,0,0,Detractor
5857,No,0,67,Offer A,Yes,2.57,No,Yes,Fiber Optic,21,Yes,Yes,No,Yes,Yes,No,No,Yes,Two Year,Yes,Bank Withdrawal,92.45,6140.85,0.0,0,172.19,6313.04,Female,69,No,Yes,No,No,0,6,13.207142857142856,0,1,Passive
2874,Yes,1,7,,Yes,21.09,No,No,No internet,0,No,No,No,No,No,No,No,No,One Year,No,Mailed Check,20.65,150.0,0.0,0,147.63,297.63,Male,64,No,No,Yes,No,0,1,10.325,1,0,Promoter
6245,Yes,3,57,Offer B,Yes,42.18,No,Yes,Fiber Optic,22,No,Yes,No,No,Yes,Yes,Yes,Yes,One Year,Yes,Bank Withdrawal,95.0,5535.8,0.0,0,2404.26,7940.059999999999,Female,35,No,No,Yes,Yes,2,6,13.571428571428571,0,1,Promoter
4964,Yes,2,71,Offer A,Yes,12.26,No,Yes,Fiber Optic,3,Yes,Yes,Yes,Yes,Yes,No,No,Yes,Two Year,Yes,Bank Withdrawal,99.4,7168.25,0.0,0,870.46,8038.71,Female,78,No,Yes,Yes,No,0,7,12.425,0,1,Detractor
4001,No,0,12,Offer D,Yes,19.38,No,No,No internet,0,No,No,No,No,No,No,No,No,Month-to-Month,No,Credit Card,21.05,235.8,0.0,0,232.56,468.36,Male,19,Yes,No,No,Yes,2,1,10.525,1,0,Detractor
4052,No,0,27,Offer C,Yes,32.28,No,No,No internet,0,No,No,No,No,No,No,No,No,Two Year,No,Credit Card,19.7,509.3,0.0,0,871.5600000000001,1380.86,Male,48,No,No,No,Yes,1,1,9.85,0,0,Detractor
4367,No,0,3,,Yes,2.98,No,Yes,Fiber Optic,3,No,No,No,No,Yes,No,No,Yes,Month-to-Month,Yes,Bank Withdrawal,79.9,260.9,0.0,0,8.94,269.84,Male,77,No,Yes,No,No,0,3,19.975,1,1,Detractor
5416,No,0,8,Offer E,Yes,34.87,No,No,No internet,0,No,No,No,No,No,No,No,No,Month-to-Month,Yes,Mailed Check,19.35,152.6,0.0,0,278.96,431.56,Male,51,No,No,Yes,Yes,3,1,9.675,1,0,Detractor
3607,No,0,34,,No,0.0,No,Yes,DSL,20,Yes,No,Yes,Yes,Yes,Yes,Yes,Yes,One Year,No,Credit Card,61.25,1993.2,0.0,0,0.0,1993.2,Female,52,No,No,Yes,Yes,1,7,7.65625,0,0,Passive
6361,Yes,8,62,Offer B,Yes,15.05,Yes,Yes,Fiber Optic,23,No,Yes,No,Yes,Yes,Yes,Yes,Yes,One Year,Yes,Credit Card,106.05,6703.5,0.0,0,933.1,7636.6,Female,47,No,No,Yes,Yes,2,8,11.783333333333331,0,0,Passive
4451,No,0,54,Offer B,No,0.0,No,Yes,DSL,19,No,No,Yes,Yes,No,Yes,Yes,No,Two Year,No,Credit Card,46.0,2424.05,0.0,90,0.0,2514.05,Male,41,No,No,Yes,Yes,1,4,9.2,0,0,Passive
2663,Yes,1,29,,Yes,11.24,No,Yes,Fiber Optic,16,No,No,No,No,No,No,No,Yes,Month-to-Month,Yes,Bank Withdrawal,70.75,1974.8,0.0,0,325.96,2300.76,Male,36,No,No,Yes,No,0,2,23.58333333333333,0,1,Detractor
4336,No,0,5,Offer E,Yes,7.31,No,Yes,DSL,18,No,No,No,Yes,No,No,No,Yes,Month-to-Month,Yes,Bank Withdrawal,49.2,216.9,0.0,0,36.55,253.45,Male,47,No,No,No,No,0,3,12.3,1,1,Detractor
6107,No,0,59,,No,0.0,No,Yes,DSL,7,No,No,No,Yes,Yes,Yes,Yes,Yes,Month-to-Month,Yes,Bank Withdrawal,51.7,3005.8,0.0,0,0.0,3005.8,Male,43,No,No,No,No,0,5,8.616666666666667,0,1,Detractor
5856,Yes,1,27,,Yes,15.71,No,Yes,Fiber Optic,53,Yes,Yes,No,No,No,No,No,Yes,One Year,Yes,Credit Card,80.65,2209.75,0.0,0,424.17,2633.92,Male,47,No,No,Yes,Yes,3,4,16.130000000000003,0,0,Detractor
4903,Yes,1,3,Offer E,Yes,44.46,No,Yes,DSL,51,No,No,No,No,No,No,Yes,Yes,Month-to-Month,No,Credit Card,44.3,134.5,0.0,0,133.38,267.88,Female,19,Yes,No,Yes,No,0,3,11.075,1,0,Detractor
3752,Yes,6,21,Offer D,Yes,38.95,No,Yes,Cable,17,No,No,No,No,No,No,No,Yes,Month-to-Month,Yes,Bank Withdrawal,44.95,926.25,0.0,0,817.95,1744.2,Female,33,No,No,Yes,Yes,2,2,14.983333333333334,0,1,Promoter
4157,Yes,8,53,Offer B,Yes,34.46,No,No,No internet,0,No,No,No,No,No,No,No,No,Two Year,No,Credit Card,19.9,1110.05,0.0,0,1826.38,2936.4300000000003,Male,35,No,No,Yes,No,0,1,9.95,0,0,Detractor
6149,No,0,61,,Yes,23.45,Yes,Yes,DSL,8,Yes,Yes,Yes,Yes,Yes,Yes,Yes,Yes,Two Year,No,Bank Withdrawal,89.65,5308.7,0.0,0,1430.45,6739.15,Female,52,No,No,No,No,0,10,8.15,0,1,Detractor
6303,Yes,10,68,Offer A,Yes,46.61,No,No,No internet,0,No,No,No,No,No,No,No,No,Two Year,Yes,Bank Withdrawal,19.35,1292.65,0.0,0,3169.48,4462.13,Female,51,No,No,Yes,Yes,1,1,9.675,0,1,Passive
4676,Yes,4,50,Offer B,Yes,34.57,Yes,Yes,Fiber Optic,13,Yes,Yes,No,Yes,Yes,Yes,Yes,Yes,Month-to-Month,Yes,Bank Withdrawal,109.65,5405.8,0.0,0,1728.5,7134.3,Female,62,No,No,Yes,No,0,9,10.965,0,1,Detractor
5027,Yes,2,67,Offer A,Yes,25.46,Yes,Yes,Fiber Optic,73,No,Yes,Yes,No,Yes,Yes,Yes,Yes,One Year,Yes,Bank Withdrawal,105.7,6816.95,0.0,0,1705.8200000000002,8522.77,Female,23,Yes,No,Yes,No,0,8,11.744444444444444,0,1,Passive
2315,Yes,10,25,,No,0.0,No,Yes,Cable,24,No,No,Yes,No,Yes,No,No,No,One Year,Yes,Credit Card,38.1,970.4,0.0,100,0.0,1070.4,Male,37,No,No,Yes,No,0,2,12.7,0,0,Promoter
4152,No,0,1,,Yes,3.14,No,No,No internet,0,No,No,No,No,No,No,No,No,Month-to-Month,No,Mailed Check,19.4,19.4,0.0,0,3.14,22.54,Male,52,No,No,No,No,0,1,9.7,1,0,Detractor
5681,Yes,7,69,,No,0.0,No,Yes,DSL,13,No,No,Yes,No,No,No,No,Yes,One Year,Yes,Credit Card,29.8,2134.3,0.0,0,0.0,2134.3,Male,69,No,Yes,Yes,No,0,2,9.933333333333334,0,0,Detractor
6193,Yes,3,62,Offer B,Yes,42.68,Yes,Yes,Fiber Optic,51,Yes,Yes,Yes,Yes,Yes,Yes,Yes,Yes,Two Year,No,Credit Card,113.95,6891.4,0.0,0,2646.16,9537.56,Female,21,Yes,No,Yes,No,0,10,10.35909090909091,0,0,Detractor
2464,Yes,1,16,Offer D,Yes,21.04,No,Yes,Cable,17,Yes,Yes,No,No,No,No,No,Yes,One Year,Yes,Credit Card,55.85,857.8,0.0,0,336.64,1194.44,Male,57,No,No,Yes,No,0,4,11.17,0,0,Detractor
5387,No,0,3,Offer E,Yes,38.99,No,Yes,DSL,20,No,Yes,No,Yes,Yes,Yes,Yes,Yes,Month-to-Month,Yes,Bank Withdrawal,75.3,244.1,0.0,0,116.97,361.07,Female,53,No,No,No,No,0,7,9.4125,1,1,Detractor
3584,Yes,1,21,Offer D,Yes,21.83,Yes,Yes,Fiber Optic,59,No,No,Yes,Yes,Yes,Yes,Yes,Yes,Month-to-Month,Yes,Bank Withdrawal,106.1,2249.95,0.0,0,458.43,2708.38,Male,27,Yes,No,Yes,No,0,8,11.788888888888888,0,1,Detractor
4756,Yes,10,17,Offer D,Yes,9.22,Yes,Yes,Fiber Optic,13,No,No,No,No,Yes,Yes,Yes,Yes,Month-to-Month,No,Bank Withdrawal,92.6,1579.7,0.0,0,156.74,1736.44,Female,46,No,No,Yes,No,0,6,13.228571428571428,0,1,Passive
5534,No,0,3,,No,0.0,No,Yes,Cable,25,Yes,No,Yes,Yes,No,No,No,Yes,Month-to-Month,No,Credit Card,41.35,107.25,0.0,0,0.0,107.25,Male,32,No,No,No,No,0,4,8.27,1,0,Detractor
3942,Yes,4,35,Offer C,Yes,41.02,No,No,No internet,0,No,No,No,No,No,No,No,No,One Year,No,Bank Withdrawal,20.05,746.75,0.0,0,1435.7,2182.45,Male,24,Yes,No,Yes,Yes,1,1,10.025,0,1,Detractor
3513,No,0,1,,No,0.0,No,Yes,Cable,52,No,No,No,No,No,No,No,Yes,Month-to-Month,Yes,Credit Card,25.15,25.15,0.0,0,0.0,25.15,Female,19,Yes,No,No,No,0,1,12.575,1,0,Promoter
4263,No,0,34,,Yes,20.75,No,Yes,DSL,27,Yes,No,Yes,Yes,Yes,No,No,Yes,Two Year,No,Credit Card,67.65,2339.3,0.0,0,705.5,3044.8,Female,22,Yes,No,No,No,0,6,9.664285714285716,0,0,Detractor
4956,No,0,48,,Yes,5.19,Yes,Yes,Fiber Optic,47,No,Yes,Yes,No,Yes,Yes,Yes,Yes,Month-to-Month,Yes,Bank Withdrawal,107.4,5121.3,0.0,0,249.12,5370.42,Female,20,Yes,No,No,No,0,8,11.933333333333334,0,1,Detractor
2233,Yes,1,29,,Yes,6.25,Yes,Yes,Fiber Optic,21,No,No,No,No,Yes,Yes,No,Yes,Month-to-Month,Yes,Bank Withdrawal,94.45,2653.65,0.0,0,181.25,2834.9,Male,73,No,Yes,Yes,No,0,5,15.741666666666667,0,1,Detractor
5246,No,0,4,,Yes,15.07,No,Yes,Cable,16,No,No,No,No,No,No,No,Yes,Month-to-Month,Yes,Mailed Check,46.0,193.6,0.0,0,60.28,253.88,Female,48,No,No,No,No,0,2,15.333333333333334,1,0,Detractor
4539,No,0,38,,Yes,40.64,No,No,No internet,0,No,No,No,No,No,No,No,No,One Year,No,Credit Card,20.05,678.2,0.0,0,1544.32,2222.52,Female,22,Yes,No,No,No,0,1,10.025,0,0,Detractor
5904,Yes,1,42,Offer B,Yes,20.65,Yes,Yes,DSL,25,Yes,No,No,No,No,No,No,Yes,One Year,No,Credit Card,56.1,2386.85,28.83,0,867.3,3225.32,Male,56,No,No,Yes,No,0,4,11.22,0,0,Passive
4074,Yes,1,47,,Yes,46.77,Yes,Yes,DSL,24,Yes,Yes,Yes,No,No,No,No,Yes,Two Year,Yes,Credit Card,67.45,3252.0,0.0,0,2198.19,5450.1900000000005,Female,78,No,Yes,Yes,No,0,6,9.635714285714286,0,0,Detractor
5414,Yes,1,53,Offer B,Yes,15.77,No,Yes,Fiber Optic,9,No,Yes,No,No,Yes,Yes,Yes,Yes,One Year,Yes,Bank Withdrawal,94.25,4867.95,0.0,0,835.81,5703.76,Male,48,No,No,Yes,No,0,6,13.464285714285714,0,1,Detractor
2541,No,0,32,Offer C,Yes,27.69,Yes,Yes,Fiber Optic,73,Yes,Yes,No,Yes,Yes,Yes,Yes,Yes,Month-to-Month,Yes,Credit Card,108.15,3432.9,0.0,0,886.08,4318.9800000000005,Male,22,Yes,No,No,No,0,9,10.815,0,0,Detractor
2120,No,0,20,,Yes,27.11,No,No,No internet,0,No,No,No,No,No,No,No,No,Two Year,Yes,Credit Card,19.7,419.4,0.0,0,542.2,961.6,Male,62,No,No,No,No,0,1,9.85,0,0,Promoter
4478,No,0,34,Offer C,Yes,13.56,No,Yes,Fiber Optic,30,No,No,No,No,No,No,No,Yes,Two Year,No,Credit Card,69.15,2275.1,0.0,0,461.04,2736.14,Male,67,No,Yes,No,No,0,2,23.05,0,0,Detractor
2292,No,0,14,,Yes,18.46,No,Yes,Fiber Optic,26,No,No,Yes,No,No,No,No,Yes,Month-to-Month,No,Bank Withdrawal,76.45,1117.55,0.0,0,258.44,1375.99,Male,20,Yes,No,No,No,0,3,19.1125,0,1,Passive
5087,No,0,1,Offer E,No,0.0,No,Yes,Cable,29,No,No,No,No,No,No,No,Yes,Month-to-Month,No,Bank Withdrawal,24.8,24.8,0.0,0,0.0,24.8,Male,60,No,No,No,No,0,1,12.4,1,1,Detractor
5098,Yes,8,72,,Yes,2.57,Yes,No,No internet,0,No,No,No,No,No,No,No,No,Two Year,Yes,Bank Withdrawal,26.25,1988.05,0.0,0,185.04,2173.09,Female,37,No,No,Yes,Yes,1,2,8.75,0,1,Passive
2215,Yes,4,30,Offer C,Yes,36.74,No,Yes,Cable,18,No,No,Yes,Yes,Yes,No,No,Yes,One Year,Yes,Bank Withdrawal,64.5,1985.15,0.0,0,1102.2,3087.3500000000004,Female,56,No,No,Yes,Yes,1,5,10.75,0,1,Promoter
5214,No,0,47,,Yes,14.22,Yes,Yes,Fiber Optic,11,No,Yes,No,Yes,Yes,No,No,Yes,Month-to-Month,Yes,Bank Withdrawal,95.05,4504.55,0.0,0,668.34,5172.89,Female,78,No,Yes,No,No,0,6,13.578571428571427,0,1,Detractor
4171,No,0,11,Offer D,Yes,40.96,No,Yes,DSL,52,Yes,No,Yes,No,No,Yes,Yes,No,Month-to-Month,No,Bank Withdrawal,64.05,733.95,0.0,90,450.56,1274.51,Female,19,Yes,No,No,No,0,5,10.675,1,1,Passive
4781,Yes,2,64,,Yes,18.03,No,Yes,Cable,42,Yes,Yes,Yes,Yes,No,Yes,Yes,Yes,Two Year,Yes,Mailed Check,74.35,4759.55,0.0,0,1153.92,5913.47,Female,23,Yes,No,Yes,No,0,8,8.261111111111111,0,0,Detractor
5998,Yes,1,10,,Yes,24.48,Yes,Yes,Fiber Optic,30,Yes,No,No,No,Yes,Yes,Yes,Yes,Month-to-Month,Yes,Bank Withdrawal,100.25,1064.65,0.0,0,244.8,1309.45,Female,62,No,No,Yes,Yes,2,7,12.53125,1,1,Detractor
3041,Yes,1,36,,Yes,24.54,Yes,Yes,Fiber Optic,5,No,No,No,No,No,Yes,Yes,Yes,Month-to-Month,Yes,Credit Card,85.25,3132.75,0.0,0,883.4399999999999,4016.19,Male,65,No,Yes,Yes,No,0,5,14.208333333333334,0,0,Detractor
6012,No,0,72,Offer A,Yes,29.03,Yes,Yes,DSL,27,Yes,No,Yes,Yes,Yes,Yes,Yes,Yes,Two Year,No,Credit Card,84.3,5997.1,0.0,0,2090.16,8087.26,Male,55,No,No,No,No,0,9,8.43,0,0,Passive
4404,No,0,7,,No,0.0,No,Yes,DSL,4,No,No,No,No,No,No,No,Yes,Month-to-Month,No,Bank Withdrawal,25.05,189.95,0.0,0,0.0,189.95,Female,42,No,No,No,No,0,1,12.525,1,1,Passive
2074,No,0,26,Offer C,Yes,3.26,No,Yes,DSL,6,No,No,No,Yes,Yes,No,No,Yes,One Year,No,Credit Card,59.45,1507.0,0.0,0,84.75999999999999,1591.76,Male,47,No,No,No,No,0,4,11.89,0,0,Passive
5296,No,0,11,,Yes,48.33,Yes,Yes,DSL,17,Yes,Yes,No,No,No,No,No,No,Two Year,No,Bank Withdrawal,60.25,662.95,0.0,120,531.63,1314.58,Male,75,No,Yes,No,No,0,4,12.05,1,1,Detractor
5687,No,0,60,,Yes,15.29,Yes,Yes,Fiber Optic,48,No,No,Yes,No,No,No,No,Yes,One Year,Yes,Bank Withdrawal,79.2,4765.0,0.0,0,917.4,5682.4,Female,24,Yes,No,No,No,0,4,15.84,0,1,Detractor
5928,Yes,4,7,,Yes,12.16,No,Yes,DSL,9,Yes,No,Yes,Yes,Yes,Yes,Yes,Yes,Month-to-Month,No,Bank Withdrawal,81.25,580.1,47.36,0,85.12,617.86,Female,38,No,No,Yes,No,0,8,9.02777777777778,1,1,Detractor
5638,Yes,5,35,,No,0.0,No,Yes,DSL,30,Yes,No,Yes,No,Yes,Yes,Yes,Yes,One Year,No,Credit Card,53.15,1930.9,0.0,0,0.0,1930.9,Male,53,No,No,Yes,No,0,6,7.5928571428571425,0,0,Detractor
2290,No,0,40,,No,0.0,No,Yes,Cable,19,Yes,Yes,Yes,No,Yes,Yes,Yes,Yes,One Year,No,Credit Card,62.05,2511.55,0.0,0,0.0,2511.55,Male,38,No,No,No,No,0,7,7.75625,0,0,Detractor
4062,Yes,1,3,Offer E,Yes,44.34,Yes,Yes,Fiber Optic,29,No,No,No,No,No,No,No,Yes,Month-to-Month,Yes,Bank Withdrawal,75.85,256.6,0.0,0,133.02,389.62,Female,61,No,No,Yes,No,0,3,18.9625,1,1,Detractor
2101,No,0,2,,Yes,26.87,Yes,Yes,Fiber Optic,52,No,No,No,No,No,No,No,Yes,Month-to-Month,Yes,Bank Withdrawal,75.9,143.35,0.0,0,53.74,197.09,Female,30,No,No,No,No,0,3,18.975,1,1,Detractor
6466,No,0,57,,Yes,19.69,No,No,No internet,0,No,No,No,No,No,No,No,No,Two Year,No,Credit Card,18.8,1094.35,0.0,0,1122.3300000000002,2216.6800000000003,Male,45,No,No,No,No,0,1,9.4,0,0,Promoter
5592,No,0,50,Offer B,Yes,48.45,Yes,Yes,DSL,14,No,Yes,No,Yes,Yes,Yes,Yes,Yes,Two Year,Yes,Mailed Check,79.6,4024.2,0.0,0,2422.5,6446.7,Female,39,No,No,No,No,0,8,8.844444444444443,0,0,Passive
4028,No,0,5,,Yes,42.33,No,Yes,Fiber Optic,9,No,No,Yes,No,No,No,No,Yes,Month-to-Month,Yes,Credit Card,75.55,349.65,0.0,0,211.65,561.3,Female,78,No,Yes,No,No,0,3,18.8875,1,0,Detractor
3444,No,0,9,,Yes,27.34,No,No,No internet,0,No,No,No,No,No,No,No,No,One Year,No,Credit Card,20.1,190.25,0.0,0,246.06,436.31,Male,60,No,No,No,Yes,3,1,10.05,1,0,Passive
4111,No,0,39,Offer C,Yes,17.17,Yes,Yes,Fiber Optic,30,Yes,Yes,No,No,Yes,Yes,Yes,Yes,Month-to-Month,Yes,Bank Withdrawal,106.4,4040.65,0.0,0,669.6300000000001,4710.280000000001,Male,55,No,No,No,No,0,8,11.822222222222225,0,1,Passive
4113,Yes,10,68,Offer A,Yes,15.65,Yes,Yes,DSL,5,Yes,Yes,Yes,Yes,Yes,Yes,Yes,Yes,Two Year,Yes,Bank Withdrawal,91.7,6424.7,0.0,0,1064.2,7488.9,Female,45,No,No,Yes,No,0,10,8.336363636363636,0,1,Detractor
5096,Yes,1,63,,Yes,17.75,Yes,Yes,Fiber Optic,15,No,Yes,Yes,No,Yes,Yes,Yes,Yes,Month-to-Month,Yes,Bank Withdrawal,102.4,6444.05,0.0,0,1118.25,7562.3,Male,47,No,No,Yes,No,0,8,11.377777777777778,0,1,Passive
2640,No,0,37,,Yes,21.84,No,Yes,Fiber Optic,41,No,Yes,No,No,Yes,Yes,Yes,Yes,Month-to-Month,Yes,Credit Card,96.1,3646.8,0.0,0,808.08,4454.88,Male,28,Yes,No,No,No,0,6,13.728571428571428,0,0,Passive
2905,Yes,1,1,Offer E,Yes,13.02,Yes,Yes,Fiber Optic,30,No,Yes,No,No,Yes,No,No,Yes,Month-to-Month,Yes,Bank Withdrawal,90.6,90.6,0.0,0,13.02,103.62,Female,77,No,Yes,Yes,No,0,5,15.1,1,1,Detractor
4074,No,0,11,,Yes,3.62,Yes,Yes,Fiber Optic,22,No,No,No,No,Yes,Yes,Yes,Yes,Month-to-Month,Yes,Bank Withdrawal,95.15,997.65,0.0,0,39.82,1037.47,Female,67,No,Yes,No,No,0,6,13.592857142857143,1,1,Detractor
5785,Yes,1,49,,Yes,6.45,Yes,Yes,Fiber Optic,10,No,Yes,Yes,Yes,Yes,Yes,Yes,Yes,Two Year,Yes,Bank Withdrawal,107.95,5293.2,0.0,0,316.05,5609.25,Female,38,No,No,Yes,No,0,9,10.795,0,1,Detractor
5755,Yes,7,27,,Yes,41.11,Yes,Yes,Fiber Optic,14,Yes,No,Yes,No,No,No,No,Yes,One Year,Yes,Bank Withdrawal,85.9,2220.1,0.0,0,1109.97,3330.07,Male,72,No,Yes,Yes,No,0,5,14.316666666666668,0,1,Detractor
4668,No,0,7,Offer E,Yes,28.5,No,Yes,Fiber Optic,13,No,No,No,No,No,No,No,No,Month-to-Month,Yes,Bank Withdrawal,71.05,472.65,0.0,10,199.5,682.15,Female,48,No,No,No,Yes,1,1,35.525,1,1,Promoter
5838,No,0,1,,Yes,16.42,No,Yes,Cable,21,Yes,No,No,No,No,No,No,Yes,Month-to-Month,Yes,Bank Withdrawal,48.45,48.45,0.0,0,16.42,64.87,Female,63,No,No,No,No,0,3,12.1125,1,1,Detractor
4283,No,0,9,,Yes,46.94,No,No,No internet,0,No,No,No,No,No,No,No,No,Month-to-Month,Yes,Bank Withdrawal,19.5,178.85,0.0,0,422.46,601.31,Female,43,No,No,No,No,0,1,9.75,1,1,Passive
4745,Yes,4,43,,Yes,3.66,Yes,Yes,Fiber Optic,22,Yes,Yes,No,No,Yes,No,No,Yes,Month-to-Month,Yes,Bank Withdrawal,94.5,4156.8,0.0,0,157.38,4314.18,Female,76,No,Yes,Yes,No,0,6,13.5,0,1,Detractor
3331,No,0,7,,Yes,13.86,No,No,No internet,0,No,No,No,No,No,No,No,No,Month-to-Month,Yes,Credit Card,19.95,147.5,0.0,0,97.02,244.52,Male,47,No,No,No,No,0,1,9.975,1,0,Detractor
5397,No,0,11,Offer D,Yes,49.8,No,No,No internet,0,No,No,No,No,No,No,No,No,Two Year,No,Credit Card,20.4,231.45,0.0,0,547.8,779.25,Male,60,No,No,No,No,0,1,10.2,1,0,Passive
2951,Yes,1,4,,Yes,28.55,No,No,No internet,0,No,No,No,No,No,No,No,No,Month-to-Month,Yes,Bank Withdrawal,19.95,82.9,0.0,0,114.2,197.1,Female,30,No,No,Yes,Yes,2,1,9.975,1,1,Passive
5741,No,0,20,Offer D,Yes,49.81,No,Yes,DSL,4,No,No,No,Yes,No,No,No,Yes,Month-to-Month,No,Credit Card,50.0,1003.05,2.81,0,996.2,1996.44,Male,38,No,No,No,No,0,3,12.5,0,0,Detractor
3244,No,0,10,Offer D,No,0.0,No,Yes,DSL,4,No,No,No,No,No,Yes,No,Yes,Month-to-Month,Yes,Bank Withdrawal,34.7,329.8,0.0,0,0.0,329.8,Female,67,No,Yes,No,No,0,2,11.566666666666668,1,1,Detractor
4049,Yes,1,72,Offer A,No,0.0,No,Yes,DSL,7,Yes,Yes,Yes,Yes,Yes,Yes,No,No,Two Year,Yes,Credit Card,64.95,4546.0,0.0,30,0.0,4576.0,Male,70,No,Yes,Yes,No,0,6,9.278571428571428,0,0,Detractor
2908,No,0,1,Offer E,Yes,41.79,No,Yes,DSL,14,Yes,No,No,No,No,No,No,Yes,Month-to-Month,No,Bank Withdrawal,49.75,49.75,0.0,0,41.79,91.54,Male,47,No,No,No,No,0,3,12.4375,1,1,Passive
2540,Yes,1,12,Offer D,Yes,44.6,No,Yes,Fiber Optic,20,No,Yes,No,No,No,Yes,Yes,Yes,Month-to-Month,Yes,Credit Card,85.05,999.8,0.0,0,535.2,1535.0,Male,44,No,No,Yes,No,0,5,14.175,1,0,Detractor
2784,Yes,5,29,Offer C,Yes,34.44,No,No,No internet,0,No,No,No,No,No,No,No,No,Two Year,No,Credit Card,20.2,558.8,0.0,0,998.76,1557.56,Female,40,No,No,Yes,Yes,1,1,10.1,0,0,Detractor
2451,No,0,1,Offer E,Yes,15.76,No,Yes,DSL,13,No,No,No,No,No,No,No,Yes,Month-to-Month,Yes,Credit Card,44.9,44.9,0.0,0,15.76,60.66,Male,44,No,No,No,No,0,2,14.966666666666669,1,0,Detractor
5601,Yes,3,49,,Yes,42.19,Yes,Yes,Cable,52,Yes,No,No,No,No,No,No,Yes,One Year,Yes,Bank Withdrawal,55.35,2633.95,0.0,0,2067.31,4701.26,Male,29,Yes,No,Yes,No,0,4,11.07,0,1,Detractor
4006,No,0,46,,Yes,13.42,No,No,No internet,0,No,No,No,No,No,No,No,No,Two Year,No,Bank Withdrawal,19.95,907.05,0.0,0,617.32,1524.37,Male,51,No,No,No,No,0,1,9.975,0,1,Promoter
2420,No,0,27,,Yes,16.94,Yes,Yes,Fiber Optic,11,No,No,Yes,No,No,Yes,No,Yes,Month-to-Month,No,Credit Card,88.3,2467.75,0.0,0,457.38000000000005,2925.13,Female,72,No,Yes,No,No,0,5,14.716666666666669,0,0,Detractor
2013,No,0,10,Offer D,No,0.0,No,Yes,DSL,8,Yes,No,No,No,No,No,No,Yes,Month-to-Month,No,Mailed Check,29.75,301.9,0.0,0,0.0,301.9,Female,42,No,No,No,No,0,2,9.916666666666666,1,0,Detractor
4209,No,0,1,,Yes,14.97,No,Yes,DSL,5,No,No,No,Yes,No,No,No,No,Month-to-Month,Yes,Bank Withdrawal,49.3,49.3,0.0,10,14.97,74.27,Male,54,No,No,No,No,0,2,16.433333333333334,1,1,Detractor
5168,Yes,5,26,,Yes,37.6,Yes,Yes,Fiber Optic,10,No,Yes,No,No,No,No,No,Yes,Month-to-Month,No,Bank Withdrawal,79.3,2015.8,0.0,0,977.6,2993.4,Female,50,No,No,Yes,No,0,4,15.86,0,1,Detractor
4231,No,0,54,,Yes,36.68,No,Yes,DSL,28,Yes,No,Yes,Yes,Yes,Yes,Yes,No,Two Year,No,Bank Withdrawal,80.6,4299.95,0.0,140,1980.72,6420.67,Female,46,No,No,No,No,0,7,10.075,0,1,Passive
4905,No,0,1,,Yes,16.47,No,No,No internet,0,No,No,No,No,No,No,No,No,Month-to-Month,No,Credit Card,19.85,19.85,0.0,0,16.47,36.32,Female,47,No,No,No,No,0,1,9.925,1,0,Promoter
5107,No,0,43,Offer B,Yes,49.13,Yes,Yes,Fiber Optic,25,No,Yes,No,No,No,No,No,Yes,Month-to-Month,Yes,Bank Withdrawal,77.85,3365.85,0.0,0,2112.59,5478.4400000000005,Male,47,No,No,No,No,0,4,15.57,0,1,Detractor
3402,No,0,19,Offer D,Yes,9.55,No,Yes,Fiber Optic,6,No,No,Yes,Yes,Yes,No,No,Yes,Month-to-Month,No,Credit Card,89.95,1682.4,29.64,0,181.45,1834.21,Male,49,No,No,No,No,0,5,14.991666666666667,0,0,Promoter
2570,No,0,2,Offer E,Yes,46.84,No,Yes,DSL,3,No,No,No,No,No,No,No,Yes,Month-to-Month,No,Bank Withdrawal,44.35,81.25,0.0,0,93.68,174.93,Male,45,No,No,No,No,0,2,14.783333333333331,1,1,Detractor
2236,Yes,6,34,Offer C,Yes,4.42,No,No,No internet,0,No,No,No,No,No,No,No,No,Two Year,No,Credit Card,20.05,679.0,0.0,0,150.28,829.28,Male,44,No,No,Yes,No,0,1,10.025,0,0,Detractor
6385,Yes,1,51,,Yes,31.66,No,Yes,Cable,3,Yes,No,No,Yes,Yes,Yes,Yes,Yes,One Year,Yes,Bank Withdrawal,76.4,3966.3,0.0,0,1614.66,5580.96,Male,59,No,No,Yes,No,0,7,9.55,0,1,Detractor
5242,No,0,9,,Yes,43.34,No,Yes,Fiber Optic,2,No,No,No,No,Yes,No,No,Yes,Month-to-Month,Yes,Bank Withdrawal,80.85,751.65,0.0,0,390.06000000000006,1141.71,Female,79,No,Yes,No,No,0,3,20.2125,1,1,Detractor
5744,Yes,1,36,,Yes,12.61,No,No,No internet,0,No,No,No,No,No,No,No,No,One Year,No,Bank Withdrawal,20.85,720.05,0.0,0,453.96,1174.01,Male,26,Yes,No,Yes,No,0,1,10.425,0,1,Passive
3043,Yes,7,45,Offer B,Yes,20.11,Yes,No,No internet,0,No,No,No,No,No,No,No,No,Two Year,Yes,Bank Withdrawal,24.65,1138.8,0.0,0,904.95,2043.75,Female,48,No,No,Yes,Yes,1,2,8.216666666666667,0,1,Passive
3209,Yes,1,17,Offer D,Yes,36.82,Yes,Yes,Fiber Optic,6,Yes,No,Yes,No,No,No,No,Yes,Month-to-Month,Yes,Bank Withdrawal,85.35,1463.45,0.0,0,625.94,2089.3900000000003,Female,80,No,Yes,Yes,No,0,5,14.225,0,1,Detractor
3061,No,0,48,,Yes,5.87,Yes,Yes,Fiber Optic,2,No,Yes,No,No,Yes,Yes,No,Yes,One Year,Yes,Bank Withdrawal,99.0,4744.35,0.0,0,281.76,5026.110000000001,Male,71,No,Yes,No,No,0,6,14.142857142857142,0,1,Passive
4501,Yes,1,10,Offer D,Yes,1.09,Yes,Yes,Fiber Optic,18,No,No,Yes,No,Yes,Yes,Yes,Yes,Month-to-Month,Yes,Bank Withdrawal,98.5,1037.75,0.0,0,10.9,1048.65,Male,35,No,No,Yes,No,0,7,12.3125,1,1,Detractor
3844,Yes,6,42,,No,0.0,No,Yes,DSL,26,No,Yes,Yes,No,No,Yes,Yes,Yes,One Year,Yes,Credit Card,45.1,2049.05,0.0,0,0.0,2049.05,Male,32,No,No,Yes,No,0,5,7.516666666666667,0,0,Passive
5711,Yes,8,7,,Yes,41.97,No,Yes,Fiber Optic,11,No,No,No,No,Yes,Yes,Yes,Yes,Two Year,Yes,Bank Withdrawal,89.0,605.45,0.0,0,293.79,899.24,Male,71,No,Yes,Yes,No,0,5,14.833333333333334,1,1,Passive
3706,No,0,1,,Yes,17.37,No,Yes,Fiber Optic,25,No,No,No,No,No,No,No,Yes,Month-to-Month,Yes,Bank Withdrawal,70.1,70.1,0.0,0,17.37,87.47,Female,43,No,No,No,No,0,2,23.366666666666664,1,1,Detractor
4412,No,0,3,Offer E,Yes,26.04,No,Yes,Cable,16,Yes,No,No,Yes,No,No,No,Yes,Month-to-Month,Yes,Mailed Check,55.1,154.65,0.0,0,78.12,232.77,Female,43,No,No,No,Yes,2,4,11.02,1,0,Detractor
4488,Yes,10,66,,Yes,37.38,Yes,Yes,Fiber Optic,8,Yes,Yes,No,Yes,No,No,No,Yes,One Year,No,Bank Withdrawal,89.0,5898.6,0.0,0,2467.0800000000004,8365.68,Female,59,No,No,Yes,No,0,6,12.714285714285714,0,1,Detractor
4934,No,0,50,Offer B,Yes,37.95,No,No,No internet,0,No,No,No,No,No,No,No,No,One Year,No,Bank Withdrawal,19.75,989.05,0.0,0,1897.5,2886.55,Female,63,No,No,No,No,0,1,9.875,0,1,Passive
2320,Yes,1,47,Offer B,Yes,39.25,Yes,Yes,DSL,26,No,Yes,No,No,No,No,Yes,Yes,Month-to-Month,No,Bank Withdrawal,54.25,2538.2,0.0,0,1844.75,4382.95,Male,28,Yes,No,Yes,Yes,1,5,9.041666666666666,0,1,Promoter
4437,No,0,8,,Yes,32.31,No,Yes,Fiber Optic,6,Yes,No,No,No,Yes,No,No,Yes,Month-to-Month,No,Bank Withdrawal,84.95,668.4,0.0,0,258.48,926.88,Female,35,No,No,No,No,0,4,16.990000000000002,1,1,Detractor
4987,No,0,4,,Yes,41.94,No,No,No internet,0,No,No,No,No,No,No,No,No,Month-to-Month,No,Credit Card,19.75,78.3,0.0,0,167.76,246.06,Male,20,Yes,No,No,No,0,1,9.875,1,0,Detractor
4262,Yes,6,62,Offer B,Yes,15.76,Yes,Yes,Fiber Optic,59,Yes,Yes,No,No,Yes,No,Yes,Yes,One Year,Yes,Credit Card,94.95,5791.85,0.0,0,977.12,6768.97,Male,19,Yes,No,Yes,Yes,3,7,11.86875,0,0,Passive
4603,Yes,6,72,,Yes,22.05,No,No,No internet,0,No,No,No,No,No,No,No,No,Two Year,Yes,Credit Card,20.1,1326.25,0.0,0,1587.6,2913.8500000000004,Female,25,Yes,No,Yes,Yes,2,1,10.05,0,0,Passive
4287,No,0,4,Offer E,Yes,33.5,No,Yes,Fiber Optic,27,No,No,No,No,No,No,No,Yes,Month-to-Month,Yes,Bank Withdrawal,70.9,273.0,8.74,0,134.0,398.26,Female,42,No,No,No,Yes,1,2,23.633333333333336,1,1,Detractor
2282,Yes,5,48,Offer B,Yes,15.95,No,No,No internet,0,No,No,No,No,No,No,No,No,Two Year,No,Credit Card,19.25,855.1,0.0,0,765.5999999999999,1620.6999999999998,Male,43,No,No,Yes,No,0,1,9.625,0,0,Passive
5105,Yes,1,9,Offer E,Yes,31.75,No,Yes,Fiber Optic,25,No,No,Yes,No,No,No,No,Yes,Month-to-Month,Yes,Bank Withdrawal,75.75,655.9,0.0,0,285.75,941.65,Female,46,No,No,Yes,No,0,3,18.9375,1,1,Detractor
5510,No,0,3,,Yes,27.34,No,Yes,Fiber Optic,71,No,No,Yes,No,No,No,No,No,Month-to-Month,Yes,Credit Card,73.6,232.5,0.0,10,82.02,324.52,Male,29,Yes,No,No,No,0,2,24.53333333333333,1,0,Promoter
2230,No,0,13,,Yes,19.03,Yes,Yes,Fiber Optic,24,No,No,No,No,Yes,Yes,Yes,Yes,Month-to-Month,Yes,Bank Withdrawal,95.05,1290.0,0.0,0,247.39,1537.39,Female,73,No,Yes,No,No,0,6,13.578571428571427,0,1,Detractor
3752,No,0,39,,No,0.0,No,Yes,DSL,14,No,No,Yes,Yes,No,No,No,Yes,One Year,No,Credit Card,35.55,1309.15,0.0,0,0.0,1309.15,Male,41,No,No,No,No,0,3,8.8875,0,0,Detractor
5413,Yes,2,61,,Yes,2.19,Yes,Yes,Fiber Optic,8,No,Yes,Yes,Yes,Yes,No,No,Yes,One Year,Yes,Credit Card,98.3,6066.55,0.0,0,133.59,6200.14,Male,77,No,Yes,Yes,No,0,7,12.2875,0,0,Detractor
5456,No,0,20,,Yes,43.49,No,Yes,Fiber Optic,28,No,No,No,No,No,No,No,Yes,Month-to-Month,Yes,Bank Withdrawal,69.8,1540.35,0.0,0,869.8000000000001,2410.15,Female,51,No,No,Yes,No,0,2,23.266666666666666,0,1,Promoter
3364,No,0,37,,Yes,9.61,No,Yes,Fiber Optic,11,No,Yes,Yes,No,No,No,No,Yes,One Year,No,Bank Withdrawal,80.05,3019.1,0.0,0,355.57,3374.67,Female,48,No,No,No,No,0,4,16.009999999999998,0,1,Promoter
4447,Yes,7,72,,Yes,1.34,Yes,Yes,DSL,19,Yes,No,Yes,Yes,Yes,Yes,Yes,Yes,Two Year,Yes,Bank Withdrawal,84.9,6065.3,0.0,0,96.48,6161.78,Female,36,No,No,Yes,No,0,9,8.49,0,1,Passive
3493,No,0,13,,Yes,24.14,Yes,Yes,Fiber Optic,21,No,No,No,Yes,Yes,Yes,Yes,Yes,Month-to-Month,Yes,Credit Card,99.0,1301.7,0.0,0,313.82,1615.52,Male,31,No,No,No,No,0,7,12.375,0,0,Detractor
4766,Yes,3,72,Offer A,Yes,45.05,Yes,Yes,Cable,9,Yes,Yes,Yes,Yes,No,Yes,Yes,Yes,Two Year,No,Credit Card,79.55,5810.9,0.0,0,3243.6,9054.5,Male,34,No,No,Yes,No,0,9,7.955,0,0,Detractor
3613,No,0,6,Offer E,Yes,20.11,No,Yes,DSL,5,Yes,No,No,No,No,Yes,Yes,Yes,Month-to-Month,Yes,Bank Withdrawal,59.15,336.7,0.0,0,120.66,457.36,Male,60,No,No,No,No,0,5,9.858333333333333,1,1,Detractor
2264,No,0,5,,Yes,36.52,Yes,Yes,Fiber Optic,27,No,Yes,Yes,No,No,No,No,Yes,Month-to-Month,Yes,Bank Withdrawal,85.3,424.15,0.0,0,182.6,606.75,Male,30,No,No,No,No,0,5,14.216666666666669,1,1,Detractor
4309,No,0,65,Offer B,Yes,44.7,No,No,No internet,0,No,No,No,No,No,No,No,No,Two Year,Yes,Credit Card,19.55,1218.65,0.0,0,2905.5,4124.15,Male,34,No,No,No,No,0,1,9.775,0,0,Promoter
2484,No,0,1,,Yes,26.85,No,Yes,Fiber Optic,11,Yes,No,No,No,No,Yes,Yes,Yes,Month-to-Month,Yes,Credit Card,84.6,84.6,0.0,0,26.85,111.45,Male,40,No,No,No,Yes,1,5,14.1,1,0,Detractor
5430,No,0,72,,Yes,10.05,Yes,Yes,Fiber Optic,82,No,Yes,Yes,Yes,Yes,Yes,Yes,Yes,Two Year,Yes,Credit Card,108.05,7806.6,0.0,0,723.6,8530.2,Female,19,Yes,No,No,No,0,9,10.805,0,0,Detractor
4457,Yes,1,47,,Yes,26.95,No,Yes,Fiber Optic,26,No,No,No,No,No,No,No,Yes,Month-to-Month,No,Bank Withdrawal,70.55,3309.25,26.99,0,1266.65,4548.91,Female,73,No,Yes,Yes,No,0,2,23.516666666666666,0,1,Detractor
2111,Yes,1,48,Offer B,Yes,20.73,Yes,No,No internet,0,No,No,No,No,No,No,No,No,Two Year,No,Bank Withdrawal,26.3,1245.05,0.0,0,995.04,2240.09,Male,59,No,No,Yes,Yes,3,2,8.766666666666667,0,1,Detractor
4324,Yes,1,59,Offer B,No,0.0,No,Yes,DSL,69,No,Yes,No,No,No,Yes,Yes,Yes,Month-to-Month,Yes,Bank Withdrawal,41.05,2452.7,0.0,0,0.0,2452.7,Male,23,Yes,No,Yes,No,0,4,8.209999999999999,0,1,Detractor
5461,No,0,57,,No,0.0,No,Yes,DSL,28,No,No,Yes,Yes,Yes,Yes,Yes,No,Two Year,No,Credit Card,53.35,3090.05,0.0,100,0.0,3190.05,Male,33,No,No,No,No,0,5,8.891666666666667,0,0,Passive
4701,Yes,10,42,Offer B,Yes,16.67,Yes,Yes,Cable,17,Yes,Yes,No,No,Yes,No,No,Yes,Month-to-Month,Yes,Bank Withdrawal,69.4,3058.3,0.0,0,700.1400000000001,3758.440000000001,Male,64,No,No,Yes,Yes,1,6,9.914285714285716,0,1,Detractor
5453,Yes,1,66,Offer A,Yes,23.27,Yes,Yes,DSL,58,Yes,Yes,Yes,Yes,Yes,Yes,Yes,Yes,Two Year,No,Bank Withdrawal,91.7,6075.9,0.0,0,1535.82,7611.719999999999,Male,19,Yes,No,Yes,No,0,10,8.336363636363636,0,1,Detractor
3445,No,0,34,,Yes,45.56,No,Yes,DSL,7,Yes,Yes,No,No,No,Yes,Yes,Yes,One Year,No,Bank Withdrawal,64.35,2053.05,46.39,0,1549.04,3555.7,Female,55,No,No,No,No,0,6,9.19285714285714,0,1,Detractor
5550,No,0,53,,Yes,29.8,Yes,Yes,Fiber Optic,4,Yes,No,Yes,No,Yes,Yes,Yes,Yes,One Year,Yes,Credit Card,106.95,5785.5,0.0,0,1579.4,7364.9,Female,44,No,No,No,No,0,8,11.883333333333333,0,0,Detractor
2979,No,0,6,,No,0.0,No,Yes,Cable,48,No,No,No,Yes,Yes,Yes,Yes,Yes,One Year,Yes,Credit Card,49.25,255.6,0.0,0,0.0,255.6,Female,29,Yes,No,No,No,0,5,8.208333333333334,1,0,Detractor
4170,Yes,4,56,,Yes,12.97,No,Yes,Fiber Optic,28,No,No,No,No,Yes,Yes,Yes,Yes,One Year,No,Bank Withdrawal,88.9,4968.0,0.0,0,726.32,5694.32,Female,49,No,No,Yes,Yes,1,5,14.816666666666668,0,1,Promoter
5969,Yes,3,20,Offer D,Yes,33.78,No,Yes,DSL,18,Yes,No,No,Yes,No,Yes,Yes,No,One Year,Yes,Credit Card,64.15,1274.45,0.0,100,675.6,2050.05,Male,45,No,No,Yes,No,0,5,10.691666666666668,0,0,Passive
3585,No,0,32,Offer C,No,0.0,No,Yes,DSL,18,Yes,No,No,No,No,No,No,Yes,One Year,No,Credit Card,30.15,927.65,0.0,0,0.0,927.65,Female,60,No,No,No,No,0,2,10.05,0,0,Passive
2703,Yes,4,37,,Yes,42.45,Yes,Yes,DSL,23,No,Yes,No,Yes,No,Yes,Yes,Yes,One Year,No,Credit Card,72.1,2658.4,16.36,0,1570.65,4212.6900000000005,Female,41,No,No,Yes,No,0,7,9.0125,0,0,Detractor
6105,No,0,58,Offer B,Yes,44.5,Yes,Yes,Fiber Optic,47,No,Yes,Yes,No,Yes,Yes,Yes,Yes,One Year,Yes,Bank Withdrawal,103.25,6017.65,0.0,0,2581.0,8598.65,Male,20,Yes,No,No,No,0,8,11.47222222222222,0,1,Detractor
4396,No,0,33,Offer C,Yes,17.63,No,Yes,Fiber Optic,19,No,Yes,Yes,No,No,No,No,Yes,Month-to-Month,Yes,Credit Card,79.0,2576.8,0.0,0,581.79,3158.59,Male,59,No,No,No,No,0,4,15.8,0,0,Detractor
3190,No,0,3,,Yes,34.49,Yes,Yes,Fiber Optic,52,No,No,No,No,No,No,Yes,Yes,Month-to-Month,No,Credit Card,75.0,209.1,0.0,0,103.47,312.57,Male,27,Yes,No,No,No,0,4,15.0,1,0,Detractor
4295,No,0,65,,Yes,44.23,Yes,Yes,Fiber Optic,27,Yes,No,Yes,Yes,Yes,Yes,No,Yes,Two Year,Yes,Bank Withdrawal,110.35,7246.15,0.0,0,2874.95,10121.1,Male,80,No,Yes,No,No,0,8,12.261111111111113,0,1,Detractor
6124,Yes,4,71,,Yes,6.19,Yes,Yes,Fiber Optic,9,Yes,Yes,Yes,Yes,Yes,Yes,Yes,Yes,Two Year,Yes,Bank Withdrawal,116.25,8564.75,0.0,0,439.49,9004.24,Male,42,No,No,Yes,No,0,10,10.568181818181818,0,1,Detractor
5856,Yes,6,71,Offer A,Yes,5.22,Yes,Yes,Fiber Optic,10,Yes,Yes,No,No,Yes,No,No,Yes,One Year,No,Credit Card,95.65,6856.95,0.0,0,370.62,7227.57,Female,53,No,No,Yes,No,0,6,13.664285714285716,0,0,Detractor
3746,No,0,2,,Yes,2.46,No,No,No internet,0,No,No,No,No,No,No,No,No,Month-to-Month,No,Credit Card,20.35,35.1,0.0,0,4.92,40.02,Female,57,No,No,No,No,0,1,10.175,1,0,Promoter
4644,No,0,71,,Yes,2.88,Yes,Yes,Fiber Optic,48,Yes,Yes,Yes,Yes,Yes,Yes,Yes,Yes,One Year,Yes,Bank Withdrawal,116.3,8309.55,0.0,0,204.48,8514.029999999999,Male,22,Yes,No,No,No,0,10,10.572727272727272,0,1,Passive
4829,Yes,2,44,,No,0.0,No,Yes,Cable,28,No,Yes,No,No,No,No,No,Yes,Month-to-Month,Yes,Bank Withdrawal,30.35,1359.7,0.0,0,0.0,1359.7,Male,73,No,Yes,Yes,No,0,2,10.116666666666667,0,1,Detractor
2279,No,0,2,,Yes,15.79,No,No,No internet,0,No,No,No,No,No,No,No,No,One Year,No,Credit Card,19.3,28.3,0.0,0,31.58,59.88,Male,56,No,No,No,No,0,1,9.65,1,0,Detractor
3357,No,0,1,,Yes,22.56,Yes,Yes,Cable,2,No,No,No,No,No,No,No,Yes,Month-to-Month,No,Credit Card,50.55,50.55,0.0,0,22.56,73.11,Female,69,No,Yes,No,No,0,3,12.6375,1,0,Detractor
4461,Yes,1,33,Offer C,Yes,41.61,Yes,Yes,Fiber Optic,73,Yes,No,Yes,No,Yes,Yes,Yes,Yes,One Year,Yes,Mailed Check,103.7,3467.0,0.0,0,1373.13,4840.13,Female,22,Yes,No,Yes,No,0,8,11.522222222222222,0,0,Detractor
5879,Yes,1,72,,Yes,15.94,Yes,Yes,Fiber Optic,13,Yes,Yes,Yes,Yes,Yes,Yes,Yes,Yes,Two Year,Yes,Credit Card,114.3,8058.55,0.0,0,1147.68,9206.23,Male,43,No,No,Yes,Yes,1,10,10.39090909090909,0,0,Detractor
3982,No,0,37,,Yes,37.49,Yes,Yes,Fiber Optic,29,No,No,Yes,No,No,No,No,Yes,Month-to-Month,Yes,Credit Card,78.95,2839.65,0.0,0,1387.13,4226.780000000001,Female,62,No,No,Yes,No,0,4,15.79,0,0,Detractor
5866,Yes,2,70,Offer A,Yes,14.48,No,Yes,Fiber Optic,7,Yes,Yes,Yes,No,Yes,Yes,Yes,Yes,Two Year,No,Credit Card,105.35,7511.9,0.0,0,1013.6,8525.5,Male,70,No,Yes,Yes,No,0,8,11.705555555555556,0,0,Passive
6424,Yes,1,58,Offer B,Yes,27.99,Yes,Yes,Fiber Optic,24,Yes,Yes,Yes,No,Yes,Yes,Yes,Yes,Two Year,Yes,Bank Withdrawal,109.45,6144.55,0.0,0,1623.4199999999998,7767.97,Female,39,No,No,Yes,No,0,9,10.945,0,1,Detractor
3616,No,0,27,,Yes,20.29,No,Yes,DSL,21,Yes,Yes,No,No,No,No,No,Yes,One Year,No,Bank Withdrawal,55.45,1477.65,0.0,0,547.8299999999999,2025.48,Male,50,No,No,No,No,0,4,11.09,0,1,Detractor
2967,No,0,13,,No,0.0,No,Yes,DSL,53,No,No,No,No,No,No,No,Yes,Month-to-Month,Yes,Bank Withdrawal,23.9,300.8,0.0,0,0.0,300.8,Female,30,No,No,No,No,0,1,11.95,0,1,Detractor
4801,No,0,1,Offer E,Yes,7.32,No,No,No internet,0,No,No,No,No,No,No,No,No,Month-to-Month,No,Credit Card,20.55,20.55,0.0,0,7.32,27.87,Male,29,Yes,No,No,No,0,1,10.275,1,0,Passive
5616,Yes,8,49,,Yes,33.65,Yes,No,No internet,0,No,No,No,No,No,No,No,No,Two Year,No,Credit Card,25.25,1211.65,0.0,0,1648.85,2860.5,Female,23,Yes,No,Yes,Yes,2,2,8.416666666666666,0,0,Detractor
5272,Yes,6,23,,Yes,46.82,No,Yes,Fiber Optic,11,No,No,No,No,Yes,Yes,No,No,One Year,Yes,Bank Withdrawal,90.45,2117.25,0.0,30,1076.86,3224.11,Male,76,No,Yes,Yes,No,0,3,22.6125,0,1,Passive
5804,Yes,9,32,Offer C,Yes,43.54,Yes,Yes,Fiber Optic,3,No,Yes,Yes,No,No,Yes,No,Yes,Two Year,Yes,Bank Withdrawal,93.5,2970.8,0.0,0,1393.28,4364.08,Male,78,No,Yes,Yes,No,0,6,13.357142857142858,0,1,Promoter
4324,Yes,1,5,,Yes,6.66,Yes,Yes,Fiber Optic,14,No,No,Yes,No,No,No,No,No,Month-to-Month,Yes,Bank Withdrawal,79.9,343.95,0.0,20,33.3,397.25,Male,78,No,Yes,Yes,No,0,3,19.975,1,1,Detractor
4120,No,0,1,,Yes,4.53,Yes,Yes,Fiber Optic,28,No,No,No,No,No,No,No,Yes,Month-to-Month,Yes,Bank Withdrawal,75.1,75.1,0.0,0,4.53,79.63,Male,61,No,No,No,No,0,3,18.775,1,1,Detractor
5063,Yes,8,61,Offer B,No,0.0,No,Yes,DSL,26,No,Yes,Yes,Yes,Yes,Yes,Yes,Yes,Two Year,Yes,Bank Withdrawal,61.45,3751.15,0.0,0,0.0,3751.15,Female,46,No,No,Yes,Yes,3,7,7.68125,0,1,Detractor
4490,No,0,1,Offer E,Yes,48.97,No,Yes,Fiber Optic,23,No,No,No,No,Yes,No,No,No,Month-to-Month,Yes,Bank Withdrawal,79.5,79.5,0.0,0,48.97,128.47,Male,60,No,No,No,No,0,2,26.5,1,1,Detractor
2540,No,0,47,Offer B,No,0.0,No,Yes,Cable,23,Yes,No,Yes,Yes,No,No,No,Yes,Two Year,No,Credit Card,41.9,1875.25,0.0,0,0.0,1875.25,Female,54,No,No,No,No,0,4,8.379999999999999,0,0,Detractor
5955,No,0,1,Offer E,Yes,4.41,No,Yes,DSL,30,No,No,No,No,No,No,No,Yes,Month-to-Month,Yes,Bank Withdrawal,44.1,44.1,0.0,0,4.41,48.510000000000005,Female,31,No,No,No,No,0,2,14.7,1,1,Detractor
4981,Yes,7,62,Offer B,Yes,27.49,Yes,Yes,Fiber Optic,3,No,Yes,No,No,No,Yes,Yes,Yes,Month-to-Month,Yes,Bank Withdrawal,89.8,5629.55,0.0,0,1704.38,7333.93,Male,65,No,Yes,Yes,No,0,6,12.828571428571427,0,1,Detractor
3853,Yes,3,43,Offer B,Yes,27.49,Yes,Yes,Fiber Optic,53,No,No,Yes,No,No,Yes,Yes,Yes,Month-to-Month,Yes,Bank Withdrawal,92.55,4039.0,0.0,0,1182.07,5221.07,Female,59,No,No,Yes,Yes,3,6,13.221428571428572,0,1,Detractor
5536,No,0,50,,Yes,20.88,Yes,Yes,Fiber Optic,13,Yes,No,Yes,No,Yes,Yes,Yes,Yes,Month-to-Month,No,Credit Card,105.95,5341.8,0.0,0,1044.0,6385.8,Male,37,No,No,Yes,No,0,8,11.772222222222222,0,0,Detractor
2926,No,0,21,Offer D,Yes,39.85,No,Yes,DSL,52,No,No,Yes,No,No,Yes,Yes,Yes,Month-to-Month,No,Credit Card,61.65,1393.6,0.0,0,836.85,2230.45,Male,25,Yes,No,No,No,0,5,10.275,0,0,Passive
5570,Yes,1,21,Offer D,Yes,38.52,Yes,Yes,Fiber Optic,59,Yes,No,Yes,No,Yes,Yes,Yes,Yes,Month-to-Month,Yes,Bank Withdrawal,104.4,2200.25,0.0,0,808.9200000000001,3009.17,Female,22,Yes,No,Yes,No,0,8,11.6,0,1,Detractor
4668,Yes,2,71,Offer A,Yes,28.21,No,Yes,DSL,19,Yes,No,Yes,Yes,Yes,Yes,Yes,Yes,Two Year,Yes,Bank Withdrawal,82.55,5832.65,0.0,0,2002.91,7835.559999999999,Male,34,No,No,Yes,No,0,8,9.172222222222222,0,1,Detractor
4671,Yes,4,62,,Yes,8.91,Yes,No,No internet,0,No,No,No,No,No,No,No,No,Two Year,No,Bank Withdrawal,23.65,1416.75,0.0,0,552.42,1969.17,Female,49,No,No,Yes,No,0,2,7.883333333333333,0,1,Passive
4811,Yes,7,52,,Yes,7.99,No,Yes,Fiber Optic,19,Yes,No,Yes,No,Yes,Yes,Yes,Yes,One Year,No,Bank Withdrawal,100.3,5244.45,0.0,0,415.48,5659.93,Female,31,No,No,Yes,Yes,2,7,12.5375,0,1,Detractor
4739,No,0,1,Offer E,Yes,39.81,No,Yes,Fiber Optic,23,No,No,No,No,No,No,No,Yes,Month-to-Month,No,Mailed Check,70.9,70.9,0.0,0,39.81,110.71,Female,43,No,No,No,No,0,2,23.633333333333336,1,0,Detractor
4444,Yes,6,32,,Yes,48.49,Yes,Yes,Fiber Optic,82,Yes,No,No,No,Yes,No,No,Yes,Month-to-Month,No,Bank Withdrawal,89.6,2901.8,0.0,0,1551.68,4453.4800000000005,Female,25,Yes,No,Yes,Yes,3,5,14.933333333333332,0,1,Passive
5555,No,0,22,Offer D,Yes,33.92,No,No,No internet,0,No,No,No,No,No,No,No,No,Month-to-Month,Yes,Credit Card,20.05,470.2,0.0,0,746.24,1216.44,Female,43,No,No,No,No,0,1,10.025,0,0,Promoter
4854,Yes,10,8,Offer E,Yes,1.56,No,Yes,DSL,57,No,No,No,No,Yes,No,No,Yes,Month-to-Month,Yes,Bank Withdrawal,54.4,475.1,0.0,0,12.48,487.58,Male,49,No,No,Yes,Yes,3,3,13.6,1,1,Passive
5933,Yes,9,66,Offer A,Yes,37.71,Yes,Yes,DSL,15,Yes,Yes,Yes,No,No,No,No,Yes,Two Year,Yes,Credit Card,66.1,4428.45,0.0,0,2488.86,6917.31,Male,43,No,No,Yes,No,0,6,9.44285714285714,0,0,Detractor
3288,No,0,6,Offer E,Yes,2.03,No,No,No internet,0,No,No,No,No,No,No,No,No,Two Year,No,Bank Withdrawal,19.5,106.8,0.0,0,12.18,118.98,Female,67,No,Yes,No,No,0,1,9.75,1,1,Detractor
3183,No,0,37,,Yes,38.43,No,Yes,Cable,30,Yes,Yes,Yes,Yes,No,No,No,Yes,Two Year,No,Bank Withdrawal,65.6,2313.8,0.0,0,1421.91,3735.71,Male,35,No,No,No,No,0,6,9.37142857142857,0,1,Passive
5259,No,0,7,,Yes,7.37,Yes,Yes,Fiber Optic,6,No,No,No,No,Yes,Yes,Yes,Yes,Month-to-Month,Yes,Bank Withdrawal,94.1,701.3,0.0,0,51.59,752.89,Male,55,No,No,No,No,0,6,13.44285714285714,1,1,Promoter
2438,No,0,1,,Yes,42.19,No,Yes,Cable,29,No,No,No,No,Yes,Yes,Yes,Yes,Month-to-Month,Yes,Credit Card,62.8,62.8,0.0,0,42.19,104.99,Male,55,No,No,No,No,0,5,10.466666666666669,1,0,Promoter
5413,Yes,3,63,Offer B,Yes,8.98,Yes,Yes,Fiber Optic,16,Yes,Yes,Yes,No,Yes,No,No,No,Month-to-Month,Yes,Bank Withdrawal,100.55,6215.35,0.0,0,565.74,6781.09,Female,48,No,No,Yes,No,0,6,14.364285714285714,0,1,Detractor
5406,Yes,7,72,Offer A,Yes,28.59,Yes,Yes,Fiber Optic,58,No,Yes,No,No,Yes,Yes,Yes,Yes,Two Year,Yes,Credit Card,97.7,6869.7,0.0,0,2058.48,8928.18,Female,26,Yes,No,Yes,No,0,7,12.2125,0,0,Promoter
5973,No,0,1,Offer E,Yes,22.11,No,Yes,DSL,18,No,No,No,No,No,No,No,No,Month-to-Month,No,Bank Withdrawal,45.8,45.8,0.0,10,22.11,77.91,Female,41,No,No,No,No,0,1,22.9,1,1,Detractor
2600,No,0,1,Offer E,Yes,14.12,No,Yes,Cable,24,No,No,No,No,No,No,No,Yes,Month-to-Month,Yes,Bank Withdrawal,45.65,45.65,0.0,0,14.12,59.77,Male,63,No,No,No,No,0,2,15.216666666666669,1,1,Detractor
5298,Yes,2,62,,Yes,1.76,No,Yes,Fiber Optic,20,Yes,Yes,Yes,Yes,Yes,Yes,Yes,Yes,Two Year,No,Credit Card,108.15,6825.65,0.0,0,109.12,6934.77,Male,42,No,No,Yes,Yes,3,9,10.815,0,0,Passive
4131,Yes,5,69,,Yes,38.39,No,No,No internet,0,No,No,No,No,No,No,No,No,Two Year,No,Bank Withdrawal,19.7,1396.9,0.0,0,2648.91,4045.81,Female,47,No,No,Yes,Yes,3,1,9.85,0,1,Promoter
5157,No,0,8,Offer E,Yes,39.86,Yes,Yes,Fiber Optic,23,No,No,No,Yes,Yes,Yes,Yes,Yes,Two Year,Yes,Credit Card,100.15,908.55,0.0,0,318.88,1227.4299999999998,Female,74,No,Yes,No,No,0,7,12.51875,1,0,Passive
4024,No,0,65,Offer B,Yes,39.52,Yes,Yes,Fiber Optic,57,No,No,Yes,Yes,Yes,Yes,Yes,Yes,Two Year,Yes,Bank Withdrawal,104.1,6700.05,0.0,0,2568.8,9268.85,Male,40,No,No,Yes,Yes,3,8,11.566666666666666,0,1,Passive
5730,Yes,1,37,,Yes,25.35,No,No,No internet,0,No,No,No,No,No,No,No,No,One Year,No,Mailed Check,19.6,727.8,0.0,0,937.95,1665.75,Female,77,No,Yes,Yes,No,0,1,9.8,0,0,Passive
3131,Yes,6,32,Offer C,Yes,19.3,No,Yes,Fiber Optic,47,Yes,No,No,No,No,No,No,Yes,Month-to-Month,Yes,Bank Withdrawal,75.5,2324.7,0.0,0,617.6,2942.3,Female,21,Yes,No,Yes,No,0,3,18.875,0,1,Detractor
2166,No,0,3,,Yes,28.19,No,Yes,Cable,21,No,No,No,Yes,No,No,No,Yes,Month-to-Month,Yes,Credit Card,50.25,152.3,0.0,0,84.57000000000001,236.87,Male,35,No,No,No,No,0,3,12.5625,1,0,Detractor
4523,No,0,53,Offer B,Yes,33.74,No,Yes,Fiber Optic,56,Yes,Yes,Yes,No,No,Yes,Yes,Yes,One Year,No,Bank Withdrawal,95.95,5036.9,0.0,0,1788.22,6825.12,Male,38,No,No,No,Yes,3,7,11.99375,0,1,Detractor
5801,No,0,13,,Yes,21.88,Yes,Yes,Fiber Optic,4,No,Yes,Yes,No,No,No,No,Yes,Month-to-Month,Yes,Bank Withdrawal,84.45,1058.6,0.0,0,284.44,1343.04,Female,60,No,No,No,No,0,5,14.075,0,1,Detractor
3258,No,0,40,Offer B,Yes,18.57,No,Yes,Fiber Optic,15,No,Yes,No,No,No,No,No,Yes,Month-to-Month,No,Credit Card,74.8,2971.7,0.0,0,742.8,3714.5,Female,50,No,No,No,No,0,3,18.7,0,0,Detractor
3257,No,0,2,,Yes,26.93,No,Yes,DSL,10,Yes,No,No,No,Yes,Yes,Yes,Yes,Month-to-Month,Yes,Bank Withdrawal,70.75,146.9,0.0,0,53.86,200.76,Female,64,No,No,No,No,0,6,10.107142857142858,1,1,Detractor
5285,No,0,29,Offer C,Yes,6.59,No,Yes,Fiber Optic,21,No,Yes,Yes,No,Yes,Yes,No,No,One Year,Yes,Bank Withdrawal,101.45,2948.6,0.0,60,191.11,3199.71,Male,79,No,Yes,No,No,0,5,16.908333333333335,0,1,Passive
5614,Yes,1,8,Offer E,Yes,38.78,No,Yes,DSL,18,Yes,Yes,No,No,No,No,No,Yes,Month-to-Month,No,Credit Card,54.65,482.25,0.0,0,310.24,792.49,Female,62,No,No,Yes,Yes,1,4,10.93,1,0,Detractor
5751,No,0,72,Offer A,Yes,2.37,Yes,No,No internet,0,No,No,No,No,No,No,No,No,Two Year,Yes,Credit Card,25.1,1789.9,0.0,0,170.64,1960.54,Male,66,No,Yes,No,No,0,2,8.366666666666667,0,0,Promoter
4458,Yes,1,18,Offer D,Yes,28.06,No,No,No internet,0,No,No,No,No,No,No,No,No,One Year,No,Bank Withdrawal,20.05,345.9,0.0,0,505.08,850.98,Male,56,No,No,Yes,Yes,3,1,10.025,0,1,Promoter
5148,Yes,1,60,Offer B,No,0.0,No,Yes,Cable,2,Yes,Yes,No,Yes,No,No,No,Yes,Two Year,No,Bank Withdrawal,37.7,2288.7,0.0,0,0.0,2288.7,Female,61,No,No,Yes,No,0,4,7.540000000000001,0,1,Passive
6120,No,0,72,,Yes,44.61,Yes,Yes,Fiber Optic,30,No,Yes,No,No,Yes,Yes,Yes,Yes,Two Year,No,Bank Withdrawal,98.35,6929.4,0.0,0,3211.92,10141.32,Male,65,No,Yes,Yes,No,0,7,12.29375,0,1,Detractor
4788,Yes,1,51,Offer B,Yes,22.14,Yes,Yes,Fiber Optic,30,Yes,No,Yes,No,Yes,No,No,Yes,Month-to-Month,Yes,Bank Withdrawal,93.8,4750.95,0.0,0,1129.14,5880.09,Male,80,No,Yes,Yes,No,0,6,13.4,0,1,Detractor
2960,No,0,5,,Yes,36.36,Yes,Yes,Fiber Optic,12,No,Yes,No,No,No,Yes,No,Yes,Month-to-Month,Yes,Bank Withdrawal,89.8,502.6,0.0,0,181.8,684.4000000000001,Male,75,No,Yes,No,No,0,5,14.966666666666669,1,1,Detractor
2189,No,0,2,,Yes,12.52,No,Yes,Fiber Optic,25,No,No,No,No,No,No,No,Yes,Month-to-Month,Yes,Bank Withdrawal,70.65,142.35,0.0,0,25.04,167.39,Female,67,No,Yes,No,No,0,2,23.55,1,1,Detractor
5581,No,0,31,,Yes,26.16,No,No,No internet,0,No,No,No,No,No,No,No,No,Two Year,No,Credit Card,20.9,689.35,0.0,0,810.96,1500.31,Female,52,No,No,No,No,0,1,10.45,0,0,Promoter
3171,No,0,22,Offer D,Yes,10.25,No,No,No internet,0,No,No,No,No,No,No,No,No,One Year,No,Bank Withdrawal,20.85,450.65,0.0,0,225.5,676.15,Female,50,No,No,No,No,0,1,10.425,0,1,Promoter
3278,Yes,10,32,,Yes,15.41,Yes,Yes,DSL,46,Yes,No,No,Yes,Yes,No,No,Yes,One Year,Yes,Credit Card,72.8,2333.05,0.0,0,493.12,2826.17,Male,26,Yes,No,Yes,No,0,6,10.4,0,0,Promoter
5823,Yes,6,50,Offer B,Yes,49.18,Yes,Yes,DSL,76,Yes,Yes,Yes,Yes,No,Yes,Yes,Yes,One Year,Yes,Bank Withdrawal,80.05,4042.2,0.0,0,2459.0,6501.2,Female,50,No,No,Yes,Yes,3,9,8.004999999999999,0,1,Detractor
4278,No,0,1,Offer E,Yes,33.41,No,Yes,Fiber Optic,28,No,Yes,Yes,No,No,No,No,Yes,Month-to-Month,Yes,Bank Withdrawal,82.3,82.3,0.0,0,33.41,115.71,Female,64,No,No,No,No,0,4,16.46,1,1,Detractor
5985,Yes,4,25,,Yes,4.46,No,Yes,Fiber Optic,58,No,Yes,No,No,No,No,No,Yes,Month-to-Month,Yes,Bank Withdrawal,75.5,1901.05,0.0,0,111.5,2012.55,Male,51,No,No,Yes,Yes,3,3,18.875,0,1,Detractor
3534,No,0,22,Offer D,Yes,22.97,Yes,No,No internet,0,No,No,No,No,No,No,No,No,Month-to-Month,Yes,Credit Card,24.85,493.4,21.32,0,505.34,977.42,Male,49,No,No,No,No,0,2,8.283333333333333,0,0,Passive
3222,Yes,1,44,,No,0.0,No,Yes,Cable,18,No,Yes,Yes,No,Yes,Yes,Yes,Yes,Two Year,No,Bank Withdrawal,54.3,2390.45,0.0,0,0.0,2390.45,Male,63,No,No,Yes,No,0,6,7.757142857142857,0,1,Detractor
5527,No,0,54,,Yes,46.74,Yes,Yes,Fiber Optic,16,No,Yes,Yes,Yes,Yes,Yes,Yes,No,Month-to-Month,No,Bank Withdrawal,111.1,6014.85,0.0,50,2523.96,8588.810000000001,Female,56,No,No,No,No,0,8,12.344444444444443,0,1,Detractor
3330,No,0,8,Offer E,Yes,26.47,No,No,No internet,0,No,No,No,No,No,No,No,No,Month-to-Month,Yes,Mailed Check,20.7,137.6,0.0,0,211.76,349.36,Female,59,No,No,No,No,0,1,10.35,1,0,Promoter
4241,Yes,2,71,,Yes,39.44,No,No,No internet,0,No,No,No,No,No,No,No,No,Two Year,No,Credit Card,19.1,1372.45,0.0,0,2800.24,4172.69,Female,26,Yes,No,Yes,No,0,1,9.55,0,0,Passive
4539,Yes,8,50,Offer B,Yes,10.21,No,Yes,Fiber Optic,23,No,No,No,No,No,No,No,Yes,Month-to-Month,Yes,Bank Withdrawal,69.75,3557.7,0.0,0,510.50000000000006,4068.2,Female,39,No,No,Yes,Yes,3,2,23.25,0,1,Promoter
5232,No,0,54,,Yes,18.58,Yes,Yes,Fiber Optic,14,No,Yes,No,No,No,Yes,No,Yes,Two Year,Yes,Bank Withdrawal,90.05,4931.8,0.0,0,1003.32,5935.12,Male,69,No,Yes,No,No,0,5,15.008333333333333,0,1,Promoter
4275,Yes,1,48,Offer B,Yes,30.41,Yes,Yes,Fiber Optic,53,Yes,Yes,No,No,Yes,Yes,Yes,Yes,Month-to-Month,Yes,Credit Card,105.25,4997.5,1.66,0,1459.68,6455.52,Female,57,No,No,Yes,Yes,3,8,11.694444444444445,0,0,Detractor
3545,No,0,4,,Yes,17.7,No,Yes,DSL,22,No,No,No,No,No,Yes,Yes,Yes,Month-to-Month,Yes,Bank Withdrawal,55.9,238.5,0.0,0,70.8,309.3,Male,51,No,No,No,No,0,4,11.18,1,1,Detractor
5123,Yes,6,52,,Yes,31.09,Yes,Yes,Fiber Optic,28,Yes,Yes,Yes,No,No,Yes,Yes,Yes,Month-to-Month,No,Bank Withdrawal,98.15,4993.4,0.0,0,1616.68,6610.08,Female,41,No,No,Yes,Yes,1,8,10.905555555555557,0,1,Passive
5597,No,0,34,,No,0.0,No,Yes,DSL,28,No,Yes,Yes,No,Yes,Yes,No,Yes,Two Year,Yes,Bank Withdrawal,56.25,1765.95,0.0,0,0.0,1765.95,Female,72,No,Yes,No,No,0,5,9.375,0,1,Detractor
5096,No,0,2,,Yes,1.87,No,Yes,DSL,12,No,No,No,No,No,No,No,Yes,Month-to-Month,Yes,Bank Withdrawal,46.6,87.9,0.0,0,3.74,91.64,Male,45,No,No,No,No,0,2,15.533333333333331,1,1,Passive
3633,No,0,4,,Yes,28.89,No,Yes,DSL,3,No,No,Yes,Yes,Yes,Yes,Yes,Yes,Month-to-Month,Yes,Bank Withdrawal,74.4,299.7,0.0,0,115.56,415.26,Male,39,No,No,No,No,0,7,9.3,1,1,Detractor
5994,No,0,48,,Yes,9.91,Yes,Yes,Fiber Optic,4,No,Yes,Yes,No,Yes,Yes,Yes,Yes,Two Year,Yes,Bank Withdrawal,108.1,5067.45,0.0,0,475.68,5543.13,Male,59,No,No,No,No,0,8,12.011111111111113,0,1,Passive
3956,No,0,3,,Yes,34.8,No,Yes,Fiber Optic,5,No,Yes,No,No,No,No,No,No,Month-to-Month,No,Credit Card,74.45,221.1,0.0,70,104.4,395.5,Male,41,No,No,No,No,0,2,24.816666666666663,1,0,Promoter
5148,Yes,1,38,,Yes,49.82,Yes,Yes,Fiber Optic,27,Yes,Yes,No,No,No,Yes,Yes,No,One Year,No,Credit Card,95.0,3591.25,0.0,70,1893.16,5554.41,Female,74,No,Yes,Yes,No,0,6,13.571428571428571,0,0,Passive
4618,Yes,5,69,,Yes,40.36,No,Yes,Cable,53,Yes,Yes,No,Yes,Yes,Yes,Yes,Yes,Two Year,No,Bank Withdrawal,80.65,5542.55,0.0,0,2784.84,8327.39,Male,48,No,No,Yes,Yes,3,8,8.961111111111112,0,1,Detractor
4264,No,0,72,,Yes,19.64,Yes,No,No internet,0,No,No,No,No,No,No,No,No,Two Year,No,Credit Card,24.1,1734.65,0.0,0,1414.08,3148.73,Male,48,No,No,Yes,Yes,1,2,8.033333333333333,0,0,Passive
2561,No,0,7,Offer E,Yes,9.25,Yes,Yes,Fiber Optic,29,No,No,Yes,No,Yes,Yes,Yes,Yes,Month-to-Month,Yes,Bank Withdrawal,98.05,713.0,0.0,0,64.75,777.75,Male,32,No,No,No,No,0,7,12.25625,1,1,Detractor
5756,Yes,3,5,,Yes,47.06,No,Yes,Cable,52,Yes,No,No,No,No,No,No,No,Month-to-Month,Yes,Mailed Check,49.4,232.55,0.0,10,235.3,477.85,Female,54,No,No,Yes,Yes,3,2,16.466666666666665,1,0,Passive
5598,Yes,10,72,Offer A,Yes,37.84,Yes,Yes,Cable,53,Yes,No,Yes,Yes,Yes,Yes,Yes,Yes,Two Year,Yes,Bank Withdrawal,84.2,5986.55,0.0,0,2724.4800000000005,8711.03,Female,45,No,No,Yes,Yes,3,9,8.42,0,1,Detractor
2511,No,0,38,Offer C,Yes,23.95,Yes,Yes,Fiber Optic,27,No,No,Yes,Yes,Yes,Yes,Yes,No,Month-to-Month,Yes,Bank Withdrawal,103.65,3988.5,0.0,140,910.1,5038.6,Female,22,Yes,No,No,No,0,7,12.95625,0,1,Promoter
3796,Yes,1,27,Offer C,Yes,48.17,Yes,Yes,Fiber Optic,15,No,Yes,No,Yes,No,No,No,No,Month-to-Month,Yes,Credit Card,85.2,2151.6,0.0,30,1300.59,3482.19,Male,33,No,No,Yes,Yes,1,4,17.04,0,0,Detractor
4774,No,0,65,Offer B,Yes,22.23,Yes,Yes,DSL,18,No,Yes,Yes,Yes,No,Yes,Yes,Yes,Two Year,Yes,Credit Card,74.2,4805.65,0.0,0,1444.95,6250.599999999999,Male,41,No,No,No,No,0,8,8.244444444444445,0,0,Detractor
5220,No,0,36,,Yes,26.51,No,Yes,Cable,85,No,Yes,No,Yes,No,Yes,Yes,Yes,One Year,Yes,Credit Card,65.4,2498.4,0.0,0,954.36,3452.76,Male,25,Yes,No,No,No,0,6,9.342857142857143,0,0,Detractor
2133,No,0,11,,No,0.0,No,Yes,DSL,59,No,Yes,Yes,Yes,No,No,No,Yes,One Year,Yes,Credit Card,40.4,422.6,0.0,0,0.0,422.6,Female,23,Yes,No,No,No,0,4,8.08,1,0,Promoter
4564,Yes,1,27,Offer C,No,0.0,No,Yes,DSL,25,No,No,No,No,No,Yes,No,No,Month-to-Month,No,Bank Withdrawal,36.5,1032.0,0.0,30,0.0,1062.0,Male,68,No,Yes,Yes,No,0,1,18.25,0,1,Detractor
5939,Yes,1,23,,Yes,25.54,Yes,No,No internet,0,No,No,No,No,No,No,No,No,Two Year,Yes,Credit Card,25.6,514.75,0.0,0,587.42,1102.17,Female,27,Yes,No,Yes,Yes,2,2,8.533333333333333,0,0,Promoter
5469,Yes,7,38,Offer C,Yes,4.75,Yes,Yes,Fiber Optic,24,No,Yes,Yes,No,Yes,Yes,No,Yes,Two Year,Yes,Bank Withdrawal,102.6,4009.2,45.81,0,180.5,4143.889999999999,Male,79,No,Yes,Yes,No,0,7,12.825,0,1,Passive
2832,No,0,10,Offer D,Yes,40.22,No,Yes,Fiber Optic,41,No,No,Yes,No,Yes,Yes,Yes,Yes,Month-to-Month,Yes,Bank Withdrawal,94.9,1048.85,0.0,0,402.2,1451.05,Male,25,Yes,No,No,No,0,6,13.55714285714286,1,1,Detractor
5156,No,0,26,,Yes,38.04,Yes,Yes,DSL,73,Yes,Yes,No,No,No,No,No,Yes,One Year,No,Bank Withdrawal,61.55,1581.95,0.0,0,989.04,2570.99,Male,23,Yes,No,No,No,0,5,10.258333333333333,0,1,Detractor
2349,Yes,1,19,Offer D,Yes,28.04,Yes,Yes,Fiber Optic,22,No,No,Yes,Yes,Yes,Yes,Yes,Yes,Month-to-Month,No,Bank Withdrawal,103.3,2012.7,0.0,0,532.76,2545.46,Male,34,No,No,Yes,No,0,8,11.477777777777778,0,1,Detractor
2463,No,0,7,,Yes,1.67,No,Yes,Fiber Optic,23,Yes,No,No,No,No,No,No,Yes,Month-to-Month,No,Credit Card,74.35,533.6,0.0,0,11.69,545.2900000000001,Male,48,No,No,No,No,0,3,18.5875,1,0,Passive
2708,No,0,18,,Yes,13.65,Yes,Yes,Fiber Optic,5,No,Yes,No,No,Yes,No,No,Yes,Month-to-Month,Yes,Credit Card,90.0,1527.35,0.0,0,245.7,1773.05,Female,55,No,No,No,No,0,5,15.0,0,0,Detractor
2394,Yes,9,15,,Yes,22.83,Yes,Yes,Fiber Optic,26,Yes,No,Yes,No,Yes,No,No,Yes,Month-to-Month,Yes,Bank Withdrawal,96.5,1392.25,0.0,0,342.45,1734.7,Male,79,No,Yes,Yes,No,0,6,13.785714285714286,0,1,Passive
5386,No,0,52,Offer B,Yes,15.1,Yes,Yes,Fiber Optic,17,No,No,Yes,No,No,Yes,Yes,Yes,Two Year,Yes,Credit Card,89.45,4577.75,18.89,0,785.1999999999999,5344.06,Male,32,No,No,No,No,0,6,12.778571428571428,0,0,Detractor
2508,No,0,47,,Yes,47.73,Yes,Yes,Fiber Optic,25,Yes,Yes,No,Yes,Yes,No,No,Yes,Month-to-Month,No,Credit Card,100.75,4669.2,0.0,0,2243.31,6912.51,Male,50,No,No,No,No,0,7,12.59375,0,0,Detractor
6100,No,0,64,,Yes,10.07,Yes,Yes,Fiber Optic,26,No,No,Yes,Yes,Yes,Yes,Yes,Yes,One Year,No,Bank Withdrawal,102.1,6688.1,0.0,0,644.48,7332.58,Male,67,No,Yes,No,No,0,8,11.344444444444443,0,1,Promoter
5829,No,0,55,Offer B,No,0.0,No,Yes,DSL,30,Yes,Yes,No,No,Yes,No,No,Yes,Month-to-Month,Yes,Bank Withdrawal,44.85,2479.05,0.0,0,0.0,2479.05,Male,77,No,Yes,No,No,0,4,8.97,0,1,Detractor
2415,Yes,1,10,,Yes,11.12,No,Yes,Fiber Optic,30,No,Yes,Yes,Yes,Yes,No,No,No,Month-to-Month,Yes,Credit Card,92.5,934.1,0.0,100,111.2,1145.3,Male,72,No,Yes,Yes,No,0,5,15.416666666666666,1,0,Detractor
5137,Yes,1,37,,Yes,43.68,No,No,No internet,0,No,No,No,No,No,No,No,No,One Year,No,Credit Card,19.8,677.05,29.21,0,1616.16,2264.0,Male,31,No,No,Yes,Yes,1,1,9.9,0,0,Passive
3889,Yes,1,5,,Yes,14.9,Yes,Yes,DSL,4,No,No,Yes,Yes,Yes,No,No,No,Month-to-Month,No,Bank Withdrawal,67.95,350.3,0.0,20,74.5,444.8,Female,39,No,No,Yes,No,0,5,11.325,1,1,Detractor
3277,Yes,5,12,,Yes,45.15,Yes,No,No internet,0,No,No,No,No,No,No,No,No,One Year,No,Mailed Check,26.4,314.95,0.0,0,541.8,856.75,Male,54,No,No,Yes,No,0,2,8.799999999999999,1,0,Passive
5613,Yes,7,72,,Yes,37.98,Yes,No,No internet,0,No,No,No,No,No,No,No,No,Two Year,Yes,Credit Card,24.15,1776.45,0.0,0,2734.56,4511.01,Female,55,No,No,Yes,No,0,2,8.049999999999999,0,0,Promoter
5730,Yes,1,72,,Yes,14.46,No,Yes,Fiber Optic,29,Yes,Yes,Yes,Yes,Yes,Yes,Yes,Yes,Two Year,Yes,Bank Withdrawal,108.65,7726.35,0.0,0,1041.12,8767.470000000001,Female,63,No,No,Yes,Yes,1,9,10.865,0,1,Passive
4078,Yes,5,40,Offer B,Yes,22.2,Yes,Yes,Fiber Optic,76,Yes,No,Yes,No,Yes,Yes,Yes,Yes,One Year,No,Bank Withdrawal,105.75,4228.55,0.0,0,888.0,5116.55,Female,24,Yes,No,Yes,No,0,8,11.75,0,1,Passive
5586,No,0,19,,Yes,18.57,No,No,No internet,0,No,No,No,No,No,No,No,No,One Year,No,Credit Card,20.25,383.65,0.0,0,352.83,736.48,Female,45,No,No,No,No,0,1,10.125,0,0,Passive
4094,No,0,71,,No,0.0,No,Yes,DSL,20,Yes,Yes,Yes,Yes,Yes,No,No,Yes,Two Year,No,Bank Withdrawal,53.95,3888.65,0.0,0,0.0,3888.65,Male,46,No,No,No,No,0,6,7.707142857142857,0,1,Detractor
4106,Yes,5,43,Offer B,Yes,48.1,Yes,Yes,DSL,51,Yes,No,No,Yes,No,Yes,Yes,Yes,One Year,Yes,Credit Card,71.9,3173.35,0.0,0,2068.3,5241.65,Male,24,Yes,No,Yes,No,0,7,8.9875,0,0,Detractor
2318,No,0,34,Offer C,Yes,4.66,No,Yes,Fiber Optic,21,No,No,No,No,No,No,No,Yes,Month-to-Month,Yes,Credit Card,70.0,2416.1,11.0,0,158.44,2563.54,Female,61,No,No,No,No,0,2,23.33333333333333,0,0,Detractor
4933,Yes,5,69,,Yes,11.6,Yes,No,No internet,0,No,No,No,No,No,No,No,No,Two Year,Yes,Bank Withdrawal,26.0,1796.55,0.0,0,800.4,2596.95,Male,63,No,No,Yes,Yes,2,2,8.666666666666666,0,1,Detractor
3641,No,0,3,Offer E,Yes,1.64,Yes,Yes,Fiber Optic,8,No,No,No,No,No,No,No,Yes,Month-to-Month,Yes,Bank Withdrawal,74.95,212.4,27.6,0,4.92,189.72,Female,42,No,No,No,No,0,3,18.7375,1,1,Promoter
5729,Yes,3,6,,Yes,30.17,No,Yes,DSL,48,No,No,No,No,Yes,No,No,Yes,Month-to-Month,No,Bank Withdrawal,54.85,355.1,39.15,0,181.02,496.97,Female,23,Yes,No,Yes,Yes,2,3,13.7125,1,1,Detractor
2926,No,0,38,,Yes,45.13,Yes,Yes,Fiber Optic,27,Yes,No,No,No,No,No,No,Yes,Two Year,Yes,Credit Card,80.45,3162.65,0.0,0,1714.94,4877.59,Male,76,No,Yes,No,Yes,2,4,16.09,0,0,Detractor
4588,No,0,44,,Yes,38.33,No,Yes,Fiber Optic,41,Yes,Yes,Yes,No,Yes,Yes,Yes,Yes,One Year,Yes,Bank Withdrawal,106.05,4510.8,0.0,0,1686.52,6197.32,Male,25,Yes,No,No,No,0,8,11.783333333333331,0,1,Detractor
4512,Yes,6,66,,Yes,49.85,Yes,Yes,Fiber Optic,14,No,No,No,Yes,Yes,Yes,No,Yes,Month-to-Month,Yes,Credit Card,100.05,6871.9,0.0,0,3290.1,10162.0,Male,71,No,Yes,Yes,No,0,6,14.292857142857144,0,0,Detractor
5500,Yes,10,66,Offer A,Yes,26.91,No,Yes,Cable,30,Yes,Yes,Yes,Yes,No,No,No,Yes,Two Year,No,Credit Card,65.85,4097.05,0.0,0,1776.06,5873.110000000001,Male,59,No,No,Yes,Yes,2,6,9.407142857142857,0,0,Detractor
6309,No,0,68,Offer A,Yes,17.41,No,Yes,Cable,27,Yes,No,Yes,No,No,No,No,Yes,One Year,Yes,Credit Card,54.45,3674.95,0.0,0,1183.88,4858.83,Female,45,No,No,No,No,0,4,10.89,0,0,Passive
3157,No,0,26,Offer C,Yes,1.26,Yes,Yes,Fiber Optic,18,No,Yes,Yes,No,Yes,Yes,Yes,No,Month-to-Month,No,Bank Withdrawal,105.75,2710.25,0.0,90,32.76,2833.01,Male,72,No,Yes,Yes,No,0,7,13.21875,0,1,Detractor
2995,No,0,13,,Yes,40.37,No,Yes,Fiber Optic,21,No,No,Yes,No,No,No,No,Yes,Month-to-Month,Yes,Bank Withdrawal,74.3,940.35,0.0,0,524.81,1465.16,Female,73,No,Yes,No,No,0,3,18.575,0,1,Detractor
2446,Yes,8,41,Offer B,Yes,39.53,No,No,No internet,0,No,No,No,No,No,No,No,No,One Year,No,Bank Withdrawal,19.5,798.2,0.0,0,1620.73,2418.9300000000003,Male,27,Yes,No,Yes,Yes,1,1,9.75,0,1,Passive
2867,No,0,46,Offer B,Yes,2.03,No,Yes,Cable,7,No,No,No,No,No,Yes,Yes,Yes,One Year,No,Credit Card,55.65,2688.85,0.0,0,93.38,2782.23,Female,50,No,No,No,No,0,4,11.13,0,0,Promoter
2600,No,0,7,,Yes,9.43,No,No,No internet,0,No,No,No,No,No,No,No,No,Two Year,No,Credit Card,19.45,165.35,0.0,0,66.00999999999999,231.36,Male,29,Yes,No,No,No,0,1,9.725,1,0,Promoter
2649,Yes,3,32,,Yes,46.66,No,Yes,DSL,17,Yes,Yes,No,Yes,No,No,No,Yes,Month-to-Month,No,Bank Withdrawal,61.4,1864.65,0.0,0,1493.12,3357.77,Female,49,No,No,Yes,Yes,1,5,10.233333333333333,0,1,Detractor
3973,Yes,2,26,Offer C,Yes,36.71,Yes,Yes,DSL,57,No,No,Yes,Yes,Yes,Yes,Yes,Yes,One Year,Yes,Credit Card,82.0,2083.1,42.43,0,954.46,2995.13,Male,51,No,No,Yes,Yes,3,8,9.11111111111111,0,0,Passive
4103,Yes,7,67,,Yes,3.3,Yes,Yes,Fiber Optic,19,Yes,No,Yes,Yes,Yes,Yes,Yes,Yes,One Year,Yes,Bank Withdrawal,109.4,7281.6,38.34,0,221.1,7464.360000000001,Female,53,No,No,Yes,Yes,2,9,10.94,0,1,Detractor
5569,No,0,66,Offer A,Yes,11.63,Yes,Yes,Fiber Optic,5,No,No,Yes,Yes,Yes,Yes,No,No,One Year,Yes,Credit Card,102.85,6976.75,0.0,60,767.58,7804.33,Female,69,No,Yes,No,No,0,6,14.69285714285714,0,0,Detractor
4983,No,0,30,,Yes,13.16,Yes,Yes,Fiber Optic,27,No,Yes,Yes,Yes,Yes,Yes,Yes,Yes,One Year,No,Credit Card,110.45,3327.05,0.0,0,394.8,3721.85,Female,19,Yes,No,No,No,0,9,11.045,0,0,Passive
5610,Yes,7,30,,Yes,40.5,Yes,Yes,DSL,8,No,No,Yes,No,Yes,Yes,No,Yes,Two Year,No,Bank Withdrawal,74.85,2181.75,0.0,0,1215.0,3396.75,Male,77,No,Yes,Yes,No,0,6,10.69285714285714,0,1,Promoter
3111,Yes,9,45,Offer B,Yes,10.21,Yes,Yes,DSL,11,Yes,Yes,Yes,Yes,Yes,No,No,Yes,Month-to-Month,No,Credit Card,81.3,3541.1,0.0,0,459.4500000000001,4000.55,Female,51,No,No,Yes,Yes,2,8,9.033333333333331,0,0,Detractor
5518,No,0,1,,Yes,11.58,Yes,Yes,Fiber Optic,15,No,No,No,No,No,No,No,Yes,Month-to-Month,Yes,Bank Withdrawal,75.45,75.45,0.0,0,11.58,87.03,Male,55,No,No,No,No,0,3,18.8625,1,1,Detractor
3109,No,0,7,,Yes,28.92,No,Yes,Fiber Optic,16,No,No,No,No,Yes,No,No,Yes,Month-to-Month,Yes,Bank Withdrawal,79.7,586.05,0.0,0,202.44,788.49,Female,31,No,No,No,No,0,3,19.925,1,1,Detractor
3824,Yes,3,4,,No,0.0,No,Yes,DSL,53,Yes,No,No,No,Yes,No,No,Yes,Month-to-Month,No,Credit Card,38.55,156.1,0.0,0,0.0,156.1,Male,56,No,No,Yes,Yes,3,3,9.6375,1,0,Passive
5617,Yes,5,66,,Yes,38.55,Yes,No,No internet,0,No,No,No,No,No,No,No,No,Two Year,Yes,Credit Card,25.3,1672.35,0.0,0,2544.3,4216.65,Male,59,No,No,Yes,Yes,3,2,8.433333333333334,0,0,Promoter
5559,No,0,15,,Yes,27.3,No,Yes,Fiber Optic,18,No,No,Yes,No,Yes,No,No,Yes,Month-to-Month,No,Bank Withdrawal,85.3,1219.85,0.0,0,409.5,1629.35,Male,41,No,No,No,No,0,4,17.06,0,1,Detractor
6340,Yes,9,52,,No,0.0,No,Yes,DSL,19,Yes,No,Yes,No,No,Yes,Yes,Yes,One Year,No,Bank Withdrawal,44.25,2276.1,23.5,0,0.0,2252.6,Male,48,No,No,Yes,Yes,2,5,7.375,0,1,Detractor
4668,No,0,18,,Yes,26.84,No,Yes,Fiber Optic,20,No,No,No,Yes,No,No,No,Yes,Month-to-Month,Yes,Bank Withdrawal,75.9,1373.05,15.57,0,483.12,1840.6,Male,51,No,No,No,No,0,3,18.975,0,1,Passive
4771,No,0,36,,Yes,44.87,No,Yes,Cable,8,Yes,Yes,Yes,Yes,Yes,No,No,Yes,One Year,Yes,Credit Card,76.35,2606.35,0.0,0,1615.32,4221.67,Female,33,No,No,No,No,0,7,9.54375,0,0,Promoter
4197,No,0,1,Offer E,Yes,48.25,No,No,No internet,0,No,No,No,No,No,No,No,No,Month-to-Month,Yes,Credit Card,20.2,20.2,0.0,0,48.25,68.45,Female,62,No,No,No,No,0,1,10.1,1,0,Detractor
5656,Yes,8,72,Offer A,Yes,38.99,Yes,Yes,Cable,73,Yes,No,Yes,No,Yes,No,Yes,Yes,Two Year,Yes,Bank Withdrawal,71.45,5025.85,0.0,0,2807.28,7833.130000000001,Female,26,Yes,No,Yes,Yes,1,7,8.93125,0,1,Detractor
4821,Yes,9,31,,Yes,29.77,Yes,Yes,Fiber Optic,12,No,No,Yes,No,Yes,No,No,Yes,Month-to-Month,No,Credit Card,88.65,2683.2,0.0,0,922.87,3606.07,Male,46,No,No,Yes,No,0,5,14.775,0,0,Passive
5745,Yes,10,2,Offer E,Yes,39.35,No,Yes,Fiber Optic,24,Yes,No,No,No,Yes,Yes,Yes,Yes,Month-to-Month,No,Bank Withdrawal,97.1,184.15,0.0,0,78.7,262.85,Male,40,No,No,Yes,Yes,1,6,13.87142857142857,1,1,Detractor
4838,No,0,1,Offer E,Yes,32.86,Yes,Yes,Fiber Optic,58,No,No,No,No,No,No,No,Yes,Month-to-Month,Yes,Mailed Check,75.05,75.05,0.0,0,32.86,107.91,Female,23,Yes,No,No,No,0,3,18.7625,1,0,Detractor
4235,Yes,1,49,,Yes,26.37,Yes,Yes,Fiber Optic,19,No,Yes,No,No,Yes,Yes,Yes,Yes,One Year,No,Mailed Check,100.45,4941.8,0.0,0,1292.13,6233.93,Female,35,No,No,Yes,No,0,7,12.55625,0,0,Detractor
4664,Yes,1,30,,Yes,39.74,Yes,Yes,Fiber Optic,22,No,No,Yes,No,Yes,Yes,Yes,Yes,Month-to-Month,Yes,Bank Withdrawal,100.05,3046.15,0.0,0,1192.2,4238.35,Female,64,No,No,Yes,No,0,7,12.50625,0,1,Detractor
4085,Yes,7,20,,Yes,15.29,Yes,Yes,Cable,59,Yes,No,No,No,Yes,Yes,Yes,No,One Year,No,Bank Withdrawal,76.0,1588.75,7.3,70,305.79999999999995,1957.25,Female,21,Yes,No,Yes,Yes,3,6,10.857142857142858,0,1,Passive
4843,Yes,3,12,,Yes,49.7,No,No,No internet,0,No,No,No,No,No,No,No,No,Two Year,No,Bank Withdrawal,21.05,262.05,0.0,0,596.4000000000001,858.45,Male,24,Yes,No,Yes,Yes,1,1,10.525,1,1,Passive
4510,No,0,47,Offer B,Yes,40.25,Yes,Yes,Fiber Optic,69,Yes,No,Yes,No,Yes,No,No,Yes,One Year,No,Credit Card,94.9,4615.25,0.0,0,1891.75,6507.0,Female,30,No,No,No,No,0,6,13.55714285714286,0,0,Passive
4288,No,0,40,,No,0.0,No,Yes,Cable,57,Yes,Yes,No,Yes,No,No,No,Yes,One Year,No,Credit Card,40.25,1564.05,0.0,0,0.0,1564.05,Male,62,No,No,No,Yes,3,4,8.05,0,0,Passive
3358,No,0,1,,Yes,7.57,No,No,No internet,0,No,No,No,No,No,No,No,No,Month-to-Month,No,Credit Card,20.75,20.75,0.0,0,7.57,28.32,Male,29,Yes,No,No,Yes,1,1,10.375,1,0,Promoter
4213,Yes,9,72,,Yes,11.85,Yes,Yes,Fiber Optic,59,Yes,Yes,No,No,Yes,No,No,Yes,Two Year,Yes,Bank Withdrawal,95.9,6954.15,0.0,0,853.1999999999999,7807.349999999999,Female,26,Yes,No,Yes,Yes,3,6,13.7,0,1,Detractor
3207,Yes,6,22,,Yes,35.62,Yes,Yes,Fiber Optic,29,Yes,No,No,Yes,Yes,No,No,Yes,Month-to-Month,No,Credit Card,95.9,2234.95,0.0,0,783.64,3018.59,Male,42,No,No,Yes,No,0,6,13.7,0,0,Detractor
5477,Yes,9,56,Offer B,Yes,35.55,Yes,Yes,DSL,17,No,Yes,Yes,No,No,No,No,Yes,Two Year,No,Credit Card,59.5,3389.25,0.0,0,1990.8,5380.049999999999,Male,34,No,No,Yes,No,0,5,9.916666666666666,0,0,Promoter
4198,No,0,19,Offer D,Yes,8.02,Yes,Yes,DSL,57,Yes,Yes,No,Yes,Yes,No,No,Yes,Month-to-Month,Yes,Credit Card,75.9,1375.6,0.0,0,152.38,1527.98,Female,49,No,No,No,Yes,3,7,9.4875,0,0,Passive
4553,Yes,5,11,,Yes,17.25,Yes,Yes,Fiber Optic,27,No,No,Yes,Yes,Yes,Yes,No,Yes,Month-to-Month,Yes,Bank Withdrawal,104.05,1133.65,0.0,0,189.75,1323.4,Female,73,No,Yes,Yes,No,0,7,13.00625,1,1,Detractor
4344,No,0,4,,Yes,3.05,No,No,No internet,0,No,No,No,No,No,No,No,No,Month-to-Month,No,Credit Card,20.45,82.85,0.0,0,12.2,95.05,Female,31,No,No,No,No,0,1,10.225,1,0,Promoter
3146,Yes,6,45,Offer B,Yes,42.32,Yes,No,No internet,0,No,No,No,No,No,No,No,No,Two Year,No,Credit Card,25.5,1121.05,0.0,0,1904.4,3025.45,Female,35,No,No,Yes,No,0,2,8.5,0,0,Detractor
2969,No,0,37,,Yes,1.6,Yes,Yes,Fiber Optic,11,No,No,No,No,Yes,Yes,Yes,Yes,Month-to-Month,Yes,Bank Withdrawal,95.25,3314.15,0.0,0,59.2,3373.35,Female,43,No,No,Yes,Yes,2,6,13.607142857142858,0,1,Passive
5175,No,0,25,,Yes,1.37,No,Yes,DSL,21,Yes,Yes,Yes,Yes,Yes,No,No,Yes,One Year,No,Credit Card,74.3,1863.8,0.0,0,34.25,1898.05,Female,48,No,No,No,No,0,7,9.2875,0,0,Detractor
4935,Yes,7,33,,Yes,48.09,No,Yes,DSL,9,No,No,No,Yes,No,No,No,Yes,One Year,Yes,Credit Card,51.45,1758.9,0.0,0,1586.97,3345.87,Female,42,No,No,Yes,No,0,3,12.8625,0,0,Detractor
4573,Yes,10,5,,Yes,8.04,No,No,No internet,0,No,No,No,No,No,No,No,No,Month-to-Month,No,Credit Card,19.45,86.05,0.0,0,40.2,126.25,Male,20,Yes,No,Yes,Yes,1,1,9.725,1,0,Detractor
4633,No,0,1,Offer E,Yes,37.5,No,Yes,DSL,3,No,No,No,No,No,No,No,Yes,Month-to-Month,No,Bank Withdrawal,43.8,43.8,0.0,0,37.5,81.3,Female,39,No,No,No,No,0,2,14.6,1,1,Promoter
5567,No,0,72,Offer A,Yes,48.52,Yes,Yes,Fiber Optic,51,Yes,Yes,Yes,Yes,Yes,Yes,Yes,No,Two Year,Yes,Bank Withdrawal,116.45,8013.55,0.0,90,3493.44,11596.99,Female,25,Yes,No,No,No,0,9,11.645,0,1,Passive
4483,No,0,60,Offer B,Yes,48.92,Yes,Yes,Fiber Optic,11,Yes,No,No,No,Yes,Yes,No,Yes,One Year,Yes,Bank Withdrawal,101.4,6176.6,0.0,0,2935.2000000000003,9111.8,Female,74,No,Yes,No,No,0,6,14.485714285714286,0,1,Passive
2491,No,0,23,,Yes,17.62,No,Yes,Fiber Optic,25,Yes,No,No,No,No,No,No,No,One Year,Yes,Bank Withdrawal,75.4,1643.55,0.0,80,405.2600000000001,2128.81,Female,67,No,Yes,No,No,0,2,25.133333333333336,0,1,Passive
5678,No,0,41,,Yes,37.46,No,No,No internet,0,No,No,No,No,No,No,No,No,One Year,Yes,Credit Card,19.75,806.95,0.0,0,1535.86,2342.8100000000004,Female,40,No,No,No,No,0,1,9.875,0,0,Detractor
2098,Yes,1,41,Offer B,Yes,45.03,Yes,Yes,Fiber Optic,10,No,No,Yes,Yes,Yes,Yes,Yes,Yes,One Year,Yes,Bank Withdrawal,102.6,4213.35,2.93,0,1846.23,6056.65,Male,36,No,No,Yes,No,0,8,11.4,0,1,Detractor
2445,No,0,22,Offer D,Yes,7.28,Yes,Yes,DSL,7,Yes,No,No,No,No,No,No,Yes,Month-to-Month,Yes,Bank Withdrawal,54.45,1127.35,0.0,0,160.16,1287.51,Male,62,No,No,No,No,0,4,10.89,0,1,Detractor
3334,Yes,1,7,,Yes,18.91,No,Yes,DSL,29,Yes,Yes,Yes,No,Yes,No,No,Yes,One Year,No,Bank Withdrawal,69.45,477.05,0.0,0,132.37,609.4200000000001,Female,39,No,No,Yes,Yes,3,6,9.921428571428573,1,1,Detractor
2269,No,0,8,,Yes,37.79,No,Yes,Cable,25,Yes,No,No,No,No,No,No,No,Month-to-Month,Yes,Bank Withdrawal,49.85,365.55,13.01,10,302.32,664.86,Female,48,No,No,No,No,0,2,16.616666666666667,1,1,Detractor
5758,No,0,72,,Yes,21.26,Yes,Yes,Fiber Optic,53,Yes,Yes,No,Yes,Yes,Yes,Yes,Yes,Two Year,Yes,Credit Card,108.95,7875.0,0.0,0,1530.72,9405.72,Male,28,Yes,No,Yes,No,0,9,10.895,0,0,Passive
2202,No,0,11,,Yes,3.96,No,Yes,Fiber Optic,27,No,No,No,No,Yes,Yes,No,Yes,Month-to-Month,No,Bank Withdrawal,89.7,1047.7,0.0,0,43.56,1091.26,Female,68,No,Yes,No,No,0,4,17.94,1,1,Detractor
5958,Yes,1,28,,Yes,18.31,No,Yes,Fiber Optic,13,No,No,No,No,Yes,Yes,Yes,Yes,One Year,Yes,Bank Withdrawal,90.1,2598.95,0.0,0,512.68,3111.63,Female,37,No,No,Yes,No,0,5,15.016666666666666,0,1,Detractor
3021,Yes,2,40,Offer B,Yes,33.44,Yes,No,No internet,0,No,No,No,No,No,No,No,No,Two Year,Yes,Credit Card,24.8,1024.7,0.0,0,1337.6,2362.3,Female,27,Yes,No,Yes,Yes,2,2,8.266666666666667,0,0,Promoter
4320,No,0,2,,Yes,41.37,Yes,Yes,Fiber Optic,28,No,No,No,No,No,No,No,Yes,Month-to-Month,Yes,Bank Withdrawal,75.55,166.3,0.0,0,82.74,249.04,Female,32,No,No,No,No,0,3,18.8875,1,1,Detractor
2710,No,0,1,Offer E,Yes,41.1,No,No,No internet,0,No,No,No,No,No,No,No,No,Month-to-Month,No,Credit Card,20.2,20.2,0.0,0,41.1,61.3,Male,19,Yes,No,No,No,0,1,10.1,1,0,Detractor
3543,No,0,9,Offer E,Yes,12.91,Yes,Yes,Fiber Optic,21,No,No,No,No,No,Yes,No,Yes,Month-to-Month,Yes,Bank Withdrawal,84.45,762.5,0.0,0,116.19,878.69,Female,76,No,Yes,No,No,0,4,16.89,1,1,Detractor
5905,No,0,72,Offer A,Yes,19.6,Yes,Yes,Fiber Optic,15,Yes,Yes,Yes,Yes,Yes,Yes,Yes,Yes,Two Year,No,Credit Card,115.05,8405.0,0.0,0,1411.2,9816.2,Female,41,No,No,No,No,0,10,10.459090909090907,0,0,Detractor
4237,Yes,10,69,Offer A,Yes,3.81,Yes,Yes,Fiber Optic,4,No,No,Yes,No,Yes,Yes,Yes,Yes,One Year,No,Bank Withdrawal,99.5,6841.45,0.0,0,262.89,7104.34,Male,50,No,No,Yes,No,0,7,12.4375,0,1,Passive
2535,Yes,1,45,Offer B,Yes,2.38,Yes,Yes,Fiber Optic,20,No,Yes,Yes,Yes,Yes,No,No,Yes,One Year,Yes,Bank Withdrawal,98.7,4525.8,0.0,0,107.1,4632.900000000001,Male,71,No,Yes,Yes,No,0,7,12.3375,0,1,Detractor
4270,No,0,6,Offer E,Yes,19.74,No,Yes,DSL,7,No,No,No,No,No,No,No,Yes,Month-to-Month,No,Credit Card,44.7,276.5,0.0,0,118.44,394.94,Male,69,No,Yes,No,No,0,2,14.9,1,0,Detractor
5133,No,0,66,,Yes,21.37,No,Yes,DSL,30,Yes,Yes,Yes,No,No,No,No,Yes,Two Year,Yes,Bank Withdrawal,61.15,4017.45,0.0,0,1410.42,5427.87,Female,25,Yes,No,No,No,0,5,10.191666666666666,0,1,Detractor
3173,No,0,1,Offer E,Yes,16.34,No,Yes,DSL,4,No,No,No,No,No,No,No,Yes,Month-to-Month,Yes,Mailed Check,45.55,45.55,0.0,0,16.34,61.89,Male,50,No,No,No,No,0,2,15.183333333333332,1,0,Passive
3808,No,0,4,Offer E,Yes,9.75,Yes,No,No internet,0,No,No,No,No,No,No,No,No,Two Year,Yes,Credit Card,25.3,116.95,0.0,0,39.0,155.95,Female,24,Yes,No,No,No,0,2,8.433333333333334,1,0,Detractor
5918,Yes,2,40,Offer B,Yes,1.89,No,No,No internet,0,No,No,No,No,No,No,No,No,Month-to-Month,Yes,Bank Withdrawal,20.4,745.3,0.0,0,75.6,820.9,Male,61,No,No,Yes,Yes,1,1,10.2,0,1,Detractor
2565,No,0,15,Offer D,Yes,32.07,Yes,Yes,Fiber Optic,28,No,Yes,No,No,Yes,Yes,Yes,No,Month-to-Month,Yes,Bank Withdrawal,100.15,1415.0,0.0,0,481.05,1896.05,Female,64,No,No,No,No,0,6,14.30714285714286,0,1,Detractor
5897,Yes,7,61,Offer B,Yes,31.49,No,No,No internet,0,No,No,No,No,No,No,No,No,One Year,No,Credit Card,20.4,1226.45,0.0,0,1920.89,3147.34,Male,42,No,No,Yes,Yes,3,1,10.2,0,0,Detractor
6064,Yes,10,57,Offer B,Yes,23.28,No,No,No internet,0,No,No,No,No,No,No,No,No,Two Year,Yes,Bank Withdrawal,19.6,1134.25,0.0,0,1326.96,2461.21,Female,54,No,No,Yes,No,0,1,9.8,0,1,Passive
4048,Yes,8,37,,Yes,15.6,No,Yes,Fiber Optic,19,No,No,Yes,Yes,Yes,No,No,Yes,Two Year,No,Bank Withdrawal,90.0,3371.75,0.0,0,577.1999999999999,3948.95,Female,66,No,Yes,Yes,No,0,5,15.0,0,1,Passive
5228,Yes,2,71,Offer A,Yes,18.04,Yes,Yes,DSL,41,Yes,Yes,Yes,Yes,No,Yes,Yes,Yes,Two Year,No,Credit Card,80.4,5727.15,0.0,0,1280.84,7007.99,Male,22,Yes,No,Yes,No,0,9,8.040000000000001,0,0,Detractor
5076,Yes,1,72,,Yes,1.67,Yes,Yes,Fiber Optic,59,Yes,Yes,Yes,Yes,Yes,Yes,Yes,Yes,Two Year,Yes,Credit Card,115.55,8312.4,0.0,0,120.24,8432.64,Female,23,Yes,No,Yes,No,0,10,10.504545454545454,0,0,Detractor
4725,Yes,1,49,,Yes,12.39,No,Yes,Fiber Optic,46,No,Yes,Yes,No,Yes,Yes,Yes,No,Month-to-Month,No,Bank Withdrawal,99.4,5025.0,0.0,10,607.11,5642.11,Female,20,Yes,No,Yes,No,0,6,14.2,0,1,Passive
3240,Yes,2,28,Offer C,No,0.0,No,Yes,DSL,19,Yes,No,Yes,Yes,Yes,No,No,Yes,One Year,No,Credit Card,50.8,1386.8,0.0,0,0.0,1386.8,Male,42,No,No,Yes,Yes,1,5,8.466666666666667,0,0,Passive
3280,No,0,12,Offer D,Yes,26.13,Yes,Yes,Fiber Optic,23,No,No,No,No,No,No,No,Yes,Month-to-Month,Yes,Bank Withdrawal,76.6,893.0,0.0,0,313.56,1206.56,Female,43,No,No,No,Yes,1,3,19.15,1,1,Detractor
4204,No,0,18,,Yes,22.97,No,No,No internet,0,No,No,No,No,No,No,No,No,Month-to-Month,No,Credit Card,20.05,358.5,0.0,0,413.46,771.96,Male,61,No,No,No,No,0,1,10.025,0,0,Detractor
3273,Yes,1,3,,Yes,13.54,No,Yes,Cable,51,No,No,Yes,No,No,No,No,Yes,Month-to-Month,Yes,Bank Withdrawal,50.15,168.15,0.0,0,40.62,208.77,Male,23,Yes,No,Yes,No,0,3,12.5375,1,1,Detractor
5825,No,0,66,Offer A,Yes,6.22,Yes,Yes,DSL,26,Yes,No,Yes,Yes,Yes,Yes,Yes,Yes,Two Year,Yes,Credit Card,84.0,5714.25,0.0,0,410.52,6124.77,Male,57,No,No,Yes,No,0,9,8.4,0,0,Passive
4512,No,0,1,Offer E,Yes,5.67,No,Yes,Fiber Optic,7,No,No,No,No,No,No,No,Yes,Month-to-Month,Yes,Bank Withdrawal,70.3,70.3,0.0,0,5.67,75.97,Male,32,No,No,No,No,0,2,23.433333333333334,1,1,Detractor
4163,Yes,1,6,Offer E,Yes,27.44,Yes,Yes,Fiber Optic,58,No,Yes,Yes,No,Yes,Yes,Yes,Yes,Month-to-Month,Yes,Bank Withdrawal,105.3,545.2,0.0,0,164.64,709.84,Female,23,Yes,No,Yes,No,0,8,11.7,1,1,Detractor
4883,No,0,14,Offer D,No,0.0,No,Yes,Cable,6,No,No,Yes,No,Yes,Yes,Yes,No,Month-to-Month,Yes,Bank Withdrawal,50.75,712.75,0.0,10,0.0,722.75,Male,38,No,No,No,No,0,4,10.15,0,1,Detractor
4323,No,0,3,Offer E,Yes,15.12,No,No,No internet,0,No,No,No,No,No,No,No,No,Month-to-Month,Yes,Mailed Check,19.8,58.15,0.0,0,45.36,103.51,Male,33,No,No,No,No,0,1,9.9,1,0,Detractor
4246,Yes,1,19,Offer D,Yes,31.85,No,No,No internet,0,No,No,No,No,No,No,No,No,Two Year,No,Credit Card,20.15,387.7,2.97,0,605.15,989.88,Female,48,No,No,Yes,Yes,3,1,10.075,0,0,Detractor
5195,Yes,6,28,Offer C,Yes,12.94,No,Yes,Fiber Optic,24,No,No,No,No,No,No,No,Yes,One Year,Yes,Bank Withdrawal,70.4,1992.2,0.0,0,362.32,2354.52,Female,56,No,No,Yes,Yes,2,2,23.46666666666667,0,1,Detractor
5483,Yes,1,72,,Yes,12.12,Yes,Yes,Cable,23,Yes,No,Yes,Yes,Yes,Yes,Yes,Yes,Two Year,No,Credit Card,86.65,6094.25,3.2,0,872.64,6963.6900000000005,Male,35,No,No,Yes,No,0,9,8.665000000000001,0,0,Detractor
6194,Yes,10,67,Offer A,Yes,18.29,Yes,Yes,Fiber Optic,11,Yes,Yes,No,Yes,No,No,No,Yes,One Year,No,Bank Withdrawal,89.55,6038.55,33.76,0,1225.4299999999998,7230.219999999999,Male,60,No,No,Yes,Yes,1,6,12.792857142857144,0,1,Detractor
2007,No,0,24,,Yes,27.91,No,Yes,Fiber Optic,59,No,Yes,Yes,No,No,Yes,Yes,Yes,Month-to-Month,Yes,Bank Withdrawal,89.55,2187.15,0.0,0,669.84,2856.99,Male,21,Yes,No,No,No,0,6,12.792857142857144,0,1,Promoter
3585,Yes,1,23,Offer D,Yes,34.91,Yes,Yes,Fiber Optic,30,No,No,No,No,Yes,No,No,Yes,Month-to-Month,Yes,Bank Withdrawal,83.75,1849.95,0.0,0,802.93,2652.88,Female,30,No,No,Yes,Yes,2,4,16.75,0,1,Passive
5075,Yes,1,11,Offer D,Yes,9.14,Yes,Yes,Fiber Optic,19,No,No,No,No,No,No,No,Yes,Month-to-Month,Yes,Bank Withdrawal,74.35,834.2,0.0,0,100.54,934.74,Male,35,No,No,Yes,No,0,3,18.5875,1,1,Detractor
5667,No,0,16,Offer D,Yes,33.44,No,No,No internet,0,No,No,No,No,No,No,No,No,Month-to-Month,Yes,Credit Card,20.6,330.25,0.0,0,535.04,865.29,Male,36,No,No,No,No,0,1,10.3,0,0,Detractor
4871,No,0,42,,Yes,9.53,Yes,Yes,Fiber Optic,17,No,No,No,No,Yes,No,No,Yes,Month-to-Month,Yes,Bank Withdrawal,84.65,3541.35,0.0,0,400.26,3941.61,Female,79,No,Yes,No,No,0,4,16.93,0,1,Detractor
4734,Yes,1,60,,Yes,4.06,Yes,Yes,Fiber Optic,11,Yes,Yes,Yes,Yes,Yes,Yes,No,Yes,Two Year,Yes,Bank Withdrawal,116.05,6925.9,0.0,0,243.6,7169.5,Female,70,No,Yes,Yes,No,0,9,11.605,0,1,Detractor
5956,No,0,42,,Yes,23.25,No,No,No internet,0,No,No,No,No,No,No,No,No,One Year,Yes,Credit Card,20.65,958.1,0.0,0,976.5,1934.6,Female,56,No,No,No,No,0,1,10.325,0,0,Passive
5803,No,0,10,,Yes,18.03,No,Yes,Fiber Optic,6,Yes,Yes,Yes,Yes,Yes,Yes,Yes,Yes,Month-to-Month,Yes,Bank Withdrawal,110.1,1043.3,0.0,0,180.3,1223.6,Male,53,No,No,No,No,0,9,11.01,1,1,Detractor
4275,No,0,3,,Yes,9.74,No,Yes,Fiber Optic,27,No,No,No,No,No,No,No,Yes,Month-to-Month,Yes,Credit Card,70.3,220.4,0.0,0,29.22,249.62,Male,35,No,No,No,No,0,2,23.433333333333334,1,0,Passive
2864,No,0,34,,Yes,36.75,No,No,No internet,0,No,No,No,No,No,No,No,No,Month-to-Month,No,Credit Card,20.35,673.2,0.0,0,1249.5,1922.7,Female,19,Yes,No,No,No,0,1,10.175,0,0,Promoter
4432,No,0,1,Offer E,Yes,7.77,Yes,Yes,Fiber Optic,22,No,No,No,No,No,No,No,Yes,One Year,Yes,Bank Withdrawal,72.1,72.1,0.0,0,7.77,79.86999999999999,Female,72,No,Yes,No,No,0,3,18.025,1,1,Passive
4253,Yes,6,14,,Yes,4.05,No,Yes,DSL,59,No,No,Yes,No,No,No,No,Yes,Month-to-Month,No,Credit Card,50.2,668.85,0.0,0,56.7,725.5500000000001,Male,27,Yes,No,Yes,No,0,3,12.55,0,0,Detractor
5597,No,0,11,Offer D,Yes,47.88,No,No,No internet,0,No,No,No,No,No,No,No,No,Month-to-Month,No,Credit Card,20.35,215.25,0.0,0,526.6800000000001,741.9300000000001,Male,43,No,No,No,No,0,1,10.175,1,0,Promoter
4909,No,0,8,,Yes,10.91,No,Yes,DSL,16,No,No,No,No,No,No,No,Yes,Month-to-Month,No,Credit Card,44.45,369.3,0.0,0,87.28,456.58,Female,56,No,No,No,No,0,2,14.816666666666668,1,0,Detractor
5153,Yes,10,72,,Yes,28.09,Yes,Yes,Fiber Optic,20,Yes,Yes,Yes,Yes,No,No,No,Yes,Two Year,Yes,Bank Withdrawal,96.6,6827.5,0.0,0,2022.48,8849.98,Female,70,No,Yes,Yes,No,0,7,12.075,0,1,Passive
6380,Yes,10,72,Offer A,Yes,41.68,Yes,Yes,Fiber Optic,28,Yes,Yes,Yes,No,Yes,No,No,Yes,Two Year,No,Bank Withdrawal,100.65,7334.05,0.0,0,3000.96,10335.01,Female,48,No,No,Yes,No,0,7,12.58125,0,1,Detractor
4689,Yes,5,72,Offer A,Yes,7.29,Yes,Yes,Fiber Optic,53,Yes,No,No,No,No,No,No,No,Two Year,No,Bank Withdrawal,79.05,5730.7,0.0,80,524.88,6335.58,Female,27,Yes,No,Yes,No,0,3,19.7625,0,1,Detractor
3217,Yes,9,40,,Yes,27.95,Yes,No,No internet,0,No,No,No,No,No,No,No,No,Two Year,No,Credit Card,25.25,1006.9,44.51,0,1118.0,2080.39,Male,43,No,No,Yes,Yes,1,2,8.416666666666666,0,0,Promoter
2966,Yes,8,14,Offer D,Yes,15.33,No,No,No internet,0,No,No,No,No,No,No,No,No,Two Year,Yes,Credit Card,19.7,263.65,0.0,0,214.62,478.27,Female,40,No,No,Yes,Yes,1,1,9.85,0,0,Passive
3698,Yes,1,30,Offer C,Yes,4.82,Yes,Yes,Fiber Optic,41,No,No,No,No,No,Yes,Yes,Yes,Month-to-Month,Yes,Bank Withdrawal,85.0,2624.25,0.0,0,144.60000000000002,2768.85,Female,25,Yes,No,Yes,No,0,5,14.166666666666666,0,1,Detractor
5402,No,0,37,,Yes,28.84,No,Yes,Fiber Optic,25,No,No,No,No,No,No,No,Yes,Month-to-Month,Yes,Credit Card,70.35,2552.9,0.0,0,1067.08,3619.98,Male,62,No,No,No,No,0,2,23.45,0,0,Detractor
2848,Yes,7,11,Offer D,Yes,24.42,No,Yes,Fiber Optic,29,No,No,No,No,No,No,No,Yes,Two Year,Yes,Bank Withdrawal,70.2,834.7,0.0,0,268.62,1103.3200000000002,Male,76,No,Yes,Yes,No,0,2,23.4,1,1,Detractor
5509,Yes,3,65,,Yes,28.46,Yes,Yes,Cable,14,Yes,Yes,Yes,Yes,Yes,Yes,Yes,Yes,Two Year,Yes,Credit Card,90.45,5957.9,0.0,0,1849.9,7807.799999999999,Female,43,No,No,Yes,Yes,1,10,8.222727272727273,0,0,Detractor
6251,No,0,65,,No,0.0,No,Yes,Cable,22,Yes,No,Yes,Yes,Yes,Yes,Yes,Yes,Two Year,No,Credit Card,59.95,3921.1,0.0,0,0.0,3921.1,Female,45,No,No,No,No,0,7,7.49375,0,0,Detractor
4990,No,0,9,,Yes,21.11,No,Yes,Fiber Optic,6,Yes,No,No,No,No,No,No,Yes,Month-to-Month,No,Bank Withdrawal,75.6,661.55,0.0,0,189.99,851.54,Male,58,No,No,No,No,0,3,18.9,1,1,Detractor
3125,No,0,5,,No,0.0,No,Yes,Cable,59,Yes,No,Yes,Yes,No,No,Yes,Yes,Month-to-Month,No,Credit Card,40.0,223.45,0.0,0,0.0,223.45,Male,25,Yes,No,No,No,0,5,6.666666666666667,1,0,Detractor
4080,No,0,7,,Yes,8.29,No,Yes,DSL,21,No,No,Yes,Yes,No,Yes,Yes,Yes,Month-to-Month,No,Bank Withdrawal,62.8,418.3,0.0,0,58.03,476.33,Female,42,No,No,No,No,0,6,8.971428571428572,1,1,Passive
4104,Yes,4,30,Offer C,Yes,48.04,Yes,Yes,Cable,19,Yes,Yes,Yes,Yes,No,No,No,Yes,Month-to-Month,No,Bank Withdrawal,67.6,2000.2,0.0,0,1441.2,3441.4,Male,31,No,No,Yes,Yes,1,7,8.45,0,1,Detractor
2641,Yes,6,46,,Yes,4.2,Yes,Yes,Fiber Optic,22,No,No,Yes,No,Yes,Yes,No,Yes,One Year,Yes,Bank Withdrawal,98.85,4564.9,0.0,0,193.2,4758.099999999999,Male,74,No,Yes,Yes,No,0,6,14.12142857142857,0,1,Promoter
5331,No,0,63,,Yes,5.17,Yes,Yes,Fiber Optic,16,Yes,Yes,Yes,No,Yes,Yes,Yes,Yes,Month-to-Month,No,Credit Card,108.25,6780.1,0.0,0,325.71,7105.81,Female,46,No,No,No,No,0,9,10.825,0,0,Detractor
6047,No,0,59,Offer B,Yes,48.12,Yes,Yes,Fiber Optic,51,No,Yes,Yes,Yes,Yes,Yes,Yes,Yes,Month-to-Month,Yes,Bank Withdrawal,111.35,6519.75,0.0,0,2839.08,9358.83,Male,19,Yes,No,No,No,0,9,11.135,0,1,Promoter
3332,Yes,9,7,Offer E,No,0.0,No,Yes,Cable,47,Yes,Yes,Yes,No,Yes,Yes,Yes,Yes,Month-to-Month,No,Credit Card,58.85,465.7,0.0,0,0.0,465.7,Male,21,Yes,No,Yes,Yes,2,7,7.35625,1,0,Detractor
4363,No,0,51,Offer B,Yes,43.79,Yes,Yes,Fiber Optic,82,No,Yes,Yes,Yes,Yes,Yes,Yes,Yes,One Year,Yes,Bank Withdrawal,111.5,5703.25,0.0,0,2233.29,7936.54,Female,19,Yes,No,No,No,0,9,11.15,0,1,Passive
6355,No,0,60,Offer B,Yes,39.41,Yes,No,No internet,0,No,No,No,No,No,No,No,No,Two Year,No,Mailed Check,25.0,1505.05,0.0,0,2364.6,3869.65,Female,63,No,No,No,No,0,2,8.333333333333334,0,0,Detractor
2573,Yes,1,43,Offer B,No,0.0,No,Yes,DSL,21,No,Yes,Yes,No,Yes,Yes,No,Yes,Month-to-Month,No,Credit Card,55.55,2342.2,0.0,0,0.0,2342.2,Female,70,No,Yes,Yes,No,0,5,9.258333333333333,0,0,Detractor
2047,Yes,5,12,Offer D,Yes,17.27,No,Yes,Cable,29,No,No,No,No,Yes,No,No,Yes,Month-to-Month,Yes,Mailed Check,56.3,628.65,0.0,0,207.24,835.89,Male,49,No,No,Yes,Yes,2,3,14.075,1,0,Detractor
2269,Yes,5,18,,Yes,20.0,No,No,No internet,0,No,No,No,No,No,No,No,No,Two Year,No,Credit Card,19.35,309.25,0.0,0,360.0,669.25,Female,20,Yes,No,Yes,Yes,3,1,9.675,0,0,Promoter
5981,Yes,1,44,,Yes,17.61,No,Yes,DSL,24,Yes,Yes,No,Yes,No,No,No,Yes,One Year,Yes,Bank Withdrawal,59.85,2603.95,0.0,0,774.8399999999999,3378.79,Male,39,No,No,Yes,No,0,5,9.975,0,1,Detractor
3273,No,0,25,,Yes,29.81,No,Yes,Fiber Optic,52,No,No,No,Yes,Yes,Yes,Yes,No,Month-to-Month,Yes,Bank Withdrawal,95.15,2395.7,0.0,80,745.25,3220.95,Female,22,Yes,No,Yes,No,0,5,15.858333333333334,0,1,Detractor
5650,No,0,1,Offer E,Yes,25.99,No,No,No internet,0,No,No,No,No,No,No,No,No,Month-to-Month,No,Credit Card,20.0,20.0,0.0,0,25.99,45.99,Male,55,No,No,No,No,0,1,10.0,1,0,Passive
2062,No,0,9,,Yes,34.75,Yes,Yes,Fiber Optic,3,No,No,No,No,No,No,No,Yes,Month-to-Month,Yes,Bank Withdrawal,76.25,684.85,0.0,0,312.75,997.6,Male,48,No,No,No,No,0,3,19.0625,1,1,Promoter
4017,Yes,9,36,Offer C,Yes,47.16,No,Yes,DSL,28,No,No,Yes,Yes,No,No,No,Yes,One Year,No,Credit Card,54.1,1992.85,1.09,0,1697.7599999999998,3689.52,Male,65,No,Yes,Yes,No,0,4,10.82,0,0,Detractor
5742,No,0,40,,Yes,44.14,No,Yes,Fiber Optic,23,No,No,No,No,Yes,Yes,No,Yes,Two Year,Yes,Bank Withdrawal,91.55,3673.6,0.0,0,1765.6,5439.2,Female,72,No,Yes,No,No,0,4,18.31,0,1,Detractor
5019,Yes,4,44,Offer B,Yes,24.71,Yes,Yes,Fiber Optic,27,No,Yes,Yes,No,No,Yes,Yes,No,One Year,No,Bank Withdrawal,94.4,4295.35,0.0,40,1087.24,5422.59,Female,40,No,No,Yes,Yes,2,6,13.485714285714286,0,1,Promoter
4544,Yes,8,54,,Yes,14.18,No,Yes,DSL,25,Yes,Yes,No,No,Yes,Yes,Yes,Yes,Two Year,Yes,Bank Withdrawal,74.55,4191.45,0.0,0,765.72,4957.17,Male,48,No,No,Yes,No,0,7,9.31875,0,1,Passive
4596,Yes,1,54,,Yes,42.1,Yes,Yes,DSL,12,No,No,No,No,Yes,Yes,Yes,Yes,One Year,Yes,Credit Card,70.15,3715.65,0.0,0,2273.4,5989.05,Female,50,No,No,Yes,No,0,6,10.021428571428572,0,0,Detractor
6132,Yes,5,69,,Yes,49.91,Yes,Yes,Fiber Optic,13,No,Yes,Yes,No,No,Yes,Yes,Yes,Two Year,Yes,Bank Withdrawal,95.35,6382.0,0.0,0,3443.79,9825.79,Male,73,No,Yes,Yes,No,0,7,11.91875,0,1,Detractor
2120,Yes,1,11,Offer D,Yes,25.67,Yes,Yes,Fiber Optic,18,No,No,No,No,Yes,Yes,Yes,Yes,Month-to-Month,Yes,Bank Withdrawal,94.0,1078.9,0.0,0,282.37,1361.27,Female,64,No,No,Yes,No,0,6,13.428571428571429,1,1,Detractor
4830,No,0,36,Offer C,Yes,42.51,No,Yes,Cable,52,Yes,No,Yes,Yes,Yes,Yes,Yes,No,Month-to-Month,Yes,Credit Card,79.2,2854.95,0.0,40,1530.36,4425.31,Male,27,Yes,No,No,No,0,7,9.9,0,0,Detractor
5898,Yes,1,35,,Yes,25.27,Yes,Yes,DSL,82,Yes,No,Yes,Yes,Yes,No,No,Yes,Month-to-Month,No,Bank Withdrawal,72.25,2568.55,0.0,0,884.4499999999999,3453.0,Female,28,Yes,No,Yes,Yes,2,7,9.03125,0,1,Detractor
2788,No,0,9,,Yes,40.74,No,No,No internet,0,No,No,No,No,No,No,No,No,Month-to-Month,No,Credit Card,19.85,178.8,0.0,0,366.66,545.46,Male,56,No,No,No,No,0,1,9.925,1,0,Detractor
5548,Yes,3,54,,Yes,23.94,No,No,No internet,0,No,No,No,No,No,No,No,No,Two Year,Yes,Mailed Check,18.95,1031.1,0.0,0,1292.76,2323.86,Female,68,No,Yes,Yes,No,0,1,9.475,0,0,Passive
5029,No,0,47,,Yes,16.64,Yes,Yes,Fiber Optic,8,No,Yes,Yes,No,Yes,Yes,Yes,Yes,One Year,Yes,Bank Withdrawal,103.1,4889.3,0.0,0,782.08,5671.38,Male,37,No,No,No,No,0,8,11.455555555555556,0,1,Passive
2037,Yes,1,28,,Yes,27.34,No,Yes,Fiber Optic,16,No,Yes,Yes,Yes,Yes,No,No,Yes,One Year,No,Bank Withdrawal,92.9,2768.35,0.0,0,765.52,3533.87,Male,35,No,No,Yes,No,0,6,13.271428571428572,0,1,Detractor
4995,Yes,1,41,Offer B,Yes,45.84,Yes,Yes,Fiber Optic,18,Yes,No,Yes,No,No,No,No,Yes,Month-to-Month,Yes,Bank Withdrawal,83.75,3273.55,0.0,0,1879.44,5152.99,Male,74,No,Yes,Yes,No,0,5,13.958333333333334,0,1,Detractor
3585,Yes,2,20,Offer D,Yes,19.15,No,No,No internet,0,No,No,No,No,No,No,No,No,One Year,Yes,Credit Card,20.0,416.45,0.0,0,383.0,799.45,Female,21,Yes,No,Yes,No,0,1,10.0,0,0,Promoter
5257,Yes,10,40,,Yes,39.97,Yes,Yes,Fiber Optic,17,No,No,No,Yes,No,No,No,Yes,Month-to-Month,Yes,Credit Card,78.85,3126.85,0.0,0,1598.8,4725.65,Female,61,No,No,Yes,No,0,4,15.77,0,0,Passive
5458,Yes,1,42,,Yes,6.84,Yes,Yes,Fiber Optic,27,No,No,No,No,Yes,Yes,Yes,Yes,Month-to-Month,Yes,Bank Withdrawal,94.2,4186.3,0.0,0,287.28,4473.58,Female,25,Yes,No,Yes,No,0,6,13.457142857142856,0,1,Detractor
4298,No,0,14,,Yes,24.04,No,Yes,Cable,12,No,Yes,No,No,No,No,No,Yes,One Year,No,Credit Card,51.45,727.85,0.0,0,336.56,1064.41,Female,64,No,No,No,No,0,3,12.8625,0,0,Detractor
4708,Yes,1,4,,Yes,18.91,Yes,Yes,Fiber Optic,20,Yes,No,No,No,Yes,Yes,No,Yes,Month-to-Month,Yes,Bank Withdrawal,99.6,347.65,25.79,0,75.64,397.5,Female,68,No,Yes,Yes,No,0,6,14.228571428571428,1,1,Detractor
3380,No,0,30,,Yes,32.41,No,Yes,Cable,22,Yes,Yes,No,Yes,Yes,No,No,Yes,One Year,No,Bank Withdrawal,70.4,2044.75,0.0,0,972.3,3017.05,Male,47,No,No,No,No,0,6,10.05714285714286,0,1,Detractor
5152,Yes,1,72,,Yes,28.86,Yes,Yes,Fiber Optic,8,Yes,Yes,Yes,No,No,Yes,Yes,Yes,Two Year,Yes,Bank Withdrawal,99.15,7422.1,0.0,0,2077.92,9500.02,Male,52,No,No,Yes,No,0,8,11.016666666666667,0,1,Detractor
4485,Yes,5,71,Offer A,Yes,30.16,No,Yes,Fiber Optic,19,Yes,Yes,Yes,No,No,No,No,Yes,One Year,Yes,Bank Withdrawal,86.7,6179.35,0.0,0,2141.36,8320.710000000001,Male,76,No,Yes,Yes,Yes,2,5,14.45,0,1,Detractor
4501,No,0,26,Offer C,Yes,20.64,Yes,Yes,Fiber Optic,22,No,No,Yes,No,No,No,No,Yes,Month-to-Month,Yes,Bank Withdrawal,80.7,2193.0,0.0,0,536.64,2729.64,Female,37,No,No,No,No,0,4,16.14,0,1,Detractor
3325,No,0,8,,Yes,17.52,No,Yes,DSL,28,Yes,Yes,No,Yes,No,No,No,No,One Year,No,Bank Withdrawal,58.2,469.25,0.0,30,140.16,639.41,Female,60,No,No,No,No,0,4,11.64,1,1,Passive
3477,No,0,2,,Yes,12.59,No,Yes,Cable,76,Yes,No,Yes,No,No,No,No,Yes,Month-to-Month,No,Bank Withdrawal,53.45,119.5,0.0,0,25.18,144.68,Male,30,No,No,No,No,0,4,10.69,1,1,Passive
4033,No,0,1,,Yes,1.17,Yes,Yes,Fiber Optic,27,No,No,No,No,Yes,Yes,Yes,Yes,Month-to-Month,Yes,Bank Withdrawal,94.6,94.6,0.0,0,1.17,95.77,Female,56,No,No,No,No,0,6,13.514285714285714,1,1,Detractor
5420,No,0,17,Offer D,Yes,35.88,No,Yes,Fiber Optic,52,No,No,No,No,No,No,No,Yes,Month-to-Month,Yes,Bank Withdrawal,70.8,1207.0,0.0,0,609.96,1816.96,Male,26,Yes,No,No,No,0,2,23.6,0,1,Promoter
4584,No,0,30,,Yes,2.67,No,Yes,Fiber Optic,27,No,No,No,Yes,Yes,Yes,Yes,Yes,One Year,Yes,Bank Withdrawal,94.4,2638.1,0.0,0,80.1,2718.2,Female,64,No,No,No,No,0,6,13.485714285714286,0,1,Promoter
3582,Yes,8,12,Offer D,Yes,9.58,No,Yes,Cable,57,Yes,No,No,No,No,No,No,No,Month-to-Month,Yes,Bank Withdrawal,49.2,571.15,0.0,80,114.96,766.11,Male,39,No,No,Yes,Yes,3,2,16.400000000000002,1,1,Detractor
6354,No,0,65,Offer B,Yes,19.25,No,Yes,DSL,19,Yes,Yes,Yes,No,No,No,No,Yes,One Year,No,Bank Withdrawal,61.35,3874.1,0.0,0,1251.25,5125.35,Female,55,No,No,Yes,Yes,2,5,10.225,0,1,Detractor
3136,Yes,1,46,,Yes,45.92,No,No,No internet,0,No,No,No,No,No,No,No,No,Two Year,Yes,Credit Card,20.2,917.45,0.0,0,2112.32,3029.7700000000004,Male,54,No,No,Yes,Yes,1,1,10.1,0,0,Detractor
4399,No,0,4,,Yes,30.44,Yes,Yes,Cable,10,No,No,No,No,No,No,No,Yes,Month-to-Month,No,Credit Card,50.4,206.6,0.0,0,121.76,328.36,Male,60,No,No,No,No,0,3,12.6,1,0,Detractor
4333,No,0,11,,Yes,41.58,No,Yes,Fiber Optic,3,No,No,No,No,No,Yes,Yes,Yes,Two Year,Yes,Bank Withdrawal,78.5,874.2,0.0,0,457.38,1331.58,Male,71,No,Yes,No,No,0,4,15.7,1,1,Detractor
5693,No,0,65,Offer B,No,0.0,No,Yes,Cable,9,No,Yes,Yes,No,Yes,Yes,No,Yes,Two Year,Yes,Bank Withdrawal,53.5,3517.9,0.0,0,0.0,3517.9,Female,75,No,Yes,No,No,0,5,8.916666666666666,0,1,Detractor
5378,No,0,2,Offer E,Yes,45.41,Yes,Yes,Fiber Optic,18,No,No,No,No,No,No,No,Yes,Month-to-Month,Yes,Mailed Check,74.85,156.4,0.0,0,90.82,247.22,Male,79,No,Yes,No,No,0,3,18.7125,1,0,Detractor
4026,Yes,1,58,Offer B,Yes,17.22,No,Yes,Cable,21,Yes,Yes,Yes,No,No,No,No,Yes,One Year,No,Credit Card,60.3,3563.8,0.0,0,998.76,4562.56,Male,31,No,No,Yes,No,0,5,10.05,0,0,Detractor
6166,Yes,6,69,,Yes,12.02,No,Yes,Fiber Optic,30,No,No,No,Yes,Yes,Yes,Yes,Yes,Two Year,Yes,Credit Card,95.2,6671.7,0.0,0,829.38,7501.08,Male,61,No,No,Yes,Yes,1,6,13.6,0,0,Passive
5369,No,0,10,Offer D,Yes,3.55,No,Yes,DSL,29,No,No,No,No,No,No,No,No,Month-to-Month,No,Credit Card,45.25,428.7,44.9,0,35.5,419.3,Female,46,No,No,No,No,0,1,22.625,1,0,Promoter
2170,Yes,2,23,Offer D,Yes,24.22,No,No,No internet,0,No,No,No,No,No,No,No,No,One Year,Yes,Credit Card,20.0,445.3,0.0,0,557.06,1002.36,Male,64,No,No,Yes,Yes,1,1,10.0,0,0,Promoter
6005,Yes,1,67,Offer A,Yes,10.9,No,Yes,Cable,26,Yes,Yes,No,No,No,No,No,No,Two Year,Yes,Bank Withdrawal,54.2,3838.2,0.0,10,730.3000000000001,4578.5,Male,42,No,No,Yes,Yes,2,3,13.55,0,1,Passive
5579,Yes,3,49,,Yes,22.1,No,No,No internet,0,No,No,No,No,No,No,No,No,One Year,Yes,Bank Withdrawal,20.05,923.1,0.0,0,1082.9,2006.0,Female,56,No,No,Yes,No,0,1,10.025,0,1,Promoter
5863,No,0,2,,Yes,44.34,No,No,No internet,0,No,No,No,No,No,No,No,No,Month-to-Month,No,Credit Card,19.35,46.35,0.0,0,88.68,135.03,Male,42,No,No,No,No,0,1,9.675,1,0,Detractor
6408,No,0,69,Offer A,Yes,25.18,No,No,No internet,0,No,No,No,No,No,No,No,No,Two Year,No,Credit Card,19.4,1346.2,0.0,0,1737.42,3083.62,Female,19,Yes,No,Yes,Yes,2,1,9.7,0,0,Promoter
5010,Yes,6,2,Offer E,Yes,29.1,No,Yes,Fiber Optic,19,No,No,No,No,No,No,No,Yes,Month-to-Month,No,Credit Card,69.95,143.9,0.0,0,58.2,202.1,Male,48,No,No,Yes,Yes,2,2,23.316666666666663,1,0,Detractor
3042,No,0,1,Offer E,Yes,49.43,No,Yes,Fiber Optic,48,No,No,No,No,No,No,Yes,Yes,Month-to-Month,Yes,Bank Withdrawal,69.55,69.55,0.0,0,49.43,118.98,Male,27,Yes,No,No,No,0,3,17.3875,1,1,Detractor
4389,No,0,7,Offer E,Yes,40.42,Yes,Yes,Cable,17,Yes,No,No,No,No,No,No,Yes,Month-to-Month,Yes,Bank Withdrawal,53.65,404.35,0.0,0,282.94,687.29,Female,46,No,No,No,No,0,4,10.73,1,1,Passive
4689,No,0,1,,Yes,36.99,No,Yes,Cable,22,No,No,No,No,No,No,No,Yes,Month-to-Month,Yes,Bank Withdrawal,45.65,45.65,0.0,0,36.99,82.64,Female,43,No,No,No,No,0,2,15.216666666666669,1,1,Detractor
5089,Yes,2,63,Offer B,No,0.0,No,Yes,DSL,7,Yes,No,No,Yes,No,No,No,Yes,One Year,No,Bank Withdrawal,36.1,2298.9,0.0,0,0.0,2298.9,Male,76,No,Yes,Yes,No,0,3,9.025,0,1,Detractor
4322,Yes,4,50,Offer B,Yes,10.33,Yes,Yes,DSL,6,No,No,Yes,No,No,No,No,Yes,One Year,No,Bank Withdrawal,54.9,2614.1,0.0,0,516.5,3130.6,Male,46,No,No,Yes,No,0,4,10.98,0,1,Passive
5109,Yes,8,5,,Yes,47.91,No,Yes,Fiber Optic,73,No,No,No,No,Yes,No,No,Yes,Month-to-Month,Yes,Bank Withdrawal,80.85,356.1,0.0,0,239.55,595.65,Female,20,Yes,No,Yes,Yes,2,3,20.2125,1,1,Promoter
3716,Yes,1,4,,Yes,28.11,Yes,Yes,Fiber Optic,27,No,No,No,No,No,No,No,Yes,Month-to-Month,No,Bank Withdrawal,74.95,308.7,0.0,0,112.44,421.14,Male,76,No,Yes,Yes,No,0,3,18.7375,1,1,Detractor
4418,No,0,41,,Yes,38.94,No,Yes,DSL,28,No,No,No,No,No,No,No,Yes,Month-to-Month,No,Bank Withdrawal,45.2,1841.9,0.0,0,1596.54,3438.44,Female,58,No,No,No,Yes,3,2,15.066666666666668,0,1,Promoter
4287,Yes,1,5,Offer E,Yes,47.28,Yes,Yes,Fiber Optic,11,No,Yes,No,No,No,No,No,No,Month-to-Month,Yes,Bank Withdrawal,81.0,371.65,40.64,10,236.4,577.41,Female,68,No,Yes,Yes,No,0,3,20.25,1,1,Detractor
3594,Yes,1,48,,Yes,25.19,Yes,Yes,Fiber Optic,22,No,No,Yes,No,No,Yes,Yes,Yes,Two Year,Yes,Credit Card,91.05,4370.75,0.0,0,1209.12,5579.87,Male,65,No,Yes,Yes,No,0,6,13.007142857142856,0,0,Passive
2712,Yes,1,32,,Yes,49.6,Yes,Yes,Fiber Optic,10,No,No,No,No,No,Yes,Yes,Yes,Month-to-Month,No,Bank Withdrawal,85.3,2661.1,0.0,0,1587.2,4248.3,Male,76,No,Yes,Yes,No,0,5,14.216666666666669,0,1,Detractor
5849,Yes,1,20,,Yes,5.37,No,Yes,Fiber Optic,24,No,Yes,No,No,No,No,No,Yes,Month-to-Month,Yes,Bank Withdrawal,73.65,1463.5,0.0,0,107.4,1570.9,Male,71,No,Yes,Yes,No,0,3,18.4125,0,1,Detractor
4222,No,0,17,Offer D,Yes,22.26,No,No,No internet,0,No,No,No,No,No,No,No,No,Month-to-Month,No,Credit Card,19.7,340.35,0.0,0,378.42,718.77,Female,27,Yes,No,No,No,0,1,9.85,0,0,Passive
4458,No,0,22,Offer D,Yes,40.18,Yes,Yes,Fiber Optic,8,No,No,No,No,Yes,Yes,Yes,No,Month-to-Month,Yes,Bank Withdrawal,96.7,2082.95,0.0,100,883.96,3066.91,Male,65,No,Yes,No,No,0,5,16.116666666666667,0,1,Detractor
4630,Yes,9,46,,Yes,12.68,No,No,No internet,0,No,No,No,No,No,No,No,No,Two Year,No,Credit Card,19.4,958.15,0.0,0,583.28,1541.4299999999998,Female,46,No,No,Yes,Yes,3,1,9.7,0,0,Passive
3553,No,0,3,,Yes,23.82,Yes,Yes,Fiber Optic,30,No,No,No,No,No,No,No,Yes,Month-to-Month,Yes,Credit Card,75.05,256.25,0.0,0,71.46000000000001,327.71000000000004,Female,68,No,Yes,No,No,0,3,18.7625,1,0,Detractor
4890,Yes,9,72,Offer A,Yes,7.16,Yes,Yes,Fiber Optic,24,Yes,Yes,Yes,Yes,Yes,No,No,Yes,Two Year,Yes,Credit Card,106.1,7548.6,23.39,0,515.52,8040.73,Male,31,No,No,Yes,Yes,1,8,11.788888888888888,0,0,Detractor
2689,No,0,5,Offer E,Yes,45.74,No,Yes,Fiber Optic,30,No,Yes,No,No,Yes,No,No,No,Month-to-Month,Yes,Credit Card,85.3,420.45,0.0,10,228.7,659.15,Female,37,No,No,No,No,0,3,21.325,1,0,Passive
4773,No,0,1,,Yes,8.77,No,Yes,DSL,10,No,No,No,No,No,No,No,Yes,Month-to-Month,Yes,Credit Card,44.15,44.15,0.0,0,8.77,52.92,Male,44,No,No,No,No,0,2,14.716666666666669,1,0,Detractor
3266,Yes,2,17,,Yes,1.05,No,Yes,Fiber Optic,8,No,Yes,No,No,No,No,No,Yes,Month-to-Month,Yes,Bank Withdrawal,76.45,1233.4,0.0,0,17.85,1251.25,Male,66,No,Yes,Yes,No,0,3,19.1125,0,1,Detractor
2862,Yes,4,13,,Yes,13.77,Yes,Yes,DSL,23,No,Yes,Yes,Yes,Yes,No,No,Yes,Month-to-Month,Yes,Bank Withdrawal,72.8,930.05,0.0,0,179.01,1109.06,Male,33,No,No,Yes,Yes,2,7,9.1,0,1,Passive
6091,Yes,7,72,Offer A,No,0.0,No,Yes,Cable,17,Yes,Yes,Yes,No,No,No,No,Yes,Two Year,No,Bank Withdrawal,42.1,2962.0,0.0,0,0.0,2962.0,Male,36,No,No,Yes,No,0,4,8.42,0,1,Passive
4775,Yes,1,56,Offer B,Yes,39.72,Yes,Yes,DSL,11,Yes,No,No,No,Yes,No,No,Yes,One Year,No,Bank Withdrawal,65.2,3512.15,0.0,0,2224.32,5736.469999999999,Female,62,No,No,Yes,No,0,5,10.866666666666667,0,1,Detractor
3734,No,0,11,Offer D,Yes,10.95,Yes,Yes,Fiber Optic,29,No,No,Yes,No,Yes,No,No,Yes,Month-to-Month,Yes,Bank Withdrawal,89.2,990.3,0.0,0,120.45,1110.75,Female,60,No,No,No,No,0,5,14.866666666666667,1,1,Passive
3274,No,0,25,,Yes,3.07,No,No,No internet,0,No,No,No,No,No,No,No,No,Month-to-Month,No,Credit Card,20.8,460.2,21.81,0,76.75,515.14,Male,55,No,No,No,Yes,3,1,10.4,0,0,Promoter
5211,No,0,1,,Yes,32.45,No,No,No internet,0,No,No,No,No,No,No,No,No,Month-to-Month,No,Credit Card,19.5,19.5,0.0,0,32.45,51.95,Female,54,No,No,No,No,0,1,9.75,1,0,Detractor
5263,No,0,25,Offer C,Yes,7.55,No,Yes,DSL,71,Yes,Yes,No,Yes,Yes,Yes,Yes,Yes,Month-to-Month,Yes,Credit Card,79.0,1902.0,0.0,0,188.75,2090.75,Male,28,Yes,No,No,No,0,8,8.777777777777779,0,0,Passive
4404,No,0,20,,Yes,15.87,No,No,No internet,0,No,No,No,No,No,No,No,No,Two Year,No,Credit Card,19.7,406.95,0.0,0,317.4,724.3499999999999,Female,49,No,No,No,No,0,1,9.85,0,0,Promoter
4703,Yes,9,72,,Yes,21.84,Yes,Yes,DSL,30,Yes,Yes,No,Yes,Yes,No,No,Yes,Two Year,No,Credit Card,74.55,5430.65,0.0,0,1572.48,7003.129999999999,Female,61,No,No,Yes,Yes,3,7,9.31875,0,0,Detractor
4459,Yes,5,29,Offer C,Yes,36.7,Yes,Yes,DSL,69,Yes,No,No,Yes,Yes,No,No,No,One Year,No,Bank Withdrawal,69.05,1958.45,0.0,40,1064.3000000000002,3062.75,Male,26,Yes,No,Yes,Yes,2,5,11.508333333333333,0,1,Passive
5318,Yes,5,10,Offer D,Yes,19.77,No,Yes,DSL,12,No,No,Yes,No,Yes,No,No,Yes,Month-to-Month,No,Credit Card,60.2,563.5,0.0,0,197.7,761.2,Male,50,No,No,Yes,Yes,2,4,12.04,1,0,Passive
3200,Yes,2,23,Offer D,Yes,16.63,No,Yes,Fiber Optic,22,No,Yes,Yes,Yes,No,No,No,No,One Year,No,Credit Card,86.8,1940.8,0.0,90,382.49,2413.29,Male,51,No,No,Yes,No,0,4,17.36,0,0,Passive
2047,No,0,40,,Yes,33.83,Yes,Yes,DSL,19,No,No,Yes,Yes,Yes,Yes,Yes,Yes,One Year,Yes,Credit Card,80.75,3208.65,0.0,0,1353.1999999999998,4561.85,Female,41,No,No,No,No,0,8,8.972222222222221,0,0,Passive
4650,No,0,23,,Yes,3.55,Yes,Yes,Fiber Optic,4,Yes,No,No,No,Yes,No,No,Yes,Month-to-Month,Yes,Bank Withdrawal,90.05,2169.8,27.38,0,81.64999999999999,2224.07,Female,64,No,No,No,No,0,5,15.008333333333333,0,1,Detractor
3559,No,0,4,Offer E,Yes,31.57,Yes,Yes,Fiber Optic,18,Yes,No,No,No,Yes,No,No,Yes,Month-to-Month,No,Bank Withdrawal,90.65,367.95,0.0,0,126.28,494.23,Male,43,No,No,No,No,0,5,15.108333333333334,1,1,Detractor
4741,No,0,1,,Yes,31.13,No,Yes,Fiber Optic,5,No,No,No,No,No,No,No,Yes,Month-to-Month,Yes,Bank Withdrawal,69.65,69.65,0.0,0,31.13,100.78,Female,70,No,Yes,No,No,0,2,23.21666666666667,1,1,Detractor
3137,Yes,1,10,Offer D,Yes,25.89,No,Yes,DSL,22,No,Yes,No,Yes,No,Yes,Yes,Yes,Month-to-Month,Yes,Bank Withdrawal,65.5,616.9,0.0,0,258.9,875.8,Female,59,No,No,Yes,Yes,1,6,9.357142857142858,1,1,Promoter
5873,No,0,7,,Yes,9.19,No,No,No internet,0,No,No,No,No,No,No,No,No,Month-to-Month,Yes,Credit Card,19.4,168.65,0.0,0,64.33,232.98,Male,63,No,No,No,No,0,1,9.7,1,0,Promoter
5203,No,0,1,,Yes,29.19,No,No,No internet,0,No,No,No,No,No,No,No,No,Month-to-Month,No,Credit Card,20.3,20.3,0.0,0,29.19,49.49,Male,22,Yes,No,No,No,0,1,10.15,1,0,Promoter
4084,No,0,54,,Yes,48.97,No,Yes,Fiber Optic,42,No,No,Yes,No,Yes,Yes,Yes,No,One Year,Yes,Credit Card,94.1,5060.9,0.0,140,2644.38,7845.28,Female,23,Yes,No,No,No,0,5,15.683333333333332,0,0,Detractor
4348,Yes,1,67,Offer A,Yes,30.94,Yes,Yes,Fiber Optic,11,Yes,No,No,Yes,No,Yes,Yes,Yes,One Year,Yes,Credit Card,94.35,6341.45,0.0,0,2072.98,8414.43,Female,41,No,No,Yes,No,0,7,11.79375,0,0,Detractor
4714,No,0,40,,Yes,39.05,No,Yes,DSL,58,Yes,No,Yes,No,No,Yes,Yes,Yes,Month-to-Month,No,Bank Withdrawal,67.45,2731.0,0.0,0,1562.0,4293.0,Male,28,Yes,No,No,No,0,6,9.635714285714286,0,1,Detractor
3259,No,0,1,Offer E,Yes,34.02,Yes,Yes,DSL,24,No,Yes,No,No,No,No,No,No,Month-to-Month,No,Bank Withdrawal,54.3,54.3,0.0,10,34.02,98.32,Male,62,No,No,No,No,0,3,13.575,1,1,Promoter
6034,Yes,7,65,,Yes,10.23,No,Yes,Cable,14,No,No,No,Yes,Yes,No,No,Yes,Two Year,Yes,Credit Card,59.8,3808.2,0.0,0,664.95,4473.15,Female,46,No,No,Yes,No,0,4,11.96,0,0,Promoter
3958,Yes,6,14,Offer D,Yes,26.99,No,No,No internet,0,No,No,No,No,No,No,No,No,One Year,No,Credit Card,19.75,309.35,6.49,0,377.86,680.72,Male,38,No,No,Yes,Yes,2,1,9.875,0,0,Detractor
4648,Yes,10,34,Offer C,Yes,20.05,Yes,Yes,Fiber Optic,57,No,No,Yes,No,No,Yes,Yes,Yes,Month-to-Month,Yes,Credit Card,90.05,3097.0,0.0,0,681.7,3778.7,Male,61,No,No,Yes,Yes,3,6,12.864285714285714,0,0,Passive
6108,Yes,6,61,Offer B,Yes,25.4,No,No,No internet,0,No,No,No,No,No,No,No,No,Two Year,No,Credit Card,19.75,1311.6,0.0,0,1549.4,2861.0,Female,44,No,No,Yes,Yes,2,1,9.875,0,0,Detractor
5293,Yes,10,16,Offer D,Yes,7.14,No,No,No internet,0,No,No,No,No,No,No,No,No,Two Year,No,Credit Card,19.7,301.55,0.0,0,114.24,415.79,Female,44,No,No,Yes,Yes,2,1,9.85,0,0,Detractor
4430,No,0,3,Offer E,Yes,5.15,No,No,No internet,0,No,No,No,No,No,No,No,No,Month-to-Month,No,Mailed Check,19.95,58.3,0.0,0,15.45,73.75,Male,38,No,No,No,Yes,3,1,9.975,1,0,Promoter
2768,No,0,22,Offer D,Yes,23.03,No,No,No internet,0,No,No,No,No,No,No,No,No,One Year,No,Credit Card,20.3,467.15,0.0,0,506.66,973.81,Male,24,Yes,No,No,No,0,1,10.15,0,0,Passive
4957,Yes,5,71,,Yes,48.32,No,Yes,DSL,59,Yes,No,No,Yes,No,No,No,Yes,Two Year,No,Bank Withdrawal,54.5,3778.2,0.0,0,3430.72,7208.92,Male,21,Yes,No,Yes,No,0,4,10.9,0,1,Detractor
3685,No,0,2,,Yes,21.57,Yes,Yes,Fiber Optic,28,No,No,Yes,No,No,Yes,Yes,Yes,Month-to-Month,Yes,Bank Withdrawal,88.55,179.25,0.0,0,43.14,222.39,Female,68,No,Yes,No,No,0,6,12.65,1,1,Detractor
4072,Yes,5,69,Offer A,Yes,21.56,Yes,Yes,Fiber Optic,17,No,No,Yes,No,No,No,No,Yes,Two Year,Yes,Credit Card,79.2,5420.65,0.0,0,1487.64,6908.289999999999,Male,53,No,No,Yes,Yes,1,4,15.84,0,0,Passive
4425,No,0,17,,Yes,32.19,Yes,Yes,Fiber Optic,11,No,No,No,No,Yes,Yes,Yes,Yes,Two Year,Yes,Bank Withdrawal,94.2,1608.15,36.4,0,547.23,2118.98,Female,79,No,Yes,No,No,0,6,13.457142857142856,0,1,Passive
5784,Yes,5,60,,No,0.0,No,Yes,DSL,69,No,Yes,Yes,Yes,Yes,Yes,Yes,Yes,Two Year,No,Credit Card,60.8,3603.45,0.0,0,0.0,3603.45,Female,19,Yes,No,Yes,No,0,7,7.6,0,0,Promoter
5948,No,0,4,,Yes,48.32,Yes,Yes,Fiber Optic,51,No,Yes,No,No,No,Yes,Yes,No,Month-to-Month,Yes,Bank Withdrawal,88.95,355.2,0.0,40,193.28,588.48,Female,30,No,No,No,No,0,5,14.825,1,1,Detractor
4800,No,0,3,,No,0.0,No,Yes,Cable,25,No,Yes,No,No,Yes,Yes,Yes,Yes,Month-to-Month,Yes,Bank Withdrawal,50.6,155.35,0.0,0,0.0,155.35,Female,56,No,No,No,No,0,5,8.433333333333334,1,1,Detractor
5945,Yes,7,72,Offer A,Yes,18.66,Yes,Yes,Fiber Optic,3,Yes,Yes,Yes,No,Yes,Yes,Yes,Yes,Two Year,No,Credit Card,109.7,8129.3,0.0,0,1343.52,9472.82,Female,42,No,No,Yes,No,0,9,10.97,0,0,Passive
4663,Yes,7,66,,Yes,39.45,No,Yes,Fiber Optic,19,Yes,Yes,Yes,No,Yes,Yes,Yes,Yes,One Year,Yes,Bank Withdrawal,103.15,7031.3,0.0,0,2603.7000000000003,9635.0,Male,40,No,No,Yes,Yes,2,8,11.461111111111112,0,1,Passive
2130,No,0,25,Offer C,Yes,7.17,No,No,No internet,0,No,No,No,No,No,No,No,No,One Year,No,Credit Card,19.9,510.8,0.0,0,179.25,690.05,Male,41,No,No,No,No,0,1,9.95,0,0,Detractor
3885,No,0,11,Offer D,Yes,10.06,Yes,Yes,Fiber Optic,48,Yes,No,No,No,No,No,No,Yes,Month-to-Month,Yes,Bank Withdrawal,79.0,929.3,0.0,0,110.66,1039.96,Female,28,Yes,No,No,No,0,4,15.8,1,1,Detractor
4350,Yes,6,60,,Yes,4.59,Yes,Yes,Fiber Optic,9,Yes,No,Yes,Yes,Yes,Yes,Yes,Yes,Month-to-Month,Yes,Bank Withdrawal,109.45,6572.85,0.0,0,275.4,6848.25,Male,36,No,No,Yes,No,0,9,10.945,0,1,Passive
5268,No,0,43,,No,0.0,No,Yes,Cable,4,Yes,No,Yes,No,No,No,No,Yes,One Year,Yes,Credit Card,35.2,1463.7,0.0,0,0.0,1463.7,Male,47,No,No,No,No,0,3,8.8,0,0,Detractor
5546,Yes,9,54,,Yes,7.25,Yes,Yes,Fiber Optic,57,No,Yes,No,Yes,Yes,Yes,Yes,Yes,One Year,Yes,Bank Withdrawal,105.2,5637.85,23.01,0,391.5,6006.34,Male,50,No,No,Yes,Yes,3,8,11.68888888888889,0,1,Promoter
4849,Yes,1,25,,Yes,19.44,No,Yes,Fiber Optic,4,No,Yes,Yes,No,No,Yes,Yes,Yes,Two Year,No,Bank Withdrawal,88.4,2191.15,0.0,0,486.00000000000006,2677.15,Female,72,No,Yes,Yes,No,0,6,12.62857142857143,0,1,Detractor
5638,No,0,7,,Yes,32.4,Yes,Yes,Fiber Optic,7,No,No,No,No,No,No,No,Yes,Month-to-Month,No,Credit Card,73.75,545.15,0.0,0,226.8,771.9499999999999,Male,78,No,Yes,No,No,0,3,18.4375,1,0,Detractor
4559,Yes,1,2,Offer E,Yes,9.76,No,Yes,Cable,27,No,No,No,No,No,No,No,Yes,Month-to-Month,Yes,Bank Withdrawal,70.7,141.45,0.0,0,19.52,160.97,Female,28,Yes,No,Yes,No,0,2,23.566666666666663,1,1,Detractor
2964,Yes,4,48,,Yes,33.06,No,No,No internet,0,No,No,No,No,No,No,No,No,Two Year,Yes,Credit Card,20.05,1036.0,0.0,0,1586.88,2622.88,Male,44,No,No,Yes,No,0,1,10.025,0,0,Detractor
4363,No,0,1,,Yes,20.06,No,Yes,Fiber Optic,24,No,No,No,No,Yes,No,No,Yes,Month-to-Month,Yes,Bank Withdrawal,79.2,79.2,0.0,0,20.06,99.26,Female,69,No,Yes,No,No,0,3,19.8,1,1,Detractor
4705,No,0,26,,Yes,49.61,No,Yes,DSL,76,Yes,No,No,Yes,Yes,Yes,Yes,Yes,One Year,No,Bank Withdrawal,75.0,1908.35,0.0,0,1289.86,3198.21,Male,24,Yes,No,No,No,0,7,9.375,0,1,Detractor
5293,Yes,10,59,Offer B,Yes,18.75,No,No,No internet,0,No,No,No,No,No,No,No,No,Two Year,No,Credit Card,19.5,1147.85,0.0,0,1106.25,2254.1,Male,35,No,No,Yes,Yes,2,1,9.75,0,0,Detractor
2545,No,0,8,Offer E,Yes,45.59,Yes,Yes,Fiber Optic,8,No,No,No,No,Yes,No,No,Yes,Month-to-Month,Yes,Bank Withdrawal,87.05,762.1,0.0,0,364.72,1126.8200000000002,Female,48,No,No,No,No,0,4,17.41,1,1,Detractor
4091,No,0,1,,Yes,6.67,No,Yes,Fiber Optic,27,Yes,No,No,No,Yes,Yes,Yes,Yes,Month-to-Month,Yes,Bank Withdrawal,95.6,95.6,0.0,0,6.67,102.27,Female,29,Yes,No,No,No,0,6,13.657142857142857,1,1,Detractor
4140,No,0,4,,Yes,30.11,No,Yes,Fiber Optic,25,No,No,No,No,No,No,No,Yes,Two Year,No,Bank Withdrawal,69.35,261.65,0.0,0,120.44,382.09,Male,77,No,Yes,No,No,0,2,23.116666666666664,1,1,Detractor
5079,No,0,25,,No,0.0,No,Yes,DSL,18,Yes,No,No,No,Yes,No,No,Yes,One Year,Yes,Credit Card,40.65,970.55,0.0,0,0.0,970.55,Male,56,No,No,No,Yes,2,3,10.1625,0,0,Detractor
3448,No,0,1,Offer E,Yes,14.17,No,No,No internet,0,No,No,No,No,No,No,No,No,Month-to-Month,Yes,Credit Card,19.6,19.6,0.0,0,14.17,33.77,Male,52,No,No,No,No,0,1,9.8,1,0,Detractor
6221,Yes,7,68,,Yes,6.28,No,Yes,DSL,16,Yes,Yes,Yes,Yes,Yes,Yes,Yes,No,Two Year,Yes,Credit Card,85.0,5607.75,0.0,130,427.04,6164.79,Female,61,No,No,Yes,Yes,1,8,9.444444444444445,0,0,Detractor
6492,Yes,2,51,Offer B,Yes,18.42,Yes,Yes,Fiber Optic,47,Yes,No,No,Yes,Yes,No,Yes,Yes,One Year,Yes,Mailed Check,95.15,5000.05,0.0,0,939.42,5939.47,Female,21,Yes,No,Yes,Yes,1,7,11.89375,0,0,Detractor
5973,Yes,1,71,Offer A,Yes,3.86,Yes,Yes,Fiber Optic,85,No,Yes,No,Yes,Yes,Yes,Yes,Yes,Two Year,Yes,Credit Card,104.15,7365.3,0.0,0,274.06,7639.360000000001,Male,27,Yes,No,Yes,No,0,8,11.572222222222225,0,0,Passive
3410,Yes,1,22,,Yes,13.11,Yes,Yes,DSL,51,Yes,No,No,Yes,Yes,Yes,Yes,Yes,Month-to-Month,Yes,Bank Withdrawal,79.2,1742.75,0.0,0,288.42,2031.17,Female,27,Yes,No,Yes,No,0,8,8.8,0,1,Detractor
5906,No,0,8,Offer E,Yes,40.45,Yes,Yes,Fiber Optic,29,No,No,Yes,No,Yes,Yes,No,Yes,Month-to-Month,Yes,Bank Withdrawal,100.6,819.4,0.0,0,323.6,1143.0,Male,75,No,Yes,No,No,0,6,14.37142857142857,1,1,Detractor
5092,Yes,3,46,,Yes,16.07,No,No,No internet,0,No,No,No,No,No,No,No,No,Month-to-Month,No,Bank Withdrawal,19.6,851.2,0.0,0,739.22,1590.42,Male,59,No,No,Yes,No,0,1,9.8,0,1,Promoter
3918,Yes,10,44,Offer B,Yes,43.7,No,Yes,DSL,75,Yes,No,No,Yes,No,No,No,No,Month-to-Month,No,Bank Withdrawal,56.25,2419.55,14.78,40,1922.8,4367.57,Female,36,No,No,Yes,Yes,3,3,14.0625,0,1,Detractor
5433,No,0,28,,Yes,35.52,Yes,Yes,Fiber Optic,26,Yes,Yes,No,No,No,Yes,Yes,Yes,Month-to-Month,Yes,Credit Card,94.5,2659.4,0.0,0,994.56,3653.96,Male,52,No,No,No,No,0,7,11.8125,0,0,Detractor
6170,Yes,1,70,,Yes,14.15,Yes,No,No internet,0,No,No,No,No,No,No,No,No,Two Year,Yes,Bank Withdrawal,26.0,2006.95,0.0,0,990.5,2997.45,Female,44,No,No,Yes,No,0,2,8.666666666666666,0,1,Passive
4098,Yes,9,58,,Yes,39.05,No,Yes,Fiber Optic,76,Yes,Yes,No,No,Yes,Yes,Yes,Yes,One Year,No,Credit Card,99.25,5846.65,0.0,0,2264.9,8111.549999999999,Female,20,Yes,No,Yes,Yes,2,7,12.40625,0,0,Detractor
4300,No,0,61,,Yes,10.21,No,Yes,Fiber Optic,69,Yes,Yes,No,Yes,No,Yes,Yes,Yes,One Year,No,Bank Withdrawal,93.7,5860.7,0.0,0,622.8100000000001,6483.51,Female,19,Yes,No,Yes,No,0,7,11.7125,0,1,Detractor
3476,Yes,10,34,,Yes,5.65,No,Yes,Fiber Optic,26,No,No,Yes,No,Yes,No,No,Yes,Month-to-Month,Yes,Credit Card,84.05,2909.95,0.0,0,192.1,3102.05,Male,63,No,No,Yes,Yes,1,4,16.81,0,0,Detractor
3683,Yes,1,8,,Yes,47.91,No,Yes,Fiber Optic,23,Yes,No,No,No,No,No,No,Yes,Month-to-Month,Yes,Bank Withdrawal,74.5,609.9,0.0,0,383.28,993.18,Male,51,No,No,Yes,No,0,3,18.625,1,1,Detractor
4900,No,0,14,Offer D,No,0.0,No,Yes,DSL,4,No,No,Yes,Yes,Yes,Yes,Yes,Yes,Month-to-Month,Yes,Bank Withdrawal,55.0,771.95,0.0,0,0.0,771.95,Male,47,No,No,No,No,0,6,7.857142857142857,0,1,Detractor
4923,Yes,7,72,Offer A,Yes,21.14,Yes,No,No internet,0,No,No,No,No,No,No,No,No,Two Year,No,Bank Withdrawal,23.75,1679.25,0.0,0,1522.08,3201.33,Female,62,No,No,Yes,Yes,1,2,7.916666666666667,0,1,Promoter
3757,No,0,9,,Yes,15.62,No,Yes,DSL,2,No,No,No,No,No,No,No,Yes,Month-to-Month,No,Bank Withdrawal,45.15,416.45,0.0,0,140.57999999999998,557.03,Female,38,No,No,No,No,0,2,15.05,1,1,Detractor
3282,Yes,7,31,Offer C,Yes,25.3,No,Yes,Cable,28,No,No,Yes,Yes,No,Yes,Yes,Yes,Month-to-Month,Yes,Credit Card,66.4,2019.8,0.0,0,784.3000000000001,2804.1,Male,56,No,No,Yes,No,0,6,9.485714285714286,0,0,Passive
2038,No,0,4,Offer E,No,0.0,No,Yes,Cable,16,No,No,No,No,No,No,No,Yes,Month-to-Month,Yes,Mailed Check,24.25,96.05,0.0,0,0.0,96.05,Female,48,No,No,No,No,0,1,12.125,1,0,Detractor
4306,Yes,3,12,,Yes,18.26,No,Yes,Fiber Optic,18,Yes,No,No,Yes,No,No,No,Yes,Month-to-Month,No,Bank Withdrawal,80.85,866.45,23.72,0,219.12,1061.85,Male,57,No,No,Yes,No,0,4,16.169999999999998,1,1,Detractor
4508,Yes,7,72,Offer A,Yes,2.56,Yes,Yes,Fiber Optic,24,No,No,Yes,No,Yes,Yes,Yes,Yes,Two Year,Yes,Bank Withdrawal,97.85,6841.3,0.0,0,184.32,7025.62,Female,57,No,No,Yes,No,0,7,12.23125,0,1,Passive
3428,No,0,27,,Yes,33.4,No,No,No internet,0,No,No,No,No,No,No,No,No,One Year,No,Bank Withdrawal,20.1,562.6,0.0,0,901.8,1464.4,Male,31,No,No,No,No,0,1,10.05,0,1,Promoter
5648,No,0,52,,Yes,37.6,Yes,Yes,Fiber Optic,23,Yes,No,Yes,No,Yes,Yes,Yes,Yes,Month-to-Month,Yes,Bank Withdrawal,104.2,5568.35,0.0,0,1955.2,7523.55,Male,69,No,Yes,Yes,No,0,8,11.577777777777778,0,1,Detractor
3072,No,0,19,Offer D,No,0.0,No,Yes,DSL,59,No,No,No,No,No,No,Yes,Yes,Month-to-Month,Yes,Credit Card,25.35,566.1,0.0,0,0.0,566.1,Male,19,Yes,No,No,Yes,2,2,8.450000000000001,0,0,Passive
2569,No,0,1,,Yes,15.22,Yes,No,No internet,0,No,No,No,No,No,No,No,No,Month-to-Month,Yes,Credit Card,25.75,25.75,0.0,0,15.22,40.97,Female,23,Yes,No,No,No,0,2,8.583333333333334,1,0,Passive
4038,No,0,9,,Yes,48.71,Yes,Yes,Fiber Optic,15,No,No,Yes,No,Yes,Yes,Yes,Yes,Month-to-Month,Yes,Bank Withdrawal,100.5,918.6,0.0,0,438.39,1356.99,Male,65,No,Yes,No,No,0,7,12.5625,1,1,Detractor
5232,Yes,1,66,Offer A,Yes,48.11,No,Yes,Cable,27,No,No,No,Yes,No,No,No,Yes,One Year,Yes,Credit Card,49.4,3251.85,0.0,0,3175.26,6427.11,Female,34,No,No,Yes,Yes,2,3,12.35,0,0,Detractor
2887,No,0,21,,Yes,16.16,No,Yes,DSL,42,Yes,No,Yes,No,Yes,No,No,Yes,Month-to-Month,No,Bank Withdrawal,65.35,1424.4,0.0,0,339.36,1763.7600000000002,Male,28,Yes,No,No,No,0,5,10.891666666666666,0,1,Detractor
3559,Yes,10,16,,Yes,20.12,No,Yes,Cable,30,Yes,Yes,No,Yes,No,Yes,Yes,Yes,Two Year,No,Bank Withdrawal,68.25,1114.85,0.0,0,321.92,1436.77,Female,32,No,No,Yes,Yes,1,7,8.53125,0,1,Detractor
6421,Yes,5,61,,Yes,19.14,Yes,No,No internet,0,No,No,No,No,No,No,No,No,Two Year,No,Bank Withdrawal,25.0,1501.75,0.0,0,1167.54,2669.29,Male,68,No,Yes,Yes,No,0,2,8.333333333333334,0,1,Detractor
4207,Yes,1,17,,No,0.0,No,Yes,Cable,10,Yes,No,Yes,No,No,No,No,Yes,Month-to-Month,No,Mailed Check,34.4,592.75,0.0,0,0.0,592.75,Male,36,No,No,Yes,No,0,3,8.6,0,0,Detractor
2303,No,0,5,,Yes,31.78,No,No,No internet,0,No,No,No,No,No,No,No,No,Month-to-Month,No,Credit Card,20.35,92.75,0.0,0,158.9,251.65,Male,46,No,No,No,No,0,1,10.175,1,0,Passive
5408,Yes,10,34,,Yes,25.21,Yes,No,No internet,0,No,No,No,No,No,No,No,No,Two Year,No,Credit Card,24.95,894.3,0.0,0,857.14,1751.44,Female,61,No,No,Yes,No,0,2,8.316666666666666,0,0,Detractor
5536,No,0,61,Offer B,Yes,38.78,Yes,Yes,Fiber Optic,42,Yes,Yes,Yes,Yes,Yes,Yes,Yes,Yes,One Year,Yes,Bank Withdrawal,118.6,7365.7,0.0,0,2365.58,9731.28,Female,25,Yes,No,No,No,0,10,10.78181818181818,0,1,Detractor
4235,No,0,2,Offer E,Yes,5.33,No,Yes,Cable,52,Yes,No,Yes,No,No,No,No,Yes,Month-to-Month,Yes,Mailed Check,55.1,113.35,0.0,0,10.66,124.01,Male,19,Yes,No,No,No,0,4,11.02,1,0,Detractor
5502,Yes,1,71,,Yes,33.69,No,Yes,Fiber Optic,27,Yes,Yes,Yes,Yes,Yes,No,No,Yes,Two Year,No,Credit Card,100.2,7209.0,0.0,0,2391.99,9600.99,Male,22,Yes,No,Yes,Yes,1,7,12.525,0,0,Detractor
2464,No,0,28,Offer C,Yes,30.48,Yes,Yes,Fiber Optic,13,No,Yes,Yes,No,Yes,Yes,Yes,No,Month-to-Month,Yes,Bank Withdrawal,105.7,2979.5,0.0,80,853.44,3912.94,Male,33,No,No,No,No,0,7,13.2125,0,1,Detractor
4157,No,0,2,Offer E,Yes,10.53,No,Yes,Fiber Optic,8,No,No,No,No,Yes,Yes,Yes,Yes,Month-to-Month,Yes,Bank Withdrawal,90.4,168.2,0.0,0,21.06,189.26,Female,47,No,No,No,No,0,5,15.066666666666668,1,1,Detractor
4131,No,0,28,Offer C,Yes,11.32,No,Yes,DSL,11,Yes,Yes,No,Yes,No,No,No,Yes,One Year,Yes,Bank Withdrawal,59.9,1654.7,0.0,0,316.96000000000004,1971.66,Female,57,No,No,No,No,0,5,9.983333333333333,0,1,Detractor
3528,No,0,43,,Yes,10.19,No,Yes,Fiber Optic,10,Yes,Yes,No,Yes,Yes,Yes,Yes,No,One Year,Yes,Credit Card,106.0,4532.3,0.0,130,438.17,5100.47,Female,47,No,No,No,Yes,2,7,13.25,0,0,Passive
4348,Yes,1,42,Offer B,No,0.0,No,Yes,DSL,7,Yes,No,No,No,Yes,No,No,Yes,Month-to-Month,Yes,Bank Withdrawal,40.15,1626.05,0.0,0,0.0,1626.05,Male,37,No,No,Yes,No,0,3,10.0375,0,1,Passive
5810,No,0,2,,Yes,27.02,No,Yes,Cable,26,No,Yes,No,No,Yes,No,No,Yes,Month-to-Month,Yes,Bank Withdrawal,59.0,114.15,0.0,0,54.04,168.19,Female,63,No,No,No,No,0,4,11.8,1,1,Promoter
2722,No,0,15,Offer D,Yes,39.49,No,No,No internet,0,No,No,No,No,No,No,No,No,Two Year,No,Credit Card,19.6,331.6,0.0,0,592.35,923.95,Female,64,No,No,No,No,0,1,9.8,0,0,Detractor
2326,No,0,1,,Yes,1.59,No,Yes,Cable,14,No,No,No,No,Yes,No,No,Yes,Month-to-Month,Yes,Credit Card,53.55,53.55,0.0,0,1.59,55.14,Female,61,No,No,No,No,0,3,13.3875,1,0,Detractor
5649,Yes,1,67,,Yes,35.03,Yes,Yes,Fiber Optic,23,Yes,No,Yes,Yes,Yes,Yes,Yes,Yes,One Year,Yes,Bank Withdrawal,111.25,7511.65,0.0,0,2347.01,9858.66,Female,39,No,No,Yes,No,0,9,11.125,0,1,Detractor
2191,No,0,6,Offer E,Yes,45.67,No,Yes,DSL,71,No,No,Yes,No,Yes,No,No,Yes,Month-to-Month,No,Credit Card,60.9,414.1,0.0,0,274.02,688.12,Male,29,Yes,No,No,No,0,4,12.18,1,0,Promoter
3272,No,0,4,,Yes,38.01,No,Yes,Cable,5,No,Yes,No,No,No,No,No,Yes,Month-to-Month,No,Mailed Check,49.25,208.45,0.0,0,152.04,360.49,Male,34,No,No,No,No,0,3,12.3125,1,0,Detractor
3386,Yes,4,26,Offer C,Yes,4.62,No,Yes,DSL,19,No,No,Yes,No,No,No,No,Yes,One Year,No,Credit Card,50.35,1285.8,0.0,0,120.12,1405.92,Male,32,No,No,Yes,Yes,1,3,12.5875,0,0,Promoter
5080,No,0,68,,Yes,19.67,Yes,Yes,Fiber Optic,28,No,Yes,Yes,No,No,Yes,No,Yes,Month-to-Month,Yes,Bank Withdrawal,95.9,6503.2,0.0,0,1337.5600000000002,7840.76,Male,66,No,Yes,No,No,0,6,13.7,0,1,Detractor
6107,No,0,52,,Yes,9.37,No,Yes,DSL,59,No,No,Yes,No,No,Yes,Yes,Yes,Month-to-Month,Yes,Bank Withdrawal,59.45,3043.7,0.0,0,487.24,3530.94,Female,30,No,No,No,No,0,5,9.908333333333331,0,1,Detractor
5264,Yes,9,45,Offer B,Yes,25.69,Yes,Yes,DSL,26,Yes,Yes,No,Yes,Yes,No,No,Yes,Two Year,No,Credit Card,73.85,3371.0,0.0,0,1156.05,4527.05,Male,21,Yes,No,Yes,Yes,1,7,9.23125,0,0,Detractor
3235,No,0,36,,Yes,32.0,No,Yes,Cable,23,Yes,Yes,Yes,Yes,No,Yes,Yes,No,One Year,Yes,Credit Card,75.55,2680.15,0.0,100,1152.0,3932.15,Female,48,No,No,No,No,0,7,9.44375,0,0,Passive
2767,No,0,1,,Yes,16.19,No,Yes,Fiber Optic,12,No,No,No,No,No,No,No,Yes,Month-to-Month,No,Bank Withdrawal,69.1,69.1,0.0,0,16.19,85.28999999999999,Male,70,No,Yes,No,No,0,2,23.03333333333333,1,1,Detractor
3038,No,0,41,Offer B,Yes,21.56,Yes,Yes,Fiber Optic,59,Yes,Yes,Yes,Yes,Yes,Yes,Yes,Yes,Month-to-Month,Yes,Bank Withdrawal,114.5,4527.45,0.0,0,883.9599999999999,5411.41,Female,23,Yes,No,No,No,0,10,10.409090909090908,0,1,Detractor
4697,Yes,4,72,Offer A,Yes,24.32,Yes,Yes,Fiber Optic,76,Yes,Yes,Yes,Yes,Yes,Yes,Yes,Yes,Two Year,Yes,Bank Withdrawal,115.5,8312.75,0.0,0,1751.04,10063.79,Female,26,Yes,No,Yes,No,0,10,10.5,0,1,Detractor
4438,Yes,1,71,Offer A,Yes,46.82,Yes,Yes,Fiber Optic,18,Yes,Yes,Yes,Yes,Yes,Yes,No,Yes,Two Year,Yes,Bank Withdrawal,115.05,8016.6,0.0,0,3324.22,11340.82,Male,72,No,Yes,Yes,No,0,9,11.505,0,1,Passive
5283,Yes,6,35,Offer C,Yes,45.97,Yes,Yes,DSL,13,No,Yes,No,Yes,Yes,No,No,Yes,One Year,Yes,Bank Withdrawal,69.0,2441.7,0.0,0,1608.95,4050.65,Male,50,No,No,Yes,No,0,6,9.857142857142858,0,1,Detractor
4342,No,0,47,,Yes,6.61,No,No,No internet,0,No,No,No,No,No,No,No,No,Two Year,No,Bank Withdrawal,20.45,943.0,0.0,0,310.67,1253.67,Male,27,Yes,No,No,No,0,1,10.225,0,1,Passive
2578,No,0,6,Offer E,Yes,8.06,No,Yes,Fiber Optic,19,No,No,No,No,Yes,Yes,No,Yes,One Year,Yes,Bank Withdrawal,89.35,567.8,0.0,0,48.36,616.16,Female,77,No,Yes,No,No,0,4,17.869999999999997,1,1,Detractor
6232,Yes,1,72,Offer A,Yes,35.33,Yes,No,No internet,0,No,No,No,No,No,No,No,No,Two Year,No,Bank Withdrawal,24.75,1769.6,0.0,0,2543.76,4313.36,Male,27,Yes,No,Yes,Yes,1,2,8.25,0,1,Detractor
4318,Yes,3,55,Offer B,Yes,27.87,No,Yes,Fiber Optic,17,No,No,No,No,No,No,No,Yes,Two Year,Yes,Credit Card,69.05,3842.6,0.0,0,1532.85,5375.45,Female,52,No,No,Yes,Yes,2,2,23.016666666666666,0,0,Detractor
4266,No,0,1,,Yes,49.2,No,No,No internet,0,No,No,No,No,No,No,No,No,Month-to-Month,Yes,Credit Card,19.3,19.3,0.0,0,49.2,68.5,Male,61,No,No,No,No,0,1,9.65,1,0,Detractor
5436,No,0,4,,Yes,42.33,Yes,Yes,Fiber Optic,76,No,No,No,Yes,No,No,Yes,Yes,Month-to-Month,No,Credit Card,80.8,332.45,0.0,0,169.32,501.77,Male,28,Yes,No,No,No,0,5,13.466666666666669,1,0,Detractor
3061,No,0,1,,Yes,43.52,No,No,No internet,0,No,No,No,No,No,No,No,No,Month-to-Month,Yes,Bank Withdrawal,20.2,20.2,0.0,0,43.52,63.72,Female,48,No,No,No,No,0,1,10.1,1,1,Detractor
5998,Yes,5,35,,Yes,18.86,Yes,No,No internet,0,No,No,No,No,No,No,No,No,Two Year,No,Bank Withdrawal,24.3,821.6,0.0,0,660.1,1481.7,Female,38,No,No,Yes,Yes,3,2,8.1,0,1,Passive
4621,No,0,66,Offer A,Yes,11.56,No,Yes,DSL,30,Yes,Yes,No,No,No,No,No,Yes,One Year,Yes,Mailed Check,54.8,3465.7,0.0,0,762.96,4228.66,Male,32,No,No,No,No,0,4,10.96,0,0,Passive
2927,No,0,27,,No,0.0,No,Yes,Cable,13,Yes,No,No,No,No,No,No,No,Month-to-Month,No,Credit Card,30.75,805.1,0.0,140,0.0,945.1,Male,71,No,Yes,Yes,No,0,1,15.375,0,0,Detractor
4375,Yes,9,59,Offer B,Yes,26.99,No,No,No internet,0,No,No,No,No,No,No,No,No,Two Year,No,Bank Withdrawal,18.4,1057.85,0.0,0,1592.41,2650.26,Female,60,No,No,Yes,No,0,1,9.2,0,1,Passive
5790,No,0,20,,Yes,3.8,No,Yes,Fiber Optic,26,No,No,No,No,No,No,No,No,Month-to-Month,No,Credit Card,70.55,1493.55,17.6,0,76.0,1551.95,Male,56,No,No,No,No,0,1,35.275,0,0,Detractor
5161,Yes,4,6,,Yes,47.29,Yes,No,No internet,0,No,No,No,No,No,No,No,No,One Year,No,Mailed Check,25.1,171.0,0.0,0,283.74,454.74,Male,37,No,No,Yes,No,0,2,8.366666666666667,1,0,Passive
4479,Yes,3,22,Offer D,Yes,4.67,Yes,Yes,Fiber Optic,58,No,No,No,No,No,No,No,Yes,Month-to-Month,Yes,Bank Withdrawal,75.8,1615.1,0.0,0,102.74,1717.84,Female,59,No,No,Yes,Yes,3,3,18.95,0,1,Promoter
5864,Yes,5,57,Offer B,Yes,42.14,No,No,No internet,0,No,No,No,No,No,No,No,No,Two Year,No,Bank Withdrawal,19.5,1167.6,19.89,0,2401.98,3549.69,Female,33,No,No,Yes,Yes,3,1,9.75,0,1,Detractor
2850,No,0,5,Offer E,Yes,18.38,No,Yes,Fiber Optic,15,No,Yes,No,No,No,Yes,Yes,Yes,Two Year,Yes,Bank Withdrawal,85.55,408.5,0.0,0,91.9,500.4,Male,67,No,Yes,No,No,0,5,14.258333333333333,1,1,Passive
4729,Yes,3,52,,Yes,44.65,Yes,Yes,Cable,3,No,Yes,No,Yes,No,No,No,Yes,Month-to-Month,No,Bank Withdrawal,61.35,3169.55,0.0,0,2321.8,5491.35,Male,39,No,No,Yes,No,0,5,10.225,0,1,Detractor
5261,No,0,65,,Yes,41.78,Yes,Yes,Fiber Optic,14,Yes,Yes,Yes,No,Yes,Yes,Yes,Yes,Month-to-Month,Yes,Credit Card,111.05,7107.0,0.0,0,2715.7000000000003,9822.7,Female,50,No,No,No,No,0,9,11.105,0,0,Passive
2309,No,0,6,,Yes,17.53,No,No,No internet,0,No,No,No,No,No,No,No,No,Month-to-Month,No,Credit Card,19.55,128.6,0.0,0,105.18,233.78,Male,20,Yes,No,No,Yes,1,1,9.775,1,0,Passive
5957,Yes,5,53,,Yes,26.84,Yes,Yes,Cable,12,Yes,No,Yes,Yes,Yes,Yes,Yes,Yes,Month-to-Month,No,Bank Withdrawal,85.7,4616.1,0.0,0,1422.52,6038.620000000001,Male,51,No,No,Yes,Yes,2,9,8.57,0,1,Promoter
5749,Yes,10,19,Offer D,Yes,9.47,Yes,Yes,DSL,13,No,No,No,No,No,No,No,No,Month-to-Month,No,Credit Card,50.1,910.45,0.0,120,179.93,1210.38,Male,51,No,No,Yes,Yes,2,2,16.7,0,0,Promoter
5413,Yes,4,35,Offer C,Yes,10.43,No,Yes,Fiber Optic,4,No,No,No,No,No,No,No,No,Month-to-Month,Yes,Bank Withdrawal,70.3,2416.55,0.0,80,365.05,2861.6000000000004,Female,61,No,No,Yes,No,0,1,35.15,0,1,Detractor
4022,Yes,10,50,Offer B,Yes,44.49,Yes,Yes,Cable,28,Yes,No,No,Yes,Yes,No,No,Yes,Two Year,Yes,Credit Card,70.5,3486.65,0.0,0,2224.5,5711.15,Male,53,No,No,Yes,Yes,2,6,10.071428571428571,0,0,Passive
5378,No,0,72,Offer A,Yes,44.21,Yes,Yes,DSL,22,Yes,Yes,Yes,Yes,Yes,Yes,Yes,Yes,Two Year,Yes,Bank Withdrawal,91.35,6697.2,0.0,0,3183.12,9880.32,Female,47,No,No,No,No,0,10,8.304545454545455,0,1,Detractor
3570,No,0,34,Offer C,Yes,5.32,No,Yes,DSL,23,Yes,No,Yes,Yes,Yes,Yes,Yes,Yes,One Year,Yes,Bank Withdrawal,79.95,2727.3,0.0,0,180.88,2908.1800000000003,Female,40,No,No,No,No,0,8,8.883333333333333,0,1,Passive
4322,No,0,2,Offer E,Yes,31.91,No,Yes,Cable,30,No,No,No,No,No,Yes,No,Yes,Month-to-Month,Yes,Bank Withdrawal,79.6,195.05,0.0,0,63.82,258.87,Female,80,No,Yes,No,No,0,3,19.9,1,1,Detractor
6247,Yes,1,72,,Yes,38.28,Yes,Yes,DSL,24,Yes,Yes,Yes,Yes,Yes,Yes,Yes,Yes,Two Year,No,Bank Withdrawal,88.05,6520.8,29.11,0,2756.16,9247.85,Female,49,No,No,Yes,No,0,10,8.004545454545454,0,1,Passive
3378,Yes,1,22,,Yes,19.8,No,Yes,Cable,17,Yes,No,Yes,Yes,Yes,No,No,Yes,One Year,Yes,Bank Withdrawal,67.5,1544.05,0.0,0,435.6,1979.65,Male,49,No,No,Yes,No,0,6,9.642857142857142,0,1,Detractor
2894,Yes,1,5,,Yes,5.2,No,No,No internet,0,No,No,No,No,No,No,No,No,One Year,No,Credit Card,20.1,85.1,0.0,0,26.0,111.1,Male,28,Yes,No,Yes,No,0,1,10.05,1,0,Detractor
6193,Yes,9,49,Offer B,Yes,25.1,Yes,Yes,DSL,30,Yes,Yes,Yes,No,No,Yes,Yes,Yes,One Year,No,Bank Withdrawal,71.8,3472.05,0.0,0,1229.9,4701.950000000001,Female,47,No,No,Yes,No,0,8,7.977777777777778,0,1,Passive
5917,No,0,25,,Yes,25.2,Yes,Yes,Cable,23,Yes,Yes,Yes,Yes,No,Yes,Yes,Yes,Month-to-Month,No,Bank Withdrawal,81.75,2028.8,0.0,0,630.0,2658.8,Male,59,No,No,No,No,0,9,8.175,0,1,Detractor
5095,No,0,24,Offer C,Yes,23.71,No,Yes,DSL,4,Yes,Yes,No,Yes,No,No,No,Yes,Month-to-Month,No,Bank Withdrawal,60.45,1440.75,0.0,0,569.04,2009.79,Male,50,No,No,No,No,0,5,10.075,0,1,Promoter
3970,Yes,4,26,Offer C,No,0.0,No,Yes,Cable,23,Yes,Yes,No,Yes,No,No,No,No,Month-to-Month,No,Credit Card,38.85,1025.15,0.0,30,0.0,1055.15,Female,40,No,No,Yes,Yes,3,3,9.7125,0,0,Passive
4873,Yes,1,35,,Yes,13.67,Yes,No,No internet,0,No,No,No,No,No,No,No,No,Two Year,No,Bank Withdrawal,25.45,809.25,0.0,0,478.45,1287.7,Male,38,No,No,Yes,Yes,3,2,8.483333333333333,0,1,Passive
3351,No,0,1,Offer E,No,0.0,No,Yes,Cable,2,No,No,No,No,Yes,No,No,Yes,Month-to-Month,Yes,Bank Withdrawal,35.75,35.75,0.0,0,0.0,35.75,Female,47,No,No,No,No,0,2,11.916666666666666,1,1,Detractor
4366,No,0,9,Offer E,Yes,32.31,No,Yes,Cable,24,Yes,No,Yes,Yes,No,Yes,Yes,Yes,Month-to-Month,Yes,Bank Withdrawal,68.25,576.95,0.0,0,290.79,867.74,Male,45,No,No,No,No,0,7,8.53125,1,1,Detractor
2035,Yes,1,18,,Yes,18.47,No,Yes,DSL,30,No,No,No,No,Yes,No,No,Yes,Month-to-Month,No,Credit Card,55.95,1082.8,0.0,0,332.46,1415.26,Female,33,No,No,Yes,Yes,4,3,13.9875,0,0,Passive
2102,No,0,20,,Yes,16.05,No,Yes,Fiber Optic,18,Yes,Yes,Yes,Yes,Yes,Yes,Yes,Yes,Month-to-Month,Yes,Bank Withdrawal,108.2,2203.7,0.0,0,321.0,2524.7,Male,40,No,No,No,No,0,9,10.82,0,1,Detractor
5947,Yes,1,70,Offer A,Yes,16.78,Yes,Yes,Fiber Optic,48,Yes,Yes,Yes,Yes,Yes,Yes,Yes,Yes,Two Year,Yes,Bank Withdrawal,114.2,7723.9,48.54,0,1174.6,8849.96,Female,21,Yes,No,Yes,No,0,10,10.381818181818184,0,1,Detractor
5374,Yes,8,72,Offer A,Yes,26.98,Yes,No,No internet,0,No,No,No,No,No,No,No,No,Two Year,Yes,Credit Card,26.0,1776.0,0.0,0,1942.56,3718.56,Female,60,No,No,Yes,No,0,2,8.666666666666666,0,0,Passive
3829,Yes,5,25,,Yes,19.09,No,No,No internet,0,No,No,No,No,No,No,No,No,Month-to-Month,Yes,Credit Card,19.15,477.6,0.0,0,477.25,954.85,Male,49,No,No,Yes,Yes,2,1,9.575,0,0,Passive
5645,No,0,3,,Yes,38.05,No,Yes,DSL,7,Yes,No,No,Yes,Yes,No,No,Yes,Month-to-Month,Yes,Credit Card,64.4,195.65,0.0,0,114.15,309.8,Male,37,No,No,No,No,0,5,10.733333333333334,1,0,Passive
5453,Yes,10,12,Offer D,Yes,40.34,No,No,No internet,0,No,No,No,No,No,No,No,No,Two Year,Yes,Bank Withdrawal,20.05,264.55,0.0,0,484.08,748.6300000000001,Female,60,No,No,Yes,No,0,1,10.025,1,1,Passive
2162,Yes,1,10,Offer D,Yes,31.72,No,Yes,Fiber Optic,23,No,No,No,No,No,No,No,Yes,Month-to-Month,Yes,Bank Withdrawal,70.3,738.2,0.0,0,317.2,1055.4,Male,36,No,No,Yes,No,0,2,23.433333333333334,1,1,Detractor
4268,Yes,10,69,Offer A,Yes,7.84,Yes,Yes,Cable,21,Yes,Yes,No,Yes,Yes,No,No,Yes,One Year,No,Credit Card,73.7,4885.85,0.0,0,540.96,5426.81,Female,59,No,No,Yes,Yes,3,7,9.2125,0,0,Passive
5982,No,0,21,Offer D,Yes,6.49,No,Yes,Fiber Optic,73,No,Yes,Yes,No,No,Yes,Yes,No,Month-to-Month,Yes,Bank Withdrawal,90.05,1862.9,0.0,30,136.29,2029.19,Female,30,No,No,No,No,0,5,15.008333333333333,0,1,Detractor
5498,No,0,8,Offer E,Yes,22.15,No,No,No internet,0,No,No,No,No,No,No,No,No,Month-to-Month,Yes,Bank Withdrawal,19.7,168.9,0.0,0,177.2,346.1,Male,28,Yes,No,No,No,0,1,9.85,1,1,Passive
5184,No,0,26,Offer C,Yes,39.63,No,Yes,Fiber Optic,29,No,Yes,No,No,No,No,No,Yes,One Year,No,Bank Withdrawal,75.5,2018.1,0.0,0,1030.38,3048.48,Male,59,No,No,No,No,0,3,18.875,0,1,Passive
5964,No,0,35,,Yes,12.56,No,Yes,DSL,56,Yes,Yes,No,No,No,No,No,Yes,One Year,No,Credit Card,55.6,2016.45,0.0,0,439.6,2456.05,Female,46,No,No,No,Yes,3,4,11.12,0,0,Detractor
2645,No,0,38,Offer C,Yes,5.75,No,Yes,Cable,30,No,Yes,Yes,Yes,Yes,No,No,Yes,One Year,Yes,Credit Card,70.15,2497.35,0.0,0,218.5,2715.85,Male,73,No,Yes,No,No,0,6,10.021428571428572,0,0,Detractor
5560,Yes,4,72,,Yes,29.66,Yes,Yes,Fiber Optic,59,No,Yes,Yes,No,Yes,Yes,Yes,Yes,One Year,Yes,Credit Card,103.2,7362.9,45.38,0,2135.52,9453.04,Female,30,No,No,Yes,Yes,2,8,11.466666666666669,0,0,Passive
5355,No,0,2,,Yes,4.92,No,No,No internet,0,No,No,No,No,No,No,No,No,Month-to-Month,No,Bank Withdrawal,18.75,53.15,0.0,0,9.84,62.99,Female,23,Yes,No,No,No,0,1,9.375,1,1,Passive
4998,Yes,4,2,Offer E,No,0.0,No,Yes,Cable,27,No,No,No,Yes,No,No,No,Yes,Month-to-Month,No,Bank Withdrawal,29.05,44.75,0.0,0,0.0,44.75,Female,51,No,No,Yes,Yes,2,2,9.683333333333334,1,1,Passive
2682,No,0,4,Offer E,No,0.0,No,Yes,Cable,30,Yes,No,Yes,Yes,No,Yes,Yes,No,Month-to-Month,No,Mailed Check,48.25,202.25,0.0,10,0.0,212.25,Female,19,Yes,No,No,No,0,5,8.041666666666666,1,0,Detractor
4372,No,0,65,Offer B,Yes,43.29,No,Yes,DSL,76,Yes,Yes,No,Yes,No,No,No,No,Two Year,Yes,Mailed Check,59.6,3739.8,0.0,120,2813.85,6673.65,Female,19,Yes,No,No,No,0,4,11.92,0,0,Passive
3401,No,0,33,Offer C,Yes,17.24,Yes,Yes,Fiber Optic,25,No,Yes,Yes,Yes,Yes,Yes,Yes,No,Month-to-Month,Yes,Bank Withdrawal,110.45,3655.45,0.0,70,568.92,4294.37,Female,70,No,Yes,No,No,0,8,12.272222222222222,0,1,Detractor
5895,No,0,67,Offer A,Yes,18.74,Yes,Yes,Fiber Optic,59,No,Yes,No,Yes,Yes,Yes,Yes,Yes,One Year,Yes,Bank Withdrawal,106.6,7244.7,0.0,0,1255.58,8500.279999999999,Female,19,Yes,No,No,Yes,2,8,11.844444444444443,0,1,Passive
5184,Yes,3,15,,Yes,12.41,No,No,No internet,0,No,No,No,No,No,No,No,No,Month-to-Month,No,Credit Card,20.45,330.8,0.0,0,186.15,516.95,Female,21,Yes,No,Yes,No,0,1,10.225,0,0,Passive
3804,Yes,4,22,,Yes,4.01,No,Yes,Cable,53,No,Yes,No,No,No,Yes,Yes,Yes,Month-to-Month,No,Bank Withdrawal,83.3,1845.9,0.0,0,88.22,1934.12,Female,23,Yes,No,Yes,No,0,5,13.883333333333333,0,1,Detractor
4531,No,0,1,Offer E,Yes,43.48,No,Yes,DSL,16,Yes,Yes,No,Yes,No,No,No,No,Month-to-Month,Yes,Bank Withdrawal,60.0,60.0,0.0,10,43.48,113.48,Female,64,No,No,No,Yes,2,4,12.0,1,1,Detractor
2954,No,0,9,,Yes,38.76,Yes,Yes,Fiber Optic,82,No,No,Yes,No,Yes,Yes,Yes,Yes,Month-to-Month,No,Credit Card,98.3,923.5,0.0,0,348.84,1272.34,Female,27,Yes,No,No,No,0,7,12.2875,1,0,Detractor
5415,No,0,15,,Yes,13.8,Yes,Yes,Fiber Optic,59,Yes,No,No,No,Yes,No,No,Yes,Month-to-Month,Yes,Bank Withdrawal,87.75,1242.2,0.0,0,207.0,1449.2,Male,20,Yes,No,No,No,0,5,14.625,0,1,Detractor
4132,No,0,1,,Yes,40.49,No,No,No internet,0,No,No,No,No,No,No,No,No,Month-to-Month,Yes,Mailed Check,18.85,18.85,0.0,0,40.49,59.34,Male,53,No,No,No,No,0,1,9.425,1,0,Detractor
3345,No,0,48,,Yes,41.26,No,Yes,Fiber Optic,23,No,Yes,No,No,No,No,No,Yes,One Year,No,Bank Withdrawal,75.15,3772.65,0.0,0,1980.48,5753.13,Female,64,No,No,No,No,0,3,18.7875,0,1,Passive
3104,No,0,13,Offer D,No,0.0,No,Yes,Cable,53,No,No,No,No,No,Yes,Yes,Yes,Month-to-Month,Yes,Bank Withdrawal,35.1,446.1,0.0,0,0.0,446.1,Female,28,Yes,No,No,No,0,3,8.775,0,1,Detractor
6420,Yes,6,71,Offer A,No,0.0,No,Yes,Cable,19,Yes,Yes,No,Yes,Yes,Yes,Yes,Yes,Two Year,No,Bank Withdrawal,59.7,4122.65,0.0,0,0.0,4122.65,Female,44,No,No,Yes,Yes,1,7,7.4625,0,1,Passive
6361,Yes,9,72,,Yes,10.87,Yes,Yes,DSL,24,Yes,No,Yes,Yes,Yes,Yes,Yes,Yes,Two Year,Yes,Credit Card,85.9,6110.75,0.0,0,782.64,6893.39,Female,39,No,No,Yes,No,0,9,8.59,0,0,Passive
5756,No,0,3,,Yes,26.33,Yes,No,No internet,0,No,No,No,No,No,No,No,No,Month-to-Month,No,Credit Card,24.6,86.35,0.0,0,78.99,165.33999999999995,Female,27,Yes,No,No,No,0,2,8.200000000000001,1,0,Passive
4938,No,0,15,Offer D,Yes,44.86,Yes,Yes,Fiber Optic,52,No,No,No,No,No,No,Yes,Yes,Month-to-Month,Yes,Mailed Check,76.0,1130.85,0.0,0,672.9,1803.75,Male,29,Yes,No,No,No,0,4,15.2,0,0,Detractor
5192,Yes,4,70,Offer A,Yes,5.77,Yes,Yes,Fiber Optic,48,Yes,Yes,Yes,No,Yes,Yes,Yes,Yes,One Year,Yes,Credit Card,108.15,7930.55,0.0,0,403.9,8334.45,Female,27,Yes,No,Yes,No,0,9,10.815,0,0,Passive
4244,No,0,12,,Yes,44.78,No,Yes,DSL,12,No,Yes,No,No,No,No,No,Yes,Month-to-Month,Yes,Bank Withdrawal,49.05,593.05,29.32,0,537.36,1101.09,Male,58,No,No,No,No,0,3,12.2625,1,1,Promoter
2783,No,0,1,Offer E,Yes,10.71,No,No,No internet,0,No,No,No,No,No,No,No,No,Month-to-Month,Yes,Credit Card,20.25,20.25,0.0,0,10.71,30.96,Female,64,No,No,No,No,0,1,10.125,1,0,Detractor
2831,No,0,47,,Yes,45.67,Yes,Yes,DSL,3,Yes,Yes,No,Yes,No,Yes,Yes,Yes,Two Year,No,Credit Card,74.05,3496.3,0.0,0,2146.49,5642.790000000001,Female,56,No,No,No,No,0,8,8.227777777777778,0,0,Passive
4643,Yes,6,18,,Yes,1.51,No,Yes,Fiber Optic,28,No,No,Yes,No,Yes,Yes,Yes,Yes,Month-to-Month,No,Credit Card,95.15,1779.95,10.17,0,27.18,1796.96,Male,52,No,No,Yes,No,0,6,13.592857142857143,0,0,Detractor
4397,Yes,5,72,Offer A,Yes,8.68,Yes,No,No internet,0,No,No,No,No,No,No,No,No,Two Year,No,Bank Withdrawal,24.3,1778.7,0.0,0,624.96,2403.66,Female,65,No,Yes,Yes,No,0,2,8.1,0,1,Promoter
5274,No,0,45,,Yes,19.39,No,Yes,DSL,16,Yes,No,No,No,No,No,No,Yes,Month-to-Month,Yes,Bank Withdrawal,50.9,2298.55,0.0,0,872.5500000000001,3171.1000000000004,Male,45,No,No,No,No,0,3,12.725,0,1,Detractor
3338,No,0,1,Offer E,Yes,44.59,No,Yes,Fiber Optic,41,No,No,No,No,No,No,No,Yes,Month-to-Month,No,Credit Card,70.6,70.6,0.0,0,44.59,115.19,Male,30,No,No,No,No,0,2,23.53333333333333,1,0,Detractor
5978,No,0,59,,Yes,13.27,Yes,Yes,DSL,15,Yes,No,Yes,Yes,Yes,No,No,Yes,Two Year,Yes,Credit Card,76.45,4519.5,30.22,0,782.93,5272.21,Female,33,No,No,Yes,Yes,1,7,9.55625,0,0,Passive
5795,No,0,56,,No,0.0,No,Yes,DSL,19,Yes,Yes,Yes,Yes,No,No,No,Yes,Two Year,No,Bank Withdrawal,45.05,2560.1,0.0,0,0.0,2560.1,Female,39,No,No,No,No,0,5,7.508333333333333,0,1,Detractor
3598,No,0,10,,Yes,27.1,No,Yes,Fiber Optic,11,No,No,No,No,No,Yes,Yes,Yes,Month-to-Month,Yes,Bank Withdrawal,80.25,846.0,0.0,0,271.0,1117.0,Female,40,No,No,No,No,0,4,16.05,1,1,Detractor
4811,No,0,24,,Yes,44.96,No,Yes,Fiber Optic,28,No,Yes,Yes,No,Yes,Yes,Yes,Yes,Month-to-Month,Yes,Credit Card,99.3,2431.35,0.0,0,1079.04,3510.39,Female,63,No,No,Yes,No,0,7,12.4125,0,0,Detractor
4262,No,0,72,Offer A,Yes,3.66,Yes,Yes,DSL,13,Yes,Yes,Yes,Yes,No,No,No,Yes,Two Year,No,Bank Withdrawal,69.65,4908.25,0.0,0,263.52,5171.77,Male,53,No,No,No,No,0,7,8.70625,0,1,Promoter
2445,Yes,1,9,Offer E,Yes,14.21,Yes,Yes,Fiber Optic,5,No,No,No,No,Yes,No,No,No,Month-to-Month,Yes,Bank Withdrawal,85.35,754.65,0.0,50,127.89,932.54,Female,63,No,No,Yes,No,0,3,21.3375,1,1,Detractor
4214,No,0,1,,Yes,40.71,Yes,Yes,Fiber Optic,25,No,No,Yes,No,Yes,Yes,Yes,Yes,Month-to-Month,Yes,Bank Withdrawal,99.75,99.75,0.0,0,40.71,140.46,Male,59,No,No,No,No,0,7,12.46875,1,1,Detractor
3620,Yes,1,47,,Yes,37.74,Yes,Yes,Fiber Optic,7,No,No,Yes,Yes,Yes,Yes,Yes,Yes,Month-to-Month,Yes,Bank Withdrawal,107.35,5118.95,0.0,0,1773.7800000000002,6892.73,Male,43,No,No,Yes,No,0,8,11.927777777777775,0,1,Detractor
5507,No,0,23,,Yes,17.62,Yes,Yes,Fiber Optic,29,No,Yes,Yes,No,Yes,Yes,No,Yes,Month-to-Month,Yes,Bank Withdrawal,106.4,2483.5,0.0,0,405.2600000000001,2888.76,Male,74,No,Yes,No,No,0,7,13.3,0,1,Detractor
3403,Yes,4,10,,Yes,38.03,Yes,Yes,Fiber Optic,42,Yes,No,No,No,No,No,No,Yes,Month-to-Month,Yes,Credit Card,78.15,765.15,0.0,0,380.3,1145.45,Female,23,Yes,No,Yes,No,0,4,15.63,1,0,Detractor
3171,No,0,30,Offer C,Yes,7.19,Yes,Yes,Fiber Optic,18,Yes,Yes,Yes,No,No,No,No,Yes,One Year,No,Bank Withdrawal,90.4,2820.65,0.0,0,215.7,3036.35,Male,62,No,No,No,No,0,6,12.914285714285716,0,1,Passive
2962,No,0,1,,Yes,14.65,No,Yes,Cable,15,No,No,Yes,Yes,No,No,No,Yes,Month-to-Month,No,Credit Card,55.05,55.05,0.0,0,14.65,69.7,Male,59,No,No,No,No,0,4,11.01,1,0,Passive
5432,No,0,52,Offer B,Yes,5.42,Yes,Yes,Fiber Optic,22,No,Yes,Yes,No,Yes,Yes,Yes,Yes,Month-to-Month,Yes,Bank Withdrawal,103.05,5364.8,46.67,0,281.84,5599.97,Male,33,No,No,No,No,0,8,11.45,0,1,Passive
2564,Yes,5,36,,No,0.0,No,Yes,Cable,71,Yes,No,Yes,Yes,No,No,No,Yes,Two Year,No,Credit Card,40.65,1547.35,0.0,0,0.0,1547.35,Female,19,Yes,No,Yes,Yes,3,4,8.129999999999999,0,0,Passive
4266,No,0,72,,No,0.0,No,Yes,Cable,10,Yes,Yes,Yes,Yes,Yes,Yes,Yes,Yes,Two Year,Yes,Bank Withdrawal,65.55,4807.45,0.0,0,0.0,4807.45,Male,45,No,No,No,No,0,8,7.283333333333333,0,1,Passive
3410,No,0,7,,No,0.0,No,Yes,DSL,26,No,Yes,No,Yes,No,Yes,No,Yes,Two Year,Yes,Bank Withdrawal,44.4,265.8,0.0,0,0.0,265.8,Male,75,No,Yes,No,No,0,4,8.879999999999999,1,1,Passive
2280,No,0,45,Offer B,Yes,44.29,Yes,Yes,DSL,15,Yes,No,No,Yes,No,Yes,Yes,Yes,Two Year,No,Credit Card,73.55,3349.1,0.0,0,1993.05,5342.15,Female,60,No,No,No,No,0,7,9.19375,0,0,Detractor
5368,Yes,1,65,,Yes,23.46,No,No,No internet,0,No,No,No,No,No,No,No,No,Two Year,Yes,Credit Card,20.4,1414.45,0.0,0,1524.9,2939.3500000000004,Male,59,No,No,Yes,No,0,1,10.2,0,0,Detractor
4486,No,0,2,Offer E,Yes,12.96,No,Yes,Fiber Optic,20,No,Yes,Yes,Yes,No,Yes,No,Yes,Month-to-Month,Yes,Credit Card,95.1,180.25,0.0,0,25.92,206.17,Male,76,No,Yes,No,No,0,6,13.585714285714284,1,0,Detractor
3618,No,0,1,Offer E,Yes,47.26,No,No,No internet,0,No,No,No,No,No,No,No,No,Month-to-Month,No,Credit Card,20.6,20.6,0.0,0,47.26,67.86,Male,56,No,No,No,No,0,1,10.3,1,0,Detractor
4551,Yes,9,72,,Yes,49.51,Yes,No,No internet,0,No,No,No,No,No,No,No,No,Two Year,Yes,Bank Withdrawal,25.25,1841.2,0.0,0,3564.72,5405.92,Female,45,No,No,Yes,No,0,2,8.416666666666666,0,1,Detractor
3591,No,0,7,,Yes,9.7,Yes,Yes,Fiber Optic,17,Yes,Yes,No,No,No,Yes,Yes,Yes,Month-to-Month,Yes,Credit Card,94.7,673.1,0.0,0,67.89999999999999,741.0,Male,78,No,Yes,Yes,No,0,7,11.8375,1,0,Detractor
3523,No,0,4,,No,0.0,No,Yes,DSL,26,Yes,No,Yes,No,No,No,No,No,Month-to-Month,No,Credit Card,35.0,135.75,0.0,50,0.0,185.75,Female,46,No,No,No,No,0,2,11.666666666666666,1,0,Passive
4886,No,0,11,Offer D,Yes,47.12,Yes,Yes,Fiber Optic,23,No,No,Yes,No,No,No,No,Yes,Month-to-Month,Yes,Mailed Check,78.0,851.8,0.0,0,518.3199999999999,1370.12,Male,63,No,No,No,Yes,2,4,15.6,1,0,Promoter
4030,No,0,26,Offer C,Yes,25.04,Yes,Yes,Fiber Optic,9,No,No,No,No,Yes,Yes,Yes,Yes,Two Year,Yes,Bank Withdrawal,93.6,2404.1,0.0,0,651.04,3055.14,Male,65,No,Yes,No,No,0,6,13.37142857142857,0,1,Promoter
5216,No,0,59,,Yes,47.17,No,No,No internet,0,No,No,No,No,No,No,No,No,Two Year,Yes,Bank Withdrawal,20.2,1192.3,0.0,0,2783.03,3975.33,Male,47,No,No,No,No,0,1,10.1,0,1,Passive
2656,Yes,7,22,Offer D,Yes,40.19,Yes,Yes,Fiber Optic,27,No,No,No,No,Yes,No,No,Yes,Two Year,No,Bank Withdrawal,85.35,1961.6,0.0,0,884.18,2845.78,Female,71,No,Yes,Yes,Yes,1,4,17.07,0,1,Promoter
4222,Yes,4,64,,Yes,6.59,Yes,Yes,Cable,20,No,Yes,Yes,Yes,Yes,No,No,Yes,Two Year,Yes,Bank Withdrawal,76.1,4818.8,0.0,0,421.76,5240.56,Male,47,No,No,Yes,No,0,7,9.5125,0,1,Passive
3771,Yes,8,14,,Yes,45.46,Yes,Yes,Fiber Optic,4,No,No,No,No,No,No,No,Yes,Two Year,Yes,Bank Withdrawal,75.1,1013.35,0.0,0,636.44,1649.79,Male,73,No,Yes,Yes,No,0,3,18.775,0,1,Passive
4467,No,0,1,,No,0.0,No,Yes,DSL,18,No,No,No,No,No,No,No,Yes,One Year,No,Credit Card,25.85,25.85,0.0,0,0.0,25.85,Female,50,No,No,No,No,0,1,12.925,1,0,Detractor
2667,No,0,48,Offer B,Yes,44.76,Yes,Yes,DSL,18,Yes,No,No,Yes,No,Yes,Yes,Yes,One Year,Yes,Bank Withdrawal,70.95,3629.2,0.0,0,2148.48,5777.68,Male,50,No,No,No,No,0,7,8.86875,0,1,Detractor
5581,Yes,7,68,Offer A,Yes,34.31,Yes,Yes,Fiber Optic,15,No,No,Yes,No,No,No,No,Yes,One Year,Yes,Credit Card,80.35,5589.3,0.0,0,2333.08,7922.38,Male,75,No,Yes,Yes,No,0,4,16.07,0,0,Passive
4824,No,0,66,Offer A,No,0.0,No,Yes,DSL,73,Yes,No,Yes,Yes,Yes,Yes,Yes,No,Two Year,Yes,Bank Withdrawal,61.35,4193.4,0.0,130,0.0,4323.4,Female,25,Yes,No,No,No,0,6,8.764285714285714,0,1,Detractor
5224,Yes,6,49,,Yes,28.42,Yes,Yes,DSL,41,No,No,No,No,No,No,Yes,No,Month-to-Month,Yes,Credit Card,52.15,2583.75,0.0,50,1392.5800000000002,4026.33,Female,19,Yes,No,Yes,No,0,3,13.0375,0,0,Passive
2728,No,0,1,Offer E,Yes,46.09,No,Yes,Fiber Optic,10,No,No,No,No,No,Yes,Yes,Yes,Month-to-Month,No,Bank Withdrawal,78.65,78.65,0.0,0,46.09,124.74,Female,41,No,No,No,No,0,4,15.73,1,1,Detractor
2177,Yes,1,14,Offer D,Yes,7.26,Yes,Yes,Fiber Optic,42,No,No,No,No,Yes,No,No,Yes,Month-to-Month,Yes,Bank Withdrawal,86.1,1235.55,0.0,0,101.64,1337.19,Male,20,Yes,No,Yes,No,0,4,17.22,0,1,Detractor
2966,No,0,10,Offer D,Yes,5.92,Yes,Yes,Fiber Optic,11,No,No,No,No,Yes,No,No,Yes,Month-to-Month,Yes,Bank Withdrawal,86.05,834.1,0.0,0,59.2,893.3000000000001,Male,33,No,No,No,No,0,4,17.21,1,1,Detractor
3974,Yes,6,15,Offer D,Yes,24.36,Yes,Yes,DSL,59,No,No,Yes,Yes,No,No,No,Yes,Month-to-Month,Yes,Bank Withdrawal,59.65,867.1,32.65,0,365.4,1199.85,Male,22,Yes,No,Yes,Yes,2,5,9.941666666666666,0,1,Passive
6484,Yes,4,56,Offer B,Yes,23.52,Yes,Yes,Fiber Optic,53,No,Yes,No,Yes,Yes,No,No,Yes,Month-to-Month,Yes,Credit Card,96.95,5432.2,0.0,0,1317.12,6749.32,Male,39,No,No,Yes,Yes,3,6,13.85,0,0,Promoter
6440,Yes,9,58,Offer B,Yes,11.81,No,No,No internet,0,No,No,No,No,No,No,No,No,Two Year,Yes,Credit Card,19.85,1158.85,0.0,0,684.98,1843.83,Female,48,No,No,Yes,Yes,3,1,9.925,0,0,Passive
5020,No,0,1,,Yes,13.58,No,Yes,DSL,24,No,No,Yes,No,No,Yes,Yes,Yes,Month-to-Month,No,Bank Withdrawal,59.2,59.2,0.0,0,13.58,72.78,Female,40,No,No,No,Yes,3,5,9.866666666666667,1,1,Detractor
5534,Yes,8,72,Offer A,Yes,27.25,No,Yes,Fiber Optic,19,Yes,Yes,No,Yes,Yes,Yes,Yes,Yes,Two Year,No,Bank Withdrawal,105.5,7611.55,0.0,0,1962.0,9573.55,Male,47,No,No,Yes,No,0,8,11.72222222222222,0,1,Detractor
2205,Yes,2,9,,Yes,42.39,No,Yes,Cable,16,No,Yes,No,Yes,Yes,No,No,Yes,One Year,Yes,Credit Card,65.6,593.3,0.0,0,381.51,974.81,Female,37,No,No,Yes,No,0,5,10.933333333333332,1,0,Detractor
2268,No,0,4,,Yes,12.68,No,Yes,Fiber Optic,10,No,Yes,Yes,No,Yes,Yes,Yes,Yes,Month-to-Month,Yes,Credit Card,99.8,442.85,0.0,0,50.72,493.5700000000001,Female,65,No,Yes,No,No,0,7,12.475,1,0,Detractor
4017,No,0,1,,Yes,22.05,Yes,Yes,Cable,28,No,No,No,No,Yes,No,No,Yes,Month-to-Month,Yes,Bank Withdrawal,59.85,59.85,0.0,0,22.05,81.9,Male,50,No,No,No,No,0,4,11.97,1,1,Detractor
5940,No,0,53,Offer B,Yes,4.82,No,Yes,DSL,24,No,No,Yes,No,No,Yes,Yes,Yes,One Year,Yes,Bank Withdrawal,61.1,3357.9,0.0,0,255.46,3613.36,Male,37,No,No,No,No,0,5,10.183333333333334,0,1,Promoter
6495,Yes,3,61,,No,0.0,No,Yes,DSL,76,Yes,No,Yes,No,No,No,No,No,Month-to-Month,No,Bank Withdrawal,33.6,2117.2,0.0,110,0.0,2227.2,Male,24,Yes,No,Yes,Yes,1,2,11.2,0,1,Detractor
5927,No,0,24,,Yes,35.93,Yes,Yes,Fiber Optic,5,No,Yes,No,No,Yes,No,No,Yes,Month-to-Month,Yes,Credit Card,90.55,2282.55,0.0,0,862.3199999999999,3144.87,Male,40,No,No,No,No,0,5,15.091666666666669,0,0,Detractor
5518,No,0,6,,Yes,30.01,No,No,No internet,0,No,No,No,No,No,No,No,No,One Year,No,Credit Card,19.0,105.5,0.0,0,180.06,285.56,Female,38,No,No,Yes,Yes,3,1,9.5,1,0,Promoter
4529,Yes,10,52,,Yes,2.44,No,No,No internet,0,No,No,No,No,No,No,No,No,Two Year,No,Bank Withdrawal,20.1,1078.75,17.05,0,126.88,1188.58,Female,22,Yes,No,Yes,Yes,1,1,10.05,0,1,Passive
4119,Yes,6,72,,No,0.0,No,Yes,DSL,4,Yes,Yes,Yes,Yes,Yes,Yes,Yes,Yes,Two Year,No,Bank Withdrawal,65.5,4919.7,0.0,0,0.0,4919.7,Female,56,No,No,Yes,No,0,8,7.277777777777778,0,1,Detractor
5945,No,0,23,,Yes,7.11,Yes,No,No internet,0,No,No,No,No,No,No,No,No,Two Year,No,Credit Card,23.85,625.65,0.0,0,163.53,789.18,Female,61,No,No,Yes,Yes,3,2,7.95,0,0,Promoter
4712,Yes,1,37,Offer C,Yes,46.61,Yes,Yes,Fiber Optic,26,No,No,No,No,Yes,No,No,Yes,Month-to-Month,Yes,Bank Withdrawal,85.7,3171.15,0.0,0,1724.57,4895.72,Male,75,No,Yes,Yes,No,0,4,17.14,0,1,Detractor
5506,Yes,9,57,Offer B,Yes,26.67,No,No,No internet,0,No,No,No,No,No,No,No,No,Two Year,Yes,Bank Withdrawal,20.1,1087.7,0.0,0,1520.19,2607.8900000000003,Female,32,No,No,Yes,Yes,3,1,10.05,0,1,Promoter
2157,No,0,41,,Yes,12.42,No,Yes,Cable,12,No,No,No,Yes,No,No,No,Yes,One Year,No,Bank Withdrawal,50.05,2029.05,0.0,0,509.22,2538.27,Female,62,No,No,No,No,0,3,12.5125,0,1,Promoter
4203,Yes,4,70,Offer A,Yes,33.25,Yes,Yes,Fiber Optic,15,Yes,Yes,Yes,Yes,Yes,Yes,Yes,Yes,Two Year,Yes,Credit Card,113.05,7869.05,0.0,0,2327.5,10196.55,Female,56,No,No,Yes,Yes,2,10,10.277272727272727,0,0,Promoter
2325,No,0,12,Offer D,Yes,33.36,Yes,Yes,Fiber Optic,22,No,No,Yes,No,Yes,No,No,Yes,Month-to-Month,Yes,Bank Withdrawal,89.55,1021.75,0.0,0,400.32,1422.07,Male,60,No,No,No,No,0,5,14.925,1,1,Passive
5699,Yes,1,24,Offer C,Yes,17.27,Yes,Yes,DSL,18,Yes,No,No,No,No,No,No,Yes,Month-to-Month,No,Bank Withdrawal,54.75,1338.15,0.0,0,414.48,1752.63,Male,63,No,No,Yes,Yes,2,4,10.95,0,1,Detractor
2332,No,0,8,,Yes,18.82,Yes,Yes,Fiber Optic,3,No,No,No,No,No,No,No,Yes,Month-to-Month,Yes,Bank Withdrawal,75.25,576.7,0.0,0,150.56,727.26,Female,51,No,No,No,No,0,3,18.8125,1,1,Passive
2850,No,0,12,Offer D,Yes,18.38,No,Yes,Fiber Optic,3,Yes,No,Yes,No,No,No,No,Yes,Month-to-Month,No,Bank Withdrawal,81.7,858.6,0.0,0,220.56,1079.16,Male,44,No,No,No,No,0,4,16.34,1,1,Detractor
6136,No,0,68,Offer A,Yes,10.48,No,No,No internet,0,No,No,No,No,No,No,No,No,Two Year,Yes,Credit Card,20.0,1396.0,0.0,0,712.64,2108.64,Male,66,No,Yes,No,No,0,1,10.0,0,0,Promoter
2220,No,0,35,,Yes,48.93,No,Yes,Cable,14,No,No,No,No,Yes,No,No,Yes,Month-to-Month,No,Credit Card,55.0,2010.55,0.0,0,1712.55,3723.1,Male,60,No,No,No,No,0,3,13.75,0,0,Detractor
4738,No,0,57,,Yes,48.86,Yes,Yes,Fiber Optic,6,Yes,Yes,Yes,No,Yes,Yes,Yes,Yes,Two Year,Yes,Bank Withdrawal,112.95,6465.0,0.0,0,2785.02,9250.02,Female,38,No,No,No,No,0,9,11.295,0,1,Detractor
2770,Yes,2,44,Offer B,Yes,21.39,Yes,Yes,Fiber Optic,10,Yes,No,Yes,No,No,No,No,Yes,Month-to-Month,Yes,Credit Card,84.8,3626.35,43.96,0,941.16,4523.55,Male,53,No,No,Yes,No,0,5,14.133333333333333,0,0,Passive
4662,No,0,2,Offer E,Yes,29.69,No,Yes,Cable,52,No,No,No,No,No,No,Yes,No,Month-to-Month,No,Bank Withdrawal,46.05,80.35,0.0,10,59.38,149.73,Male,27,Yes,No,No,No,0,2,15.35,1,1,Detractor
4143,No,0,11,,Yes,11.86,No,Yes,Cable,23,No,Yes,No,Yes,No,No,No,Yes,Two Year,Yes,Bank Withdrawal,54.55,601.25,0.0,0,130.45999999999998,731.71,Male,72,No,Yes,No,Yes,1,4,10.91,1,1,Passive
4164,No,0,50,,Yes,49.14,Yes,Yes,Fiber Optic,6,No,No,No,No,Yes,Yes,Yes,No,Month-to-Month,Yes,Bank Withdrawal,95.7,4729.75,0.0,140,2457.0,7326.75,Female,42,No,No,No,No,0,5,15.95,0,1,Passive
4497,Yes,6,72,Offer A,Yes,46.1,Yes,Yes,Fiber Optic,23,No,Yes,Yes,No,Yes,Yes,Yes,Yes,One Year,Yes,Bank Withdrawal,101.35,7323.15,0.0,0,3319.2000000000003,10642.35,Female,49,No,No,Yes,No,0,8,11.261111111111113,0,1,Passive
4416,No,0,67,Offer A,Yes,47.31,No,No,No internet,0,No,No,No,No,No,No,No,No,Two Year,No,Bank Withdrawal,20.5,1430.95,0.0,0,3169.77,4600.72,Male,24,Yes,No,No,No,0,1,10.25,0,1,Promoter
6250,No,0,59,,Yes,9.7,No,Yes,DSL,6,No,No,Yes,No,No,Yes,Yes,Yes,One Year,Yes,Bank Withdrawal,61.35,3645.5,0.0,0,572.3,4217.8,Male,46,No,No,No,No,0,5,10.225,0,1,Detractor
5221,No,0,13,,Yes,16.35,No,No,No internet,0,No,No,No,No,No,No,No,No,One Year,Yes,Credit Card,19.95,257.0,0.0,0,212.55,469.55,Male,42,No,No,No,No,0,1,9.975,0,0,Detractor
5320,Yes,1,52,Offer B,Yes,40.33,Yes,No,No internet,0,No,No,No,No,No,No,No,No,Two Year,No,Credit Card,24.8,1229.1,0.0,0,2097.16,3326.26,Male,42,No,No,Yes,Yes,3,2,8.266666666666667,0,0,Promoter
5240,Yes,3,64,,Yes,37.0,Yes,Yes,DSL,19,Yes,Yes,Yes,Yes,Yes,Yes,Yes,Yes,Two Year,Yes,Mailed Check,90.6,5817.45,0.0,0,2368.0,8185.45,Female,44,No,No,Yes,Yes,1,10,8.236363636363636,0,0,Passive
2767,No,0,2,,Yes,9.55,No,Yes,Fiber Optic,28,No,No,No,No,No,No,No,Yes,Month-to-Month,Yes,Bank Withdrawal,70.2,115.95,0.0,0,19.1,135.05,Female,75,No,Yes,No,No,0,2,23.4,1,1,Detractor
3302,No,0,30,,Yes,24.57,No,No,No internet,0,No,No,No,No,No,No,No,No,One Year,No,Mailed Check,19.7,625.05,0.0,0,737.1,1362.15,Male,62,No,No,No,No,0,1,9.85,0,0,Passive
3434,No,0,23,Offer D,Yes,46.17,No,No,No internet,0,No,No,No,No,No,No,No,No,One Year,No,Credit Card,20.45,481.1,0.0,0,1061.91,1543.0100000000002,Male,56,No,No,No,No,0,1,10.225,0,0,Promoter
5508,No,0,7,Offer E,Yes,1.41,Yes,No,No internet,0,No,No,No,No,No,No,No,No,Month-to-Month,No,Credit Card,23.5,173.0,0.0,0,9.87,182.87,Male,54,No,No,No,No,0,2,7.833333333333333,1,0,Passive
2629,No,0,6,,Yes,37.57,No,Yes,Cable,58,No,No,No,No,No,Yes,Yes,Yes,Month-to-Month,Yes,Bank Withdrawal,55.0,340.4,0.0,0,225.42,565.8199999999999,Female,27,Yes,No,No,No,0,4,11.0,1,1,Promoter
3718,Yes,5,40,Offer B,Yes,13.86,Yes,Yes,DSL,75,No,No,Yes,No,Yes,Yes,Yes,Yes,Month-to-Month,Yes,Bank Withdrawal,74.55,3015.75,0.0,0,554.4,3570.15,Male,32,No,No,Yes,Yes,3,7,9.31875,0,1,Promoter
4080,Yes,5,71,Offer A,Yes,36.5,Yes,Yes,Fiber Optic,19,Yes,Yes,Yes,No,Yes,No,No,Yes,Two Year,No,Bank Withdrawal,100.5,7030.65,0.0,0,2591.5,9622.15,Female,61,No,No,Yes,Yes,2,7,12.5625,0,1,Passive
4122,Yes,5,6,,Yes,44.13,No,No,No internet,0,No,No,No,No,No,No,No,No,One Year,No,Credit Card,19.7,94.45,0.0,0,264.78000000000003,359.23,Female,62,No,No,Yes,Yes,3,1,9.85,1,0,Detractor
2421,No,0,3,Offer E,Yes,39.38,No,Yes,Fiber Optic,23,No,No,No,No,No,No,No,Yes,Month-to-Month,No,Bank Withdrawal,69.65,220.1,0.0,0,118.14,338.24,Male,53,No,No,No,No,0,2,23.21666666666667,1,1,Detractor
2059,Yes,8,44,Offer B,Yes,44.87,No,Yes,Cable,20,Yes,Yes,Yes,No,No,No,No,No,One Year,Yes,Credit Card,61.5,2722.2,0.0,150,1974.28,4846.48,Female,60,No,No,Yes,No,0,4,12.3,0,0,Detractor
5012,Yes,1,66,,Yes,42.85,Yes,Yes,DSL,21,Yes,Yes,No,Yes,Yes,Yes,Yes,Yes,Two Year,No,Bank Withdrawal,85.25,5538.35,0.0,0,2828.1,8366.45,Male,58,No,No,Yes,No,0,9,8.525,0,1,Passive
5915,Yes,7,72,,Yes,23.66,Yes,Yes,Fiber Optic,26,Yes,Yes,No,Yes,Yes,No,No,Yes,Two Year,No,Bank Withdrawal,99.9,7251.7,0.0,0,1703.52,8955.22,Female,60,No,No,Yes,No,0,7,12.4875,0,1,Passive
2939,Yes,8,24,Offer C,Yes,21.43,Yes,Yes,DSL,56,Yes,No,Yes,No,Yes,Yes,Yes,Yes,Two Year,No,Credit Card,78.6,1846.65,0.0,0,514.3199999999999,2360.9700000000003,Female,63,No,No,Yes,Yes,3,8,8.733333333333333,0,0,Passive
5841,Yes,9,72,,Yes,12.29,Yes,Yes,Fiber Optic,24,Yes,Yes,Yes,Yes,Yes,Yes,Yes,Yes,Two Year,Yes,Bank Withdrawal,115.8,8476.5,0.0,0,884.8799999999999,9361.38,Female,57,No,No,Yes,Yes,2,10,10.527272727272727,0,1,Detractor
5039,No,0,10,,Yes,15.71,No,No,No internet,0,No,No,No,No,No,No,No,No,One Year,No,Credit Card,19.5,225.85,0.0,0,157.10000000000002,382.9500000000001,Male,58,No,No,No,No,0,1,9.75,1,0,Detractor
4394,No,0,2,,Yes,40.28,No,No,No internet,0,No,No,No,No,No,No,No,No,Month-to-Month,No,Credit Card,20.05,42.7,0.0,0,80.56,123.26,Male,19,Yes,No,No,No,0,1,10.025,1,0,Promoter
2573,No,0,11,Offer D,Yes,1.16,No,Yes,DSL,41,Yes,No,No,Yes,No,No,No,Yes,One Year,Yes,Mailed Check,54.6,617.85,0.0,0,12.76,630.61,Female,21,Yes,No,No,No,0,4,10.92,1,0,Passive
3740,No,0,10,,Yes,49.7,Yes,Yes,Fiber Optic,10,No,Yes,No,No,No,No,No,Yes,Month-to-Month,Yes,Bank Withdrawal,80.05,830.7,0.0,0,497.0,1327.7,Female,60,No,No,No,No,0,4,16.009999999999998,1,1,Detractor
3763,Yes,4,10,Offer E,Yes,20.05,No,No,No internet,0,No,No,No,No,No,No,No,No,Two Year,No,Credit Card,20.0,200.0,0.0,0,200.5,400.5,Female,23,Yes,No,Yes,Yes,3,1,10.0,1,0,Passive
4254,No,0,69,,Yes,2.52,No,Yes,Fiber Optic,24,No,Yes,Yes,Yes,Yes,Yes,Yes,Yes,One Year,Yes,Bank Withdrawal,104.05,7262.0,0.0,0,173.88,7435.88,Male,50,No,No,No,No,0,8,11.56111111111111,0,1,Detractor
4527,No,0,14,,Yes,33.5,Yes,No,No internet,0,No,No,No,No,No,No,No,No,One Year,Yes,Credit Card,24.8,321.7,0.0,0,469.0,790.7,Male,40,No,No,No,No,0,2,8.266666666666667,0,0,Passive
4954,Yes,10,64,Offer B,Yes,17.07,Yes,Yes,DSL,25,No,Yes,No,No,No,No,No,Yes,One Year,Yes,Bank Withdrawal,53.85,3399.85,0.0,0,1092.48,4492.33,Female,53,No,No,Yes,Yes,2,4,10.77,0,1,Passive
2194,No,0,26,Offer C,Yes,31.53,No,No,No internet,0,No,No,No,No,No,No,No,No,One Year,Yes,Credit Card,20.65,595.5,0.0,0,819.78,1415.28,Male,28,Yes,No,No,No,0,1,10.325,0,0,Detractor
4916,No,0,1,Offer E,Yes,49.33,No,Yes,DSL,21,No,No,No,No,No,No,No,Yes,Month-to-Month,Yes,Credit Card,45.4,45.4,0.0,0,49.33,94.73,Female,38,No,No,No,No,0,2,15.133333333333333,1,0,Detractor
5561,No,0,10,Offer D,Yes,37.36,Yes,Yes,Fiber Optic,28,Yes,No,No,No,Yes,Yes,Yes,Yes,Month-to-Month,Yes,Bank Withdrawal,98.7,973.25,0.0,0,373.6,1346.85,Female,35,No,No,No,No,0,7,12.3375,1,1,Detractor
4036,Yes,9,72,,No,0.0,No,Yes,DSL,18,Yes,Yes,Yes,Yes,Yes,Yes,Yes,Yes,Two Year,Yes,Credit Card,64.8,4719.75,0.0,0,0.0,4719.75,Male,52,No,No,Yes,No,0,8,7.199999999999999,0,0,Detractor
2217,Yes,7,29,Offer C,Yes,36.75,Yes,Yes,Fiber Optic,12,No,No,No,No,No,Yes,Yes,Yes,Two Year,Yes,Bank Withdrawal,84.3,2357.75,0.0,0,1065.75,3423.5,Male,73,No,Yes,Yes,No,0,5,14.05,0,1,Detractor
4424,Yes,6,58,,Yes,17.21,No,No,No internet,0,No,No,No,No,No,No,No,No,Two Year,No,Credit Card,20.3,1160.75,25.57,0,998.18,2133.36,Female,35,No,No,Yes,Yes,1,1,10.15,0,0,Detractor
5136,No,0,16,,Yes,17.51,Yes,Yes,Fiber Optic,7,No,No,No,No,Yes,No,No,Yes,Month-to-Month,Yes,Bank Withdrawal,84.75,1350.15,0.0,0,280.16,1630.3100000000002,Female,76,No,Yes,No,No,0,4,16.95,0,1,Detractor
4055,Yes,1,72,Offer A,Yes,31.83,Yes,Yes,Fiber Optic,14,Yes,Yes,Yes,Yes,Yes,Yes,Yes,Yes,Two Year,Yes,Bank Withdrawal,116.85,8477.7,0.0,0,2291.76,10769.46,Female,63,No,No,Yes,Yes,1,10,10.622727272727271,0,1,Detractor
3336,No,0,10,Offer D,Yes,6.01,Yes,Yes,Fiber Optic,27,No,No,No,No,No,Yes,No,Yes,Month-to-Month,No,Bank Withdrawal,85.55,851.75,0.0,0,60.1,911.85,Male,77,No,Yes,Yes,No,0,4,17.11,1,1,Detractor
4725,No,0,2,,Yes,21.18,No,No,No internet,0,No,No,No,No,No,No,No,No,Month-to-Month,No,Credit Card,19.25,48.35,0.0,0,42.36,90.71,Male,58,No,No,No,Yes,1,1,9.625,1,0,Detractor
4276,No,0,57,,Yes,2.21,Yes,Yes,Fiber Optic,11,Yes,No,No,Yes,No,Yes,Yes,Yes,Two Year,No,Bank Withdrawal,93.75,5625.55,0.0,0,125.97,5751.52,Male,77,No,Yes,No,No,0,7,11.71875,0,1,Detractor
5560,Yes,8,16,Offer D,Yes,48.71,Yes,Yes,Fiber Optic,12,No,No,Yes,No,Yes,No,No,Yes,Month-to-Month,Yes,Bank Withdrawal,90.8,1442.2,0.0,0,779.36,2221.56,Male,49,No,No,Yes,Yes,2,5,15.133333333333333,0,1,Detractor
5511,Yes,6,49,,Yes,35.29,No,Yes,DSL,28,Yes,No,Yes,Yes,No,No,No,Yes,Month-to-Month,No,Bank Withdrawal,61.75,3024.15,0.0,0,1729.21,4753.360000000001,Female,35,No,No,Yes,Yes,1,5,10.291666666666666,0,1,Detractor
4248,No,0,6,Offer E,Yes,48.89,No,Yes,DSL,22,No,No,No,Yes,No,No,No,Yes,Month-to-Month,Yes,Bank Withdrawal,49.65,267.35,0.0,0,293.34000000000003,560.69,Female,49,No,No,No,No,0,3,12.4125,1,1,Detractor
2704,Yes,1,39,,Yes,35.7,No,Yes,DSL,9,Yes,No,Yes,Yes,Yes,Yes,Yes,Yes,One Year,No,Credit Card,80.0,3182.95,0.0,0,1392.3000000000002,4575.25,Male,42,No,No,Yes,No,0,8,8.88888888888889,0,0,Detractor
4690,No,0,24,,Yes,5.98,No,No,No internet,0,No,No,No,No,No,No,No,No,One Year,No,Credit Card,20.45,527.35,0.0,0,143.52,670.87,Female,25,Yes,No,No,No,0,1,10.225,0,0,Passive
5780,No,0,64,,Yes,22.86,Yes,Yes,Fiber Optic,24,Yes,No,Yes,Yes,Yes,Yes,No,Yes,Two Year,Yes,Bank Withdrawal,108.95,7111.3,0.0,0,1463.04,8574.34,Female,76,No,Yes,No,No,0,8,12.105555555555556,0,1,Passive
5473,No,0,15,,Yes,6.56,No,Yes,DSL,52,No,No,No,No,Yes,No,No,Yes,One Year,No,Credit Card,56.15,931.9,35.23,0,98.4,995.07,Female,28,Yes,No,No,No,0,3,14.0375,0,0,Passive
2177,Yes,5,23,,Yes,27.24,No,Yes,Fiber Optic,82,Yes,Yes,No,Yes,No,No,No,Yes,Month-to-Month,No,Mailed Check,84.4,1936.85,0.0,0,626.52,2563.37,Female,19,Yes,No,Yes,Yes,2,5,14.066666666666668,0,0,Detractor
5939,No,0,27,Offer C,Yes,8.86,Yes,Yes,Fiber Optic,73,No,No,Yes,No,Yes,Yes,Yes,No,One Year,Yes,Bank Withdrawal,100.5,2673.45,0.0,70,239.22,2982.67,Male,23,Yes,No,No,No,0,6,14.357142857142858,0,1,Detractor
4951,Yes,6,71,,Yes,22.0,No,Yes,Fiber Optic,27,No,Yes,Yes,No,Yes,Yes,Yes,Yes,Two Year,Yes,Bank Withdrawal,99.2,7213.75,0.0,0,1562.0,8775.75,Female,70,No,Yes,Yes,No,0,7,12.4,0,1,Passive
5387,No,0,42,Offer B,Yes,32.16,No,Yes,DSL,8,Yes,No,Yes,No,No,No,No,Yes,Month-to-Month,No,Credit Card,54.55,2455.05,0.0,0,1350.7199999999998,3805.77,Female,42,No,No,No,No,0,4,10.91,0,0,Detractor
3065,No,0,1,,Yes,26.14,No,Yes,DSL,22,No,No,No,No,No,Yes,Yes,Yes,Month-to-Month,Yes,Bank Withdrawal,56.25,56.25,0.0,0,26.14,82.39,Female,49,No,No,No,No,0,4,11.25,1,1,Detractor
5951,No,0,1,Offer E,Yes,32.85,No,Yes,Fiber Optic,53,No,No,No,No,Yes,Yes,Yes,Yes,Month-to-Month,Yes,Bank Withdrawal,89.9,89.9,0.0,0,32.85,122.75,Male,21,Yes,No,No,No,0,5,14.983333333333334,1,1,Detractor
4545,No,0,16,Offer D,Yes,47.25,No,No,No internet,0,No,No,No,No,No,No,No,No,One Year,No,Bank Withdrawal,20.1,318.6,0.0,0,756.0,1074.6,Female,23,Yes,No,No,No,0,1,10.05,0,1,Detractor
2221,No,0,17,Offer D,Yes,25.91,No,No,No internet,0,No,No,No,No,No,No,No,No,One Year,No,Credit Card,19.95,310.6,0.0,0,440.47,751.07,Male,23,Yes,No,No,No,0,1,9.975,0,0,Promoter
5828,No,0,3,Offer E,Yes,13.72,No,Yes,Fiber Optic,26,No,Yes,No,No,No,Yes,Yes,Yes,Month-to-Month,No,Bank Withdrawal,84.3,235.05,0.0,0,41.16,276.21000000000004,Male,46,No,No,No,No,0,5,14.05,1,1,Promoter
4031,Yes,1,23,,Yes,48.02,Yes,No,No internet,0,No,No,No,No,No,No,No,No,One Year,No,Credit Card,24.35,538.5,0.0,0,1104.46,1642.96,Male,22,Yes,No,Yes,Yes,3,2,8.116666666666667,0,0,Promoter
4626,Yes,7,63,,Yes,6.33,No,Yes,Cable,30,Yes,Yes,Yes,Yes,Yes,No,No,Yes,Two Year,No,Credit Card,75.55,4707.85,0.0,0,398.79,5106.64,Female,58,No,No,Yes,No,0,7,9.44375,0,0,Passive
4722,Yes,4,70,Offer A,Yes,4.27,Yes,No,No internet,0,No,No,No,No,No,No,No,No,Two Year,No,Credit Card,24.05,1764.75,0.0,0,298.9,2063.65,Female,24,Yes,No,Yes,Yes,2,2,8.016666666666667,0,0,Promoter
5146,Yes,1,72,,Yes,6.41,Yes,Yes,Fiber Optic,14,Yes,Yes,Yes,Yes,Yes,No,No,Yes,Two Year,No,Credit Card,106.1,7657.4,0.0,0,461.52,8118.92,Female,57,No,No,Yes,Yes,1,8,11.788888888888888,0,0,Passive
3471,Yes,5,14,,Yes,14.39,Yes,Yes,Fiber Optic,30,No,No,No,No,Yes,Yes,No,Yes,Two Year,Yes,Bank Withdrawal,95.8,1346.3,0.0,0,201.46,1547.76,Female,79,No,Yes,Yes,Yes,1,5,15.966666666666669,0,1,Detractor
4447,Yes,1,39,,Yes,24.38,Yes,Yes,Fiber Optic,53,No,No,No,Yes,Yes,Yes,Yes,Yes,Month-to-Month,Yes,Credit Card,99.95,3767.4,0.0,0,950.82,4718.22,Female,35,No,No,Yes,Yes,3,7,12.49375,0,0,Detractor
4277,No,0,20,Offer D,Yes,33.86,No,No,No internet,0,No,No,No,No,No,No,No,No,Month-to-Month,Yes,Credit Card,18.9,347.65,0.0,0,677.2,1024.85,Female,46,No,No,No,No,0,1,9.45,0,0,Promoter
5949,Yes,1,32,Offer C,Yes,22.57,Yes,Yes,Fiber Optic,11,No,No,Yes,No,No,No,No,Yes,Month-to-Month,Yes,Bank Withdrawal,78.9,2447.95,0.0,0,722.24,3170.19,Male,62,No,No,Yes,No,0,4,15.78,0,1,Detractor
2601,No,0,40,,Yes,27.47,Yes,No,No internet,0,No,No,No,No,No,No,No,No,Two Year,Yes,Credit Card,24.6,973.95,0.0,0,1098.8,2072.75,Male,27,Yes,No,No,No,0,2,8.200000000000001,0,0,Promoter
4739,Yes,1,58,,Yes,49.38,Yes,Yes,Fiber Optic,19,Yes,Yes,Yes,No,Yes,Yes,No,Yes,One Year,Yes,Bank Withdrawal,108.85,6287.25,0.0,0,2864.04,9151.29,Male,78,No,Yes,Yes,No,0,8,12.094444444444443,0,1,Detractor
4871,No,0,36,Offer C,No,0.0,No,Yes,Cable,27,Yes,No,No,No,No,No,No,Yes,Two Year,No,Bank Withdrawal,31.05,1126.35,0.0,0,0.0,1126.35,Female,61,No,No,No,No,0,2,10.35,0,1,Passive
4258,No,0,3,,Yes,40.2,No,No,No internet,0,No,No,No,No,No,No,No,No,Month-to-Month,No,Mailed Check,20.0,63.6,0.0,0,120.6,184.2,Female,38,No,No,No,No,0,1,10.0,1,0,Detractor
5887,Yes,3,14,,Yes,5.63,No,Yes,Fiber Optic,23,Yes,Yes,No,Yes,Yes,Yes,Yes,Yes,One Year,No,Credit Card,105.95,1348.9,0.0,0,78.82,1427.72,Female,59,No,No,Yes,No,0,8,11.772222222222222,0,0,Detractor
3079,No,0,26,Offer C,Yes,35.75,No,Yes,Cable,71,No,Yes,Yes,No,No,No,No,Yes,One Year,Yes,Credit Card,56.05,1553.2,0.0,0,929.5,2482.7,Female,30,No,No,No,No,0,4,11.21,0,0,Passive
5050,Yes,10,72,Offer A,Yes,26.04,Yes,Yes,Cable,6,No,Yes,No,Yes,Yes,Yes,Yes,Yes,Two Year,Yes,Bank Withdrawal,78.95,5730.15,0.0,0,1874.88,7605.03,Female,56,No,No,Yes,No,0,8,8.772222222222222,0,1,Promoter
5981,Yes,5,72,,Yes,6.15,Yes,Yes,Fiber Optic,5,Yes,Yes,Yes,Yes,No,Yes,Yes,Yes,Two Year,No,Bank Withdrawal,105.6,7581.5,0.0,0,442.8,8024.3,Male,59,No,No,Yes,No,0,9,10.56,0,1,Detractor
4438,No,0,63,Offer B,Yes,41.8,Yes,Yes,Fiber Optic,16,No,No,Yes,No,No,Yes,Yes,Yes,Two Year,Yes,Bank Withdrawal,89.6,5538.8,0.0,0,2633.4,8172.2,Female,74,No,Yes,No,No,0,6,12.8,0,1,Passive
2415,No,0,7,,Yes,16.36,No,Yes,Fiber Optic,28,No,No,No,No,Yes,Yes,No,Yes,One Year,Yes,Bank Withdrawal,89.15,574.35,0.0,0,114.52,688.87,Female,72,No,Yes,No,No,0,4,17.830000000000002,1,1,Promoter
4356,Yes,1,5,,Yes,41.57,No,Yes,Cable,27,Yes,No,Yes,No,No,Yes,Yes,Yes,Month-to-Month,Yes,Mailed Check,88.9,454.15,0.0,0,207.85,662.0,Female,37,No,No,Yes,No,0,6,12.7,1,0,Detractor
6283,Yes,1,72,,Yes,11.67,Yes,Yes,Fiber Optic,26,Yes,No,Yes,No,Yes,Yes,Yes,Yes,One Year,Yes,Bank Withdrawal,106.1,7848.5,0.0,0,840.24,8688.74,Male,40,No,No,Yes,Yes,1,8,11.788888888888888,0,1,Detractor
5897,Yes,1,50,Offer B,Yes,34.14,Yes,Yes,Fiber Optic,69,No,Yes,No,Yes,Yes,Yes,Yes,Yes,Month-to-Month,No,Bank Withdrawal,103.7,5071.05,36.61,0,1707.0,6741.4400000000005,Male,28,Yes,No,Yes,No,0,8,11.522222222222222,0,1,Detractor
5965,No,0,72,,Yes,48.36,Yes,Yes,DSL,71,Yes,Yes,No,Yes,Yes,Yes,Yes,No,Two Year,No,Credit Card,86.05,6309.65,0.0,20,3481.92,9811.57,Male,22,Yes,No,No,No,0,8,9.56111111111111,0,0,Passive
3766,Yes,1,3,Offer E,No,0.0,No,Yes,DSL,20,No,No,No,No,Yes,No,No,Yes,Month-to-Month,Yes,Credit Card,36.45,93.7,0.0,0,0.0,93.7,Male,67,No,Yes,Yes,No,0,2,12.15,1,0,Detractor
2797,Yes,8,28,,No,0.0,No,Yes,DSL,52,No,Yes,Yes,Yes,Yes,Yes,Yes,Yes,One Year,Yes,Credit Card,60.0,1682.05,0.0,0,0.0,1682.05,Male,58,No,No,Yes,Yes,3,7,7.5,0,0,Promoter
4676,Yes,1,61,Offer B,Yes,25.14,Yes,Yes,Fiber Optic,13,No,Yes,No,Yes,No,Yes,Yes,Yes,Two Year,Yes,Bank Withdrawal,94.35,5703.0,29.88,0,1533.54,7206.66,Female,55,No,No,Yes,No,0,7,11.79375,0,1,Promoter
5066,No,0,1,Offer E,Yes,27.58,No,Yes,Fiber Optic,16,No,No,No,No,No,No,No,Yes,Month-to-Month,No,Bank Withdrawal,69.95,69.95,0.0,0,27.58,97.53,Male,48,No,No,No,No,0,2,23.316666666666663,1,1,Detractor
5313,No,0,22,,Yes,29.07,No,Yes,Fiber Optic,52,No,Yes,No,No,No,Yes,Yes,Yes,Month-to-Month,Yes,Mailed Check,84.3,1855.65,0.0,0,639.54,2495.19,Female,25,Yes,No,No,No,0,5,14.05,0,0,Detractor
3392,Yes,1,16,,Yes,15.16,Yes,Yes,Fiber Optic,7,No,No,Yes,No,Yes,Yes,No,Yes,Month-to-Month,Yes,Bank Withdrawal,98.75,1587.55,0.0,0,242.56,1830.11,Male,69,No,Yes,Yes,No,0,6,14.107142857142858,0,1,Detractor
4807,No,0,60,,Yes,35.13,No,Yes,DSL,3,Yes,No,Yes,Yes,Yes,Yes,Yes,Yes,One Year,No,Credit Card,79.0,4801.1,0.0,0,2107.8,6908.900000000001,Male,62,No,No,No,No,0,8,8.777777777777779,0,0,Detractor
5030,No,0,28,Offer C,Yes,9.67,Yes,Yes,Fiber Optic,28,No,Yes,Yes,No,Yes,Yes,No,Yes,Month-to-Month,Yes,Bank Withdrawal,106.15,3152.5,0.0,0,270.76,3423.26,Female,75,No,Yes,No,No,0,7,13.26875,0,1,Detractor
5346,No,0,2,,Yes,5.3,Yes,Yes,Fiber Optic,11,Yes,No,No,No,No,No,No,Yes,Month-to-Month,No,Credit Card,80.55,188.1,0.0,0,10.6,198.7,Female,56,No,No,No,Yes,1,4,16.11,1,0,Passive
3769,Yes,1,21,Offer D,Yes,1.21,Yes,Yes,Fiber Optic,16,Yes,No,Yes,No,Yes,Yes,Yes,Yes,Month-to-Month,Yes,Bank Withdrawal,103.9,2254.2,0.0,0,25.41,2279.61,Female,57,No,No,Yes,No,0,8,11.544444444444444,0,1,Detractor
2403,No,0,46,,Yes,2.37,Yes,Yes,Fiber Optic,20,Yes,Yes,Yes,No,Yes,Yes,Yes,Yes,One Year,Yes,Bank Withdrawal,110.0,4874.8,0.0,0,109.02,4983.820000000001,Female,65,No,Yes,No,No,0,9,11.0,0,1,Detractor
4846,No,0,71,Offer A,Yes,18.2,No,Yes,DSL,28,Yes,Yes,Yes,Yes,Yes,No,No,Yes,Two Year,No,Credit Card,77.35,5550.1,0.0,0,1292.2,6842.3,Female,48,No,No,No,No,0,7,9.66875,0,0,Detractor
5649,No,0,65,Offer B,Yes,27.75,Yes,Yes,Fiber Optic,30,No,Yes,Yes,No,Yes,Yes,Yes,Yes,Two Year,No,Credit Card,105.1,6631.85,0.0,0,1803.75,8435.6,Male,47,No,No,No,No,0,8,11.677777777777775,0,0,Detractor
4915,No,0,64,Offer B,Yes,27.74,Yes,Yes,Fiber Optic,12,Yes,No,No,Yes,No,No,No,Yes,Month-to-Month,Yes,Bank Withdrawal,86.8,5327.25,0.0,0,1775.36,7102.61,Female,31,No,No,Yes,Yes,2,5,14.466666666666669,0,1,Detractor
5591,Yes,1,70,Offer A,Yes,42.67,Yes,Yes,DSL,24,Yes,No,Yes,Yes,No,No,No,Yes,Two Year,No,Credit Card,65.3,4759.75,0.0,0,2986.9,7746.65,Female,57,No,No,Yes,No,0,6,9.328571428571427,0,0,Detractor
3981,Yes,3,32,,Yes,47.89,Yes,Yes,Fiber Optic,9,No,Yes,No,No,Yes,Yes,Yes,Yes,Month-to-Month,Yes,Credit Card,98.85,3145.9,0.0,0,1532.48,4678.38,Male,33,No,No,Yes,No,0,7,12.35625,0,0,Passive
4773,Yes,10,72,,Yes,14.19,Yes,Yes,Fiber Optic,71,No,Yes,Yes,Yes,Yes,Yes,Yes,Yes,Two Year,Yes,Bank Withdrawal,108.2,7840.6,0.0,0,1021.68,8862.28,Male,21,Yes,No,Yes,No,0,9,10.82,0,1,Passive
4786,Yes,1,14,,Yes,29.18,Yes,Yes,Fiber Optic,19,No,No,Yes,No,No,Yes,Yes,Yes,Month-to-Month,Yes,Bank Withdrawal,87.25,1258.6,0.0,0,408.52,1667.12,Female,49,No,No,Yes,No,0,6,12.464285714285714,0,1,Detractor
5408,Yes,1,72,Offer A,Yes,4.59,Yes,Yes,Fiber Optic,27,Yes,Yes,Yes,Yes,Yes,Yes,No,Yes,Two Year,Yes,Bank Withdrawal,114.65,8333.95,0.0,0,330.48,8664.43,Female,73,No,Yes,Yes,No,0,9,11.465,0,1,Detractor
3807,Yes,1,7,,Yes,19.23,No,Yes,Fiber Optic,52,No,Yes,No,Yes,Yes,No,No,Yes,Month-to-Month,Yes,Bank Withdrawal,89.75,608.8,26.02,0,134.61,717.39,Male,25,Yes,No,Yes,No,0,5,14.958333333333334,1,1,Detractor
2952,No,0,9,Offer E,Yes,35.45,No,Yes,Fiber Optic,52,No,No,No,No,Yes,Yes,Yes,Yes,Month-to-Month,Yes,Credit Card,88.4,788.6,0.0,0,319.05,1107.65,Female,23,Yes,No,No,No,0,5,14.733333333333334,1,0,Promoter
4316,Yes,1,26,Offer C,Yes,18.26,No,Yes,Fiber Optic,3,No,Yes,No,No,No,Yes,Yes,Yes,Month-to-Month,No,Bank Withdrawal,84.95,2169.75,0.0,0,474.7600000000001,2644.51,Female,65,No,Yes,Yes,No,0,5,14.158333333333331,0,1,Detractor
5704,No,0,2,,Yes,17.25,No,Yes,Cable,3,No,No,No,No,No,No,No,No,Month-to-Month,Yes,Credit Card,45.0,96.45,0.0,30,34.5,160.95,Male,44,No,No,No,No,0,1,22.5,1,0,Detractor
5602,No,0,66,,Yes,23.51,Yes,Yes,Fiber Optic,52,Yes,No,Yes,No,Yes,Yes,Yes,Yes,Two Year,Yes,Credit Card,106.05,6981.35,0.0,0,1551.66,8533.01,Male,30,No,No,Yes,No,0,8,11.783333333333331,0,0,Detractor
3921,No,0,17,Offer D,Yes,47.45,Yes,Yes,DSL,5,Yes,No,No,No,No,Yes,Yes,Yes,Month-to-Month,No,Bank Withdrawal,65.75,1111.2,0.0,0,806.6500000000001,1917.85,Male,47,No,No,No,No,0,6,9.392857142857142,0,1,Passive
6302,Yes,1,72,Offer A,Yes,38.79,Yes,Yes,Fiber Optic,42,Yes,Yes,Yes,Yes,No,No,No,Yes,Two Year,Yes,Bank Withdrawal,97.0,7104.2,0.0,0,2792.88,9897.08,Female,27,Yes,No,Yes,No,0,7,12.125,0,1,Passive
5427,Yes,6,48,Offer B,Yes,49.88,No,Yes,DSL,42,No,Yes,Yes,No,No,Yes,Yes,Yes,One Year,Yes,Bank Withdrawal,65.65,3094.65,0.0,0,2394.24,5488.89,Female,27,Yes,No,Yes,No,0,6,9.37857142857143,0,1,Detractor
3567,No,0,3,,Yes,31.88,No,Yes,Fiber Optic,7,No,No,No,No,Yes,No,No,Yes,Month-to-Month,Yes,Bank Withdrawal,78.5,242.05,0.0,0,95.64,337.69,Male,39,No,No,No,No,0,3,19.625,1,1,Detractor
4618,No,0,2,Offer E,Yes,41.43,No,Yes,Cable,20,No,No,No,No,No,No,No,Yes,Month-to-Month,Yes,Bank Withdrawal,44.7,93.7,0.0,0,82.86,176.56,Male,72,No,Yes,No,No,0,2,14.9,1,1,Detractor
6116,Yes,5,70,Offer A,Yes,40.77,Yes,Yes,Fiber Optic,71,Yes,Yes,Yes,Yes,Yes,Yes,Yes,Yes,Two Year,Yes,Credit Card,116.55,8152.3,0.0,0,2853.9,11006.2,Male,21,Yes,No,Yes,Yes,2,10,10.595454545454546,0,0,Detractor
5996,Yes,8,7,,No,0.0,No,Yes,Cable,17,Yes,No,No,Yes,No,No,No,Yes,Month-to-Month,No,Credit Card,34.65,246.6,0.0,0,0.0,246.6,Female,37,No,No,Yes,Yes,1,3,8.6625,1,0,Detractor
2954,Yes,10,41,,No,0.0,No,Yes,Cable,17,No,Yes,No,Yes,No,No,No,Yes,One Year,No,Credit Card,35.45,1391.65,0.0,0,0.0,1391.65,Female,59,No,No,Yes,No,0,3,8.8625,0,0,Passive
4182,No,0,70,Offer A,Yes,44.57,Yes,Yes,Fiber Optic,26,Yes,Yes,Yes,Yes,Yes,Yes,Yes,Yes,Two Year,Yes,Credit Card,111.95,7795.95,0.0,0,3119.9,10915.85,Female,60,No,No,No,No,0,10,10.177272727272728,0,0,Passive
5404,No,0,51,,No,0.0,No,Yes,DSL,10,Yes,No,Yes,Yes,Yes,Yes,Yes,Yes,One Year,No,Bank Withdrawal,60.15,3077.0,0.0,0,0.0,3077.0,Female,48,No,No,No,No,0,7,7.51875,0,1,Detractor
2421,No,0,18,Offer D,Yes,34.12,No,Yes,Fiber Optic,20,No,No,No,No,No,No,No,Yes,Month-to-Month,Yes,Bank Withdrawal,69.8,1221.65,0.0,0,614.16,1835.81,Female,35,No,No,No,No,0,2,23.266666666666666,0,1,Passive
2969,No,0,2,Offer E,Yes,24.05,No,Yes,Fiber Optic,27,No,No,Yes,No,No,Yes,Yes,Yes,Month-to-Month,Yes,Mailed Check,86.2,178.7,0.0,0,48.1,226.8,Female,62,No,No,No,No,0,5,14.366666666666667,1,0,Detractor
5045,Yes,3,68,,Yes,24.94,Yes,Yes,Fiber Optic,30,No,Yes,Yes,No,No,No,No,Yes,Two Year,Yes,Credit Card,84.4,5746.75,0.0,0,1695.92,7442.67,Female,44,No,No,Yes,Yes,1,5,14.066666666666668,0,0,Promoter
5596,No,0,16,,Yes,27.43,No,Yes,Fiber Optic,27,No,No,No,No,No,No,No,Yes,Month-to-Month,Yes,Credit Card,69.95,1205.5,0.0,0,438.88,1644.38,Male,43,No,No,No,No,0,2,23.316666666666663,0,0,Promoter
4708,Yes,10,51,Offer B,Yes,9.99,Yes,Yes,DSL,5,No,No,No,Yes,Yes,Yes,Yes,Yes,Two Year,Yes,Bank Withdrawal,75.2,3901.25,0.0,0,509.49,4410.74,Male,39,No,No,Yes,No,0,7,9.4,0,1,Detractor
5011,Yes,4,66,,Yes,7.83,No,No,No internet,0,No,No,No,No,No,No,No,No,Two Year,No,Credit Card,20.0,1374.2,0.0,0,516.78,1890.98,Male,61,No,No,Yes,Yes,1,1,10.0,0,0,Detractor
6444,Yes,1,58,,Yes,29.5,Yes,No,No internet,0,No,No,No,No,No,No,No,No,Two Year,No,Credit Card,25.15,1509.9,0.0,0,1711.0,3220.9,Female,56,No,No,Yes,Yes,2,2,8.383333333333333,0,0,Passive
2371,No,0,1,,Yes,43.61,No,Yes,Fiber Optic,2,No,No,No,No,Yes,Yes,Yes,Yes,Month-to-Month,Yes,Bank Withdrawal,91.3,91.3,0.0,0,43.61,134.91,Female,68,No,Yes,No,No,0,5,15.216666666666669,1,1,Detractor
3740,No,0,12,,No,0.0,No,Yes,Cable,24,No,Yes,Yes,Yes,Yes,Yes,Yes,Yes,One Year,No,Bank Withdrawal,60.65,743.3,40.41,0,0.0,702.89,Female,62,No,No,No,No,0,7,7.58125,1,1,Detractor
4480,Yes,5,68,Offer A,Yes,9.76,Yes,Yes,Fiber Optic,15,No,Yes,Yes,No,No,No,No,No,One Year,No,Credit Card,86.45,5762.95,0.0,150,663.68,6576.63,Female,48,No,No,Yes,No,0,4,17.29,0,0,Promoter
5084,Yes,1,60,Offer B,Yes,36.71,Yes,Yes,Fiber Optic,25,No,Yes,Yes,No,Yes,Yes,Yes,No,Month-to-Month,Yes,Bank Withdrawal,105.9,6401.25,0.0,110,2202.6,8713.85,Female,71,No,Yes,Yes,No,0,7,13.2375,0,1,Promoter
3403,Yes,3,45,Offer B,Yes,30.8,No,Yes,Cable,3,Yes,Yes,Yes,Yes,Yes,Yes,Yes,Yes,Two Year,Yes,Credit Card,84.35,3858.05,0.0,0,1386.0,5244.05,Male,63,No,No,Yes,No,0,9,8.434999999999999,0,0,Detractor
5104,No,0,34,,Yes,27.47,Yes,Yes,Fiber Optic,51,Yes,Yes,Yes,Yes,Yes,Yes,Yes,Yes,Two Year,Yes,Credit Card,116.15,3946.9,0.0,0,933.98,4880.88,Female,26,Yes,No,No,Yes,3,10,10.55909090909091,0,0,Passive
5100,Yes,9,60,Offer B,Yes,38.44,Yes,Yes,Fiber Optic,57,No,No,No,No,No,No,No,Yes,Month-to-Month,No,Bank Withdrawal,74.35,4453.3,0.0,0,2306.4,6759.7,Male,50,No,No,Yes,Yes,4,3,18.5875,0,1,Promoter
3127,Yes,8,18,Offer D,Yes,18.55,Yes,Yes,Fiber Optic,59,No,No,No,Yes,Yes,No,Yes,Yes,Month-to-Month,Yes,Bank Withdrawal,88.85,1594.75,21.58,0,333.90000000000003,1907.07,Female,23,Yes,No,Yes,No,0,6,12.69285714285714,0,1,Promoter
4857,No,0,19,Offer D,Yes,20.41,Yes,Yes,Fiber Optic,11,No,No,No,No,No,Yes,Yes,No,Month-to-Month,Yes,Bank Withdrawal,86.0,1532.45,0.0,30,387.79,1950.24,Male,58,No,No,No,No,0,4,17.2,0,1,Detractor
5731,No,0,21,Offer D,Yes,19.57,No,Yes,DSL,29,No,No,No,No,No,No,No,Yes,Month-to-Month,No,Credit Card,45.65,985.05,0.0,0,410.97,1396.02,Male,60,No,No,No,Yes,2,2,15.216666666666669,0,0,Passive
4592,No,0,1,Offer E,Yes,17.07,Yes,Yes,DSL,3,Yes,Yes,No,No,No,No,No,Yes,Month-to-Month,No,Bank Withdrawal,61.15,61.15,0.0,0,17.07,78.22,Male,47,No,No,No,No,0,5,10.191666666666666,1,1,Passive
5375,Yes,2,49,,No,0.0,No,Yes,DSL,5,No,Yes,No,No,Yes,Yes,Yes,No,One Year,Yes,Bank Withdrawal,51.8,2541.25,0.0,50,0.0,2591.25,Male,57,No,No,Yes,No,0,4,10.36,0,1,Detractor
3422,Yes,3,19,,No,0.0,No,Yes,Cable,52,Yes,Yes,No,No,No,No,No,Yes,Month-to-Month,Yes,Credit Card,34.95,610.2,0.0,0,0.0,610.2,Male,23,Yes,No,Yes,Yes,1,3,8.7375,0,0,Detractor
6452,Yes,9,72,,Yes,44.2,Yes,Yes,Fiber Optic,2,Yes,Yes,Yes,No,Yes,Yes,Yes,Yes,Two Year,Yes,Bank Withdrawal,109.55,8165.1,0.0,0,3182.4,11347.5,Female,34,No,No,Yes,No,0,9,10.955,0,1,Detractor
3594,No,0,3,,Yes,18.43,No,No,No internet,0,No,No,No,No,No,No,No,No,Month-to-Month,No,Bank Withdrawal,20.2,50.6,0.0,0,55.29,105.89,Male,36,No,No,No,Yes,3,1,10.1,1,1,Detractor
5249,No,0,50,,Yes,21.72,No,No,No internet,0,No,No,No,No,No,No,No,No,One Year,No,Credit Card,20.15,989.05,0.0,0,1086.0,2075.05,Male,24,Yes,No,No,No,0,1,10.075,0,0,Promoter
3916,No,0,3,Offer E,Yes,32.76,No,Yes,Fiber Optic,73,No,No,Yes,Yes,Yes,Yes,Yes,Yes,Month-to-Month,Yes,Bank Withdrawal,98.7,293.65,0.0,0,98.28,391.93,Male,28,Yes,No,No,No,0,7,12.3375,1,1,Detractor
4617,Yes,5,59,Offer B,Yes,47.05,Yes,Yes,Cable,24,Yes,Yes,Yes,Yes,Yes,Yes,Yes,Yes,Two Year,No,Credit Card,90.3,5194.05,0.0,0,2775.95,7970.0,Female,50,No,No,Yes,Yes,2,10,8.209090909090909,0,0,Detractor
4812,No,0,20,Offer D,Yes,48.46,No,Yes,Fiber Optic,23,No,No,No,No,Yes,Yes,No,Yes,Two Year,No,Bank Withdrawal,89.95,1648.45,0.0,0,969.2,2617.65,Male,70,No,Yes,No,No,0,4,17.990000000000002,0,1,Passive
5144,No,0,29,Offer C,Yes,27.75,Yes,Yes,Fiber Optic,2,No,No,Yes,No,Yes,Yes,Yes,Yes,Month-to-Month,Yes,Credit Card,98.6,2933.2,0.0,0,804.75,3737.95,Female,49,No,No,No,No,0,7,12.325,0,0,Detractor
5546,No,0,8,,Yes,45.16,Yes,Yes,Fiber Optic,15,No,Yes,Yes,No,Yes,Yes,No,Yes,Month-to-Month,Yes,Bank Withdrawal,105.5,829.55,0.0,0,361.28,1190.83,Female,79,No,Yes,No,No,0,7,13.1875,1,1,Detractor
3575,No,0,1,,Yes,47.36,No,Yes,Cable,41,No,No,No,No,No,No,No,Yes,Month-to-Month,No,Credit Card,45.3,45.3,0.0,0,47.36,92.66,Female,25,Yes,No,No,No,0,2,15.1,1,0,Promoter
2510,No,0,26,,No,0.0,No,Yes,DSL,7,No,No,Yes,No,Yes,Yes,Yes,Yes,Month-to-Month,Yes,Credit Card,50.35,1277.5,0.0,0,0.0,1277.5,Female,47,No,No,No,No,0,5,8.391666666666667,0,0,Promoter
3313,No,0,1,,Yes,5.02,No,No,No internet,0,No,No,No,No,No,No,No,No,Month-to-Month,No,Mailed Check,19.1,19.1,0.0,0,5.02,24.12,Female,28,Yes,No,No,No,0,1,9.55,1,0,Promoter
2610,No,0,46,,Yes,7.67,No,No,No internet,0,No,No,No,No,No,No,No,No,Two Year,No,Credit Card,19.75,856.5,0.0,0,352.82,1209.32,Male,62,No,No,Yes,Yes,3,1,9.875,0,0,Passive
5372,No,0,71,Offer A,No,0.0,No,Yes,DSL,20,Yes,Yes,No,No,Yes,Yes,Yes,Yes,One Year,Yes,Bank Withdrawal,56.45,3985.35,0.0,0,0.0,3985.35,Male,73,No,Yes,No,No,0,6,8.064285714285715,0,1,Detractor
5324,No,0,21,Offer D,Yes,6.12,No,Yes,Fiber Optic,51,No,Yes,No,Yes,Yes,Yes,Yes,Yes,Month-to-Month,Yes,Bank Withdrawal,99.15,1956.4,0.0,0,128.52,2084.92,Female,22,Yes,No,No,No,0,7,12.39375,0,1,Detractor
5745,Yes,2,36,,Yes,32.3,No,No,No internet,0,No,No,No,No,No,No,No,No,Two Year,No,Credit Card,19.45,754.5,0.0,0,1162.8,1917.3,Male,26,Yes,No,Yes,Yes,2,1,9.725,0,0,Promoter
6270,No,0,68,,No,0.0,No,Yes,DSL,58,No,No,Yes,No,No,Yes,Yes,Yes,Month-to-Month,Yes,Bank Withdrawal,39.9,2796.35,0.0,0,0.0,2796.35,Male,19,Yes,No,No,No,0,4,7.979999999999999,0,1,Passive
2245,No,0,2,Offer E,Yes,5.47,No,Yes,DSL,29,No,No,No,No,No,No,No,Yes,Month-to-Month,Yes,Credit Card,45.85,105.6,0.0,0,10.94,116.54,Female,43,No,No,No,No,0,2,15.283333333333331,1,0,Detractor
3843,Yes,10,47,Offer B,Yes,41.54,No,No,No internet,0,No,No,No,No,No,No,No,No,Two Year,No,Credit Card,19.75,948.9,0.0,0,1952.38,2901.28,Female,33,No,No,Yes,Yes,3,1,9.875,0,0,Detractor
5380,No,0,9,Offer E,Yes,13.72,No,No,No internet,0,No,No,No,No,No,No,No,No,Month-to-Month,No,Credit Card,20.4,181.8,0.0,0,123.48,305.28000000000003,Male,36,No,No,No,No,0,1,10.2,1,0,Promoter
4631,Yes,1,30,Offer C,Yes,16.48,No,Yes,DSL,17,Yes,No,No,Yes,No,Yes,Yes,Yes,Month-to-Month,No,Bank Withdrawal,66.3,1923.5,0.0,0,494.4,2417.9,Female,47,No,No,Yes,Yes,2,6,9.471428571428572,0,1,Detractor
4512,Yes,8,64,Offer B,Yes,49.26,Yes,Yes,Fiber Optic,18,No,Yes,No,Yes,Yes,Yes,Yes,Yes,Two Year,Yes,Bank Withdrawal,105.4,6794.75,32.24,0,3152.64,9915.15,Female,61,No,No,Yes,No,0,8,11.711111111111112,0,1,Detractor
5890,No,0,1,,Yes,34.79,No,No,No internet,0,No,No,No,No,No,No,No,No,Month-to-Month,Yes,Credit Card,19.1,19.1,0.0,0,34.79,53.89,Female,35,No,No,No,No,0,1,9.55,1,0,Detractor
6492,Yes,3,59,,Yes,16.15,Yes,Yes,Fiber Optic,26,No,No,Yes,No,No,Yes,No,Yes,Month-to-Month,Yes,Credit Card,88.75,5348.65,0.0,0,952.85,6301.5,Female,75,No,Yes,Yes,Yes,1,5,14.791666666666666,0,0,Detractor
3797,Yes,1,1,,Yes,37.92,No,No,No internet,0,No,No,No,No,No,No,No,No,Month-to-Month,No,Credit Card,20.55,20.55,0.0,0,37.92,58.47,Female,25,Yes,No,Yes,Yes,2,1,10.275,1,0,Detractor
4861,No,0,23,Offer D,Yes,18.12,Yes,Yes,Fiber Optic,23,No,No,No,No,Yes,Yes,Yes,Yes,Month-to-Month,Yes,Bank Withdrawal,93.5,2341.55,0.0,0,416.7600000000001,2758.3100000000004,Female,46,No,No,No,No,0,6,13.357142857142858,0,1,Detractor
5570,No,0,50,Offer B,Yes,17.65,Yes,Yes,Fiber Optic,29,No,No,Yes,Yes,Yes,Yes,No,Yes,Month-to-Month,Yes,Bank Withdrawal,104.95,5222.35,0.0,0,882.4999999999999,6104.85,Female,75,No,Yes,No,No,0,7,13.11875,0,1,Promoter
4836,Yes,6,53,Offer B,Yes,11.35,No,No,No internet,0,No,No,No,No,No,No,No,No,One Year,Yes,Bank Withdrawal,19.85,1039.45,14.67,0,601.55,1626.33,Female,60,No,No,Yes,No,0,1,9.925,0,1,Detractor
5320,No,0,31,,Yes,45.71,Yes,Yes,Fiber Optic,58,Yes,Yes,No,No,Yes,Yes,Yes,Yes,Month-to-Month,No,Bank Withdrawal,104.35,3205.6,0.0,0,1417.01,4622.61,Female,23,Yes,No,No,No,0,8,11.594444444444443,0,1,Passive
2919,Yes,8,15,,Yes,24.12,No,Yes,Fiber Optic,13,Yes,No,Yes,No,Yes,Yes,Yes,Yes,Month-to-Month,No,Bank Withdrawal,101.75,1669.4,0.0,0,361.8,2031.2,Female,55,No,No,Yes,No,0,7,12.71875,0,1,Detractor
3502,No,0,14,,Yes,37.62,Yes,Yes,Fiber Optic,10,No,No,No,No,Yes,Yes,Yes,Yes,Month-to-Month,Yes,Bank Withdrawal,95.6,1273.3,0.0,0,526.68,1799.98,Male,65,No,Yes,No,No,0,6,13.657142857142857,0,1,Detractor
3608,Yes,1,5,Offer E,Yes,1.12,No,Yes,Fiber Optic,22,No,No,No,Yes,Yes,No,No,Yes,Month-to-Month,Yes,Bank Withdrawal,85.75,470.95,44.16,0,5.6000000000000005,432.39,Female,38,No,No,Yes,No,0,4,17.15,1,1,Detractor
4994,Yes,5,51,Offer B,Yes,9.53,No,Yes,DSL,10,Yes,Yes,No,Yes,No,No,No,Yes,Two Year,No,Credit Card,60.5,3121.45,0.0,0,486.03,3607.48,Male,40,No,No,Yes,No,0,5,10.083333333333334,0,0,Detractor
4629,No,0,1,,Yes,35.88,No,No,No internet,0,No,No,No,No,No,No,No,No,Month-to-Month,No,Credit Card,19.2,19.2,0.0,0,35.88,55.08,Male,33,No,No,No,No,0,1,9.6,1,0,Detractor
3080,No,0,39,,No,0.0,No,Yes,Cable,48,Yes,Yes,No,Yes,Yes,No,No,Yes,Month-to-Month,Yes,Credit Card,48.95,1880.85,0.0,0,0.0,1880.85,Male,27,Yes,No,No,No,0,5,8.158333333333333,0,0,Detractor
5212,No,0,9,Offer E,Yes,7.32,Yes,Yes,Fiber Optic,11,No,No,No,No,No,No,No,Yes,Month-to-Month,Yes,Bank Withdrawal,75.85,724.65,0.0,0,65.88,790.53,Male,52,No,No,No,No,0,3,18.9625,1,1,Promoter
3755,No,0,9,Offer E,No,0.0,No,Yes,Cable,19,Yes,Yes,Yes,No,No,No,No,Yes,One Year,No,Credit Card,39.55,373.0,0.0,0,0.0,373.0,Male,34,No,No,No,No,0,4,7.909999999999999,1,0,Detractor
2796,No,0,29,,No,0.0,No,Yes,Cable,22,No,No,No,No,No,No,No,Yes,Month-to-Month,Yes,Credit Card,25.1,712.85,0.0,0,0.0,712.85,Female,53,No,No,No,No,0,1,12.55,0,0,Detractor
5476,No,0,5,,Yes,3.61,No,Yes,DSL,69,Yes,No,No,Yes,No,No,No,Yes,Month-to-Month,No,Bank Withdrawal,54.2,308.25,0.0,0,18.05,326.3,Female,21,Yes,No,No,No,0,4,10.84,1,1,Detractor
3913,No,0,1,,Yes,34.4,No,Yes,Cable,52,No,No,Yes,No,No,No,Yes,Yes,Month-to-Month,No,Bank Withdrawal,48.95,48.95,0.0,0,34.4,83.35,Male,22,Yes,No,No,Yes,2,4,9.79,1,1,Detractor
5269,No,0,5,Offer E,Yes,29.74,Yes,Yes,Fiber Optic,42,No,No,Yes,Yes,No,No,No,Yes,Month-to-Month,Yes,Bank Withdrawal,82.75,417.75,0.0,0,148.7,566.45,Female,21,Yes,No,No,No,0,5,13.791666666666666,1,1,Passive
4001,No,0,66,Offer A,Yes,25.82,No,Yes,Cable,26,No,Yes,Yes,No,Yes,Yes,Yes,Yes,Month-to-Month,No,Bank Withdrawal,99.5,6710.5,0.0,0,1704.12,8414.62,Male,62,No,No,No,No,0,7,12.4375,0,1,Detractor
4535,No,0,69,Offer A,Yes,42.49,No,No,No internet,0,No,No,No,No,No,No,No,No,Two Year,Yes,Credit Card,19.1,1268.85,0.0,0,2931.81,4200.66,Male,19,Yes,No,No,No,0,1,9.55,0,0,Detractor
4010,Yes,1,63,Offer B,Yes,49.08,Yes,Yes,Cable,24,Yes,Yes,No,No,Yes,Yes,Yes,No,One Year,Yes,Credit Card,79.7,4786.15,0.0,30,3092.04,7908.19,Female,38,No,No,Yes,No,0,7,9.9625,0,0,Detractor
5641,No,0,25,,Yes,34.88,Yes,Yes,Fiber Optic,8,No,No,No,No,Yes,Yes,Yes,Yes,Month-to-Month,Yes,Bank Withdrawal,94.7,2362.1,0.0,0,872.0000000000001,3234.1,Male,41,No,No,No,No,0,6,13.528571428571428,0,1,Detractor
6481,Yes,5,71,Offer A,Yes,26.38,Yes,Yes,Fiber Optic,18,Yes,Yes,Yes,Yes,Yes,Yes,Yes,No,Two Year,Yes,Bank Withdrawal,116.05,8297.5,42.57,110,1872.98,10237.91,Male,41,No,No,Yes,Yes,1,9,11.605,0,1,Detractor
2353,No,0,5,Offer E,Yes,37.1,Yes,Yes,Cable,2,No,No,No,No,No,No,No,No,Month-to-Month,Yes,Mailed Check,50.6,249.95,0.0,20,185.5,455.45,Female,54,No,No,No,No,0,2,16.866666666666667,1,0,Detractor
3061,Yes,1,6,Offer E,Yes,24.83,Yes,Yes,Cable,82,No,No,No,No,No,No,No,Yes,Month-to-Month,Yes,Credit Card,48.95,273.25,0.0,0,148.98,422.23,Female,28,Yes,No,Yes,Yes,1,3,12.2375,1,0,Detractor
4704,Yes,9,58,,No,0.0,No,Yes,Cable,52,Yes,Yes,Yes,No,Yes,No,No,Yes,One Year,No,Mailed Check,50.0,2919.85,0.0,0,0.0,2919.85,Male,21,Yes,No,Yes,Yes,3,5,8.333333333333334,0,0,Passive
4779,Yes,1,1,Offer E,Yes,16.55,No,Yes,Fiber Optic,19,No,No,No,No,No,No,No,Yes,Month-to-Month,Yes,Credit Card,69.1,69.1,0.0,0,16.55,85.64999999999999,Female,46,No,No,Yes,No,0,2,23.03333333333333,1,0,Detractor
4427,No,0,1,Offer E,Yes,42.95,No,Yes,DSL,9,No,No,No,No,No,No,No,Yes,Month-to-Month,Yes,Credit Card,44.3,44.3,0.0,0,42.95,87.25,Male,54,No,No,No,No,0,2,14.766666666666666,1,0,Promoter
3764,Yes,10,42,,Yes,44.95,No,Yes,DSL,69,Yes,No,No,Yes,No,Yes,Yes,Yes,One Year,No,Credit Card,63.7,2763.35,0.0,0,1887.9,4651.25,Male,29,Yes,No,Yes,Yes,3,6,9.1,0,0,Passive
6021,No,0,51,Offer B,Yes,14.37,No,Yes,Fiber Optic,7,No,No,No,No,Yes,Yes,Yes,Yes,One Year,No,Credit Card,87.55,4475.9,0.0,0,732.87,5208.77,Female,36,No,No,No,No,0,5,14.591666666666669,0,0,Passive
3153,Yes,1,8,,Yes,42.67,No,No,No internet,0,No,No,No,No,No,No,No,No,Two Year,No,Credit Card,19.05,201.7,0.0,0,341.36,543.06,Female,26,Yes,No,Yes,Yes,1,1,9.525,1,0,Detractor
3185,Yes,1,33,,Yes,11.32,Yes,Yes,Fiber Optic,12,No,Yes,Yes,No,Yes,Yes,Yes,Yes,Month-to-Month,Yes,Bank Withdrawal,104.4,3409.6,0.0,0,373.56,3783.16,Female,46,No,No,Yes,No,0,8,11.6,0,1,Detractor
3160,Yes,1,33,,Yes,15.45,No,Yes,Cable,59,No,Yes,No,Yes,No,No,No,Yes,One Year,Yes,Credit Card,53.75,1857.3,0.0,0,509.85,2367.15,Female,27,Yes,No,Yes,No,0,4,10.75,0,0,Detractor
5653,No,0,3,Offer E,Yes,12.66,No,Yes,Fiber Optic,28,No,Yes,Yes,Yes,Yes,Yes,Yes,Yes,Month-to-Month,Yes,Bank Withdrawal,107.95,318.6,0.0,0,37.98,356.58000000000004,Male,42,No,No,No,No,0,8,11.994444444444444,1,1,Detractor
2335,No,0,32,,Yes,14.21,Yes,Yes,Fiber Optic,28,No,Yes,Yes,No,Yes,Yes,Yes,Yes,One Year,Yes,Credit Card,104.05,3416.85,0.0,0,454.72,3871.57,Female,44,No,No,No,No,0,8,11.56111111111111,0,0,Passive
4390,No,0,1,,Yes,10.38,Yes,Yes,Fiber Optic,7,No,No,Yes,No,Yes,Yes,Yes,Yes,Month-to-Month,Yes,Bank Withdrawal,101.45,101.45,0.0,0,10.38,111.83,Male,32,No,No,No,No,0,7,12.68125,1,1,Detractor
4741,No,0,12,Offer D,Yes,42.55,No,Yes,Fiber Optic,18,No,No,No,No,No,Yes,Yes,Yes,Month-to-Month,No,Bank Withdrawal,78.1,947.3,0.0,0,510.6,1457.9,Female,32,No,No,No,No,0,4,15.62,1,1,Detractor
4123,Yes,1,21,,Yes,36.26,Yes,Yes,Fiber Optic,59,No,Yes,Yes,Yes,Yes,Yes,Yes,No,Month-to-Month,Yes,Bank Withdrawal,111.2,2317.1,0.0,120,761.4599999999999,3198.56,Male,24,Yes,No,Yes,No,0,8,12.355555555555556,0,1,Detractor
2021,Yes,7,47,,Yes,6.54,No,No,No internet,0,No,No,No,No,No,No,No,No,Two Year,No,Credit Card,19.65,973.1,0.0,0,307.38,1280.48,Male,63,No,No,Yes,No,0,1,9.825,0,0,Promoter
3729,Yes,7,47,,Yes,9.19,Yes,Yes,Fiber Optic,19,Yes,Yes,Yes,Yes,Yes,Yes,Yes,Yes,One Year,Yes,Bank Withdrawal,113.45,5317.8,0.0,0,431.93,5749.7300000000005,Male,58,No,No,Yes,Yes,1,10,10.313636363636364,0,1,Detractor
4834,No,0,9,Offer E,Yes,42.41,Yes,Yes,Fiber Optic,8,No,No,No,No,No,No,No,Yes,Month-to-Month,Yes,Bank Withdrawal,76.85,663.55,0.0,0,381.69,1045.2399999999998,Female,51,No,No,No,No,0,3,19.2125,1,1,Promoter
5084,No,0,7,,Yes,49.16,No,No,No internet,0,No,No,No,No,No,No,No,No,One Year,No,Credit Card,19.45,136.75,0.0,0,344.12,480.87,Male,47,No,No,No,Yes,2,1,9.725,1,0,Detractor
4636,Yes,4,24,Offer C,No,0.0,No,Yes,DSL,51,No,No,Yes,No,No,No,No,Yes,Month-to-Month,No,Bank Withdrawal,29.1,688.0,0.0,0,0.0,688.0,Male,25,Yes,No,Yes,No,0,2,9.7,0,1,Detractor
3315,Yes,1,46,Offer B,Yes,5.52,Yes,Yes,Fiber Optic,16,No,Yes,No,No,No,No,No,Yes,Month-to-Month,Yes,Bank Withdrawal,80.0,3769.7,0.0,0,253.92,4023.62,Male,43,No,No,Yes,Yes,1,4,16.0,0,1,Promoter
4094,No,0,1,,Yes,48.03,No,Yes,Cable,73,No,No,No,No,No,No,Yes,Yes,Month-to-Month,No,Credit Card,45.05,45.05,0.0,0,48.03,93.08,Male,23,Yes,No,No,No,0,3,11.2625,1,0,Detractor
5858,No,0,38,,Yes,28.0,Yes,Yes,DSL,22,Yes,Yes,Yes,Yes,No,No,No,No,Month-to-Month,No,Bank Withdrawal,69.95,2657.55,0.0,90,1064.0,3811.55,Male,51,No,No,No,No,0,6,9.992857142857144,0,1,Detractor
5022,No,0,47,Offer B,Yes,40.25,Yes,Yes,Fiber Optic,20,Yes,Yes,No,No,Yes,No,No,Yes,One Year,No,Bank Withdrawal,94.8,4535.85,3.34,0,1891.75,6424.26,Male,51,No,No,No,No,0,6,13.542857142857144,0,1,Passive
4667,No,0,22,Offer D,Yes,31.53,No,Yes,Cable,11,Yes,No,No,No,No,No,No,Yes,Month-to-Month,Yes,Bank Withdrawal,49.8,1049.05,0.0,0,693.6600000000001,1742.71,Female,64,No,No,No,No,0,3,12.45,0,1,Detractor
3865,No,0,4,,Yes,9.98,Yes,Yes,DSL,13,No,No,No,No,No,No,No,Yes,Month-to-Month,No,Credit Card,51.75,201.1,0.0,0,39.92,241.02,Male,39,No,No,No,No,0,3,12.9375,1,0,Detractor
2143,No,0,21,Offer D,Yes,8.68,No,No,No internet,0,No,No,No,No,No,No,No,No,Month-to-Month,No,Credit Card,20.75,452.2,0.0,0,182.28,634.48,Female,38,No,No,No,Yes,2,1,10.375,0,0,Detractor
5122,Yes,1,67,Offer A,Yes,46.9,No,Yes,Cable,28,No,Yes,No,No,No,No,No,Yes,One Year,No,Credit Card,50.55,3431.75,0.0,0,3142.3,6574.049999999999,Female,44,No,No,Yes,Yes,3,3,12.6375,0,0,Promoter
5394,No,0,1,Offer E,Yes,10.98,No,No,No internet,0,No,No,No,No,No,No,No,No,Month-to-Month,Yes,Bank Withdrawal,20.2,20.2,0.0,0,10.98,31.18,Male,28,Yes,No,No,No,0,1,10.1,1,1,Detractor
4252,Yes,9,70,Offer A,Yes,16.66,Yes,Yes,Fiber Optic,26,No,No,Yes,No,Yes,Yes,Yes,No,One Year,Yes,Bank Withdrawal,97.65,6982.5,0.0,80,1166.2,8228.7,Female,21,Yes,No,Yes,No,0,6,13.95,0,1,Passive
4449,Yes,10,2,Offer E,Yes,33.1,No,Yes,Fiber Optic,11,No,No,Yes,No,Yes,Yes,No,No,One Year,Yes,Credit Card,95.5,181.65,0.0,10,66.2,257.85,Male,79,No,Yes,Yes,No,0,4,19.1,1,0,Promoter
5428,No,0,27,,Yes,2.69,Yes,Yes,Cable,15,No,No,No,No,No,No,No,Yes,Month-to-Month,No,Mailed Check,49.0,1291.35,0.0,0,72.63,1363.98,Male,61,No,No,No,No,0,3,12.25,0,0,Detractor
2804,No,0,8,,Yes,45.04,No,Yes,DSL,73,No,No,Yes,Yes,No,Yes,Yes,No,Month-to-Month,No,Mailed Check,64.1,504.05,0.0,10,360.32,874.3699999999999,Female,19,Yes,No,No,No,0,5,10.683333333333332,1,0,Promoter
3839,Yes,6,37,,Yes,27.41,Yes,Yes,DSL,10,Yes,No,No,No,No,No,No,Yes,Month-to-Month,Yes,Mailed Check,55.05,2030.75,0.0,0,1014.17,3044.92,Male,57,No,No,Yes,No,0,4,11.01,0,0,Promoter
6499,Yes,1,72,,Yes,28.06,Yes,No,No internet,0,No,No,No,No,No,No,No,No,Two Year,Yes,Bank Withdrawal,25.2,1798.9,0.0,0,2020.32,3819.22,Male,22,Yes,No,Yes,Yes,2,2,8.4,0,1,Detractor
4732,Yes,5,22,Offer D,Yes,33.46,No,Yes,Fiber Optic,29,No,No,No,No,No,Yes,Yes,Yes,Month-to-Month,Yes,Bank Withdrawal,80.15,1790.65,0.0,0,736.12,2526.77,Female,59,No,No,Yes,Yes,3,4,16.03,0,1,Promoter
4964,No,0,60,,Yes,10.2,Yes,Yes,DSL,29,Yes,Yes,No,No,No,Yes,Yes,No,One Year,Yes,Bank Withdrawal,71.75,4374.55,0.0,10,612.0,4996.55,Male,72,No,Yes,No,No,0,6,10.25,0,1,Detractor
3334,No,0,4,,Yes,1.1,Yes,Yes,Cable,19,No,No,No,Yes,Yes,No,No,Yes,Month-to-Month,Yes,Credit Card,64.4,253.0,0.0,0,4.4,257.4,Female,58,No,No,No,No,0,5,10.733333333333334,1,0,Passive
6474,No,0,64,,Yes,8.52,Yes,Yes,DSL,73,Yes,Yes,Yes,Yes,Yes,Yes,Yes,Yes,Two Year,Yes,Credit Card,86.4,5442.05,0.0,0,545.28,5987.33,Female,21,Yes,No,No,No,0,10,7.854545454545455,0,0,Detractor
6148,No,0,49,Offer B,Yes,45.46,Yes,Yes,Fiber Optic,27,No,Yes,No,No,Yes,Yes,Yes,Yes,Month-to-Month,No,Bank Withdrawal,98.7,4920.55,0.0,0,2227.54,7148.09,Male,56,No,No,No,No,0,7,12.3375,0,1,Detractor
5586,No,0,10,,Yes,15.45,No,Yes,Cable,22,No,No,No,No,No,No,No,Yes,Month-to-Month,Yes,Credit Card,45.8,436.2,0.0,0,154.5,590.7,Male,34,No,No,No,No,0,2,15.266666666666666,1,0,Detractor
2485,Yes,1,1,,Yes,38.8,No,Yes,Fiber Optic,4,No,No,No,No,No,No,No,Yes,Month-to-Month,Yes,Bank Withdrawal,70.0,70.0,0.0,0,38.8,108.8,Male,38,No,No,Yes,No,0,2,23.33333333333333,1,1,Detractor
2499,Yes,9,12,Offer D,Yes,39.0,No,Yes,Fiber Optic,7,Yes,Yes,Yes,No,No,No,No,Yes,Month-to-Month,Yes,Bank Withdrawal,84.6,959.9,0.0,0,468.0,1427.9,Male,62,No,No,Yes,No,0,5,14.1,1,1,Passive
3972,Yes,1,43,,Yes,38.53,No,Yes,DSL,27,Yes,No,Yes,Yes,Yes,Yes,Yes,Yes,Two Year,Yes,Bank Withdrawal,78.8,3460.3,24.9,0,1656.79,5092.1900000000005,Female,42,No,No,Yes,No,0,8,8.755555555555555,0,1,Passive
4135,Yes,1,53,,Yes,6.68,No,Yes,Fiber Optic,25,Yes,Yes,Yes,Yes,Yes,Yes,Yes,Yes,One Year,No,Bank Withdrawal,110.5,5835.5,0.0,0,354.04,6189.54,Female,43,No,No,Yes,No,0,9,11.05,0,1,Detractor
3845,No,0,2,Offer E,Yes,24.71,No,No,No internet,0,No,No,No,No,No,No,No,No,Month-to-Month,No,Mailed Check,20.65,38.7,0.0,0,49.42,88.12,Female,60,No,No,No,No,0,1,10.325,1,0,Detractor
2609,Yes,2,32,Offer C,No,0.0,No,Yes,DSL,53,No,No,Yes,Yes,No,No,No,Yes,One Year,Yes,Mailed Check,36.25,1151.05,0.0,0,0.0,1151.05,Male,48,No,No,Yes,Yes,3,3,9.0625,0,0,Promoter
4930,No,0,4,,Yes,9.81,No,Yes,DSL,30,No,Yes,No,No,No,No,No,Yes,Month-to-Month,No,Credit Card,50.7,151.3,0.0,0,39.24,190.54,Female,42,No,No,No,No,0,3,12.675,1,0,Detractor
6443,No,0,64,,Yes,25.95,Yes,Yes,Fiber Optic,23,No,No,Yes,Yes,Yes,Yes,Yes,Yes,One Year,Yes,Credit Card,104.65,6889.8,0.0,0,1660.8,8550.6,Male,47,No,No,No,No,0,8,11.627777777777778,0,0,Passive
4381,No,0,2,Offer E,Yes,49.79,No,Yes,Fiber Optic,22,No,No,No,No,Yes,No,No,No,Month-to-Month,Yes,Bank Withdrawal,80.2,146.05,0.0,10,99.58,255.63,Female,51,No,No,No,No,0,2,26.73333333333333,1,1,Detractor
6357,Yes,8,56,Offer B,Yes,5.93,No,Yes,DSL,19,Yes,No,No,Yes,Yes,Yes,No,No,Two Year,Yes,Credit Card,72.6,4084.35,0.0,140,332.08,4556.43,Female,78,No,Yes,Yes,Yes,1,5,12.1,0,0,Passive
5344,No,0,2,,Yes,37.29,Yes,Yes,Cable,20,No,No,No,No,No,Yes,Yes,Yes,Month-to-Month,No,Bank Withdrawal,62.05,118.3,0.0,0,74.58,192.88,Male,44,No,No,No,No,0,5,10.341666666666669,1,1,Detractor
5130,Yes,8,72,,Yes,27.59,Yes,Yes,Fiber Optic,25,Yes,Yes,Yes,Yes,Yes,Yes,Yes,Yes,Two Year,No,Credit Card,115.8,8332.15,0.0,0,1986.48,10318.63,Male,50,No,No,Yes,No,0,10,10.527272727272727,0,0,Detractor
2071,Yes,1,38,Offer C,Yes,42.14,No,Yes,DSL,19,Yes,Yes,No,Yes,Yes,Yes,Yes,Yes,One Year,No,Credit Card,80.3,3058.65,0.0,0,1601.32,4659.97,Female,55,No,No,Yes,No,0,8,8.922222222222222,0,0,Detractor
3778,Yes,3,10,Offer D,Yes,39.35,No,No,No internet,0,No,No,No,No,No,No,No,No,One Year,No,Bank Withdrawal,19.6,189.45,0.0,0,393.5,582.95,Male,23,Yes,No,Yes,No,0,1,9.8,1,1,Promoter
5597,No,0,5,Offer E,Yes,42.52,No,No,No internet,0,No,No,No,No,No,No,No,No,Month-to-Month,No,Bank Withdrawal,20.65,93.55,0.0,0,212.6,306.15000000000003,Male,40,No,No,No,No,0,1,10.325,1,1,Passive
4452,Yes,9,69,,Yes,3.08,Yes,Yes,Fiber Optic,20,No,Yes,No,Yes,Yes,No,No,Yes,Two Year,Yes,Credit Card,92.45,6460.55,0.0,0,212.52,6673.070000000001,Male,47,No,No,Yes,No,0,6,13.207142857142856,0,0,Detractor
3677,Yes,2,16,,Yes,31.99,No,No,No internet,0,No,No,No,No,No,No,No,No,Month-to-Month,No,Bank Withdrawal,19.75,313.4,0.0,0,511.84,825.24,Male,40,No,No,Yes,Yes,1,1,9.875,0,1,Passive
5834,Yes,1,6,,Yes,40.44,No,Yes,Fiber Optic,25,No,Yes,No,No,No,Yes,No,Yes,Month-to-Month,Yes,Bank Withdrawal,84.2,519.15,0.0,0,242.64,761.79,Male,76,No,Yes,Yes,No,0,4,16.84,1,1,Detractor
4599,No,0,1,,Yes,40.42,No,Yes,Cable,59,No,No,No,No,No,No,No,Yes,Month-to-Month,Yes,Bank Withdrawal,44.35,44.35,0.0,0,40.42,84.77000000000001,Female,27,Yes,No,Yes,Yes,3,2,14.783333333333331,1,1,Detractor
5674,Yes,10,52,Offer B,Yes,5.32,Yes,No,No internet,0,No,No,No,No,No,No,No,No,Two Year,Yes,Bank Withdrawal,25.05,1270.25,0.0,0,276.64,1546.89,Female,30,No,No,Yes,No,0,2,8.35,0,1,Passive
3131,No,0,5,Offer E,Yes,38.89,Yes,Yes,Fiber Optic,8,No,Yes,Yes,No,Yes,Yes,Yes,Yes,Month-to-Month,No,Mailed Check,104.1,541.9,0.0,0,194.45,736.3499999999999,Male,43,No,No,No,No,0,8,11.566666666666666,1,0,Detractor
4643,No,0,33,,Yes,16.57,Yes,Yes,Fiber Optic,30,No,Yes,No,No,Yes,Yes,Yes,Yes,Month-to-Month,Yes,Bank Withdrawal,100.0,3320.6,0.0,0,546.8100000000001,3867.41,Female,44,No,No,No,No,0,7,12.5,0,1,Promoter
4634,Yes,7,15,,Yes,32.73,No,Yes,Fiber Optic,17,Yes,No,No,No,No,No,No,Yes,Month-to-Month,No,Mailed Check,75.1,1151.55,0.0,0,490.94999999999993,1642.5,Male,39,No,No,Yes,Yes,1,3,18.775,0,0,Passive
2154,No,0,5,Offer E,Yes,30.14,No,No,No internet,0,No,No,No,No,No,No,No,No,One Year,No,Bank Withdrawal,20.05,94.15,0.0,0,150.7,244.85,Male,65,No,Yes,No,No,0,1,10.025,1,1,Promoter
6423,Yes,5,58,Offer B,Yes,40.74,No,Yes,Fiber Optic,17,No,Yes,Yes,No,Yes,No,No,Yes,Month-to-Month,Yes,Bank Withdrawal,91.55,5511.65,0.0,0,2362.92,7874.57,Female,49,No,No,Yes,Yes,2,5,15.258333333333333,0,1,Detractor
3110,No,0,38,,Yes,26.1,No,Yes,DSL,27,Yes,Yes,No,No,No,No,No,Yes,Month-to-Month,Yes,Credit Card,57.15,2250.65,0.0,0,991.8,3242.4500000000003,Female,67,No,Yes,No,No,0,4,11.43,0,0,Detractor
4667,No,0,6,Offer E,No,0.0,No,Yes,DSL,14,No,Yes,No,No,No,No,No,Yes,Month-to-Month,Yes,Credit Card,30.5,208.7,0.0,0,0.0,208.7,Male,47,No,No,No,No,0,2,10.166666666666666,1,0,Detractor
4945,No,0,35,,Yes,24.83,Yes,Yes,Fiber Optic,51,No,No,No,Yes,No,Yes,Yes,No,Month-to-Month,Yes,Bank Withdrawal,89.85,3161.2,0.0,20,869.05,4050.25,Male,30,No,No,Yes,No,0,5,14.975,0,1,Detractor
3611,No,0,10,,Yes,32.1,Yes,No,No internet,0,No,No,No,No,No,No,No,No,Two Year,No,Bank Withdrawal,25.7,251.6,0.0,0,321.0,572.6,Male,44,No,No,No,No,0,2,8.566666666666666,1,1,Promoter
4540,Yes,3,1,,Yes,27.5,No,No,No internet,0,No,No,No,No,No,No,No,No,One Year,No,Credit Card,20.4,20.4,0.0,0,27.5,47.9,Male,27,Yes,No,Yes,Yes,2,1,10.2,1,0,Passive
4703,No,0,12,,Yes,34.01,Yes,Yes,Fiber Optic,18,No,Yes,No,No,Yes,No,No,Yes,Month-to-Month,Yes,Bank Withdrawal,91.3,1094.5,0.0,0,408.12,1502.62,Female,79,No,Yes,No,No,0,5,15.216666666666669,1,1,Detractor
4509,No,0,11,,Yes,38.88,No,Yes,Fiber Optic,30,Yes,No,No,No,No,No,No,Yes,Month-to-Month,Yes,Bank Withdrawal,73.5,791.75,0.0,0,427.68,1219.43,Male,30,No,No,No,No,0,3,18.375,1,1,Detractor
6144,Yes,5,50,Offer B,Yes,9.47,Yes,Yes,DSL,28,No,No,Yes,No,Yes,Yes,Yes,Yes,One Year,No,Bank Withdrawal,75.7,3876.2,0.0,0,473.50000000000006,4349.7,Female,40,No,No,Yes,No,0,7,9.4625,0,1,Promoter
4045,No,0,32,,Yes,19.92,No,Yes,DSL,14,No,Yes,No,Yes,No,No,No,No,One Year,No,Bank Withdrawal,54.65,1830.1,0.0,10,637.44,2477.54,Female,69,No,Yes,No,No,0,3,13.6625,0,1,Promoter
3847,No,0,25,Offer C,Yes,4.94,No,Yes,Fiber Optic,51,No,No,Yes,Yes,Yes,Yes,Yes,Yes,Two Year,No,Bank Withdrawal,99.3,2513.5,0.0,0,123.5,2637.0,Male,21,Yes,No,No,No,0,7,12.4125,0,1,Passive
5479,No,0,71,,Yes,25.61,Yes,Yes,Fiber Optic,23,No,Yes,Yes,No,Yes,Yes,Yes,No,One Year,Yes,Bank Withdrawal,105.9,7521.95,6.65,100,1818.31,9433.61,Female,65,No,Yes,No,No,0,7,13.2375,0,1,Detractor
2512,Yes,1,8,Offer E,Yes,39.59,Yes,Yes,Fiber Optic,16,No,No,No,No,No,Yes,Yes,No,Month-to-Month,Yes,Bank Withdrawal,85.65,659.45,0.0,70,316.72,1046.17,Male,62,No,No,Yes,No,0,4,17.130000000000003,1,1,Passive
2240,No,0,6,Offer E,No,0.0,No,Yes,DSL,71,No,No,Yes,No,Yes,Yes,Yes,Yes,Month-to-Month,Yes,Bank Withdrawal,47.95,305.1,0.0,0,0.0,305.1,Female,23,Yes,No,No,No,0,5,7.991666666666667,1,1,Detractor
4067,Yes,1,72,Offer A,Yes,13.27,Yes,No,No internet,0,No,No,No,No,No,No,No,No,Two Year,No,Credit Card,24.85,1871.85,0.0,0,955.44,2827.29,Female,21,Yes,No,Yes,No,0,2,8.283333333333333,0,0,Detractor
5074,No,0,2,,Yes,12.68,No,No,No internet,0,No,No,No,No,No,No,No,No,Month-to-Month,No,Credit Card,20.3,41.2,0.0,0,25.36,66.56,Female,39,No,No,No,No,0,1,10.15,1,0,Promoter
6481,Yes,1,53,,Yes,41.74,Yes,Yes,Fiber Optic,24,No,Yes,No,No,Yes,Yes,Yes,Yes,Month-to-Month,Yes,Credit Card,98.4,5149.5,0.0,0,2212.2200000000003,7361.72,Female,45,No,No,Yes,No,0,7,12.3,0,0,Detractor
5594,Yes,10,43,,Yes,14.97,No,No,No internet,0,No,No,No,No,No,No,No,No,One Year,Yes,Credit Card,19.2,776.25,9.48,0,643.71,1410.48,Male,39,No,No,Yes,Yes,1,1,9.6,0,0,Passive
4106,Yes,10,69,,Yes,45.12,Yes,No,No internet,0,No,No,No,No,No,No,No,No,Two Year,Yes,Credit Card,24.95,1718.35,0.0,0,3113.28,4831.629999999999,Female,23,Yes,No,Yes,No,0,2,8.316666666666666,0,0,Detractor
5504,No,0,10,,Yes,13.16,No,No,No internet,0,No,No,No,No,No,No,No,No,Two Year,No,Credit Card,20.25,202.5,0.0,0,131.6,334.1,Male,24,Yes,No,No,No,0,1,10.125,1,0,Passive
5943,Yes,9,72,,Yes,33.22,No,Yes,Fiber Optic,23,No,No,Yes,No,Yes,Yes,Yes,Yes,Month-to-Month,Yes,Bank Withdrawal,94.65,6747.35,0.0,0,2391.84,9139.19,Male,39,No,No,Yes,No,0,6,13.521428571428572,0,1,Detractor
4138,Yes,1,1,,Yes,17.51,Yes,Yes,Fiber Optic,21,Yes,No,No,No,No,No,No,Yes,Month-to-Month,Yes,Bank Withdrawal,80.3,80.3,0.0,0,17.51,97.81,Male,78,No,Yes,Yes,No,0,4,16.06,1,1,Detractor
5295,Yes,4,13,Offer D,Yes,45.6,No,Yes,Fiber Optic,11,No,No,Yes,No,Yes,Yes,Yes,Yes,Month-to-Month,Yes,Mailed Check,96.65,1162.85,0.0,0,592.8000000000001,1755.65,Male,54,No,No,Yes,No,0,6,13.80714285714286,0,0,Detractor
2371,Yes,1,39,,Yes,9.51,No,Yes,Fiber Optic,7,Yes,No,Yes,Yes,Yes,Yes,Yes,Yes,One Year,Yes,Credit Card,104.7,4134.85,0.0,0,370.89,4505.740000000001,Female,35,No,No,Yes,No,0,8,11.633333333333333,0,0,Detractor
4292,Yes,1,58,Offer B,Yes,2.87,Yes,Yes,DSL,69,Yes,No,Yes,Yes,Yes,No,No,Yes,Two Year,No,Credit Card,75.8,4415.75,0.0,0,166.46,4582.21,Female,28,Yes,No,Yes,Yes,2,7,9.475,0,0,Detractor
6233,No,0,50,,Yes,12.62,No,No,No internet,0,No,No,No,No,No,No,No,No,Two Year,No,Credit Card,19.4,1023.95,0.0,0,631.0,1654.95,Female,36,No,No,No,No,0,1,9.7,0,0,Promoter
3591,Yes,7,17,Offer D,Yes,46.71,Yes,Yes,Fiber Optic,8,No,Yes,No,No,No,No,No,Yes,Month-to-Month,Yes,Bank Withdrawal,80.5,1336.9,0.0,0,794.07,2130.9700000000003,Male,31,No,No,Yes,No,0,4,16.1,0,1,Promoter
2651,Yes,9,6,,Yes,38.5,No,Yes,Fiber Optic,20,No,No,No,No,No,No,No,Yes,Month-to-Month,Yes,Bank Withdrawal,69.8,377.85,0.0,0,231.0,608.85,Male,48,No,No,Yes,Yes,3,2,23.266666666666666,1,1,Passive
2752,No,0,26,Offer C,Yes,44.11,No,Yes,DSL,8,No,No,No,Yes,No,No,No,Yes,Month-to-Month,No,Bank Withdrawal,49.15,1237.3,0.0,0,1146.86,2384.16,Male,36,No,No,No,No,0,3,12.2875,0,1,Passive
5065,Yes,7,72,Offer A,Yes,12.85,Yes,Yes,Fiber Optic,24,No,Yes,Yes,Yes,Yes,Yes,Yes,No,Two Year,Yes,Bank Withdrawal,110.15,7998.8,0.0,70,925.2,8994.0,Female,54,No,No,Yes,No,0,8,12.238888888888887,0,1,Passive
6280,Yes,1,70,Offer A,Yes,18.26,Yes,Yes,DSL,18,Yes,No,No,Yes,Yes,Yes,Yes,Yes,Two Year,Yes,Credit Card,76.95,5289.8,0.0,0,1278.2,6568.0,Male,46,No,No,Yes,No,0,8,8.55,0,0,Detractor
5586,Yes,4,57,,Yes,31.79,Yes,Yes,Fiber Optic,13,Yes,Yes,Yes,Yes,Yes,No,No,Yes,Month-to-Month,Yes,Bank Withdrawal,103.05,5925.75,0.0,0,1812.03,7737.78,Male,36,No,No,Yes,No,0,8,11.45,0,1,Passive
3526,Yes,8,17,Offer D,Yes,14.69,No,No,No internet,0,No,No,No,No,No,No,No,No,One Year,No,Bank Withdrawal,19.9,329.75,0.0,0,249.73,579.48,Male,61,No,No,Yes,No,0,1,9.95,0,1,Detractor
6468,No,0,72,,Yes,46.1,Yes,Yes,DSL,27,Yes,Yes,Yes,Yes,Yes,Yes,Yes,Yes,Two Year,No,Credit Card,88.55,6362.35,0.0,0,3319.2000000000003,9681.55,Male,61,No,No,No,No,0,10,8.049999999999999,0,0,Passive
5411,No,0,58,Offer B,Yes,41.14,Yes,Yes,Fiber Optic,25,No,No,Yes,Yes,Yes,Yes,Yes,No,One Year,Yes,Bank Withdrawal,104.65,6219.6,0.0,40,2386.12,8645.720000000001,Male,34,No,No,No,No,0,7,13.08125,0,1,Detractor
6479,No,0,72,,Yes,43.12,Yes,Yes,Fiber Optic,6,Yes,Yes,Yes,Yes,Yes,Yes,Yes,Yes,Two Year,Yes,Bank Withdrawal,115.8,8424.9,0.0,0,3104.64,11529.54,Male,58,No,No,Yes,No,0,10,10.527272727272727,0,1,Detractor
5138,Yes,6,29,,No,0.0,No,Yes,DSL,57,Yes,Yes,Yes,Yes,No,Yes,Yes,Yes,One Year,Yes,Credit Card,55.35,1636.95,0.0,0,0.0,1636.95,Male,62,No,No,Yes,Yes,3,7,6.91875,0,0,Detractor
4535,Yes,6,8,Offer E,Yes,26.17,No,No,No internet,0,No,No,No,No,No,No,No,No,Month-to-Month,No,Credit Card,19.65,169.75,0.0,0,209.36,379.11,Male,58,No,No,Yes,Yes,3,1,9.825,1,0,Passive
4204,No,0,69,Offer A,Yes,13.36,Yes,Yes,Cable,10,Yes,No,Yes,Yes,No,Yes,Yes,Yes,Two Year,No,Credit Card,74.1,5031.0,0.0,0,921.84,5952.84,Male,71,No,Yes,No,No,0,8,8.233333333333333,0,0,Detractor
3546,Yes,2,17,Offer D,Yes,45.35,No,Yes,DSL,11,Yes,Yes,No,No,No,Yes,Yes,Yes,One Year,No,Credit Card,64.8,1175.6,0.0,0,770.95,1946.55,Male,32,No,No,Yes,No,0,6,9.257142857142856,0,0,Passive
5793,Yes,1,47,Offer B,Yes,15.59,No,Yes,Fiber Optic,52,Yes,Yes,Yes,No,No,Yes,Yes,Yes,One Year,Yes,Bank Withdrawal,96.1,4391.45,0.0,0,732.73,5124.18,Male,23,Yes,No,Yes,Yes,2,7,12.0125,0,1,Detractor
4884,No,0,1,Offer E,Yes,11.06,No,Yes,DSL,58,No,No,No,No,No,No,Yes,Yes,Month-to-Month,Yes,Bank Withdrawal,45.1,45.1,0.0,0,11.06,56.16,Male,27,Yes,No,No,No,0,3,11.275,1,1,Detractor
2506,Yes,4,24,,Yes,31.62,Yes,Yes,DSL,12,Yes,Yes,No,No,Yes,Yes,Yes,No,One Year,No,Bank Withdrawal,78.4,1832.4,0.0,130,758.88,2721.28,Female,54,No,No,Yes,No,0,7,9.8,0,1,Detractor
5363,Yes,3,50,Offer B,No,0.0,No,Yes,DSL,73,Yes,No,No,Yes,Yes,No,No,Yes,One Year,Yes,Bank Withdrawal,44.45,2188.45,0.0,0,0.0,2188.45,Male,20,Yes,No,Yes,No,0,4,8.89,0,1,Passive
4999,No,0,15,,Yes,9.97,Yes,Yes,Fiber Optic,47,No,Yes,No,Yes,No,Yes,Yes,Yes,Month-to-Month,No,Bank Withdrawal,95.7,1451.1,0.0,0,149.55,1600.65,Male,24,Yes,No,No,No,0,7,11.9625,0,1,Promoter
4849,No,0,3,Offer E,Yes,48.84,No,Yes,DSL,41,No,No,No,No,No,No,Yes,Yes,Month-to-Month,Yes,Bank Withdrawal,43.3,123.65,0.0,0,146.52,270.17,Male,23,Yes,No,No,No,0,3,10.825,1,1,Detractor
5027,Yes,1,71,,Yes,33.83,Yes,Yes,Fiber Optic,27,Yes,Yes,Yes,Yes,Yes,Yes,Yes,No,Two Year,Yes,Bank Withdrawal,116.1,8310.55,0.0,130,2401.93,10842.48,Male,29,Yes,No,Yes,No,0,9,11.61,0,1,Passive
4852,Yes,5,17,Offer D,Yes,7.6,Yes,Yes,DSL,52,No,Yes,No,No,Yes,Yes,Yes,Yes,Month-to-Month,Yes,Bank Withdrawal,75.4,1322.55,0.0,0,129.2,1451.75,Female,29,Yes,No,Yes,No,0,7,9.425,0,1,Detractor
3420,No,0,1,,Yes,30.96,No,Yes,DSL,5,No,Yes,No,No,No,No,No,Yes,Month-to-Month,No,Bank Withdrawal,50.55,50.55,0.0,0,30.96,81.50999999999999,Female,36,No,No,No,No,0,3,12.6375,1,1,Detractor
4690,Yes,1,2,Offer E,Yes,11.51,Yes,Yes,Fiber Optic,53,No,No,Yes,Yes,Yes,Yes,Yes,Yes,Month-to-Month,Yes,Bank Withdrawal,104.4,242.8,45.44,0,23.02,220.38,Female,26,Yes,No,Yes,Yes,3,8,11.6,1,1,Detractor
2977,Yes,7,24,Offer C,Yes,1.02,No,Yes,Cable,3,Yes,No,No,Yes,No,No,No,No,Month-to-Month,No,Mailed Check,53.6,1315.35,0.0,120,24.48,1459.83,Male,56,No,No,Yes,No,0,3,13.4,0,0,Detractor
2372,No,0,8,,No,0.0,No,Yes,Cable,16,No,No,No,No,No,No,No,Yes,Month-to-Month,Yes,Credit Card,25.25,186.3,0.0,0,0.0,186.3,Male,55,No,No,No,No,0,1,12.625,1,0,Detractor
5091,No,0,15,Offer D,No,0.0,No,Yes,DSL,14,No,No,Yes,No,Yes,Yes,Yes,Yes,One Year,No,Bank Withdrawal,50.75,688.2,32.55,0,0.0,655.6500000000001,Male,52,No,No,No,No,0,5,8.458333333333334,0,1,Promoter
4584,No,0,5,Offer E,Yes,10.11,No,Yes,Fiber Optic,69,No,Yes,No,Yes,No,Yes,Yes,Yes,Month-to-Month,Yes,Bank Withdrawal,89.35,461.7,0.0,0,50.55,512.25,Female,30,No,No,No,No,0,6,12.764285714285714,1,1,Detractor
3854,No,0,12,Offer D,Yes,37.63,No,Yes,DSL,26,No,Yes,No,Yes,No,No,No,No,Month-to-Month,Yes,Bank Withdrawal,54.3,654.5,0.0,130,451.56000000000006,1236.06,Female,59,No,No,No,No,0,3,13.575,1,1,Detractor
5313,Yes,9,66,,Yes,24.27,No,Yes,Cable,59,Yes,Yes,No,Yes,No,No,No,Yes,Two Year,Yes,Credit Card,58.2,3810.8,0.0,0,1601.82,5412.62,Female,26,Yes,No,Yes,No,0,5,9.7,0,0,Detractor
3583,Yes,2,34,,Yes,12.98,No,Yes,Fiber Optic,8,No,No,No,No,No,No,No,Yes,Two Year,No,Credit Card,71.55,2427.35,0.0,0,441.32,2868.67,Male,72,No,Yes,Yes,No,0,2,23.85,0,0,Detractor
4389,No,0,66,,Yes,9.9,Yes,Yes,Fiber Optic,25,No,Yes,Yes,Yes,Yes,Yes,No,Yes,One Year,No,Credit Card,110.9,7432.05,0.0,0,653.4,8085.45,Male,69,No,Yes,No,No,0,8,12.322222222222225,0,0,Detractor
4374,Yes,10,71,,Yes,4.71,No,Yes,DSL,29,Yes,Yes,Yes,Yes,No,No,No,Yes,Two Year,No,Credit Card,64.05,4492.9,0.0,0,334.41,4827.31,Female,64,No,No,Yes,No,0,6,9.15,0,0,Passive
5900,No,0,2,Offer E,Yes,26.62,No,Yes,DSL,11,No,No,No,No,No,No,No,Yes,Month-to-Month,No,Credit Card,44.95,85.15,0.0,0,53.24,138.39,Male,80,No,Yes,No,No,0,2,14.983333333333334,1,0,Detractor
5567,No,0,34,Offer C,Yes,45.28,Yes,Yes,Cable,27,No,No,No,Yes,Yes,No,No,Yes,Month-to-Month,No,Credit Card,65.0,2157.5,0.0,0,1539.52,3697.02,Female,32,No,No,No,No,0,5,10.833333333333334,0,0,Promoter
6287,Yes,6,57,Offer B,Yes,18.85,No,Yes,Cable,24,Yes,No,Yes,Yes,No,No,No,Yes,One Year,Yes,Credit Card,59.3,3274.35,0.0,0,1074.45,4348.8,Female,54,No,No,Yes,Yes,1,5,9.883333333333333,0,0,Detractor
5540,Yes,1,68,,Yes,11.12,Yes,Yes,Cable,10,No,Yes,No,Yes,No,Yes,Yes,Yes,Two Year,No,Credit Card,70.8,4859.95,0.0,0,756.16,5616.11,Male,35,No,No,Yes,No,0,7,8.85,0,0,Passive
5572,No,0,66,,Yes,44.01,Yes,Yes,Cable,17,No,Yes,Yes,No,Yes,No,No,Yes,One Year,Yes,Bank Withdrawal,70.85,4738.85,0.0,0,2904.66,7643.51,Female,73,No,Yes,Yes,No,0,6,10.12142857142857,0,1,Promoter
3788,No,0,18,,Yes,38.87,Yes,Yes,Fiber Optic,7,No,Yes,No,No,No,No,No,No,Month-to-Month,Yes,Bank Withdrawal,80.65,1451.9,0.0,30,699.66,2181.56,Male,58,No,No,No,No,0,3,20.1625,0,1,Detractor
4193,Yes,10,72,Offer A,Yes,33.75,Yes,Yes,Cable,30,Yes,Yes,Yes,Yes,Yes,Yes,Yes,Yes,Two Year,No,Credit Card,89.7,6339.3,0.0,0,2430.0,8769.3,Male,25,Yes,No,Yes,Yes,1,10,8.154545454545454,0,0,Detractor
3853,Yes,1,21,Offer D,Yes,19.74,No,Yes,Fiber Optic,18,No,No,No,No,No,No,No,Yes,Month-to-Month,Yes,Bank Withdrawal,69.1,1474.75,0.0,0,414.54,1889.29,Male,76,No,Yes,Yes,No,0,2,23.03333333333333,0,1,Detractor
5279,Yes,1,4,Offer E,Yes,39.04,No,No,No internet,0,No,No,No,No,No,No,No,No,Month-to-Month,No,Credit Card,18.85,84.2,0.0,0,156.16,240.36,Male,41,No,No,Yes,Yes,1,1,9.425,1,0,Passive
4192,Yes,6,45,Offer B,Yes,9.91,No,Yes,Cable,19,Yes,Yes,Yes,No,Yes,Yes,Yes,Yes,One Year,No,Bank Withdrawal,78.8,3597.5,23.28,0,445.95,4020.17,Male,38,No,No,Yes,No,0,8,8.755555555555555,0,1,Passive
5859,No,0,37,Offer C,Yes,26.95,Yes,Yes,Fiber Optic,17,No,No,No,No,No,No,No,Yes,Month-to-Month,Yes,Bank Withdrawal,76.25,2841.55,0.0,0,997.15,3838.7,Female,78,No,Yes,No,No,0,3,19.0625,0,1,Detractor
4848,Yes,3,70,Offer A,Yes,8.36,Yes,Yes,DSL,19,Yes,Yes,Yes,Yes,Yes,No,No,Yes,Two Year,No,Bank Withdrawal,79.7,5743.3,0.0,0,585.1999999999999,6328.5,Female,44,No,No,Yes,Yes,1,8,8.855555555555556,0,1,Detractor
5941,No,0,22,,No,0.0,No,Yes,DSL,29,No,No,Yes,No,Yes,Yes,Yes,Yes,One Year,Yes,Credit Card,49.45,1031.4,0.0,0,0.0,1031.4,Female,55,No,No,No,Yes,2,5,8.241666666666667,0,0,Detractor
6398,Yes,10,64,Offer B,Yes,40.49,No,Yes,Fiber Optic,69,No,Yes,Yes,Yes,Yes,Yes,Yes,Yes,One Year,Yes,Credit Card,102.45,6654.1,0.0,0,2591.36,9245.46,Male,22,Yes,No,Yes,No,0,8,11.383333333333333,0,0,Detractor
2754,No,0,25,Offer C,No,0.0,No,Yes,Cable,75,Yes,No,No,Yes,No,No,No,Yes,Two Year,No,Bank Withdrawal,35.05,844.45,0.0,0,0.0,844.45,Female,32,No,No,No,Yes,3,3,8.7625,0,1,Passive
4975,Yes,4,44,,Yes,1.89,No,No,No internet,0,No,No,No,No,No,No,No,No,Two Year,Yes,Credit Card,19.35,847.25,0.0,0,83.16,930.41,Male,74,No,Yes,Yes,No,0,1,9.675,0,0,Promoter
4698,Yes,10,71,,No,0.0,No,Yes,Cable,85,Yes,Yes,Yes,Yes,Yes,Yes,Yes,Yes,One Year,No,Bank Withdrawal,66.8,4689.15,0.0,0,0.0,4689.15,Female,23,Yes,No,Yes,No,0,8,7.422222222222222,0,1,Passive
5757,Yes,10,41,Offer B,Yes,39.39,Yes,Yes,Fiber Optic,3,No,Yes,No,No,No,No,No,Yes,Month-to-Month,Yes,Bank Withdrawal,80.25,3439.0,2.18,0,1614.99,5051.81,Male,36,No,No,Yes,No,0,4,16.05,0,1,Promoter
4921,No,0,71,,Yes,6.1,Yes,Yes,Fiber Optic,9,No,Yes,No,Yes,Yes,Yes,No,Yes,One Year,No,Bank Withdrawal,105.75,7382.85,0.0,0,433.1,7815.950000000001,Male,80,No,Yes,No,No,0,7,13.21875,0,1,Passive
4113,Yes,3,32,,Yes,7.92,Yes,Yes,Fiber Optic,3,No,Yes,Yes,No,Yes,Yes,No,Yes,Month-to-Month,No,Bank Withdrawal,106.35,3520.75,0.0,0,253.44,3774.19,Male,77,No,Yes,Yes,No,0,7,13.29375,0,1,Detractor
3228,No,0,14,,Yes,36.25,No,Yes,Fiber Optic,52,No,No,No,No,No,No,No,Yes,Month-to-Month,Yes,Credit Card,71.0,914.0,0.0,0,507.5,1421.5,Female,27,Yes,No,No,No,0,2,23.666666666666668,0,0,Detractor
4759,No,0,57,Offer B,Yes,11.23,No,Yes,DSL,30,Yes,No,Yes,Yes,Yes,No,No,Yes,Two Year,No,Bank Withdrawal,69.85,4003.0,0.0,0,640.11,4643.11,Female,67,No,Yes,No,No,0,6,9.978571428571428,0,1,Passive
5846,Yes,5,69,Offer A,Yes,14.48,No,Yes,DSL,19,No,Yes,Yes,Yes,No,No,No,Yes,One Year,No,Bank Withdrawal,59.1,4134.7,0.0,0,999.12,5133.82,Female,47,No,No,Yes,Yes,1,5,9.85,0,1,Passive
3980,No,0,1,,Yes,12.46,No,Yes,DSL,14,No,No,No,No,No,No,No,Yes,Month-to-Month,No,Credit Card,45.35,45.35,0.0,0,12.46,57.81,Female,39,No,No,No,No,0,2,15.116666666666667,1,0,Passive
5617,No,0,1,,Yes,29.13,Yes,Yes,Cable,51,No,No,No,No,No,No,No,Yes,Month-to-Month,Yes,Bank Withdrawal,50.1,50.1,0.0,0,29.13,79.23,Female,19,Yes,No,No,No,0,3,12.525,1,1,Passive
2114,Yes,1,4,Offer E,Yes,25.9,No,Yes,DSL,19,No,No,No,No,No,No,No,Yes,Month-to-Month,No,Bank Withdrawal,44.8,169.65,0.0,0,103.6,273.25,Male,40,No,No,Yes,Yes,2,2,14.933333333333332,1,1,Promoter
5596,No,0,19,Offer D,Yes,34.68,No,No,No internet,0,No,No,No,No,No,No,No,No,Two Year,No,Credit Card,19.65,358.15,0.0,0,658.92,1017.07,Male,25,Yes,No,No,No,0,1,9.825,0,0,Promoter
4602,No,0,26,,Yes,6.38,No,No,No internet,0,No,No,No,No,No,No,No,No,One Year,No,Credit Card,19.4,525.55,4.25,0,165.88,687.18,Male,29,Yes,No,No,No,0,1,9.7,0,0,Passive
4198,No,0,31,,Yes,33.38,Yes,Yes,Fiber Optic,27,No,No,No,No,Yes,No,No,Yes,Month-to-Month,Yes,Credit Card,86.55,2697.4,0.0,0,1034.78,3732.18,Female,44,No,No,No,No,0,4,17.31,0,0,Detractor
4066,Yes,3,49,Offer B,Yes,13.13,No,No,No internet,0,No,No,No,No,No,No,No,No,One Year,No,Credit Card,19.0,918.7,0.0,0,643.37,1562.0700000000002,Female,54,No,No,Yes,No,0,1,9.5,0,0,Detractor
2041,No,0,1,,Yes,43.49,Yes,Yes,Cable,4,No,No,No,No,No,No,No,Yes,Month-to-Month,Yes,Bank Withdrawal,49.95,49.95,0.0,0,43.49,93.44,Female,51,No,No,No,No,0,3,12.4875,1,1,Detractor
4272,No,0,16,Offer D,Yes,40.17,No,No,No internet,0,No,No,No,No,No,No,No,No,Two Year,No,Mailed Check,19.75,284.35,0.0,0,642.72,927.07,Male,40,No,No,No,No,0,1,9.875,0,0,Promoter
4015,No,0,50,,Yes,31.43,Yes,No,No internet,0,No,No,No,No,No,No,No,No,One Year,No,Bank Withdrawal,25.2,1306.3,0.0,0,1571.5,2877.8,Female,79,No,Yes,Yes,No,0,2,8.4,0,1,Detractor
6312,No,0,63,Offer B,Yes,27.38,No,Yes,DSL,9,No,No,Yes,No,No,Yes,Yes,Yes,One Year,No,Credit Card,58.55,3503.5,0.0,0,1724.9399999999998,5228.44,Female,35,No,No,No,No,0,5,9.758333333333333,0,0,Detractor
4444,Yes,4,62,Offer B,Yes,48.73,Yes,No,No internet,0,No,No,No,No,No,No,No,No,Two Year,Yes,Bank Withdrawal,24.25,1424.6,0.0,0,3021.26,4445.86,Male,40,No,No,Yes,No,0,2,8.083333333333334,0,1,Promoter
2250,No,0,1,Offer E,Yes,45.77,No,Yes,DSL,20,Yes,No,No,No,No,No,No,Yes,Month-to-Month,Yes,Credit Card,50.75,50.75,0.0,0,45.77,96.52,Male,37,No,No,No,No,0,3,12.6875,1,0,Detractor
4387,Yes,6,2,Offer E,No,0.0,No,Yes,DSL,20,No,Yes,No,No,No,No,No,Yes,Month-to-Month,Yes,Mailed Check,30.25,63.75,0.0,0,0.0,63.75,Female,31,No,No,Yes,Yes,2,2,10.083333333333334,1,0,Detractor
2907,Yes,4,9,Offer E,Yes,26.03,Yes,Yes,Cable,59,No,Yes,Yes,No,No,Yes,Yes,Yes,Month-to-Month,Yes,Credit Card,69.05,653.95,0.0,0,234.27,888.22,Male,27,Yes,No,Yes,No,0,7,8.63125,1,0,Passive
3484,No,0,35,Offer C,Yes,31.64,Yes,Yes,Fiber Optic,7,Yes,No,No,No,Yes,Yes,Yes,Yes,Month-to-Month,Yes,Bank Withdrawal,99.05,3554.6,0.0,0,1107.4,4662.0,Female,78,No,Yes,No,No,0,7,12.38125,0,1,Passive
4242,No,0,31,Offer C,No,0.0,No,Yes,Cable,51,No,No,No,No,No,No,No,Yes,Month-to-Month,No,Credit Card,25.0,789.2,22.4,0,0.0,766.8000000000001,Male,20,Yes,No,No,Yes,3,1,12.5,0,0,Passive
3721,No,0,8,,Yes,35.53,No,Yes,Cable,5,No,No,No,No,No,No,No,Yes,Month-to-Month,Yes,Credit Card,45.15,438.4,0.0,0,284.24,722.64,Male,59,No,No,No,No,0,2,15.05,1,0,Detractor
3637,No,0,42,,Yes,8.71,No,Yes,DSL,23,No,Yes,No,No,No,No,No,Yes,Month-to-Month,Yes,Bank Withdrawal,49.55,2077.95,0.0,0,365.8200000000001,2443.77,Female,40,No,No,No,No,0,3,12.3875,0,1,Promoter
5093,No,0,45,,Yes,5.97,Yes,Yes,Fiber Optic,73,Yes,No,Yes,Yes,Yes,Yes,Yes,Yes,Month-to-Month,Yes,Credit Card,108.45,4964.7,0.0,0,268.65,5233.349999999999,Male,30,No,No,No,No,0,9,10.845,0,0,Detractor
3128,No,0,3,,Yes,48.34,Yes,Yes,Fiber Optic,20,No,No,No,No,No,No,No,Yes,Month-to-Month,Yes,Bank Withdrawal,77.0,237.75,0.0,0,145.02,382.77,Male,74,No,Yes,No,No,0,3,19.25,1,1,Detractor
2847,No,0,14,Offer D,Yes,8.54,No,No,No internet,0,No,No,No,No,No,No,No,No,Month-to-Month,No,Credit Card,19.6,300.4,0.0,0,119.56,419.96,Male,64,No,No,No,No,0,1,9.8,0,0,Passive
2358,Yes,4,1,,Yes,6.86,No,No,No internet,0,No,No,No,No,No,No,No,No,Month-to-Month,No,Bank Withdrawal,20.0,20.0,0.0,0,6.86,26.86,Female,21,Yes,No,Yes,Yes,3,1,10.0,1,1,Passive
5425,No,0,34,,Yes,14.23,Yes,Yes,Fiber Optic,13,No,Yes,No,Yes,Yes,No,No,Yes,Two Year,Yes,Bank Withdrawal,96.35,3190.25,0.0,0,483.82,3674.07,Female,79,No,Yes,No,No,0,6,13.764285714285714,0,1,Passive
